pre,post,J,Z_final,zf_mode,Z_final_task,zf_task_mode,OS_pct,OS_pct_5s,OS_pct_30s,US_pct,US_pct_5s,US_pct_30s,OS_pct_task_literal,T_stable,T_stable30,T_stable10,T_stable_trunc,MD,G20,err_1s_pct,dev_mid_max_adc,dev_mid_min_adc,dev_pre_pct_max,dev_pre_pct_min,peak_dev_adc,trough_dev_adc,key,rec,t_on,kind,dom,clean,dyn_range,J_frac,arm,family,kappa_onset,kappa_restep
0.549442,14.7073,14.1578,14.7057,t_on+4.6~5.4s中位(=08-v6.1 P 口径),1.16117,t0+60s后中位,-6.08938,-12.4733,-6.08938,76.7128,76.7128,76.7128,89.5786,,,,False,3.81687,0.725578,-35.8835,0.0137895,-3.81687,93.8993,23.2759,-0.862126,-10.8609,RT1,右拇指指尖/数据1,8.27,onset,显示域,False,19.5791,0.72311,unif_k0.95,uniform,0.95,0.95
14.6375,15.8381,1.20052,15.8268,t_on+4.6~5.4s中位(=08-v6.1 P 口径),1.11186,t0+60s后中位,-165.199,-165.199,-165.199,251.942,242.279,251.942,1060.52,,,,False,4.09787,-0.164931,-95.6137,-1.78612,-4.09787,-66.1356,-152.879,-1.98324,-3.02461,RT1,右拇指指尖/数据1,13.6,restep,显示域,True,19.5791,0.0613163,unif_k0.95,uniform,0.95,0.95
20.0385,0.943245,-19.0952,0.924979,t_on+4.6~5.4s中位(=08-v6.1 P 口径),1.00147,后1/3段中位(不足60s),4.84404,4.84404,4.84404,60.436,60.436,60.436,5.24462,0.02,0.02,0.02,False,6.92794,0.621935,-40.0541,0,-6.92794,-39.6596,-104.94,11.5404,-0.924979,RT1,右拇指指尖/数据1,115.37,unload,显示域,True,19.5791,0.975286,unif_k0.95,uniform,0.95,0.95
0.290396,16.726,16.4356,16.726,t_on+4.6~5.4s中位(=08-v6.1 P 口径),19.7617,t0+60s后中位,-14.3699,-14.6939,-14.3699,90.4771,90.4771,90.4771,-32.8404,,,,False,4.6467,0.735186,-26.0831,0.00515272,-4.6467,85.6301,9.52291,-2.36179,-14.8705,RT2,右拇指指尖/数据2,12.32,onset,显示域,True,22.0068,0.746843,unif_k0.95,uniform,0.95,0.95
20.8432,22.0158,1.1726,22.0168,t_on+4.6~5.4s中位(=08-v6.1 P 口径),0.329168,t0+60s后中位,-615.812,-615.812,-615.812,1877.61,1041.24,1877.61,1233.73,,,,False,8.46035,0.650585,-60.491,0,-8.46035,-515.734,-1777.53,-7.22099,-22.0168,RT2,右拇指指尖/数据2,147.11,restep,显示域,True,22.0068,0.0532834,unif_k0.95,uniform,0.95,0.95
22.131,0.9172,-21.2138,0.912841,t_on+4.6~5.4s中位(=08-v6.1 P 口径),0.365081,t0+60s后中位,4.30305,4.30305,4.30305,58.889,58.889,58.889,1.72096,0.02,0.02,0.02,False,8.42371,0.601168,-41.4527,0,-8.42371,-41.1316,-104.324,12.4926,-0.912841,RT2,右拇指指尖/数据2,159.49,unload,显示域,True,22.0068,0.963968,unif_k0.95,uniform,0.95,0.95
0.043,16.5567,16.5137,16.5389,t_on+4.6~5.4s中位(=08-v6.1 P 口径),20.5361,t0+60s后中位,-5.29667,-11.4678,-5.29667,99.3294,99.3294,99.3294,-29.502,,,,False,3.33926,0.835486,-12.6483,0.000312089,-3.33926,94.5959,0.56317,-0.874675,-16.4029,RT3,右拇指指尖/数据3,10.59,onset,显示域,True,21.2279,0.777921,unif_k0.95,uniform,0.95,0.95
21.248,0.521318,-20.7267,0.518415,t_on+4.6~5.4s中位(=08-v6.1 P 口径),0.568345,后1/3段中位(不足60s),2.50119,2.50119,2.50119,52.782,52.782,52.782,2.74209,0.01,0.01,0.01,False,5.07369,0.680947,-48.0355,0.00127467,-5.07369,-47.232,-102.515,10.94,-0.518415,RT3,右拇指指尖/数据3,135.7,unload,显示域,True,21.2279,0.976388,unif_k0.95,uniform,0.95,0.95
0,15.2813,15.2813,15.2813,t_on+4.6~5.4s中位(=08-v6.1 P 口径),17.8094,t0+60s后中位,-6.50323,-12.5942,-6.50323,100,100,100,-23.0476,,,,False,3.18467,0.829706,-12.6247,0,-3.18467,93.4968,0,-0.993776,-15.2813,LT1,左拇指指尖/数据1,11.69,onset,显示域,True,18.1566,0.841637,unif_k0.95,uniform,0.95,0.95
18.1567,0,-18.1567,0,t_on+4.6~5.4s中位(=08-v6.1 P 口径),0,后1/3段中位(不足60s),-0,-0,-0,64.8318,64.8318,64.8318,-0,0.13,0.13,0.13,False,4.19779,0.73738,-35.3309,0,-4.19779,-35.1682,-100,11.7713,0,LT1,左拇指指尖/数据1,147.52,unload,显示域,True,18.1566,1.00001,unif_k0.95,uniform,0.95,0.95
0,16.1212,16.1212,16.1212,t_on+4.6~5.4s中位(=08-v6.1 P 口径),18.002,t0+60s后中位,2.40757,-0.170504,2.40757,61.2823,61.2823,61.2823,-9.25933,1.96,1.96,1.96,False,1.10351,0.928446,-51.6791,0.27368,-1.10351,102.408,38.7177,0.388129,-9.87941,LT2,左拇指指尖/数据2,14.92,onset,显示域,True,18.6005,0.866705,unif_k0.95,uniform,0.95,0.95
18.6041,0,-18.6041,0,t_on+4.6~5.4s中位(=08-v6.1 P 口径),0,后1/3段中位(不足60s),-0,-0,-0,75.2234,75.2234,75.2234,-0,0.01,0.01,0.01,False,1.91044,0.879885,-24.7766,0,-1.91044,-24.7766,-100,13.9946,0,LT2,左拇指指尖/数据2,140.92,unload,显示域,True,18.6005,1.00019,unif_k0.95,uniform,0.95,0.95
0,17.5144,17.5144,17.5144,t_on+4.6~5.4s中位(=08-v6.1 P 口径),18.8563,t0+60s后中位,-12.116,-13.3484,-12.116,66.7966,66.7966,66.7966,-19.7778,,,,False,3.30995,0.754864,-46.5518,0,-3.30995,87.884,33.2034,-2.12205,-11.699,LT3,左拇指指尖/数据3,10.87,onset,显示域,True,19.3415,0.905531,unif_k0.95,uniform,0.95,0.95
19.3469,0,-19.3469,0,t_on+4.6~5.4s中位(=08-v6.1 P 口径),0,t0+60s后中位,-0,-0,-0,69.1803,69.1803,69.1803,-0,0.03,0.03,0.03,False,4.11043,0.765047,-30.8197,0,-4.11043,-30.8197,-100,13.3842,0,LT3,左拇指指尖/数据3,132.59,unload,显示域,True,19.3415,1.00028,unif_k0.95,uniform,0.95,0.95
0.064,13.3829,13.3189,13.3829,t_on+4.6~5.4s中位(=08-v6.1 P 口径),0.101758,t0+60s后中位,-14.2788,-16.9324,-14.2788,66.9611,66.9611,66.9611,85.4377,,,,False,4.25983,0.642252,-50.2042,0,-4.25983,85.7212,33.0389,-1.90178,-8.91846,F41,四指指尖/数据1,10.94,onset,显示域,False,16.302,0.817011,unif_k0.95,uniform,0.95,0.95
10.8737,13.5564,2.68271,13.5564,t_on+4.6~5.4s中位(=08-v6.1 P 口径),0.082,t0+60s后中位,-77.3568,-87.3542,-77.3568,94.383,92.1993,94.383,424.91,,,,False,4.2739,0.043184,-100,-0.871514,-4.2739,22.6432,5.61702,-2.07526,-2.53202,F41,四指指尖/数据1,12.19,restep,显示域,False,16.302,0.164564,unif_k0.95,uniform,0.95,0.95
16.4153,0.0723016,-16.343,0.0768358,t_on+4.6~5.4s中位(=08-v6.1 P 口径),0.073,后1/3段中位(不足60s),0.470146,0.470146,0.470146,41.7127,41.7127,41.7127,0.446675,0.01,0.01,0.01,False,5.13784,0.570263,-57.9866,0,-5.13784,-58.2595,-100.442,6.8171,-0.0768358,F41,四指指尖/数据1,130.75,unload,显示域,True,16.302,1.00252,unif_k0.95,uniform,0.95,0.95
0.063,14.7479,14.6849,14.7479,t_on+4.6~5.4s中位(=08-v6.1 P 口径),9.57269,t0+60s后中位,-15.354,-16.4122,-15.354,92.5463,92.5463,92.5463,19.8878,,,,False,4.0487,0.752424,-23.9275,0.00522059,-4.0487,84.646,7.45373,-2.25473,-13.5904,F42,四指指尖/数据2,11.03,onset,显示域,True,17.0396,0.861814,unif_k0.95,uniform,0.95,0.95
17.0666,0.0910805,-16.9755,0.091,t_on+4.6~5.4s中位(=08-v6.1 P 口径),0.0823702,后1/3段中位(不足60s),0.536066,0.536066,0.536066,74.0471,74.0471,74.0471,0.485229,0.01,0.01,0.01,False,4.52378,0.735369,-25.6726,0,-4.52378,-25.9534,-100.537,12.5699,-0.091,F42,四指指尖/数据2,130.78,unload,显示域,True,17.0396,0.996243,unif_k0.95,uniform,0.95,0.95
0.068,15.3126,15.2446,15.3126,t_on+4.6~5.4s中位(=08-v6.1 P 口径),16.9838,t0+60s后中位,-12.3848,-12.9286,-12.3848,78.8833,78.8833,78.8833,-23.3477,,,,False,3.32943,0.767132,-34.802,0,-3.32943,87.6152,21.1167,-1.88801,-12.0254,F43,四指指尖/数据3,11,onset,显示域,True,17.4353,0.874349,unif_k0.95,uniform,0.95,0.95
17.4903,0.560628,-16.9297,0.585277,t_on+4.6~5.4s中位(=08-v6.1 P 口径),0.0956784,后1/3段中位(不足60s),3.4571,3.4571,3.4571,57.2402,57.2402,57.2402,0.565151,0.08,0.08,0.08,False,3.91387,0.722278,-39.4976,0,-3.91387,-42.6142,-103.312,9.69061,-0.585277,F43,四指指尖/数据3,140.4,unload,显示域,True,17.4353,0.971,unif_k0.95,uniform,0.95,0.95
76,4241.75,4165.75,4241.75,t_on+4.6~5.4s中位(=08-v6.1 P 口径),22201.8,t0+60s后中位,194.206,0.0273578,194.206,74.5707,74.5707,74.5707,-236.931,,,3.38,True,916.021,0.949365,-46.4378,132.515,-916.021,294.206,25.4293,8090.13,-3106.43,SW1,切换负载-快相无责,10.84,onset,ADC域,True,27937.6,0.149109,unif_k0.95,uniform,0.95,0.95
4811.46,11606.1,6794.66,11606.1,t_on+4.6~5.4s中位(=08-v6.1 P 口径),25339.1,t0+60s后中位,10.6815,10.6815,10.6815,35.3167,35.3167,35.3167,-191.433,,,,False,1126.43,4.58794,-126.141,0,-1126.43,110.681,64.6833,725.77,-2399.65,SW1,切换负载-快相无责,28.63,onset,ADC域,True,27937.6,0.243208,unif_k0.95,uniform,0.95,0.95
12297.8,16207.4,3909.6,16202.1,t_on+4.6~5.4s中位(=08-v6.1 P 口径),25571.5,t0+60s后中位,0.881887,0.881887,0.881887,313.546,313.546,313.546,-238.768,,,,False,5016.52,0.381278,-286.537,0,-5016.52,100.748,-213.68,34.4783,-12258.4,SW1,切换负载-快相无责,71.67,restep,ADC域,False,27937.6,0.139941,unif_k0.95,uniform,0.95,0.95
5447.1,18092.5,12645.4,18092.5,t_on+4.6~5.4s中位(=08-v6.1 P 口径),25607.5,t0+60s后中位,-14.6766,-14.6766,-14.6766,109.699,109.699,109.699,-74.105,,,,False,5016.52,0.41672,-73.5713,-1033.76,-5016.52,85.3234,-9.69856,-1855.93,-13871.9,SW1,切换负载-快相无责,75.89,onset,ADC域,True,27937.6,0.452632,unif_k0.95,uniform,0.95,0.95
19384.4,25851.7,6467.25,25850.6,t_on+4.6~5.4s中位(=08-v6.1 P 口径),22087.3,t0+60s后中位,-10.5894,-81.3701,-10.5894,399.715,211.752,399.715,47.6005,,,,False,6325.73,0.712249,27.1212,0,-6325.73,89.3935,-299.732,-684.842,-25850.6,SW1,切换负载-快相无责,110.45,restep,ADC域,True,27937.6,0.231489,unif_k0.95,uniform,0.95,0.95
26333.3,25386,-947.345,25386,t_on+4.6~5.4s中位(=08-v6.1 P 口径),20401.6,t0+60s后中位,2679.7,2679.7,2679.7,13.5258,-62.155,13.5258,2153.55,,,,False,6300.81,6.3186,2048.63,0,-6300.81,-86.4742,-2779.7,128.136,-25386,SW1,切换负载-快相无责,129.37,partial_unload,ADC域,False,27937.6,0.0339094,unif_k0.95,uniform,0.95,0.95
61.0611,27163.2,27102.1,27163.8,t_on+4.6~5.4s中位(=08-v6.1 P 口径),20127.8,t0+60s后中位,-6.00144,-8.69472,-6.00144,99.9692,99.9692,99.9692,19.9595,,,,False,2365.14,0.921471,-8.73929,0,-2365.14,94.0008,0.0329822,-1626.52,-27093.8,SW1,切换负载-快相无责,133.83,onset,ADC域,True,27937.6,0.970096,unif_k0.95,uniform,0.95,0.95
28005.2,24408.4,-3596.88,24408.4,t_on+4.6~5.4s中位(=08-v6.1 P 口径),25340.8,t0+60s后中位,678.598,678.598,678.598,63.7239,-12.6238,63.7239,704.521,,,,False,2611.98,-4.40145,564.686,21.6278,-2611.98,-36.2761,-778.598,2292.07,-24408.4,SW1,切换负载-快相无责,182.03,partial_unload,ADC域,False,27937.6,0.128747,unif_k0.95,uniform,0.95,0.95
52.8433,25248,25195.2,25248,t_on+4.6~5.4s中位(=08-v6.1 P 口径),60.6632,t0+60s后中位,5.76461,-0.0425315,5.76461,100.004,100.004,100.004,105.734,,,2.37,True,1722.34,0.977235,-8.34999,21.6278,-1722.34,105.765,-0.00352015,1452.4,-25196.1,SW1,切换负载-快相无责,185.97,onset,ADC域,True,27937.6,0.901839,unif_k0.95,uniform,0.95,0.95
26086,22170.5,-3915.48,22169.8,t_on+4.6~5.4s中位(=08-v6.1 P 口径),22086.1,后1/3段中位(不足60s),494.838,145.268,494.838,26.6285,26.6285,26.6285,492.7,,,,False,2911.77,1.21116,-59.5073,0,-2911.77,-73.3898,-594.856,1042.63,-19375.3,SW1,切换负载-快相无责,202.65,partial_unload,ADC域,True,27937.6,0.140151,unif_k0.95,uniform,0.95,0.95
22149.6,5769,-16380.6,5767.93,t_on+4.6~5.4s中位(=08-v6.1 P 口径),22086.1,后1/3段中位(不足60s),31.7017,9.19408,31.7017,113.658,93.924,113.658,131.321,,,,False,3891.21,1.07729,3.0499,0,-3891.21,13.6511,-131.708,18617.8,-5192.94,SW1,切换负载-快相无责,212.4,partial_unload,ADC域,False,27937.6,0.58633,unif_k0.95,uniform,0.95,0.95
5760.84,11857,6096.16,11857,t_on+4.6~5.4s中位(=08-v6.1 P 口径),22086.1,后1/3段中位(不足60s),205.519,-8.49026,205.519,185.067,116.941,185.067,37.7224,,,,False,4174.73,0.77766,-40.6859,0,-4174.73,305.519,-85.0674,12528.8,-11282,SW1,切换负载-快相无责,217.74,restep,ADC域,True,27937.6,0.218206,unif_k0.95,uniform,0.95,0.95
12122.3,19875.9,7753.67,19875.9,t_on+4.6~5.4s中位(=08-v6.1 P 口径),22086.1,后1/3段中位(不足60s),58.1637,-42.3819,58.1637,256.343,248.927,256.343,29.6585,,,,False,4174.73,0.776653,-146.406,0,-4174.73,158.164,-156.343,4509.82,-19875.9,SW1,切换负载-快相无责,230.64,restep,ADC域,False,27937.6,0.277535,unif_k0.95,uniform,0.95,0.95
5210.44,20245.8,15035.4,20245.8,t_on+4.6~5.4s中位(=08-v6.1 P 口径),22086.1,后1/3段中位(不足60s),27.5345,-24.3163,27.5345,134.654,125.924,134.654,15.2947,,,,False,4174.73,0.475138,-0.239603,0,-4174.73,127.534,-34.6545,4139.92,-20245.8,SW1,切换负载-快相无责,233.05,onset,ADC域,False,27937.6,0.538179,unif_k0.95,uniform,0.95,0.95
20414.6,25671.8,5257.15,25671.8,t_on+4.6~5.4s中位(=08-v6.1 P 口径),22086.1,后1/3段中位(不足60s),-24.4625,-24.4625,-24.4625,488.321,165.4,488.321,43.7427,,,,False,4174.73,0.82666,-13.9914,0,-4174.73,75.5375,-388.321,-1286.03,-25671.8,SW1,切换负载-快相无责,240.72,restep,ADC域,True,27937.6,0.188175,unif_k0.95,uniform,0.95,0.95
25868,55,-25813,54.9693,t_on+4.6~5.4s中位(=08-v6.1 P 口径),22086.1,后1/3段中位(不足60s),0.212952,0.212952,0.212952,66.6651,66.6651,66.6651,85.5622,,,,False,3649.55,0.825027,-33.3544,0,-3649.55,-33.335,-100.213,17208.3,-54.9693,SW1,切换负载-快相无责,249.63,unload,ADC域,True,27937.6,0.923952,unif_k0.95,uniform,0.95,0.95
62,14458.3,14396.3,14458.3,t_on+4.6~5.4s中位(=08-v6.1 P 口径),24133.2,后1/3段中位(不足60s),44.6871,-3.61081,44.6871,100.431,55.3875,100.431,-22.5169,,,,False,3181.57,1.00395,-56.0397,2.89787,-3181.57,144.687,-0.430665,6433.31,-14458.3,SW2,再切换负载,11.79,onset,ADC域,False,25866.3,0.556567,unif_k0.95,uniform,0.95,0.95
13424.9,14858.2,1433.25,14852.5,t_on+4.6~5.4s中位(=08-v6.1 P 口径),24133.2,后1/3段中位(不足60s),431.264,-63.7692,431.264,1036.28,176.012,1036.28,-216.27,,,,False,3181.57,0.87313,-100,0,-3181.57,530.868,-936.677,6181.08,-14852.5,SW2,再切换负载,13.7,restep,ADC域,False,25866.3,0.0554099,unif_k0.95,uniform,0.95,0.95
14922.6,15402.5,479.895,15402.8,t_on+4.6~5.4s中位(=08-v6.1 P 口径),24133.2,后1/3段中位(不足60s),1301.16,-305.118,1301.16,3209.61,640.341,3209.61,-518.093,,,,False,3181.57,0.830972,-100,0,-3181.57,1401.21,-3109.55,6244.19,-15402.8,SW2,再切换负载,14.86,restep,ADC域,False,25866.3,0.0185529,unif_k0.95,uniform,0.95,0.95
16009.1,17425.7,1416.62,17425.7,t_on+4.6~5.4s中位(=08-v6.1 P 口径),24133.2,后1/3段中位(不足60s),370.568,-4.2977,370.568,1230.09,1230.09,1230.09,-102.922,,,,False,3163.67,0.712982,-646.247,0.418892,-3163.67,470.568,-1130.09,5249.54,-17425.7,SW2,再切换负载,31.22,restep,ADC域,False,25866.3,0.0547671,unif_k0.95,uniform,0.95,0.95
37.3925,21643.5,21606.1,21639.1,t_on+4.6~5.4s中位(=08-v6.1 P 口径),24133.2,后1/3段中位(不足60s),13.5454,-3.75985,13.5454,100.153,84.0485,100.153,2.00166,,,,False,2622.5,1,-24.6351,0.418892,-2622.5,113.525,-0.173065,2926.63,-21639.1,SW2,再切换负载,35.96,onset,ADC域,True,25866.3,0.835298,unif_k0.95,uniform,0.95,0.95
22655,38.6558,-22616.3,38.4964,t_on+4.6~5.4s中位(=08-v6.1 P 口径),24133.2,后1/3段中位(不足60s),0.170215,0.170215,0.170215,109.511,20.1509,109.511,106.707,,,,False,2622.5,0.990382,-79.8297,0.418892,-2622.5,9.51032,-100.171,24767.4,-38.4964,SW2,再切换负载,50.61,unload,ADC域,False,25866.3,0.874356,unif_k0.95,uniform,0.95,0.95
38,25209.3,25171.3,25209.3,t_on+4.6~5.4s中位(=08-v6.1 P 口径),24133.2,后1/3段中位(不足60s),-1.60273,-3.72641,-1.60273,97.159,97.159,97.159,2.67227,,,,False,2622.5,0.954812,-13.1923,0.418892,-2622.5,98.3973,2.84099,-403.428,-24456.2,SW2,再切换负载,57.3,onset,ADC域,True,25866.3,0.973132,unif_k0.95,uniform,0.95,0.95
69.5794,17701.9,17632.3,17701.9,t_on+4.6~5.4s中位(=08-v6.1 P 口径),27305,后1/3段中位(不足60s),34.6605,-16.5829,34.6605,100.395,68.6424,100.395,-19.8031,,,,False,6922.63,1.00805,-48.5631,1.60526,-6922.63,134.661,-0.394614,6111.44,-17701.9,SW3,中途切换-1d9493,10.92,onset,ADC域,True,27696.8,0.636617,unif_k0.95,uniform,0.95,0.95
18559.6,25621.5,7061.97,25621.5,t_on+4.6~5.4s中位(=08-v6.1 P 口径),27305,后1/3段中位(不足60s),-1.85577,-79.2075,-1.85577,362.81,145.065,362.81,-25.6947,,,25.64,True,6922.63,1.34058,-37.48,1.60526,-6922.63,98.1442,-262.81,-131.054,-25621.5,SW3,中途切换-1d9493,20.72,restep,ADC域,True,27696.8,0.254974,unif_k0.95,uniform,0.95,0.95
25979,52,-25927,52,t_on+4.6~5.4s中位(=08-v6.1 P 口径),27305,后1/3段中位(不足60s),0.200563,0.200563,0.200563,98.2459,74.76,98.2459,105.315,,,,False,6922.63,6.10846,-25.2097,1.60526,-6922.63,-1.75406,-100.201,25472.2,-52,SW3,中途切换-1d9493,30.68,unload,ADC域,True,27696.8,0.9361,unif_k0.95,uniform,0.95,0.95
55.4942,26638.1,26582.6,26638.1,t_on+4.6~5.4s中位(=08-v6.1 P 口径),27305,后1/3段中位(不足60s),-4.1251,-5.96411,-4.1251,100.209,85.9799,100.209,-6.63414,,,7.77,True,3013.78,0.905212,-25.3195,1.60526,-3013.78,95.8749,-0.208762,-1096.56,-26638.1,SW3,中途切换-1d9493,39.08,onset,ADC域,True,27696.8,0.959769,unif_k0.95,uniform,0.95,0.95
27714.7,53,-27661.7,53,段末帧(退化),27305,后1/3段中位(不足60s),0.191601,0.191601,0.191601,91.7798,91.7798,91.7798,98.7106,,,,False,2374.88,0.914458,-8.21973,0,-2374.88,-8.22021,-100.192,25387.9,-53,SW3,中途切换-1d9493,60.78,restep,ADC域,False,27696.8,0.998732,unif_k0.95,uniform,0.95,0.95
84,15448.2,15364.2,15448.2,t_on+4.6~5.4s中位(=08-v6.1 P 口径),24171.5,t0+60s后中位,51.9203,-15.2563,51.9203,65.5442,65.5442,65.5442,-4.85703,,,37.03,True,5071.19,0.773013,-50.6702,6.66008,-5071.19,151.92,34.4558,7977.13,-10070.3,SW4,中途切换-13ffca,8.41,onset,ADC域,True,32452.6,0.473434,unif_k0.95,uniform,0.95,0.95
16085.4,22496.9,6411.47,22496.9,t_on+4.6~5.4s中位(=08-v6.1 P 口径),27884.7,t0+60s后中位,14.4804,-34.9723,14.4804,146.937,146.937,146.937,-69.5542,,,,False,5390.66,0.760932,-13.0743,0,-5390.66,114.48,-46.9372,928.407,-9420.83,SW4,中途切换-13ffca,18.68,restep,ADC域,False,32452.6,0.197564,unif_k0.95,uniform,0.95,0.95
22912.5,24098.4,1185.96,24095.9,t_on+4.6~5.4s中位(=08-v6.1 P 口径),28247.1,t0+60s后中位,-56.5445,-56.5445,-56.5445,845.26,845.26,845.26,-406.575,,,,False,5390.66,0.121833,-102.423,0,-5390.66,43.2408,-745.474,-670.593,-10024.4,SW4,中途切换-13ffca,26.57,restep,ADC域,False,32452.6,0.0365443,unif_k0.95,uniform,0.95,0.95
19465.9,24135.1,4669.26,24133.3,t_on+4.6~5.4s中位(=08-v6.1 P 口径),28278.7,t0+60s后中位,-15.163,-15.163,-15.163,192.766,186.308,192.766,-103.943,,,,False,5390.66,0.190164,-9.94813,0,-5390.66,84.7974,-92.8059,-708,-9000.75,SW4,中途切换-13ffca,27.6,restep,ADC域,False,32452.6,0.143879,unif_k0.95,uniform,0.95,0.95
24634.7,21004.9,-3629.79,21002.6,t_on+4.6~5.4s中位(=08-v6.1 P 口径),31983.5,t0+60s后中位,578.617,158.268,578.617,-45.2375,-57.1848,-45.2375,881.14,,,,False,5993.44,-5.48979,-14.6179,0,-5993.44,-145.301,-678.68,-1642.03,-21002.6,SW4,中途切换-13ffca,45.28,partial_unload,ADC域,True,32452.6,0.111849,unif_k0.95,uniform,0.95,0.95
20983.1,24429.9,3446.83,24429.7,t_on+4.6~5.4s中位(=08-v6.1 P 口径),27976.3,后1/3段中位(不足60s),19.7289,-147.066,19.7289,708.757,204.532,708.757,-83.166,,,,False,5993.44,0.775534,-92.0212,0,-5993.44,119.722,-608.764,680.023,-24429.7,SW4,中途切换-13ffca,61.37,restep,ADC域,False,32452.6,0.106211,unif_k0.95,uniform,0.95,0.95
24442.4,79,-24363.4,78,t_on+4.6~5.4s中位(=08-v6.1 P 口径),27976.3,后1/3段中位(不足60s),0.320153,0.320153,0.320153,105.825,36.9995,105.825,114.829,,,0.01,True,5247,1.3163,-62.6803,0,-5247,5.82087,-100.324,25782.5,-78,SW4,中途切换-13ffca,68.93,unload,ADC域,True,32452.6,0.750737,unif_k0.95,uniform,0.95,0.95
75,27895.9,27820.9,27895.9,t_on+4.6~5.4s中位(=08-v6.1 P 口径),27976.3,后1/3段中位(不足60s),11.1871,-8.71591,11.1871,100.27,38.3675,100.27,10.8982,,,,False,3467.9,0.826312,-71.6473,0,-3467.9,111.187,-0.269581,3112.36,-27895.9,SW4,中途切换-13ffca,88,onset,ADC域,True,32452.6,0.857278,unif_k0.95,uniform,0.95,0.95
28337.8,30791.3,2453.48,30791.3,t_on+4.6~5.4s中位(=08-v6.1 P 口径),27976.3,后1/3段中位(不足60s),8.8442,-15.8029,8.8442,1255.01,181.428,1255.01,123.579,,,,False,3467.9,0.908532,-89.349,0,-3467.9,108.844,-1155.01,216.991,-30791.3,SW4,中途切换-13ffca,99.36,restep,ADC域,False,32452.6,0.0756019,unif_k0.95,uniform,0.95,0.95
29453,32163.4,2710.38,32155.5,t_on+4.6~5.4s中位(=08-v6.1 P 口径),27976.3,后1/3段中位(不足60s),-42.327,-42.327,-42.327,1186.38,114.162,1186.38,111.865,,,,False,3467.9,0.974896,-52.2085,0,-3467.9,57.3816,-1086.68,-1147.22,-32155.5,SW4,中途切换-13ffca,104.24,restep,ADC域,True,32452.6,0.083518,unif_k0.95,uniform,0.95,0.95
32462.6,81,-32381.6,83,t_on+4.6~5.4s中位(=08-v6.1 P 口径),27976.3,后1/3段中位(不足60s),0.256319,0.256319,0.256319,88.8896,88.8896,88.8896,86.3958,,,,False,3467.9,0.892467,-11.0374,0,-3467.9,-11.1042,-100.25,28783.8,-83,SW4,中途切换-13ffca,113.8,unload,ADC域,True,32452.6,0.99781,unif_k0.95,uniform,0.95,0.95
0.549442,14.7073,14.1578,14.7057,t_on+4.6~5.4s中位(=08-v6.1 P 口径),1.16117,t0+60s后中位,-1.47041,-7.84229,-1.47041,76.7128,76.7128,76.7128,94.1976,,,,False,3.15856,0.77758,-31.259,0.0137895,-3.15856,98.5183,23.2759,-0.208179,-10.8609,RT1,右拇指指尖/数据1,8.27,onset,显示域,False,19.5791,0.72311,unif_k1.00,uniform,1,1
14.6375,15.8381,1.20052,15.8268,t_on+4.6~5.4s中位(=08-v6.1 P 口径),1.11186,t0+60s后中位,-110.727,-110.727,-110.727,198.08,189.817,198.08,1114.99,,,,False,3.44233,-0.160179,-95.9993,-1.13172,-3.44233,-11.6635,-99.017,-1.32929,-2.37799,RT1,右拇指指尖/数据1,13.6,restep,显示域,True,19.5791,0.0613163,unif_k1.00,uniform,1,1
20.0385,0.943245,-19.0952,0.924979,t_on+4.6~5.4s中位(=08-v6.1 P 口径),1.00147,后1/3段中位(不足60s),4.84404,4.84404,4.84404,63.8204,63.8204,63.8204,5.24462,0.02,0.02,0.02,False,6.2817,0.657202,-36.6698,0,-6.2817,-36.2753,-104.94,12.1866,-0.924979,RT1,右拇指指尖/数据1,115.37,unload,显示域,True,19.5791,0.975286,unif_k1.00,uniform,1,1
0.290396,16.726,16.4356,16.726,t_on+4.6~5.4s中位(=08-v6.1 P 口径),19.7617,t0+60s后中位,-10.1283,-10.2032,-10.1283,90.4771,90.4771,90.4771,-28.5988,,,,False,3.94106,0.777507,-21.6906,0.0198216,-3.94106,89.8717,9.52291,-1.66465,-14.8705,RT2,右拇指指尖/数据2,12.32,onset,显示域,True,22.0068,0.746843,unif_k1.00,uniform,1,1
20.8432,22.0158,1.1726,22.0168,t_on+4.6~5.4s中位(=08-v6.1 P 口径),0.329168,t0+60s后中位,-554.692,-554.692,-554.692,1877.61,980.132,1877.61,1294.85,,,,False,7.75187,0.685875,-59.6667,0,-7.75187,-454.614,-1777.53,-6.5043,-22.0168,RT2,右拇指指尖/数据2,147.11,restep,显示域,True,22.0068,0.0532834,unif_k1.00,uniform,1,1
22.131,0.9172,-21.2138,0.912841,t_on+4.6~5.4s中位(=08-v6.1 P 口径),0.365081,t0+60s后中位,4.30305,4.30305,4.30305,62.2345,62.2345,62.2345,1.72096,0.02,0.02,0.02,False,7.71401,0.634769,-38.1072,0,-7.71401,-37.7861,-104.324,13.2023,-0.912841,RT2,右拇指指尖/数据2,159.49,unload,显示域,True,22.0068,0.963968,unif_k1.00,uniform,1,1
0.043,16.5567,16.5137,16.5389,t_on+4.6~5.4s中位(=08-v6.1 P 口径),20.5361,t0+60s后中位,-0.809546,-6.99676,-0.809546,99.3294,99.3294,99.3294,-25.0148,8.71,8.71,8.71,False,2.61457,0.875126,-8.02193,0.00527405,-2.61457,99.083,0.56317,-0.133686,-16.4029,RT3,右拇指指尖/数据3,10.59,onset,显示域,True,21.2279,0.777921,unif_k1.00,uniform,1,1
21.248,0.521318,-20.7267,0.518415,t_on+4.6~5.4s中位(=08-v6.1 P 口径),0.568345,后1/3段中位(不足60s),2.50119,2.50119,2.50119,55.9151,55.9151,55.9151,2.74209,0.01,0.01,0.01,False,4.42431,0.721782,-44.9025,0.00127467,-4.42431,-44.0989,-102.515,11.5894,-0.518415,RT3,右拇指指尖/数据3,135.7,unload,显示域,True,21.2279,0.976388,unif_k1.00,uniform,1,1
0,15.2813,15.2813,15.2813,t_on+4.6~5.4s中位(=08-v6.1 P 口径),17.8094,t0+60s后中位,-1.39498,-7.9939,-1.39498,100,100,100,-17.9393,,,28.99,True,2.40364,0.875333,-8.02601,0,-2.40364,98.605,0,-0.21317,-15.2813,LT1,左拇指指尖/数据1,11.69,onset,显示域,True,18.1566,0.841637,unif_k1.00,uniform,1,1
18.1567,0,-18.1567,0,t_on+4.6~5.4s中位(=08-v6.1 P 口径),0,后1/3段中位(不足60s),-0,-0,-0,68.7222,68.7222,68.7222,-0,0.13,0.13,0.13,False,3.46439,0.783595,-31.2778,0,-3.46439,-31.2778,-100,12.4777,0,LT1,左拇指指尖/数据1,147.52,unload,显示域,True,18.1566,1.00001,unif_k1.00,uniform,1,1
0,16.1212,16.1212,16.1212,t_on+4.6~5.4s中位(=08-v6.1 P 口径),18.002,t0+60s后中位,2.40757,-0.170504,2.40757,61.2823,61.2823,61.2823,-9.25933,1.96,1.96,1.96,False,1.10351,0.928446,-47.0981,0.27368,-1.10351,102.408,38.7177,0.388129,-9.87941,LT2,左拇指指尖/数据2,14.92,onset,显示域,True,18.6005,0.866705,unif_k1.00,uniform,1,1
18.6041,0,-18.6041,0,t_on+4.6~5.4s中位(=08-v6.1 P 口径),0,后1/3段中位(不足60s),-0,-0,-0,75.2234,75.2234,75.2234,-0,0.01,0.01,0.01,False,1.91044,0.879885,-24.7766,0,-1.91044,-24.7766,-100,13.9946,0,LT2,左拇指指尖/数据2,140.92,unload,显示域,True,18.6005,1.00019,unif_k1.00,uniform,1,1
0,17.5144,17.5144,17.5144,t_on+4.6~5.4s中位(=08-v6.1 P 口径),18.8563,t0+60s后中位,-7.40521,-8.78779,-7.40521,66.7966,66.7966,66.7966,-15.067,,,,False,2.48356,0.820768,-41.9912,0.00571888,-2.48356,92.5948,33.2034,-1.29698,-11.699,LT3,左拇指指尖/数据3,10.87,onset,显示域,True,19.3415,0.905531,unif_k1.00,uniform,1,1
19.3469,0,-19.3469,0,t_on+4.6~5.4s中位(=08-v6.1 P 口径),0,t0+60s后中位,-0,-0,-0,73.5912,73.5912,73.5912,-0,0.03,0.03,0.03,False,3.25704,0.813826,-26.4088,0,-3.25704,-26.4088,-100,14.2376,0,LT3,左拇指指尖/数据3,132.59,unload,显示域,True,19.3415,1.00028,unif_k1.00,uniform,1,1
0.064,13.3829,13.3189,13.3829,t_on+4.6~5.4s中位(=08-v6.1 P 口径),0.101758,t0+60s后中位,-10.0428,-12.6078,-10.0428,66.9611,66.9611,66.9611,89.6737,,,,False,3.67853,0.694171,-45.8447,0,-3.67853,89.9572,33.0389,-1.3376,-8.91846,F41,四指指尖/数据1,10.94,onset,显示域,False,16.302,0.817011,unif_k1.00,uniform,1,1
10.8737,13.5564,2.68271,13.5564,t_on+4.6~5.4s中位(=08-v6.1 P 口径),0.082,t0+60s后中位,-56.3265,-65.7155,-56.3265,73.241,70.5557,73.241,445.94,,,,False,3.69192,0.0326219,-100,-0.29088,-3.69192,43.6735,26.759,-1.51108,-1.96484,F41,四指指尖/数据1,12.19,restep,显示域,False,16.302,0.164564,unif_k1.00,uniform,1,1
16.4153,0.0723016,-16.343,0.0768358,t_on+4.6~5.4s中位(=08-v6.1 P 口径),0.073,后1/3段中位(不足60s),0.470146,0.470146,0.470146,45.1005,45.1005,45.1005,0.446675,0.01,0.01,0.01,False,4.58418,0.616572,-54.5988,0,-4.58418,-54.8718,-100.442,7.37075,-0.0768358,F41,四指指尖/数据1,130.75,unload,显示域,True,16.302,1.00252,unif_k1.00,uniform,1,1
0.063,14.7479,14.6849,14.7479,t_on+4.6~5.4s中位(=08-v6.1 P 口径),9.57269,t0+60s后中位,-10.9863,-12.0453,-10.9863,92.5463,92.5463,92.5463,24.2555,,,,False,3.40574,0.795676,-19.5329,0.0125184,-3.40574,89.0137,7.45373,-1.61334,-13.5904,F42,四指指尖/数据2,11.03,onset,显示域,True,17.0396,0.861814,unif_k1.00,uniform,1,1
17.0666,0.0910805,-16.9755,0.091,t_on+4.6~5.4s中位(=08-v6.1 P 口径),0.0823702,后1/3段中位(不足60s),0.536066,0.536066,0.536066,77.8964,77.8964,77.8964,0.485229,0.01,0.01,0.01,False,3.87033,0.773594,-21.8233,0,-3.87033,-22.1041,-100.537,13.2233,-0.091,F42,四指指尖/数据2,130.78,unload,显示域,True,17.0396,0.996243,unif_k1.00,uniform,1,1
0.068,15.3126,15.2446,15.3126,t_on+4.6~5.4s中位(=08-v6.1 P 口径),16.9838,t0+60s后中位,-7.75551,-9.14267,-7.75551,78.8833,78.8833,78.8833,-18.7184,,,,False,2.6288,0.820786,-30.2593,0,-2.6288,92.2445,21.1167,-1.18229,-12.0254,F43,四指指尖/数据3,11,onset,显示域,True,17.4353,0.874349,unif_k1.00,uniform,1,1
17.4903,0.560628,-16.9297,0.585277,t_on+4.6~5.4s中位(=08-v6.1 P 口径),0.0956784,后1/3段中位(不足60s),3.4571,3.4571,3.4571,61.1939,61.1939,61.1939,0.565151,0.08,0.08,0.08,False,3.24452,0.769774,-35.5439,0,-3.24452,-38.6605,-103.312,10.36,-0.585277,F43,四指指尖/数据3,140.4,unload,显示域,True,17.4353,0.971,unif_k1.00,uniform,1,1
76,4241.75,4165.75,4241.75,t_on+4.6~5.4s中位(=08-v6.1 P 口径),22201.8,t0+60s后中位,194.206,0.763056,194.206,74.5707,74.5707,74.5707,-236.931,,,3.38,True,889.269,0.951611,-42.2833,132.515,-889.269,294.206,25.4293,8090.13,-3106.43,SW1,切换负载-快相无责,10.84,onset,ADC域,True,27937.6,0.149109,unif_k1.00,uniform,1,1
4811.46,11606.1,6794.66,11606.1,t_on+4.6~5.4s中位(=08-v6.1 P 口径),25339.1,t0+60s后中位,10.6815,10.6815,10.6815,34.9809,34.9809,34.9809,-191.433,,,,False,1092.13,4.46888,-125.805,0,-1092.13,110.681,65.0191,725.77,-2376.83,SW1,切换负载-快相无责,28.63,onset,ADC域,True,27937.6,0.243208,unif_k1.00,uniform,1,1
12297.8,16207.4,3909.6,16202.1,t_on+4.6~5.4s中位(=08-v6.1 P 口径),25571.5,t0+60s后中位,11.2175,11.2175,11.2175,313.031,313.031,313.031,-228.432,,,,False,4530.02,0.473269,-286.711,0,-4530.02,111.084,-213.164,438.558,-12238.3,SW1,切换负载-快相无责,71.67,restep,ADC域,False,27937.6,0.139941,unif_k1.00,uniform,1,1
5447.1,18092.5,12645.4,18092.5,t_on+4.6~5.4s中位(=08-v6.1 P 口径),25607.5,t0+60s后中位,-11.4812,-11.4812,-11.4812,109.411,109.411,109.411,-70.9096,,,,False,4530.02,0.485272,-69.4172,-988.032,-4530.02,88.5188,-9.41072,-1451.85,-13835.5,SW1,切换负载-快相无责,75.89,onset,ADC域,True,27937.6,0.452632,unif_k1.00,uniform,1,1
19384.4,25851.7,6467.25,25850.6,t_on+4.6~5.4s中位(=08-v6.1 P 口径),22087.3,t0+60s后中位,7.76245,-72.7151,7.76245,399.715,204.228,399.715,65.9523,,,,False,5456.51,0.740911,31.2991,58.5183,-5456.51,107.745,-299.732,502.017,-25850.6,SW1,切换负载-快相无责,110.45,restep,ADC域,True,27937.6,0.231489,unif_k1.00,uniform,1,1
26333.3,25386,-947.345,25386,t_on+4.6~5.4s中位(=08-v6.1 P 口径),20401.6,t0+60s后中位,2679.7,2679.7,2679.7,133.917,11.8038,133.917,2153.55,,,,False,5438.54,6.65882,2139.65,58.5183,-5438.54,33.9171,-2779.7,1268.66,-25386,SW1,切换负载-快相无责,129.37,partial_unload,ADC域,False,27937.6,0.0339094,unif_k1.00,uniform,1,1
61.0611,27163.2,27102.1,27163.8,t_on+4.6~5.4s中位(=08-v6.1 P 口径),20127.8,t0+60s后中位,-1.78153,-3.8899,-1.78153,99.9692,99.9692,99.9692,24.1794,0.89,0.89,0.89,False,1110.34,0.962636,-3.93519,58.5183,-1110.34,98.2207,0.0329822,-482.833,-27093.8,SW1,切换负载-快相无责,133.83,onset,ADC域,True,27937.6,0.970096,unif_k1.00,uniform,1,1
28005.2,24408.4,-3596.88,24408.4,t_on+4.6~5.4s中位(=08-v6.1 P 口径),25340.8,t0+60s后中位,678.598,678.598,678.598,64.3837,20.1139,64.3837,704.521,,,,False,1434.44,-1.45561,597.423,21.6278,-1434.44,-35.6163,-778.598,2315.81,-24408.4,SW1,切换负载-快相无责,182.03,partial_unload,ADC域,False,27937.6,0.128747,unif_k1.00,uniform,1,1
52.8433,25248,25195.2,25248,t_on+4.6~5.4s中位(=08-v6.1 P 口径),60.6632,t0+60s后中位,5.8588,-0.0425315,5.8588,100.004,100.004,100.004,105.828,,,0.51,True,703.615,0.978645,-3.52668,21.6278,-703.615,105.859,-0.00352015,1476.14,-25196.1,SW1,切换负载-快相无责,185.97,onset,ADC域,True,27937.6,0.901839,unif_k1.00,uniform,1,1
26086,22170.5,-3915.48,22169.8,t_on+4.6~5.4s中位(=08-v6.1 P 口径),22086.1,后1/3段中位(不足60s),487.998,144.732,487.998,27.2328,27.2328,27.2328,485.861,,,,False,2680.93,1.19342,-59.4463,0,-2680.93,-72.7854,-588.017,1066.3,-19107.5,SW1,切换负载-快相无责,202.65,partial_unload,ADC域,True,27937.6,0.140151,unif_k1.00,uniform,1,1
22149.6,5769,-16380.6,5767.93,t_on+4.6~5.4s中位(=08-v6.1 P 口径),22086.1,后1/3段中位(不足60s),30.5899,9.02619,30.5899,113.658,94.2031,113.658,130.209,,,,False,2800.5,1.06288,3.16344,0,-2800.5,13.6511,-130.596,18617.8,-5010.81,SW1,切换负载-快相无责,212.4,partial_unload,ADC域,False,27937.6,0.58633,unif_k1.00,uniform,1,1
5760.84,11857,6096.16,11857,t_on+4.6~5.4s中位(=08-v6.1 P 口径),22086.1,后1/3段中位(不足60s),205.519,-8.49026,205.519,182.08,116.941,182.08,37.7224,,,,False,2923.02,0.843577,-39.929,0,-2923.02,305.519,-82.0798,12528.8,-11099.9,SW1,切换负载-快相无责,217.74,restep,ADC域,True,27937.6,0.218206,unif_k1.00,uniform,1,1
12122.3,19875.9,7753.67,19875.9,t_on+4.6~5.4s中位(=08-v6.1 P 口径),22086.1,后1/3段中位(不足60s),58.1637,-30.5381,58.1637,256.343,246.578,256.343,29.6585,,,,False,2923.02,0.803201,-145.571,0,-2923.02,158.164,-156.343,4509.82,-19875.9,SW1,切换负载-快相无责,230.64,restep,ADC域,False,27937.6,0.277535,unif_k1.00,uniform,1,1
5210.44,20245.8,15035.4,20245.8,t_on+4.6~5.4s中位(=08-v6.1 P 口径),22086.1,后1/3段中位(不足60s),27.5345,-18.2085,27.5345,134.654,124.652,134.654,15.2947,,,,False,2923.02,0.547873,5.17186,0,-2923.02,127.534,-34.6545,4139.92,-20245.8,SW1,切换负载-快相无责,233.05,onset,ADC域,False,27937.6,0.538179,unif_k1.00,uniform,1,1
20414.6,25671.8,5257.15,25671.8,t_on+4.6~5.4s中位(=08-v6.1 P 口径),22086.1,后1/3段中位(不足60s),-24.4625,-24.4625,-24.4625,488.321,145.195,488.321,43.7427,,,,False,2923.02,0.878552,-9.45059,0,-2923.02,75.5375,-388.321,-1286.03,-25671.8,SW1,切换负载-快相无责,240.72,restep,ADC域,True,27937.6,0.188175,unif_k1.00,uniform,1,1
25868,55,-25813,54.9693,t_on+4.6~5.4s中位(=08-v6.1 P 口径),22086.1,后1/3段中位(不足60s),0.212952,0.212952,0.212952,70.7782,70.7782,70.7782,85.5622,,,,False,2587.85,0.875929,-29.2413,0,-2587.85,-29.222,-100.213,18270,-54.9693,SW1,切换负载-快相无责,249.63,unload,ADC域,True,27937.6,0.923952,unif_k1.00,uniform,1,1
62,14458.3,14396.3,14458.3,t_on+4.6~5.4s中位(=08-v6.1 P 口径),24133.2,后1/3段中位(不足60s),48.2523,0.901129,48.2523,100.431,55.3875,100.431,-18.9517,,,,False,2445.41,1.00338,-51.3786,268.056,-2445.41,148.252,-0.430665,6946.56,-14458.3,SW2,再切换负载,11.79,onset,ADC域,False,25866.3,0.556567,unif_k1.00,uniform,1,1
13424.9,14858.2,1433.25,14852.5,t_on+4.6~5.4s中位(=08-v6.1 P 口径),24133.2,后1/3段中位(不足60s),467.878,-18.4488,467.878,1036.28,128.819,1036.28,-179.656,,,,False,2445.41,0.918959,-100,268.056,-2445.41,567.482,-936.677,6705.85,-14852.5,SW2,再切换负载,13.7,restep,ADC域,False,25866.3,0.0554099,unif_k1.00,uniform,1,1
14922.6,15402.5,479.895,15402.8,t_on+4.6~5.4s中位(=08-v6.1 P 口径),24133.2,后1/3段中位(不足60s),1412.86,-169.765,1412.86,3209.61,499.395,3209.61,-406.39,,,,False,2445.41,0.874619,-100,268.056,-2445.41,1512.91,-3109.55,6780.24,-15402.8,SW2,再切换负载,14.86,restep,ADC域,False,25866.3,0.0185529,unif_k1.00,uniform,1,1
16009.1,17425.7,1416.62,17425.7,t_on+4.6~5.4s中位(=08-v6.1 P 口径),24133.2,后1/3段中位(不足60s),453.735,-2.58297,453.735,1230.09,1230.09,1230.09,-19.7537,,,,False,2425.74,0.777887,-698.338,268.056,-2425.74,553.735,-1130.09,6427.72,-17425.7,SW2,再切换负载,31.22,restep,ADC域,False,25866.3,0.0547671,unif_k1.00,uniform,1,1
37.3925,21643.5,21606.1,21639.1,t_on+4.6~5.4s中位(=08-v6.1 P 口径),24133.2,后1/3段中位(不足60s),15.9343,-1.39572,15.9343,100.153,84.0485,100.153,4.39058,,,0.77,True,1434.82,1,-19.8302,268.056,-1434.82,115.914,-0.173065,3442.78,-21639.1,SW2,再切换负载,35.96,onset,ADC域,True,25866.3,0.835298,unif_k1.00,uniform,1,1
22655,38.6558,-22616.3,38.4964,t_on+4.6~5.4s中位(=08-v6.1 P 口径),24133.2,后1/3段中位(不足60s),0.170215,0.170215,0.170215,111.967,22.7689,111.967,106.707,,,,False,1434.82,0.988738,-77.2117,1.41029,-1434.82,11.9667,-100.171,25322.9,-38.4964,SW2,再切换负载,50.61,unload,ADC域,False,25866.3,0.874356,unif_k1.00,uniform,1,1
38,25209.3,25171.3,25209.3,t_on+4.6~5.4s中位(=08-v6.1 P 口径),24133.2,后1/3段中位(不足60s),0.604349,-1.74284,0.604349,97.159,97.159,97.159,4.87935,,,,False,1434.82,0.977157,-8.47395,1.41029,-1434.82,100.604,2.84099,152.122,-24456.2,SW2,再切换负载,57.3,onset,ADC域,True,25866.3,0.973132,unif_k1.00,uniform,1,1
69.5794,17701.9,17632.3,17701.9,t_on+4.6~5.4s中位(=08-v6.1 P 口径),27305,后1/3段中位(不足60s),40.6901,-12.2599,40.6901,100.395,68.631,100.395,-13.7736,,,,False,5936.64,1.00841,-44.2166,2.10454,-5936.64,140.69,-0.394614,7174.59,-17701.9,SW3,中途切换-1d9493,10.92,onset,ADC域,True,27696.8,0.636617,unif_k1.00,uniform,1,1
18559.6,25621.5,7061.97,25621.5,t_on+4.6~5.4s中位(=08-v6.1 P 口径),27305,后1/3段中位(不足60s),11.42,-65.6988,11.42,362.81,134.24,362.81,-12.4189,,,,False,5936.64,1.41796,-34.0299,2.10454,-5936.64,111.42,-262.81,806.477,-25621.5,SW3,中途切换-1d9493,20.72,restep,ADC域,True,27696.8,0.254974,unif_k1.00,uniform,1,1
25979,52,-25927,52,t_on+4.6~5.4s中位(=08-v6.1 P 口径),27305,后1/3段中位(不足60s),0.200563,0.200563,0.200563,102.542,78.5629,102.542,105.315,,,,False,5936.64,6.06698,-21.4067,2.10454,-5936.64,2.54226,-100.201,26586.2,-52,SW3,中途切换-1d9493,30.68,unload,ADC域,True,27696.8,0.9361,unif_k1.00,uniform,1,1
55.4942,26638.1,26582.6,26638.1,t_on+4.6~5.4s中位(=08-v6.1 P 口径),27305,后1/3段中位(不足60s),0.0742889,-2.84227,0.0742889,100.209,85.9799,100.209,-2.43475,,,4.98,True,1772.74,0.950617,-20.6509,2.10454,-1772.74,100.074,-0.208762,19.7479,-26638.1,SW3,中途切换-1d9493,39.08,onset,ADC域,True,27696.8,0.959769,unif_k1.00,uniform,1,1
27714.7,53,-27661.7,53,段末帧(退化),27305,后1/3段中位(不足60s),0.191601,0.191601,0.191601,95.819,95.819,95.819,98.7106,,,,False,1257.55,0.954704,-4.18048,0,-1257.55,-4.18096,-100.192,26505.2,-53,SW3,中途切换-1d9493,60.78,restep,ADC域,False,27696.8,0.998732,unif_k1.00,uniform,1,1
84,15448.2,15364.2,15448.2,t_on+4.6~5.4s中位(=08-v6.1 P 口径),24171.5,t0+60s后中位,51.9203,-10.8812,51.9203,65.5442,65.5442,65.5442,-4.85703,,,,False,3878.63,0.830686,-46.2598,12.4155,-3878.63,151.92,34.4558,7977.13,-10070.3,SW4,中途切换-13ffca,8.41,onset,ADC域,True,32452.6,0.473434,unif_k1.00,uniform,1,1
16085.4,22496.9,6411.47,22496.9,t_on+4.6~5.4s中位(=08-v6.1 P 口径),27884.7,t0+60s后中位,14.4804,-34.9723,14.4804,136.455,136.455,136.455,-69.5542,,,,False,4247.07,0.825095,-8.58977,0,-4247.07,114.48,-36.4546,928.407,-8748.74,SW4,中途切换-13ffca,18.68,restep,ADC域,False,32452.6,0.197564,unif_k1.00,uniform,1,1
22912.5,24098.4,1185.96,24095.9,t_on+4.6~5.4s中位(=08-v6.1 P 口径),28247.1,t0+60s后中位,-56.5445,-56.5445,-56.5445,768.807,768.807,768.807,-406.575,,,,False,4247.07,0.257207,-105.883,0,-4247.07,43.2408,-669.021,-670.593,-9117.71,SW4,中途切换-13ffca,26.57,restep,ADC域,False,32452.6,0.0365443,unif_k1.00,uniform,1,1
19465.9,24135.1,4669.26,24133.3,t_on+4.6~5.4s中位(=08-v6.1 P 口径),28278.7,t0+60s后中位,-15.163,-15.163,-15.163,168.826,167.101,168.826,-103.943,,,,False,4247.07,0.328337,-5.323,0,-4247.07,84.7974,-68.8657,-708,-7882.92,SW4,中途切换-13ffca,27.6,restep,ADC域,False,32452.6,0.143879,unif_k1.00,uniform,1,1
24634.7,21004.9,-3629.79,21002.6,t_on+4.6~5.4s中位(=08-v6.1 P 口径),31983.5,t0+60s后中位,578.617,128.505,578.617,-15.9718,-25.6673,-15.9718,881.14,,,,False,4752.04,-4.1442,-12.8832,0,-4752.04,-116.035,-678.68,-579.742,-21002.6,SW4,中途切换-13ffca,45.28,partial_unload,ADC域,True,32452.6,0.111849,unif_k1.00,uniform,1,1
20983.1,24429.9,3446.83,24429.7,t_on+4.6~5.4s中位(=08-v6.1 P 口径),27976.3,后1/3段中位(不足60s),57.9538,-116.247,57.9538,708.757,172.096,708.757,-44.9411,,,,False,4752.04,0.823433,-87.9684,0,-4752.04,157.947,-608.764,1997.57,-24429.7,SW4,中途切换-13ffca,61.37,restep,ADC域,False,32452.6,0.106211,unif_k1.00,uniform,1,1
24442.4,79,-24363.4,78,t_on+4.6~5.4s中位(=08-v6.1 P 口径),27976.3,后1/3段中位(不足60s),0.320153,0.320153,0.320153,111.624,40.7078,111.624,114.829,,,0.01,True,4343.55,1.35033,-58.9721,0,-4343.55,11.6196,-100.324,27195.3,-78,SW4,中途切换-13ffca,68.93,unload,ADC域,True,32452.6,0.750737,unif_k1.00,uniform,1,1
75,27895.9,27820.9,27895.9,t_on+4.6~5.4s中位(=08-v6.1 P 口径),27976.3,后1/3段中位(不足60s),15.948,-3.76272,15.948,100.27,38.3675,100.27,15.659,,,,False,1614.8,0.934811,-66.9115,959.491,-1614.8,115.948,-0.269581,4436.87,-27895.9,SW4,中途切换-13ffca,88,onset,ADC域,True,32452.6,0.857278,unif_k1.00,uniform,1,1
28337.8,30791.3,2453.48,30791.3,t_on+4.6~5.4s中位(=08-v6.1 P 口径),27976.3,后1/3段中位(不足60s),62.8292,38.1786,62.8292,1255.01,120.401,1255.01,177.564,,,,False,1614.8,0.956854,-85.6926,959.491,-1614.8,162.829,-1155.01,1541.5,-30791.3,SW4,中途切换-13ffca,99.36,restep,ADC域,False,32452.6,0.0756019,unif_k1.00,uniform,1,1
29453,32163.4,2710.38,32155.5,t_on+4.6~5.4s中位(=08-v6.1 P 口径),27976.3,后1/3段中位(不足60s),6.54112,6.54112,6.54112,1186.38,58.972,1186.38,160.734,,,,False,1614.8,1.01897,-50.5104,569.733,-1614.8,106.25,-1086.68,177.289,-32155.5,SW4,中途切换-13ffca,104.24,restep,ADC域,True,32452.6,0.083518,unif_k1.00,uniform,1,1
32462.6,81,-32381.6,83,t_on+4.6~5.4s中位(=08-v6.1 P 口径),27976.3,后1/3段中位(不足60s),0.256319,0.256319,0.256319,94.6123,94.6123,94.6123,86.3958,,,,False,1614.8,0.949928,-5.31469,0,-1614.8,-5.38152,-100.25,30636.9,-83,SW4,中途切换-13ffca,113.8,unload,ADC域,True,32452.6,0.99781,unif_k1.00,uniform,1,1
0.549442,14.7073,14.1578,14.7057,t_on+4.6~5.4s中位(=08-v6.1 P 口径),1.16117,t0+60s后中位,3.1702,-3.21126,3.1702,76.7128,76.7128,76.7128,98.8382,0.85,0.85,0.85,False,2.48699,0.831471,-26.6344,0.669443,-2.48699,103.159,23.2759,0.448832,-10.8609,RT1,右拇指指尖/数据1,8.27,onset,显示域,False,19.5791,0.72311,unif_k1.05,uniform,1.05,1.05
14.6375,15.8381,1.20052,15.8268,t_on+4.6~5.4s中位(=08-v6.1 P 口径),1.11186,t0+60s后中位,-55.9995,-55.9995,-55.9995,141.883,135.598,141.883,1169.72,,,,False,2.78136,-0.142513,-96.102,-0.47755,-2.78136,43.0637,-42.8194,-0.672284,-1.70333,RT1,右拇指指尖/数据1,13.6,restep,显示域,True,19.5791,0.0613163,unif_k1.05,uniform,1.05,1.05
20.0385,0.943245,-19.0952,0.924979,t_on+4.6~5.4s中位(=08-v6.1 P 口径),1.00147,后1/3段中位(不足60s),4.84404,4.84404,4.84404,67.1712,67.1712,67.1712,5.24462,0.02,0.02,0.02,False,5.64184,0.692119,-33.3189,0,-5.64184,-32.9244,-104.94,12.8265,-0.924979,RT1,右拇指指尖/数据1,115.37,unload,显示域,True,19.5791,0.975286,unif_k1.05,uniform,1.05,1.05
0.290396,16.726,16.4356,16.726,t_on+4.6~5.4s中位(=08-v6.1 P 口径),19.7617,t0+60s后中位,-5.7125,-5.7125,-5.7125,90.4771,90.4771,90.4771,-24.183,,,,False,3.23859,0.81957,-17.2982,0.743223,-3.23859,94.2875,9.52291,-0.938884,-14.8705,RT2,右拇指指尖/数据2,12.32,onset,显示域,True,22.0068,0.746843,unif_k1.05,uniform,1.05,1.05
20.8432,22.0158,1.1726,22.0168,t_on+4.6~5.4s中位(=08-v6.1 P 口径),0.329168,t0+60s后中位,-492.777,-492.777,-492.777,1877.61,918.224,1877.61,1356.76,,,,False,7.03123,0.721622,-58.8422,0,-7.03123,-392.699,-1777.53,-5.77828,-22.0168,RT2,右拇指指尖/数据2,147.11,restep,显示域,True,22.0068,0.0532834,unif_k1.05,uniform,1.05,1.05
22.131,0.9172,-21.2138,0.912841,t_on+4.6~5.4s中位(=08-v6.1 P 口径),0.365081,t0+60s后中位,4.30305,4.30305,4.30305,65.6374,65.6374,65.6374,1.72096,0.02,0.02,0.02,False,6.99211,0.668949,-34.7042,0,-6.99211,-34.3831,-104.324,13.9242,-0.912841,RT2,右拇指指尖/数据2,159.49,unload,显示域,True,22.0068,0.963968,unif_k1.05,uniform,1.05,1.05
0.043,16.5567,16.5137,16.5389,t_on+4.6~5.4s中位(=08-v6.1 P 口径),20.5361,t0+60s后中位,3.95385,-2.36514,3.95385,99.3294,99.3294,99.3294,-20.2514,0.6,0.6,0.6,False,1.81183,0.917594,-3.39559,0.770125,-1.81183,103.846,0.56317,0.652926,-16.4029,RT3,右拇指指尖/数据3,10.59,onset,显示域,True,21.2279,0.777921,unif_k1.05,uniform,1.05,1.05
21.248,0.521318,-20.7267,0.518415,t_on+4.6~5.4s中位(=08-v6.1 P 口径),0.568345,后1/3段中位(不足60s),2.50119,2.50119,2.50119,59.1332,59.1332,59.1332,2.74209,0.01,0.01,0.01,False,3.75731,0.763726,-41.6844,0,-3.75731,-40.8809,-102.515,12.2564,-0.518415,RT3,右拇指指尖/数据3,135.7,unload,显示域,True,21.2279,0.976388,unif_k1.05,uniform,1.05,1.05
0,15.2813,15.2813,15.2813,t_on+4.6~5.4s中位(=08-v6.1 P 口径),17.8094,t0+60s后中位,4.19961,-3.39359,4.19961,100,100,100,-12.3447,0.64,0.64,0.64,False,1.54917,0.926034,-3.42731,0.702984,-1.54917,104.2,0,0.641753,-15.2813,LT1,左拇指指尖/数据1,11.69,onset,显示域,True,18.1566,0.841637,unif_k1.05,uniform,1.05,1.05
18.1567,0,-18.1567,0,t_on+4.6~5.4s中位(=08-v6.1 P 口径),0,后1/3段中位(不足60s),-0,-0,-0,73.0088,73.0088,73.0088,-0,0.13,0.13,0.13,False,2.67044,0.832471,-26.9912,0,-2.67044,-26.9912,-100,13.256,0,LT1,左拇指指尖/数据1,147.52,unload,显示域,True,18.1566,1.00001,unif_k1.05,uniform,1.05,1.05
0,16.1212,16.1212,16.1212,t_on+4.6~5.4s中位(=08-v6.1 P 口径),18.002,t0+60s后中位,2.40757,-0.170504,2.40757,61.2823,61.2823,61.2823,-9.25933,1.96,1.96,1.96,False,1.10351,0.928446,-42.5171,0.770486,-1.10351,102.408,38.7177,0.388129,-9.87941,LT2,左拇指指尖/数据2,14.92,onset,显示域,True,18.6005,0.866705,unif_k1.05,uniform,1.05,1.05
18.6041,0,-18.6041,0,t_on+4.6~5.4s中位(=08-v6.1 P 口径),0,后1/3段中位(不足60s),-0,-0,-0,75.2234,75.2234,75.2234,-0,0.01,0.01,0.01,False,1.91044,0.879885,-24.7766,0,-1.91044,-24.7766,-100,13.9946,0,LT2,左拇指指尖/数据2,140.92,unload,显示域,True,18.6005,1.00019,unif_k1.05,uniform,1.05,1.05
0,17.5144,17.5144,17.5144,t_on+4.6~5.4s中位(=08-v6.1 P 口径),18.8563,t0+60s后中位,-2.68509,-4.22718,-2.68509,66.7966,66.7966,66.7966,-10.3468,0.79,0.79,0.79,False,1.63264,0.886328,-37.4306,0.804481,-1.63264,97.3149,33.2034,-0.470276,-11.699,LT3,左拇指指尖/数据3,10.87,onset,显示域,True,19.3415,0.905531,unif_k1.05,uniform,1.05,1.05
19.3469,0,-19.3469,0,t_on+4.6~5.4s中位(=08-v6.1 P 口径),0,t0+60s后中位,-0,-0,-0,78.2423,78.2423,78.2423,-0,0.03,0.03,0.03,False,2.35721,0.865261,-21.7577,0,-2.35721,-21.7577,-100,15.1374,0,LT3,左拇指指尖/数据3,132.59,unload,显示域,True,19.3415,1.00028,unif_k1.05,uniform,1.05,1.05
0.064,13.3829,13.3189,13.3829,t_on+4.6~5.4s中位(=08-v6.1 P 口径),0.101758,t0+60s后中位,-5.8785,-8.28319,-5.8785,66.9611,66.9611,66.9611,93.838,,,,False,3.10394,0.744783,-41.4853,0.572945,-3.10394,94.1215,33.0389,-0.782951,-8.91846,F41,四指指尖/数据1,10.94,onset,显示域,False,16.302,0.817011,unif_k1.05,uniform,1.05,1.05
10.8737,13.5564,2.68271,13.5564,t_on+4.6~5.4s中位(=08-v6.1 P 口径),0.082,t0+60s后中位,-35.6517,-44.0821,-35.6517,52.3996,48.9122,52.3996,466.615,,,,False,3.11598,0.0228397,-100,0.289754,-3.11598,64.3483,47.6004,-0.956432,-1.40573,F41,四指指尖/数据1,12.19,restep,显示域,False,16.302,0.164564,unif_k1.05,uniform,1.05,1.05
16.4153,0.0723016,-16.343,0.0768358,t_on+4.6~5.4s中位(=08-v6.1 P 口径),0.073,后1/3段中位(不足60s),0.470146,0.470146,0.470146,48.6109,48.6109,48.6109,0.446675,0.01,0.01,0.01,False,4.01047,0.664558,-51.0884,0,-4.01047,-51.3614,-100.442,7.94446,-0.0768358,F41,四指指尖/数据1,130.75,unload,显示域,True,16.302,1.00252,unif_k1.05,uniform,1.05,1.05
0.063,14.7479,14.6849,14.7479,t_on+4.6~5.4s中位(=08-v6.1 P 口径),9.57269,t0+60s后中位,-6.64246,-7.64896,-6.64246,92.5463,92.5463,92.5463,28.5994,,,,False,2.72641,0.839619,-15.1383,0.657863,-2.72641,93.3575,7.45373,-0.97544,-13.5904,F42,四指指尖/数据2,11.03,onset,显示域,True,17.0396,0.861814,unif_k1.05,uniform,1.05,1.05
17.0666,0.0910805,-16.9755,0.091,t_on+4.6~5.4s中位(=08-v6.1 P 口径),0.0823702,后1/3段中位(不足60s),0.536066,0.536066,0.536066,81.8851,81.8851,81.8851,0.485229,0.02,0.02,0.02,False,3.19322,0.813203,-17.8346,0,-3.19322,-18.1153,-100.537,13.9004,-0.091,F42,四指指尖/数据2,130.78,unload,显示域,True,17.0396,0.996243,unif_k1.05,uniform,1.05,1.05
0.068,15.3126,15.2446,15.3126,t_on+4.6~5.4s中位(=08-v6.1 P 口径),16.9838,t0+60s后中位,-3.19042,-4.6,-3.19042,78.8833,78.8833,78.8833,-14.1533,0.95,0.95,0.95,False,1.90094,0.876525,-25.7167,0.692091,-1.90094,96.8096,21.1167,-0.486366,-12.0254,F43,四指指尖/数据3,11,onset,显示域,True,17.4353,0.874349,unif_k1.05,uniform,1.05,1.05
17.4903,0.560628,-16.9297,0.585277,t_on+4.6~5.4s中位(=08-v6.1 P 口径),0.0956784,后1/3段中位(不足60s),3.4571,3.4571,3.4571,65.1362,65.1362,65.1362,0.565151,0.09,0.09,0.09,False,2.57711,0.817132,-31.6017,0,-2.57711,-34.7182,-103.312,11.0274,-0.585277,F43,四指指尖/数据3,140.4,unload,显示域,True,17.4353,0.971,unif_k1.05,uniform,1.05,1.05
76,4241.75,4165.75,4241.75,t_on+4.6~5.4s中位(=08-v6.1 P 口径),22201.8,t0+60s后中位,194.206,0.763056,194.206,74.5707,74.5707,74.5707,-236.931,,,3.38,True,889.269,0.951611,-38.1288,191.72,-889.269,294.206,25.4293,8090.13,-3106.43,SW1,切换负载-快相无责,10.84,onset,ADC域,True,27937.6,0.149109,unif_k1.05,uniform,1.05,1.05
4811.46,11606.1,6794.66,11606.1,t_on+4.6~5.4s中位(=08-v6.1 P 口径),25339.1,t0+60s后中位,10.6815,10.6815,10.6815,34.9809,34.9809,34.9809,-191.433,,,,False,1092.13,4.46888,-125.805,0,-1092.13,110.681,65.0191,725.77,-2376.83,SW1,切换负载-快相无责,28.63,onset,ADC域,True,27937.6,0.243208,unif_k1.05,uniform,1.05,1.05
12297.8,16207.4,3909.6,16202.1,t_on+4.6~5.4s中位(=08-v6.1 P 口径),25571.5,t0+60s后中位,11.2175,11.2175,11.2175,313.031,313.031,313.031,-228.432,,,,False,4530.02,0.473269,-286.711,0,-4530.02,111.084,-213.164,438.558,-12238.3,SW1,切换负载-快相无责,71.67,restep,ADC域,False,27937.6,0.139941,unif_k1.05,uniform,1.05,1.05
5447.1,18092.5,12645.4,18092.5,t_on+4.6~5.4s中位(=08-v6.1 P 口径),25607.5,t0+60s后中位,-11.4812,-11.4812,-11.4812,109.287,109.287,109.287,-70.9096,,,,False,4530.02,0.485272,-69.4172,-981.721,-4530.02,88.5188,-9.28703,-1451.85,-13819.8,SW1,切换负载-快相无责,75.89,onset,ADC域,True,27937.6,0.452632,unif_k1.05,uniform,1.05,1.05
19384.4,25851.7,6467.25,25850.6,t_on+4.6~5.4s中位(=08-v6.1 P 口径),22087.3,t0+60s后中位,24.9253,-72.7151,24.9253,399.715,204.228,399.715,83.1152,,,,False,5456.51,0.740911,31.2991,1360.73,-5456.51,124.908,-299.732,1611.98,-25850.6,SW1,切换负载-快相无责,110.45,restep,ADC域,True,27937.6,0.231489,unif_k1.05,uniform,1.05,1.05
26333.3,25386,-947.345,25386,t_on+4.6~5.4s中位(=08-v6.1 P 口径),20401.6,t0+60s后中位,2679.7,2679.7,2679.7,249.692,112.716,249.692,2153.55,,,,False,5438.54,8.05777,2139.65,1360.73,-5438.54,149.692,-2779.7,2365.45,-25386,SW1,切换负载-快相无责,129.37,partial_unload,ADC域,False,27937.6,0.0339094,unif_k1.05,uniform,1.05,1.05
61.0611,27163.2,27102.1,27163.8,t_on+4.6~5.4s中位(=08-v6.1 P 口径),20127.8,t0+60s后中位,2.26101,0.914932,2.26101,99.9692,99.9692,99.9692,28.2219,0.44,0.44,0.44,False,1360.73,1.0025,0.868911,1360.73,-16.3526,102.263,0.0329822,612.781,-27093.8,SW1,切换负载-快相无责,133.83,onset,ADC域,True,27937.6,0.970096,unif_k1.05,uniform,1.05,1.05
28005.2,24408.4,-3596.88,24408.4,t_on+4.6~5.4s中位(=08-v6.1 P 口径),25340.8,t0+60s后中位,678.598,678.598,678.598,68.2005,49.9015,68.2005,704.521,,,,False,1204.71,1.45755,627.211,1204.71,-561.926,-31.7995,-778.598,2453.09,-24408.4,SW1,切换负载-快相无责,182.03,partial_unload,ADC域,False,27937.6,0.128747,unif_k1.05,uniform,1.05,1.05
52.8433,25248,25195.2,25248,t_on+4.6~5.4s中位(=08-v6.1 P 口径),60.6632,t0+60s后中位,6.40368,1.31537,6.40368,100.004,100.004,100.004,106.373,,,0.37,True,1204.71,0.988471,1.29663,1204.71,-561.926,106.404,-0.00352015,1613.42,-25196.1,SW1,切换负载-快相无责,185.97,onset,ADC域,True,27937.6,0.901839,unif_k1.05,uniform,1.05,1.05
26086,22170.5,-3915.48,22169.8,t_on+4.6~5.4s中位(=08-v6.1 P 口径),22086.1,后1/3段中位(不足60s),469.11,141.595,469.11,30.7286,30.7286,30.7286,466.973,,,,False,2692.9,1.1845,-59.1506,33.8241,-2692.9,-69.2897,-569.128,1203.17,-18367.9,SW1,切换负载-快相无责,202.65,partial_unload,ADC域,True,27937.6,0.140151,unif_k1.05,uniform,1.05,1.05
22149.6,5769,-16380.6,5767.93,t_on+4.6~5.4s中位(=08-v6.1 P 口径),22086.1,后1/3段中位(不足60s),24.5504,7.70372,24.5504,114.61,96.2558,114.61,124.169,,,,False,2692.9,1.01069,3.90214,33.8241,-2692.9,14.6037,-124.557,18773.9,-4021.51,SW1,切换负载-快相无责,212.4,partial_unload,ADC域,False,27937.6,0.58633,unif_k1.05,uniform,1.05,1.05
5760.84,11857,6096.16,11857,t_on+4.6~5.4s中位(=08-v6.1 P 口径),22086.1,后1/3段中位(不足60s),209.87,-8.49026,209.87,165.852,116.941,165.852,42.074,,,,False,2692.9,0.946706,-39.929,0,-2692.9,309.87,-65.8517,12794,-10110.6,SW1,切换负载-快相无责,217.74,restep,ADC域,True,27937.6,0.218206,unif_k1.05,uniform,1.05,1.05
12122.3,19875.9,7753.67,19875.9,t_on+4.6~5.4s中位(=08-v6.1 P 口径),22086.1,后1/3段中位(不足60s),70.0365,-8.35412,70.0365,256.343,233.819,256.343,41.5313,,,,False,1922.82,0.867319,-138.079,0,-1922.82,170.037,-156.343,5430.4,-19875.9,SW1,切换负载-快相无责,230.64,restep,ADC域,False,27937.6,0.277535,unif_k1.05,uniform,1.05,1.05
5210.44,20245.8,15035.4,20245.8,t_on+4.6~5.4s中位(=08-v6.1 P 口径),22086.1,后1/3段中位(不足60s),33.6572,-6.76837,33.6572,134.654,118.87,134.654,21.4174,,,,False,1922.82,0.878404,11.8096,0,-1922.82,133.657,-34.6545,5060.5,-20245.8,SW1,切换负载-快相无责,233.05,onset,ADC域,False,27937.6,0.538179,unif_k1.05,uniform,1.05,1.05
20414.6,25671.8,5257.15,25671.8,t_on+4.6~5.4s中位(=08-v6.1 P 口径),22086.1,后1/3段中位(不足60s),-6.9515,-21.4944,-6.9515,488.321,118.953,488.321,61.2536,,,,False,1922.82,0.945949,-5.3154,0,-1922.82,93.0485,-388.321,-365.451,-25671.8,SW1,切换负载-快相无责,240.72,restep,ADC域,True,27937.6,0.188175,unif_k1.05,uniform,1.05,1.05
25868,55,-25813,54.9693,t_on+4.6~5.4s中位(=08-v6.1 P 口径),22086.1,后1/3段中位(不足60s),0.212952,0.212952,0.212952,77.6266,77.6266,77.6266,85.5622,,,,False,820.054,0.960684,-22.3929,0,-820.054,-22.3735,-100.213,20037.8,-54.9693,SW1,切换负载-快相无责,249.63,unload,ADC域,True,27937.6,0.923952,unif_k1.05,uniform,1.05,1.05
62,14458.3,14396.3,14458.3,t_on+4.6~5.4s中位(=08-v6.1 P 口径),24133.2,后1/3段中位(不足60s),51.4421,5.41307,51.4421,100.431,55.3875,100.431,-15.7619,,,3.48,True,1704.97,1.00338,-46.7176,1306.2,-1704.97,151.442,-0.430665,7405.78,-14458.3,SW2,再切换负载,11.79,onset,ADC域,False,25866.3,0.556567,unif_k1.05,uniform,1.05,1.05
13424.9,14858.2,1433.25,14852.5,t_on+4.6~5.4s中位(=08-v6.1 P 口径),24133.2,后1/3段中位(不足60s),498.088,26.8716,498.088,1036.28,81.626,1036.28,-149.446,,,,False,1704.97,0.964789,-100,1306.2,-1704.97,597.692,-936.677,7138.84,-14852.5,SW2,再切换负载,13.7,restep,ADC域,False,25866.3,0.0554099,unif_k1.05,uniform,1.05,1.05
14922.6,15402.5,479.895,15402.8,t_on+4.6~5.4s中位(=08-v6.1 P 口径),24133.2,后1/3段中位(不足60s),1501.26,-34.4115,1501.26,3209.61,358.449,3209.61,-317.984,,,,False,1704.97,0.918265,-100,1306.2,-1704.97,1601.32,-3109.55,7204.5,-15402.8,SW2,再切换负载,14.86,restep,ADC域,False,25866.3,0.0185529,unif_k1.05,uniform,1.05,1.05
16009.1,17425.7,1416.62,17425.7,t_on+4.6~5.4s中位(=08-v6.1 P 口径),24133.2,后1/3段中位(不足60s),536.903,-0.868249,536.903,1230.09,1230.09,1230.09,63.4142,,,,False,1681.24,0.836115,-750.893,1306.2,-1681.24,636.903,-1130.09,7605.89,-17425.7,SW2,再切换负载,31.22,restep,ADC域,False,25866.3,0.0547671,unif_k1.05,uniform,1.05,1.05
37.3925,21643.5,21606.1,21639.1,t_on+4.6~5.4s中位(=08-v6.1 P 口径),24133.2,后1/3段中位(不足60s),16.8896,1.04143,16.8896,100.042,84.0485,100.042,5.34583,,,0.53,True,1306.2,1,-15.0254,1306.2,-284.034,116.869,-0.0619851,3649.17,-21615.1,SW2,再切换负载,35.96,onset,ADC域,True,25866.3,0.835298,unif_k1.05,uniform,1.05,1.05
22655,38.6558,-22616.3,38.4964,t_on+4.6~5.4s中位(=08-v6.1 P 口径),24133.2,后1/3段中位(不足60s),0.0640968,0.0640968,0.0640968,113.682,24.5797,113.682,106.601,,,,False,1189.09,0.987689,-75.401,1189.09,-397.307,13.6811,-100.065,25710.7,-14.4964,SW2,再切换负载,50.61,unload,ADC域,False,25866.3,0.874356,unif_k1.05,uniform,1.05,1.05
38,25209.3,25171.3,25209.3,t_on+4.6~5.4s中位(=08-v6.1 P 口径),24133.2,后1/3段中位(不足60s),2.14468,-0.706103,2.14468,97.159,97.159,97.159,6.41968,,,0.54,True,1189.09,0.992609,-3.75558,1189.09,-397.307,102.145,2.84099,539.845,-24456.2,SW2,再切换负载,57.3,onset,ADC域,True,25866.3,0.973132,unif_k1.05,uniform,1.05,1.05
69.5794,17701.9,17632.3,17701.9,t_on+4.6~5.4s中位(=08-v6.1 P 口径),27305,后1/3段中位(不足60s),47.7288,-12.2599,47.7288,100.395,68.625,100.395,-6.73483,,,,False,5673.69,1.0086,-44.2226,1243.15,-5673.69,147.729,-0.394614,8415.68,-17701.9,SW3,中途切换-1d9493,10.92,onset,ADC域,True,27696.8,0.636617,unif_k1.05,uniform,1.05,1.05
18559.6,25621.5,7061.97,25621.5,t_on+4.6~5.4s中位(=08-v6.1 P 口径),27305,后1/3段中位(不足60s),19.4828,-62.1643,19.4828,362.81,134.24,362.81,-4.35605,,,,False,5673.69,1.61944,-30.5925,1243.15,-5673.69,119.483,-262.81,1375.87,-25621.5,SW3,中途切换-1d9493,20.72,restep,ADC域,True,27696.8,0.254974,unif_k1.05,uniform,1.05,1.05
25979,52,-25927,52,t_on+4.6~5.4s中位(=08-v6.1 P 口径),27305,后1/3段中位(不足60s),0.200563,0.200563,0.200563,105.135,79.5771,105.135,105.315,,,,False,5673.69,6.37833,-20.3925,1243.15,-5673.69,5.13508,-100.201,27258.4,-52,SW3,中途切换-1d9493,30.68,unload,ADC域,True,27696.8,0.9361,unif_k1.05,uniform,1.05,1.05
55.4942,26638.1,26582.6,26638.1,t_on+4.6~5.4s中位(=08-v6.1 P 口径),27305,后1/3段中位(不足60s),2.60884,-1.77185,2.60884,100.209,85.9799,100.209,0.0997979,,,0.56,True,1243.15,0.977923,-15.9823,1243.15,-583.189,102.609,-0.208762,693.496,-26638.1,SW3,中途切换-1d9493,39.08,onset,ADC域,True,27696.8,0.959769,unif_k1.05,uniform,1.05,1.05
27714.7,53,-27661.7,53,段末帧(退化),27305,后1/3段中位(不足60s),0.191601,0.191601,0.191601,98.2569,98.2569,98.2569,98.7106,,,,False,583.189,0.978994,-1.74258,0,-583.189,-1.74306,-100.192,27179.5,-53,SW3,中途切换-1d9493,60.78,restep,ADC域,False,27696.8,0.998732,unif_k1.05,uniform,1.05,1.05
84,15448.2,15364.2,15448.2,t_on+4.6~5.4s中位(=08-v6.1 P 口径),24171.5,t0+60s后中位,51.9203,-6.50615,51.9203,65.5442,65.5442,65.5442,-4.85703,,,,False,2696.8,0.890286,-41.8495,690.028,-2696.8,151.92,34.4558,7977.13,-10070.3,SW4,中途切换-13ffca,8.41,onset,ADC域,True,32452.6,0.473434,unif_k1.05,uniform,1.05,1.05
16085.4,22496.9,6411.47,22496.9,t_on+4.6~5.4s中位(=08-v6.1 P 口径),27884.7,t0+60s后中位,14.4804,-29.568,14.4804,126.014,126.014,126.014,-69.5542,,,,False,3086.32,0.887792,-4.01643,0,-3086.32,114.48,-26.014,928.407,-8079.35,SW4,中途切换-13ffca,18.68,restep,ADC域,False,32452.6,0.197564,unif_k1.05,uniform,1.05,1.05
22912.5,24098.4,1185.96,24095.9,t_on+4.6~5.4s中位(=08-v6.1 P 口径),28247.1,t0+60s后中位,-56.5445,-56.5445,-56.5445,692.341,692.341,692.341,-406.575,,,,False,3113.45,0.411312,-110.396,0,-3113.45,43.2408,-592.556,-670.593,-8210.87,SW4,中途切换-13ffca,26.57,restep,ADC域,False,32452.6,0.0365443,unif_k1.05,uniform,1.05,1.05
19465.9,24135.1,4669.26,24133.3,t_on+4.6~5.4s中位(=08-v6.1 P 口径),28278.7,t0+60s后中位,-15.163,-15.163,-15.163,148.18,148.18,148.18,-103.943,,,,False,3113.45,0.486815,-0.552393,0,-3113.45,84.7974,-48.2201,-708,-6918.92,SW4,中途切换-13ffca,27.6,restep,ADC域,False,32452.6,0.143879,unif_k1.05,uniform,1.05,1.05
24634.7,21004.9,-3629.79,21002.6,t_on+4.6~5.4s中位(=08-v6.1 P 口径),31983.5,t0+60s后中位,578.617,98.2046,578.617,6.31991,6.31991,6.31991,881.14,,,,False,3726.86,-5.58362,-11.2513,0,-3726.86,-93.7438,-678.68,229.399,-21002.6,SW4,中途切换-13ffca,45.28,partial_unload,ADC域,True,32452.6,0.111849,unif_k1.05,uniform,1.05,1.05
20983.1,24429.9,3446.83,24429.7,t_on+4.6~5.4s中位(=08-v6.1 P 口径),27976.3,后1/3段中位(不足60s),96.1787,-95.0703,96.1787,708.757,141.948,708.757,-6.71623,,,,False,3726.86,0.867915,-87.9684,1310.12,-3726.86,196.172,-608.764,3315.12,-24429.7,SW4,中途切换-13ffca,61.37,restep,ADC域,False,32452.6,0.106211,unif_k1.05,uniform,1.05,1.05
24442.4,79,-24363.4,78,t_on+4.6~5.4s中位(=08-v6.1 P 口径),27976.3,后1/3段中位(不足60s),0.320153,0.320153,0.320153,115.416,44.3569,115.416,114.829,,,0.01,True,3454.48,1.38554,-55.3229,1310.12,-3454.48,15.4117,-100.324,28119.2,-78,SW4,中途切换-13ffca,68.93,unload,ADC域,True,32452.6,0.750737,unif_k1.05,uniform,1.05,1.05
75,27895.9,27820.9,27895.9,t_on+4.6~5.4s中位(=08-v6.1 P 口径),27976.3,后1/3段中位(不足60s),18.3663,-0.389082,18.3663,100.27,38.3675,100.27,18.0773,,,0.27,True,1879.51,0.995566,-62.1756,1879.51,-505.751,118.366,-0.269581,5109.67,-27895.9,SW4,中途切换-13ffca,88,onset,ADC域,True,32452.6,0.857278,unif_k1.05,uniform,1.05,1.05
28337.8,30791.3,2453.48,30791.3,t_on+4.6~5.4s中位(=08-v6.1 P 口径),27976.3,后1/3段中位(不足60s),90.2514,65.2099,90.2514,1255.01,83.3083,1255.01,204.986,,,,False,1879.51,0.987868,-85.9703,1879.51,-505.751,190.251,-1155.01,2214.3,-30791.3,SW4,中途切换-13ffca,99.36,restep,ADC域,False,32452.6,0.0756019,unif_k1.05,uniform,1.05,1.05
29453,32163.4,2710.38,32155.5,t_on+4.6~5.4s中位(=08-v6.1 P 口径),27976.3,后1/3段中位(不足60s),31.3641,31.3641,31.3641,1186.38,34.2008,1186.38,185.557,,,,False,1219.94,1.04063,-47.9251,1219.94,-505.751,131.073,-1086.68,850.086,-32155.5,SW4,中途切换-13ffca,104.24,restep,ADC域,True,32452.6,0.083518,unif_k1.05,uniform,1.05,1.05
32462.6,81,-32381.6,83,t_on+4.6~5.4s中位(=08-v6.1 P 口径),27976.3,后1/3段中位(不足60s),0.256319,0.256319,0.256319,98.4168,98.4168,98.4168,86.3958,,,,False,382.84,0.988129,-1.51018,0,-382.84,-1.57702,-100.25,31868.9,-83,SW4,中途切换-13ffca,113.8,unload,ADC域,True,32452.6,0.99781,unif_k1.05,uniform,1.05,1.05
0.549442,14.7073,14.1578,14.7057,t_on+4.6~5.4s中位(=08-v6.1 P 口径),1.16117,t0+60s后中位,5.13735,-1.17334,5.13735,76.7128,76.7128,76.7128,100.805,5.36,5.36,5.36,False,2.25141,0.850392,-25.053,1.27842,-2.25141,105.126,23.2759,0.727339,-10.8609,RT1,右拇指指尖/数据1,8.27,onset,显示域,False,19.5791,0.72311,unif_k1.10,uniform,1.1,1.1
14.6375,15.8381,1.20052,15.8268,t_on+4.6~5.4s中位(=08-v6.1 P 口径),1.11186,t0+60s后中位,-32.8006,-32.8006,-32.8006,121.807,115.711,121.807,1192.91,,,,False,2.54718,-0.141274,-92.1817,-0.240574,-2.54718,66.2626,-22.7434,-0.393777,-1.46231,RT1,右拇指指尖/数据1,13.6,restep,显示域,True,19.5791,0.0613163,unif_k1.10,uniform,1.1,1.1
20.0385,0.943245,-19.0952,0.924979,t_on+4.6~5.4s中位(=08-v6.1 P 口径),1.00147,后1/3段中位(不足60s),4.84404,4.84404,4.84404,68.3519,68.3519,68.3519,5.24462,0.03,0.03,0.03,False,5.41639,0.704422,-32.1383,0,-5.41639,-31.7438,-104.94,13.0519,-0.924979,RT1,右拇指指尖/数据1,115.37,unload,显示域,True,19.5791,0.975286,unif_k1.10,uniform,1.1,1.1
0.290396,16.726,16.4356,16.726,t_on+4.6~5.4s中位(=08-v6.1 P 口径),19.7617,t0+60s后中位,-1.47606,-1.70204,-1.47606,90.4771,90.4771,90.4771,-19.9465,13.16,13.16,2.23,False,2.51259,0.862324,-12.9563,1.46367,-2.51259,98.5239,9.52291,-0.242599,-14.8705,RT2,右拇指指尖/数据2,12.32,onset,显示域,True,22.0068,0.746843,unif_k1.10,uniform,1.1,1.1
20.8432,22.0158,1.1726,22.0168,t_on+4.6~5.4s中位(=08-v6.1 P 口径),0.329168,t0+60s后中位,-430.571,-430.571,-430.571,1877.61,856.136,1877.61,1418.97,,,,False,6.3146,0.757472,-57.3604,0,-6.3146,-330.493,-1777.53,-5.04886,-22.0168,RT2,右拇指指尖/数据2,147.11,restep,显示域,True,22.0068,0.0532834,unif_k1.10,uniform,1.1,1.1
22.131,0.9172,-21.2138,0.912841,t_on+4.6~5.4s中位(=08-v6.1 P 口径),0.365081,t0+60s后中位,4.30305,4.30305,4.30305,69.0241,69.0241,69.0241,1.72096,0.02,0.02,0.02,False,6.27367,0.702965,-31.3175,0,-6.27367,-30.9964,-104.324,14.6426,-0.912841,RT2,右拇指指尖/数据2,159.49,unload,显示域,True,22.0068,0.963968,unif_k1.10,uniform,1.1,1.1
0.043,16.5567,16.5137,16.5389,t_on+4.6~5.4s中位(=08-v6.1 P 口径),20.5361,t0+60s后中位,10.678,2.26649,10.678,99.3294,99.3294,99.3294,-13.5273,,,,False,1.53498,0.974828,1.23075,1.53498,-0.856619,110.571,0.56317,1.76333,-16.4029,RT3,右拇指指尖/数据3,10.59,onset,显示域,True,21.2279,0.777921,unif_k1.10,uniform,1.1,1.1
21.248,0.521318,-20.7267,0.518415,t_on+4.6~5.4s中位(=08-v6.1 P 口径),0.568345,后1/3段中位(不足60s),2.50119,2.50119,2.50119,62.598,62.598,62.598,2.74209,0.01,0.01,0.01,False,3.03916,0.808886,-38.2196,0,-3.03916,-37.416,-102.515,12.9745,-0.518415,RT3,右拇指指尖/数据3,135.7,unload,显示域,True,21.2279,0.976388,unif_k1.10,uniform,1.1,1.1
0,15.2813,15.2813,15.2813,t_on+4.6~5.4s中位(=08-v6.1 P 口径),17.8094,t0+60s后中位,10.2146,1.20671,10.2146,100,100,100,-6.32975,,,,False,1.40597,0.981499,1.17139,1.40597,-0.628819,110.215,0,1.56092,-15.2813,LT1,左拇指指尖/数据1,11.69,onset,显示域,True,18.1566,0.841637,unif_k1.10,uniform,1.1,1.1
18.1567,0,-18.1567,0,t_on+4.6~5.4s中位(=08-v6.1 P 口径),0,后1/3段中位(不足60s),-0,-0,-0,77.3145,77.3145,77.3145,-0,0.13,0.13,0.13,False,1.88589,0.881567,-22.6855,0,-1.88589,-22.6855,-100,14.0378,0,LT1,左拇指指尖/数据1,147.52,unload,显示域,True,18.1566,1.00001,unif_k1.10,uniform,1.1,1.1
0,16.1212,16.1212,16.1212,t_on+4.6~5.4s中位(=08-v6.1 P 口径),18.002,t0+60s后中位,2.40757,0.781581,2.40757,61.2823,61.2823,61.2823,-9.25933,1.96,1.96,1.96,False,1.50899,0.928446,-37.9362,1.50899,-1.10351,102.408,38.7177,0.388129,-9.87941,LT2,左拇指指尖/数据2,14.92,onset,显示域,True,18.6005,0.866705,unif_k1.10,uniform,1.1,1.1
18.6041,0,-18.6041,0,t_on+4.6~5.4s中位(=08-v6.1 P 口径),0,后1/3段中位(不足60s),-0,-0,-0,75.2234,75.2234,75.2234,-0,0.01,0.01,0.01,False,1.91044,0.879885,-24.7766,0,-1.91044,-24.7766,-100,13.9946,0,LT2,左拇指指尖/数据2,140.92,unload,显示域,True,18.6005,1.00019,unif_k1.10,uniform,1.1,1.1
0,17.5144,17.5144,17.5144,t_on+4.6~5.4s中位(=08-v6.1 P 口径),18.8563,t0+60s后中位,2.60319,0.333431,2.60319,66.7966,66.7966,66.7966,-5.05855,0.53,0.53,0.53,False,1.60324,0.959727,-32.87,1.60324,-0.723208,102.603,33.2034,0.455933,-11.699,LT3,左拇指指尖/数据3,10.87,onset,显示域,True,19.3415,0.905531,unif_k1.10,uniform,1.1,1.1
19.3469,0,-19.3469,0,t_on+4.6~5.4s中位(=08-v6.1 P 口径),0,t0+60s后中位,-0,-0,-0,82.906,82.906,82.906,-0,0.03,0.03,0.03,False,1.45492,0.916837,-17.094,0,-1.45492,-17.094,-100,16.0397,0,LT3,左拇指指尖/数据3,132.59,unload,显示域,True,19.3415,1.00028,unif_k1.10,uniform,1.1,1.1
0.064,13.3829,13.3189,13.3829,t_on+4.6~5.4s中位(=08-v6.1 P 口径),0.101758,t0+60s后中位,-1.49815,-3.95858,-1.49815,66.9611,66.9611,66.9611,98.2184,0.81,0.81,0.81,False,2.51366,0.799946,-37.1258,1.15358,-2.51366,98.5018,33.0389,-0.199537,-8.91846,F41,四指指尖/数据1,10.94,onset,显示域,False,16.302,0.817011,unif_k1.10,uniform,1.1,1.1
10.8737,13.5564,2.68271,13.5564,t_on+4.6~5.4s中位(=08-v6.1 P 口径),0.082,t0+60s后中位,-13.9045,-22.4737,-13.9045,30.3312,27.2706,30.3312,488.362,,,,False,2.52541,0.0233876,-100,0.870388,-2.52541,86.0955,69.6688,-0.373018,-0.813697,F41,四指指尖/数据1,12.19,restep,显示域,False,16.302,0.164564,unif_k1.10,uniform,1.1,1.1
16.4153,0.0723016,-16.343,0.0768358,t_on+4.6~5.4s中位(=08-v6.1 P 口径),0.073,后1/3段中位(不足60s),0.470146,0.470146,0.470146,52.1964,52.1964,52.1964,0.446675,0.01,0.01,0.01,False,3.4245,0.71357,-47.5029,0,-3.4245,-47.7759,-100.442,8.53044,-0.0768358,F41,四指指尖/数据1,130.75,unload,显示域,True,16.302,1.00252,unif_k1.10,uniform,1.1,1.1
0.063,14.7479,14.6849,14.7479,t_on+4.6~5.4s中位(=08-v6.1 P 口径),9.57269,t0+60s后中位,-2.40058,-3.25266,-2.40058,92.5463,92.5463,92.5463,32.8413,0.82,0.82,0.82,False,2.04366,0.884626,-10.7437,1.30321,-2.04366,97.5994,7.45373,-0.352524,-13.5904,F42,四指指尖/数据2,11.03,onset,显示域,True,17.0396,0.861814,unif_k1.10,uniform,1.1,1.1
17.0666,0.0910805,-16.9755,0.091,t_on+4.6~5.4s中位(=08-v6.1 P 口径),0.0823702,后1/3段中位(不足60s),0.536066,0.536066,0.536066,85.8763,85.8763,85.8763,0.485229,0.02,0.02,0.02,False,2.51571,0.852837,-13.8434,0,-2.51571,-14.1242,-100.537,14.578,-0.091,F42,四指指尖/数据2,130.78,unload,显示域,True,17.0396,0.996243,unif_k1.10,uniform,1.1,1.1
0.068,15.3126,15.2446,15.3126,t_on+4.6~5.4s中位(=08-v6.1 P 口径),16.9838,t0+60s后中位,2.99726,-0.0573222,2.99726,78.8833,78.8833,78.8833,-7.96564,0.52,0.52,0.52,False,1.3846,0.934657,-21.174,1.3846,-1.15646,102.997,21.1167,0.45692,-12.0254,F43,四指指尖/数据3,11,onset,显示域,True,17.4353,0.874349,unif_k1.10,uniform,1.1,1.1
17.4903,0.560628,-16.9297,0.585277,t_on+4.6~5.4s中位(=08-v6.1 P 口径),0.0956784,后1/3段中位(不足60s),3.4571,3.4571,3.4571,69.4058,69.4058,69.4058,0.565151,0.09,0.09,0.09,False,1.85426,0.868424,-27.332,0,-1.85426,-30.4486,-103.312,11.7502,-0.585277,F43,四指指尖/数据3,140.4,unload,显示域,True,17.4353,0.971,unif_k1.10,uniform,1.1,1.1
76,4241.75,4165.75,4241.75,t_on+4.6~5.4s中位(=08-v6.1 P 口径),22201.8,t0+60s后中位,194.206,0.763056,194.206,74.5707,74.5707,74.5707,-236.931,,,3.38,True,889.269,0.951611,-33.9743,364.786,-889.269,294.206,25.4293,8090.13,-3106.43,SW1,切换负载-快相无责,10.84,onset,ADC域,True,27937.6,0.149109,unif_k1.10,uniform,1.1,1.1
4811.46,11606.1,6794.66,11606.1,t_on+4.6~5.4s中位(=08-v6.1 P 口径),25339.1,t0+60s后中位,10.6815,10.6815,10.6815,34.9809,34.9809,34.9809,-191.433,,,,False,1092.13,4.46888,-125.805,137.372,-1092.13,110.681,65.0191,725.77,-2376.83,SW1,切换负载-快相无责,28.63,onset,ADC域,True,27937.6,0.243208,unif_k1.10,uniform,1.1,1.1
12297.8,16207.4,3909.6,16202.1,t_on+4.6~5.4s中位(=08-v6.1 P 口径),25571.5,t0+60s后中位,11.2175,11.2175,11.2175,313.031,313.031,313.031,-228.432,,,,False,4530.02,0.473269,-286.711,0,-4530.02,111.084,-213.164,438.558,-12238.3,SW1,切换负载-快相无责,71.67,restep,ADC域,False,27937.6,0.139941,unif_k1.10,uniform,1.1,1.1
5447.1,18092.5,12645.4,18092.5,t_on+4.6~5.4s中位(=08-v6.1 P 口径),25607.5,t0+60s后中位,-11.4812,-11.4812,-11.4812,109.163,109.163,109.163,-70.9096,,,,False,4530.02,0.485272,-69.4172,-966.08,-4530.02,88.5188,-9.16334,-1451.85,-13804.2,SW1,切换负载-快相无责,75.89,onset,ADC域,True,27937.6,0.452632,unif_k1.10,uniform,1.1,1.1
19384.4,25851.7,6467.25,25850.6,t_on+4.6~5.4s中位(=08-v6.1 P 口径),22087.3,t0+60s后中位,41.8282,-72.7151,41.8282,399.715,204.228,399.715,100.018,,,,False,5456.51,0.740911,31.2991,2581.71,-5456.51,141.811,-299.732,2705.13,-25850.6,SW1,切换负载-快相无责,110.45,restep,ADC域,True,27937.6,0.231489,unif_k1.10,uniform,1.1,1.1
26333.3,25386,-947.345,25386,t_on+4.6~5.4s中位(=08-v6.1 P 口径),20401.6,t0+60s后中位,2679.7,2679.7,2679.7,361.533,197.342,361.533,2153.55,,,,False,5438.54,9.40511,2139.65,2581.71,-5438.54,261.533,-2779.7,3424.96,-25386,SW1,切换负载-快相无责,129.37,partial_unload,ADC域,False,27937.6,0.0339094,unif_k1.10,uniform,1.1,1.1
61.0611,27163.2,27102.1,27163.8,t_on+4.6~5.4s中位(=08-v6.1 P 口径),20127.8,t0+60s后中位,6.17084,5.13591,6.17084,99.9692,99.9692,99.9692,32.1318,,,,False,2581.71,1.04095,5.10513,2581.71,-4.67081,106.173,0.0329822,1672.43,-27093.8,SW1,切换负载-快相无责,133.83,onset,ADC域,True,27937.6,0.970096,unif_k1.10,uniform,1.1,1.1
28005.2,24408.4,-3596.88,24408.4,t_on+4.6~5.4s中位(=08-v6.1 P 口径),25340.8,t0+60s后中位,677.531,677.531,677.531,79.3583,79.3583,79.3583,703.454,,,,False,2420.22,3.8749,656.668,2420.22,-766.455,-20.6417,-777.531,2854.42,-24370,SW1,切换负载-快相无责,182.03,partial_unload,ADC域,False,27937.6,0.128747,unif_k1.10,uniform,1.1,1.1
52.8433,25248,25195.2,25248,t_on+4.6~5.4s中位(=08-v6.1 P 口径),60.6632,t0+60s后中位,6.13974,6.13974,6.13974,100.004,100.004,100.004,106.109,,,2.34,True,2420.22,0.976083,6.11994,2420.22,-792.104,106.14,-0.00352015,1546.92,-25196.1,SW1,切换负载-快相无责,185.97,onset,ADC域,True,27937.6,0.901839,unif_k1.10,uniform,1.1,1.1
26086,22170.5,-3915.48,22169.8,t_on+4.6~5.4s中位(=08-v6.1 P 口径),22086.1,后1/3段中位(不足60s),495.409,145.871,495.409,25.9689,25.9689,25.9689,493.272,,,,False,2732.12,1.19357,-59.6826,0,-2732.12,-74.0494,-595.427,1016.81,-19397.7,SW1,切换负载-快相无责,202.65,partial_unload,ADC域,True,27937.6,0.140151,unif_k1.10,uniform,1.1,1.1
22149.6,5769,-16380.6,5767.93,t_on+4.6~5.4s中位(=08-v6.1 P 口径),22086.1,后1/3段中位(不足60s),31.6335,9.31716,31.6335,113.658,93.6629,113.658,131.252,,,,False,2865.19,1.07486,2.91274,0,-2865.19,13.6511,-131.64,18617.8,-5181.77,SW1,切换负载-快相无责,212.4,partial_unload,ADC域,False,27937.6,0.58633,unif_k1.10,uniform,1.1,1.1
5760.84,11857,6096.16,11857,t_on+4.6~5.4s中位(=08-v6.1 P 口径),22086.1,后1/3段中位(不足60s),205.519,-8.49026,205.519,184.884,116.941,184.884,37.7224,,,,False,2865.19,0.871199,-39.929,0,-2865.19,305.519,-84.8842,12528.8,-11270.8,SW1,切换负载-快相无责,217.74,restep,ADC域,True,27937.6,0.218206,unif_k1.10,uniform,1.1,1.1
12122.3,19875.9,7753.67,19875.9,t_on+4.6~5.4s中位(=08-v6.1 P 口径),22086.1,后1/3段中位(不足60s),58.1637,-26.0894,58.1637,256.343,248.783,256.343,29.6585,,,,False,2865.19,0.77667,-146.248,0,-2865.19,158.164,-156.343,4509.82,-19875.9,SW1,切换负载-快相无责,230.64,restep,ADC域,False,27937.6,0.277535,unif_k1.10,uniform,1.1,1.1
5210.44,20245.8,15035.4,20245.8,t_on+4.6~5.4s中位(=08-v6.1 P 口径),22086.1,后1/3段中位(不足60s),27.5345,-15.9144,27.5345,134.654,125.878,134.654,15.2947,,,,False,2865.19,0.477763,9.67191,0,-2865.19,127.534,-34.6545,4139.92,-20245.8,SW1,切换负载-快相无责,233.05,onset,ADC域,False,27937.6,0.538179,unif_k1.10,uniform,1.1,1.1
20414.6,25671.8,5257.15,25671.8,t_on+4.6~5.4s中位(=08-v6.1 P 口径),22086.1,后1/3段中位(不足60s),-24.4625,-24.4625,-24.4625,488.321,145.679,488.321,43.7427,,,,False,2766.13,0.87731,-1.54178,0,-2766.13,75.5375,-388.321,-1286.03,-25671.8,SW1,切换负载-快相无责,240.72,restep,ADC域,True,27937.6,0.188175,unif_k1.10,uniform,1.1,1.1
25868,55,-25813,54.9693,t_on+4.6~5.4s中位(=08-v6.1 P 口径),22086.1,后1/3段中位(不足60s),0.212952,0.212952,0.212952,70.8239,70.8239,70.8239,85.5622,,,,False,2576.04,0.876495,-29.1956,0,-2576.04,-29.1762,-100.213,18281.8,-54.9693,SW1,切换负载-快相无责,249.63,unload,ADC域,True,27937.6,0.923952,unif_k1.10,uniform,1.1,1.1
62,14458.3,14396.3,14458.3,t_on+4.6~5.4s中位(=08-v6.1 P 口径),24133.2,后1/3段中位(不足60s),57.4403,9.925,57.4403,100.431,55.3875,100.431,-9.76372,,,,False,2065.48,1.00019,-42.0565,2065.48,-909.342,157.44,-0.430665,8269.3,-14458.3,SW2,再切换负载,11.79,onset,ADC域,False,25866.3,0.556567,unif_k1.10,uniform,1.1,1.1
13424.9,14858.2,1433.25,14852.5,t_on+4.6~5.4s中位(=08-v6.1 P 口径),24133.2,后1/3段中位(不足60s),558.137,72.1919,558.137,1036.28,34.4329,1036.28,-89.3965,,,,False,2065.48,1.01062,-100,2065.48,-909.342,657.741,-936.677,7999.49,-14852.5,SW2,再切换负载,13.7,restep,ADC域,False,25866.3,0.0554099,unif_k1.10,uniform,1.1,1.1
14922.6,15402.5,479.895,15402.8,t_on+4.6~5.4s中位(=08-v6.1 P 口径),24133.2,后1/3段中位(不足60s),1678.92,100.942,1678.92,3209.61,217.503,3209.61,-140.33,,,,False,2065.48,0.961911,-100,2065.48,-909.342,1778.97,-3109.55,8057.05,-15402.8,SW2,再切换负载,14.86,restep,ADC域,False,25866.3,0.0185529,unif_k1.10,uniform,1.1,1.1
16009.1,17425.7,1416.62,17425.7,t_on+4.6~5.4s中位(=08-v6.1 P 口径),24133.2,后1/3段中位(不足60s),620.071,0.846476,620.071,1230.09,1230.09,1230.09,146.582,,,,False,2376.76,0.86696,-808.048,2376.76,-871.566,720.071,-1130.09,8784.06,-17425.7,SW2,再切换负载,31.22,restep,ADC域,False,25866.3,0.0547671,unif_k1.10,uniform,1.1,1.1
37.3925,21643.5,21606.1,21639.1,t_on+4.6~5.4s中位(=08-v6.1 P 口径),24133.2,后1/3段中位(不足60s),22.2502,4.74122,22.2502,100.042,84.0485,100.042,10.7064,,,,False,2376.76,1,-11.5112,2376.76,-14.153,122.23,-0.0619851,4807.38,-21615.1,SW2,再切换负载,35.96,onset,ADC域,True,25866.3,0.835298,unif_k1.10,uniform,1.1,1.1
22655,38.6558,-22616.3,38.4964,t_on+4.6~5.4s中位(=08-v6.1 P 口径),24133.2,后1/3段中位(不足60s),0.0640968,0.0640968,0.0640968,117.297,28.2624,117.297,106.601,,,,False,2376.76,0.98613,-71.7182,2376.76,0,17.2961,-100.065,26528.2,-14.4964,SW2,再切换负载,50.61,unload,ADC域,False,25866.3,0.874356,unif_k1.10,uniform,1.1,1.1
38,25209.3,25171.3,25209.3,t_on+4.6~5.4s中位(=08-v6.1 P 口径),24133.2,后1/3段中位(不足60s),5.39273,3.97452,5.39273,97.159,97.159,97.159,9.66773,,,,False,2376.76,1.02403,0.962787,2376.76,0,105.393,2.84099,1357.42,-24456.2,SW2,再切换负载,57.3,onset,ADC域,True,25866.3,0.973132,unif_k1.10,uniform,1.1,1.1
69.5794,17701.9,17632.3,17701.9,t_on+4.6~5.4s中位(=08-v6.1 P 口径),27305,后1/3段中位(不足60s),54.7676,-12.2599,54.7676,100.395,68.625,100.395,0.303919,,,,False,5422.16,1.0086,-44.2226,2484.19,-5422.16,154.768,-0.394614,9656.77,-17701.9,SW3,中途切换-1d9493,10.92,onset,ADC域,True,27696.8,0.636617,unif_k1.10,uniform,1.1,1.1
18559.6,25621.5,7061.97,25621.5,t_on+4.6~5.4s中位(=08-v6.1 P 口径),27305,后1/3段中位(不足60s),29.5637,-58.6299,29.5637,362.81,134.24,362.81,5.72477,,,,False,5422.16,1.82092,-27.155,2484.19,-5422.16,129.564,-262.81,2087.78,-25621.5,SW3,中途切换-1d9493,20.72,restep,ADC域,True,27696.8,0.254974,unif_k1.10,uniform,1.1,1.1
25979,52,-25927,52,t_on+4.6~5.4s中位(=08-v6.1 P 口径),27305,后1/3段中位(不足60s),0.200563,0.200563,0.200563,106.965,80.5473,106.965,105.315,,,,False,5422.16,6.82982,-19.4224,2484.19,-5422.16,6.96478,-100.201,27732.8,-52,SW3,中途切换-1d9493,30.68,unload,ADC域,True,27696.8,0.9361,unif_k1.10,uniform,1.1,1.1
55.4942,26638.1,26582.6,26638.1,t_on+4.6~5.4s中位(=08-v6.1 P 口径),27305,后1/3段中位(不足60s),4.38127,2.71063,4.38127,100.071,85.9799,100.071,1.87224,,,0.48,True,2484.19,0.999923,-11.3136,2484.19,-114.455,104.381,-0.0712948,1164.66,-26601.5,SW3,中途切换-1d9493,39.08,onset,ADC域,True,27696.8,0.959769,unif_k1.10,uniform,1.1,1.1
27714.7,53,-27661.7,53,段末帧(退化),27305,后1/3段中位(不足60s),0.0594966,0.0594966,0.0594966,99.9515,99.9515,99.9515,98.5785,,,,False,132.45,0.995877,-0.0480557,132.45,-114.455,-0.0485381,-100.059,27648.3,-16.4578,SW3,中途切换-1d9493,60.78,restep,ADC域,False,27696.8,0.998732,unif_k1.10,uniform,1.1,1.1
84,15448.2,15364.2,15448.2,t_on+4.6~5.4s中位(=08-v6.1 P 口径),24171.5,t0+60s后中位,51.9203,-2.58941,51.9203,65.5442,65.5442,65.5442,-4.85703,,,,False,1913,0.936964,-37.9012,1339.19,-1913,151.92,34.4558,7977.13,-10070.3,SW4,中途切换-13ffca,8.41,onset,ADC域,True,32452.6,0.473434,unif_k1.10,uniform,1.1,1.1
16085.4,22496.9,6411.47,22496.9,t_on+4.6~5.4s中位(=08-v6.1 P 口径),27884.7,t0+60s后中位,14.4804,-18.5891,14.4804,117.127,117.127,117.127,-69.5542,,,,False,2196.22,0.9236,-1.46197,0,-2196.22,114.48,-17.1271,928.407,-7509.57,SW4,中途切换-13ffca,18.68,restep,ADC域,False,32452.6,0.197564,unif_k1.10,uniform,1.1,1.1
22912.5,24098.4,1185.96,24095.9,t_on+4.6~5.4s中位(=08-v6.1 P 口径),28247.1,t0+60s后中位,-56.5445,-56.5445,-56.5445,635.004,635.004,635.004,-406.575,,,,False,2265.08,0.56602,-115.048,0,-2265.08,43.2408,-535.218,-670.593,-7530.87,SW4,中途切换-13ffca,26.57,restep,ADC域,False,32452.6,0.0365443,unif_k1.10,uniform,1.1,1.1
19465.9,24135.1,4669.26,24133.3,t_on+4.6~5.4s中位(=08-v6.1 P 口径),28278.7,t0+60s后中位,-15.163,-15.163,-15.163,134.598,134.598,134.598,-103.943,,,,False,2282.81,0.635219,4.30233,0,-2282.81,84.7974,-34.638,-708,-6284.74,SW4,中途切换-13ffca,27.6,restep,ADC域,False,32452.6,0.143879,unif_k1.10,uniform,1.1,1.1
24634.7,21004.9,-3629.79,21002.6,t_on+4.6~5.4s中位(=08-v6.1 P 口径),31983.5,t0+60s后中位,578.617,74.6884,578.617,30.8803,30.8803,30.8803,881.14,,,,False,2931.36,-7.06619,-10.1829,0,-2931.36,-69.1833,-678.68,1120.89,-21002.6,SW4,中途切换-13ffca,45.28,partial_unload,ADC域,True,32452.6,0.111849,unif_k1.10,uniform,1.1,1.1
20983.1,24429.9,3446.83,24429.7,t_on+4.6~5.4s中位(=08-v6.1 P 口径),27976.3,后1/3段中位(不足60s),134.404,-73.9029,134.404,708.757,119.727,708.757,31.5087,,,,False,2931.36,0.90069,-87.9684,2627.67,-2931.36,234.397,-608.764,4632.67,-24429.7,SW4,中途切换-13ffca,61.37,restep,ADC域,False,32452.6,0.106211,unif_k1.10,uniform,1.1,1.1
24442.4,79,-24363.4,78,t_on+4.6~5.4s中位(=08-v6.1 P 口径),27976.3,后1/3段中位(不足60s),0.320153,0.320153,0.320153,119.788,47.3147,119.788,114.829,,,0.01,True,2733.87,1.4346,-52.3651,2627.67,-2733.87,19.7837,-100.324,29184.4,-78,SW4,中途切换-13ffca,68.93,unload,ADC域,True,32452.6,0.750737,unif_k1.10,uniform,1.1,1.1
75,27895.9,27820.9,27895.9,t_on+4.6~5.4s中位(=08-v6.1 P 口径),27976.3,后1/3段中位(不足60s),21.5245,4.19265,21.5245,100.067,38.3675,100.067,21.2355,,,0.24,True,2944.65,1.06792,-57.4398,2944.65,-9.2776,121.524,-0.0670225,5988.31,-27839.6,SW4,中途切换-13ffca,88,onset,ADC域,True,32452.6,0.857278,unif_k1.10,uniform,1.1,1.1
28337.8,30791.3,2453.48,30791.3,t_on+4.6~5.4s中位(=08-v6.1 P 口径),27976.3,后1/3段中位(不足60s),126.063,101.079,126.063,1252.71,39.8922,1252.71,240.798,,,,False,2944.65,1.0239,-85.9705,2944.65,0,226.063,-1152.71,3092.94,-30734.9,SW4,中途切换-13ffca,99.36,restep,ADC域,False,32452.6,0.0756019,unif_k1.10,uniform,1.1,1.1
29453,32163.4,2710.38,32155.5,t_on+4.6~5.4s中位(=08-v6.1 P 口径),27976.3,后1/3段中位(不足60s),63.7817,63.7817,63.7817,1184.31,1.74199,1184.31,217.974,,,,False,2093.59,1.06973,-45.805,2093.59,0,163.49,-1084.6,1728.73,-32099.1,SW4,中途切换-13ffca,104.24,restep,ADC域,True,32452.6,0.083518,unif_k1.10,uniform,1.1,1.1
32462.6,81,-32381.6,83,t_on+4.6~5.4s中位(=08-v6.1 P 口径),27976.3,后1/3段中位(不足60s),0.0822885,0.0822885,0.0822885,101.141,101.141,101.141,86.2218,,,,False,729.683,1.01548,1.21411,729.683,0,1.14728,-100.076,32751.1,-26.6463,SW4,中途切换-13ffca,113.8,unload,ADC域,True,32452.6,0.99781,unif_k1.10,uniform,1.1,1.1
0.549442,14.7073,14.1578,14.7057,t_on+4.6~5.4s中位(=08-v6.1 P 口径),1.16117,t0+60s后中位,5.13735,-0.788701,5.13735,76.7128,76.7128,76.7128,100.805,5.36,5.36,5.36,False,2.25141,0.850392,-25.053,1.70144,-2.25141,105.126,23.2759,0.727339,-10.8609,RT1,右拇指指尖/数据1,8.27,onset,显示域,False,19.5791,0.72311,unif_k1.15,uniform,1.15,1.15
14.6375,15.8381,1.20052,15.8268,t_on+4.6~5.4s中位(=08-v6.1 P 口径),1.11186,t0+60s后中位,-32.8006,-32.8006,-32.8006,121.807,115.711,121.807,1192.91,,,,False,2.54718,-0.141274,-92.1817,-0.240574,-2.54718,66.2626,-22.7434,-0.393777,-1.46231,RT1,右拇指指尖/数据1,13.6,restep,显示域,True,19.5791,0.0613163,unif_k1.15,uniform,1.15,1.15
20.0385,0.943245,-19.0952,0.924979,t_on+4.6~5.4s中位(=08-v6.1 P 口径),1.00147,后1/3段中位(不足60s),4.84404,4.84404,4.84404,68.3519,68.3519,68.3519,5.24462,0.03,0.03,0.03,False,5.41639,0.704422,-32.1383,0,-5.41639,-31.7438,-104.94,13.0519,-0.924979,RT1,右拇指指尖/数据1,115.37,unload,显示域,True,19.5791,0.975286,unif_k1.15,uniform,1.15,1.15
0.290396,16.726,16.4356,16.726,t_on+4.6~5.4s中位(=08-v6.1 P 口径),19.7617,t0+60s后中位,-0.903003,-1.11299,-0.903003,90.4771,90.4771,90.4771,-19.3735,13.16,13.16,0.56,False,2.41547,0.868067,-12.9516,2.07658,-2.41547,99.097,9.52291,-0.148414,-14.8705,RT2,右拇指指尖/数据2,12.32,onset,显示域,True,22.0068,0.746843,unif_k1.15,uniform,1.15,1.15
20.8432,22.0158,1.1726,22.0168,t_on+4.6~5.4s中位(=08-v6.1 P 口径),0.329168,t0+60s后中位,-422.213,-422.213,-422.213,1877.61,847.803,1877.61,1427.32,,,,False,6.2192,0.762284,-57.2386,0,-6.2192,-322.135,-1777.53,-4.95085,-22.0168,RT2,右拇指指尖/数据2,147.11,restep,显示域,True,22.0068,0.0532834,unif_k1.15,uniform,1.15,1.15
22.131,0.9172,-21.2138,0.912841,t_on+4.6~5.4s中位(=08-v6.1 P 口径),0.365081,t0+60s后中位,4.30305,4.30305,4.30305,69.4751,69.4751,69.4751,1.72096,0.02,0.02,0.02,False,6.178,0.707494,-30.8666,0,-6.178,-30.5455,-104.324,14.7383,-0.912841,RT2,右拇指指尖/数据2,159.49,unload,显示域,True,22.0068,0.963968,unif_k1.15,uniform,1.15,1.15
0.043,16.5567,16.5137,16.5389,t_on+4.6~5.4s中位(=08-v6.1 P 口径),20.5361,t0+60s后中位,13.5865,5.19312,13.5865,99.3294,99.3294,99.3294,-10.6188,,,,False,2.25821,1.00778,4.27365,2.25821,-0.177791,113.479,0.56317,2.24364,-16.4029,RT3,右拇指指尖/数据3,10.59,onset,显示域,True,21.2279,0.777921,unif_k1.15,uniform,1.15,1.15
21.248,0.521318,-20.7267,0.518415,t_on+4.6~5.4s中位(=08-v6.1 P 口径),0.568345,后1/3段中位(不足60s),2.50119,2.50119,2.50119,64.933,64.933,64.933,2.74209,0.01,0.01,0.01,False,2.55519,0.83932,-35.8846,0,-2.55519,-35.081,-102.515,13.4585,-0.518415,RT3,右拇指指尖/数据3,135.7,unload,显示域,True,21.2279,0.976388,unif_k1.15,uniform,1.15,1.15
0,15.2813,15.2813,15.2813,t_on+4.6~5.4s中位(=08-v6.1 P 口径),17.8094,t0+60s后中位,13.92,4.53703,13.92,100,100,100,-2.62435,,,,False,2.08236,1.01374,4.44779,2.08236,-0.0633991,113.92,0,2.12715,-15.2813,LT1,左拇指指尖/数据1,11.69,onset,显示域,True,18.1566,0.841637,unif_k1.15,uniform,1.15,1.15
18.1567,0,-18.1567,0,t_on+4.6~5.4s中位(=08-v6.1 P 口径),0,后1/3段中位(不足60s),-0,-0,-0,80.2056,80.2056,80.2056,-0,0.13,0.13,0.13,False,1.36096,0.914532,-19.7944,0,-1.36096,-19.7944,-100,14.5627,0,LT1,左拇指指尖/数据1,147.52,unload,显示域,True,18.1566,1.00001,unif_k1.15,uniform,1.15,1.15
0,16.1212,16.1212,16.1212,t_on+4.6~5.4s中位(=08-v6.1 P 口径),18.002,t0+60s后中位,3.92117,3.92117,3.92117,61.2823,61.2823,61.2823,-7.74573,1.96,1.96,1.96,False,2.18368,0.928446,-34.8288,2.18368,-1.10351,103.921,38.7177,0.632139,-9.87941,LT2,左拇指指尖/数据2,14.92,onset,显示域,True,18.6005,0.866705,unif_k1.15,uniform,1.15,1.15
18.6041,0,-18.6041,0,t_on+4.6~5.4s中位(=08-v6.1 P 口径),0,后1/3段中位(不足60s),-0,-0,-0,75.2234,75.2234,75.2234,-0,0.01,0.01,0.01,False,1.91044,0.879885,-24.7766,0,-1.91044,-24.7766,-100,13.9946,0,LT2,左拇指指尖/数据2,140.92,unload,显示域,True,18.6005,1.00019,unif_k1.15,uniform,1.15,1.15
0,17.5144,17.5144,17.5144,t_on+4.6~5.4s中位(=08-v6.1 P 口径),18.8563,t0+60s后中位,6.00244,3.74863,6.00244,66.7966,66.7966,66.7966,-1.65931,,,78.5,True,2.35484,1.00726,-30.064,2.35484,-0.0979361,106.002,33.2034,1.05129,-11.699,LT3,左拇指指尖/数据3,10.87,onset,显示域,True,19.3415,0.905531,unif_k1.15,uniform,1.15,1.15
19.3469,0,-19.3469,0,t_on+4.6~5.4s中位(=08-v6.1 P 口径),0,t0+60s后中位,-0,-0,-0,85.7109,85.7109,85.7109,-0,0.03,0.03,0.03,False,0.912257,0.947855,-14.2891,0,-0.912257,-14.2891,-100,16.5824,0,LT3,左拇指指尖/数据3,132.59,unload,显示域,True,19.3415,1.00028,unif_k1.15,uniform,1.15,1.15
0.064,13.3829,13.3189,13.3829,t_on+4.6~5.4s中位(=08-v6.1 P 口径),0.101758,t0+60s后中位,1.42838,-0.972712,1.42838,66.9611,66.9611,66.9611,101.145,0.53,0.53,0.53,False,2.08834,0.836811,-34.1411,1.71194,-2.08834,101.428,33.0389,0.190244,-8.91846,F41,四指指尖/数据1,10.94,onset,显示域,False,16.302,0.817011,unif_k1.15,uniform,1.15,1.15
10.8737,13.5564,2.68271,13.5564,t_on+4.6~5.4s中位(=08-v6.1 P 口径),0.082,t0+60s后中位,0.624843,-5.30175,0.624843,15.4572,12.0927,15.4572,502.892,,,,False,2.09812,0.0223548,-100,1.26791,-2.09812,100.625,84.5428,0.0167627,-0.414672,F41,四指指尖/数据1,12.19,restep,显示域,False,16.302,0.164564,unif_k1.15,uniform,1.15,1.15
16.4153,0.0723016,-16.343,0.0768358,t_on+4.6~5.4s中位(=08-v6.1 P 口径),0.073,后1/3段中位(不足60s),0.470146,0.470146,0.470146,54.7075,54.7075,54.7075,0.446675,0.01,0.01,0.01,False,3.01411,0.747895,-44.9918,0,-3.01411,-45.2648,-100.442,8.94083,-0.0768358,F41,四指指尖/数据1,130.75,unload,显示域,True,16.302,1.00252,unif_k1.15,uniform,1.15,1.15
0.063,14.7479,14.6849,14.7479,t_on+4.6~5.4s中位(=08-v6.1 P 口径),9.57269,t0+60s后中位,-1.5592,-1.82469,-1.5592,92.5463,92.5463,92.5463,33.6827,0.52,0.52,0.52,False,1.89832,0.894072,-9.8187,1.87508,-1.89832,98.4408,7.45373,-0.228967,-13.5904,F42,四指指尖/数据2,11.03,onset,显示域,True,17.0396,0.861814,unif_k1.15,uniform,1.15,1.15
17.0666,0.0910805,-16.9755,0.091,t_on+4.6~5.4s中位(=08-v6.1 P 口径),0.0823702,后1/3段中位(不足60s),0.536066,0.536066,0.536066,86.7172,86.7172,86.7172,0.485229,0.02,0.02,0.02,False,2.37296,0.861187,-13.0026,0,-2.37296,-13.2833,-100.537,14.7207,-0.091,F42,四指指尖/数据2,130.78,unload,显示域,True,17.0396,0.996243,unif_k1.15,uniform,1.15,1.15
0.068,15.3126,15.2446,15.3126,t_on+4.6~5.4s中位(=08-v6.1 P 口径),16.9838,t0+60s后中位,5.98032,2.8458,5.98032,78.8833,78.8833,78.8833,-4.98258,33.72,33.72,33.72,False,2.04301,0.985034,-18.3292,2.04301,-0.604318,105.98,21.1167,0.911675,-12.0254,F43,四指指尖/数据3,11,onset,显示域,True,17.4353,0.874349,unif_k1.15,uniform,1.15,1.15
17.4903,0.560628,-16.9297,0.585277,t_on+4.6~5.4s中位(=08-v6.1 P 口径),0.0956784,后1/3段中位(不足60s),3.4571,3.4571,3.4571,72.2411,72.2411,72.2411,0.565151,0.09,0.09,0.09,False,1.37426,0.902485,-24.4967,0,-1.37426,-27.6133,-103.312,12.2302,-0.585277,F43,四指指尖/数据3,140.4,unload,显示域,True,17.4353,0.971,unif_k1.15,uniform,1.15,1.15
76,4241.75,4165.75,4241.75,t_on+4.6~5.4s中位(=08-v6.1 P 口径),22201.8,t0+60s后中位,194.206,0.763056,194.206,74.5707,74.5707,74.5707,-236.931,,,3.38,True,889.269,0.951611,-29.8198,537.852,-889.269,294.206,25.4293,8090.13,-3106.43,SW1,切换负载-快相无责,10.84,onset,ADC域,True,27937.6,0.149109,unif_k1.15,uniform,1.15,1.15
4811.46,11606.1,6794.66,11606.1,t_on+4.6~5.4s中位(=08-v6.1 P 口径),25339.1,t0+60s后中位,10.6815,10.6815,10.6815,34.9809,34.9809,34.9809,-191.433,,,,False,1092.13,4.46888,-125.805,292.527,-1092.13,110.681,65.0191,725.77,-2376.83,SW1,切换负载-快相无责,28.63,onset,ADC域,True,27937.6,0.243208,unif_k1.15,uniform,1.15,1.15
12297.8,16207.4,3909.6,16202.1,t_on+4.6~5.4s中位(=08-v6.1 P 口径),25571.5,t0+60s后中位,11.2175,11.2175,11.2175,313.031,313.031,313.031,-228.432,,,,False,4530.02,0.473269,-286.711,0,-4530.02,111.084,-213.164,438.558,-12238.3,SW1,切换负载-快相无责,71.67,restep,ADC域,False,27937.6,0.139941,unif_k1.15,uniform,1.15,1.15
5447.1,18092.5,12645.4,18092.5,t_on+4.6~5.4s中位(=08-v6.1 P 口径),25607.5,t0+60s后中位,-11.4812,-11.4812,-11.4812,109.04,109.04,109.04,-70.9096,,,,False,4530.02,0.485272,-69.4172,-950.44,-4530.02,88.5188,-9.03966,-1451.85,-13788.5,SW1,切换负载-快相无责,75.89,onset,ADC域,True,27937.6,0.452632,unif_k1.15,uniform,1.15,1.15
19384.4,25851.7,6467.25,25850.6,t_on+4.6~5.4s中位(=08-v6.1 P 口径),22087.3,t0+60s后中位,44.2506,-72.7151,44.2506,399.715,204.228,399.715,102.44,,,,False,5456.51,0.740911,31.2991,3412.48,-5456.51,144.234,-299.732,2861.8,-25850.6,SW1,切换负载-快相无责,110.45,restep,ADC域,True,27937.6,0.231489,unif_k1.15,uniform,1.15,1.15
26333.3,25386,-947.345,25386,t_on+4.6~5.4s中位(=08-v6.1 P 口径),20401.6,t0+60s后中位,2679.7,2679.7,2679.7,361.533,197.342,361.533,2153.55,,,,False,5438.54,9.40511,2139.65,3412.48,-5438.54,261.533,-2779.7,3424.96,-25386,SW1,切换负载-快相无责,129.37,partial_unload,ADC域,False,27937.6,0.0339094,unif_k1.15,uniform,1.15,1.15
61.0611,27163.2,27102.1,27163.8,t_on+4.6~5.4s中位(=08-v6.1 P 口径),20127.8,t0+60s后中位,6.17084,5.71397,6.17084,99.9692,99.9692,99.9692,32.1318,,,,False,3412.48,1.04095,5.10513,3412.48,-4.67081,106.173,0.0329822,1672.43,-27093.8,SW1,切换负载-快相无责,133.83,onset,ADC域,True,27937.6,0.970096,unif_k1.15,uniform,1.15,1.15
28005.2,24408.4,-3596.88,24408.4,t_on+4.6~5.4s中位(=08-v6.1 P 口径),25340.8,t0+60s后中位,677.531,677.531,677.531,99.7669,99.7669,99.7669,703.454,,,,False,3633.83,3.8749,656.668,3633.83,-766.455,-0.233099,-777.531,3588.5,-24370,SW1,切换负载-快相无责,182.03,partial_unload,ADC域,False,27937.6,0.128747,unif_k1.15,uniform,1.15,1.15
52.8433,25248,25195.2,25248,t_on+4.6~5.4s中位(=08-v6.1 P 口径),60.6632,t0+60s后中位,10.9101,10.9101,10.9101,100.004,100.004,100.004,110.879,,,2.4,True,3633.83,0.976083,10.9136,3633.83,-792.104,110.91,-0.00352015,2748.83,-25196.1,SW1,切换负载-快相无责,185.97,onset,ADC域,True,27937.6,0.901839,unif_k1.15,uniform,1.15,1.15
26086,22170.5,-3915.48,22169.8,t_on+4.6~5.4s中位(=08-v6.1 P 口径),22086.1,后1/3段中位(不足60s),495.409,145.871,495.409,25.9689,25.9689,25.9689,493.272,,,,False,2732.12,1.19357,-59.6826,0,-2732.12,-74.0494,-595.427,1016.81,-19397.7,SW1,切换负载-快相无责,202.65,partial_unload,ADC域,True,27937.6,0.140151,unif_k1.15,uniform,1.15,1.15
22149.6,5769,-16380.6,5767.93,t_on+4.6~5.4s中位(=08-v6.1 P 口径),22086.1,后1/3段中位(不足60s),31.6335,9.31716,31.6335,113.658,93.6629,113.658,131.252,,,,False,2865.19,1.07486,2.91274,0,-2865.19,13.6511,-131.64,18617.8,-5181.77,SW1,切换负载-快相无责,212.4,partial_unload,ADC域,False,27937.6,0.58633,unif_k1.15,uniform,1.15,1.15
5760.84,11857,6096.16,11857,t_on+4.6~5.4s中位(=08-v6.1 P 口径),22086.1,后1/3段中位(不足60s),205.519,-8.49026,205.519,184.884,116.941,184.884,37.7224,,,,False,2865.19,0.871199,-39.9289,0,-2865.19,305.519,-84.8842,12528.8,-11270.8,SW1,切换负载-快相无责,217.74,restep,ADC域,True,27937.6,0.218206,unif_k1.15,uniform,1.15,1.15
12122.3,19875.9,7753.67,19875.9,t_on+4.6~5.4s中位(=08-v6.1 P 口径),22086.1,后1/3段中位(不足60s),58.1637,-26.0894,58.1637,256.343,248.783,256.343,29.6585,,,,False,2865.19,0.77667,-146.248,0,-2865.19,158.164,-156.343,4509.82,-19875.9,SW1,切换负载-快相无责,230.64,restep,ADC域,False,27937.6,0.277535,unif_k1.15,uniform,1.15,1.15
5210.44,20245.8,15035.4,20245.8,t_on+4.6~5.4s中位(=08-v6.1 P 口径),22086.1,后1/3段中位(不足60s),27.5345,-15.9144,27.5345,134.654,125.878,134.654,15.2947,,,,False,2865.19,0.477763,9.67191,0,-2865.19,127.534,-34.6545,4139.92,-20245.8,SW1,切换负载-快相无责,233.05,onset,ADC域,False,27937.6,0.538179,unif_k1.15,uniform,1.15,1.15
20414.6,25671.8,5257.15,25671.8,t_on+4.6~5.4s中位(=08-v6.1 P 口径),22086.1,后1/3段中位(不足60s),-24.4625,-24.4625,-24.4625,488.321,145.679,488.321,43.7427,,,,False,2766.13,0.87731,-0.0786716,0,-2766.13,75.5375,-388.321,-1286.03,-25671.8,SW1,切换负载-快相无责,240.72,restep,ADC域,True,27937.6,0.188175,unif_k1.15,uniform,1.15,1.15
25868,55,-25813,54.9693,t_on+4.6~5.4s中位(=08-v6.1 P 口径),22086.1,后1/3段中位(不足60s),0.212952,0.212952,0.212952,70.8239,70.8239,70.8239,85.5622,,,,False,2576.04,0.876495,-29.1956,0,-2576.04,-29.1762,-100.213,18281.8,-54.9693,SW1,切换负载-快相无责,249.63,unload,ADC域,True,27937.6,0.923952,unif_k1.15,uniform,1.15,1.15
62,14458.3,14396.3,14458.3,t_on+4.6~5.4s中位(=08-v6.1 P 口径),24133.2,后1/3段中位(不足60s),57.7471,12.8457,57.7471,100.431,55.3875,100.431,-9.45693,,,,False,2396.66,1.00123,-39.0392,2396.66,-371.314,157.747,-0.430665,8313.46,-14458.3,SW2,再切换负载,11.79,onset,ADC域,False,25866.3,0.556567,unif_k1.15,uniform,1.15,1.15
13424.9,14858.2,1433.25,14852.5,t_on+4.6~5.4s中位(=08-v6.1 P 口径),24133.2,后1/3段中位(不足60s),561.088,101.529,561.088,1036.28,3.8833,1036.28,-86.4462,,,,False,2396.66,1.04028,-100,2396.66,-371.314,660.692,-936.677,8041.78,-14852.5,SW2,再切换负载,13.7,restep,ADC域,False,25866.3,0.0554099,unif_k1.15,uniform,1.15,1.15
14922.6,15402.5,479.895,15402.8,t_on+4.6~5.4s中位(=08-v6.1 P 口径),24133.2,后1/3段中位(不足60s),1687.5,188.56,1687.5,3209.61,126.263,3209.61,-131.752,,,,False,2396.66,0.990165,-100,2396.66,-286.275,1787.55,-3109.55,8098.22,-15402.8,SW2,再切换负载,14.86,restep,ADC域,False,25866.3,0.0185529,unif_k1.15,uniform,1.15,1.15
16009.1,17425.7,1416.62,17425.7,t_on+4.6~5.4s中位(=08-v6.1 P 口径),24133.2,后1/3段中位(不足60s),669.245,2.5612,669.245,1230.09,1230.09,1230.09,195.756,,,,False,3504.22,0.920553,-849.784,3504.22,-280.322,769.245,-1130.09,9480.67,-17425.7,SW2,再切换负载,31.22,restep,ADC域,False,25866.3,0.0547671,unif_k1.15,uniform,1.15,1.15
37.3925,21643.5,21606.1,21639.1,t_on+4.6~5.4s中位(=08-v6.1 P 口径),24133.2,后1/3段中位(不足60s),26.0431,4.94649,26.0431,100.042,84.0485,100.042,14.4993,,,,False,3504.22,1,-11.5112,3504.22,-14.153,126.023,-0.0619851,5626.89,-21615.1,SW2,再切换负载,35.96,onset,ADC域,True,25866.3,0.835298,unif_k1.15,uniform,1.15,1.15
22655,38.6558,-22616.3,38.4964,t_on+4.6~5.4s中位(=08-v6.1 P 口径),24133.2,后1/3段中位(不足60s),0.0640968,0.0640968,0.0640968,120.857,28.4329,120.857,106.601,,,,False,3504.22,1.02364,-71.5477,3504.22,0,20.8565,-100.065,27333.5,-14.4964,SW2,再切换负载,50.61,unload,ADC域,False,25866.3,0.874356,unif_k1.15,uniform,1.15,1.15
38,25209.3,25171.3,25209.3,t_on+4.6~5.4s中位(=08-v6.1 P 口径),24133.2,后1/3段中位(不足60s),8.59178,7.23358,8.59178,97.159,97.159,97.159,12.8668,,,,False,3504.22,1.05594,3.75257,3504.22,0,108.592,2.84099,2162.66,-24456.2,SW2,再切换负载,57.3,onset,ADC域,True,25866.3,0.973132,unif_k1.15,uniform,1.15,1.15
69.5794,17701.9,17632.3,17701.9,t_on+4.6~5.4s中位(=08-v6.1 P 口径),27305,后1/3段中位(不足60s),58.8359,-12.2599,58.8359,100.395,68.625,100.395,4.37221,,,,False,5351.15,1.0086,-44.2226,3656.56,-5351.15,158.836,-0.394614,10374.1,-17701.9,SW3,中途切换-1d9493,10.92,onset,ADC域,True,27696.8,0.636617,unif_k1.15,uniform,1.15,1.15
18559.6,25621.5,7061.97,25621.5,t_on+4.6~5.4s中位(=08-v6.1 P 口径),27305,后1/3段中位(不足60s),38.1067,-57.6795,38.1067,362.81,134.24,362.81,14.2679,,,,False,5351.15,1.92949,-26.2308,3656.56,-5351.15,138.107,-262.81,2691.09,-25621.5,SW3,中途切换-1d9493,20.72,restep,ADC域,True,27696.8,0.254974,unif_k1.15,uniform,1.15,1.15
25979,52,-25927,52,t_on+4.6~5.4s中位(=08-v6.1 P 口径),27305,后1/3段中位(不足60s),0.200563,0.200563,0.200563,109.293,80.8211,109.293,105.315,,,,False,5351.15,7.36892,-19.1485,3656.56,-5351.15,9.29289,-100.201,28336.4,-52,SW3,中途切换-1d9493,30.68,unload,ADC域,True,27696.8,0.9361,unif_k1.15,uniform,1.15,1.15
55.4942,26638.1,26582.6,26638.1,t_on+4.6~5.4s中位(=08-v6.1 P 口径),27305,后1/3段中位(不足60s),6.65189,5.40914,6.65189,100.028,85.9799,100.028,4.14285,,,,False,3656.56,1.02519,-8.79812,3656.56,0,106.652,-0.0281922,1768.24,-26590.1,SW3,中途切换-1d9493,39.08,onset,ADC域,True,27696.8,0.959769,unif_k1.15,uniform,1.15,1.15
27714.7,53,-27661.7,53,段末帧(退化),27305,后1/3段中位(不足60s),0.0180755,0.0180755,0.0180755,102.134,102.134,102.134,98.5371,,,,False,735.924,1.01762,2.13399,735.924,0,2.13351,-100.018,28251.9,-5,SW3,中途切换-1d9493,60.78,restep,ADC域,False,27696.8,0.998732,unif_k1.15,uniform,1.15,1.15
84,15448.2,15364.2,15448.2,t_on+4.6~5.4s中位(=08-v6.1 P 口径),24171.5,t0+60s后中位,51.9203,-2.58941,51.9203,65.5442,65.5442,65.5442,-4.85703,,,,False,1913,0.9472,-37.9012,1756.25,-1913,151.92,34.4558,7977.13,-10070.3,SW4,中途切换-13ffca,8.41,onset,ADC域,True,32452.6,0.473434,unif_k1.15,uniform,1.15,1.15
16085.4,22496.9,6411.47,22496.9,t_on+4.6~5.4s中位(=08-v6.1 P 口径),27884.7,t0+60s后中位,14.4804,-18.5891,14.4804,117.127,117.127,117.127,-69.5542,,,,False,2093.41,0.95417,-1.46197,0,-2093.41,114.48,-17.1271,928.407,-7509.57,SW4,中途切换-13ffca,18.68,restep,ADC域,False,32452.6,0.197564,unif_k1.15,uniform,1.15,1.15
22912.5,24098.4,1185.96,24095.9,t_on+4.6~5.4s中位(=08-v6.1 P 口径),28247.1,t0+60s后中位,-56.5445,-56.5445,-56.5445,635.004,635.004,635.004,-406.575,,,,False,2192.53,0.682685,-115.048,0,-2192.53,43.2408,-535.218,-670.593,-7530.87,SW4,中途切换-13ffca,26.57,restep,ADC域,False,32452.6,0.0365443,unif_k1.15,uniform,1.15,1.15
19465.9,24135.1,4669.26,24133.3,t_on+4.6~5.4s中位(=08-v6.1 P 口径),28278.7,t0+60s后中位,-15.163,-15.163,-15.163,134.598,134.598,134.598,-103.943,,,,False,2207.9,0.701037,8.46587,0,-2207.9,84.7974,-34.638,-708,-6284.74,SW4,中途切换-13ffca,27.6,restep,ADC域,False,32452.6,0.143879,unif_k1.15,uniform,1.15,1.15
24634.7,21004.9,-3629.79,21002.6,t_on+4.6~5.4s中位(=08-v6.1 P 口径),31983.5,t0+60s后中位,578.617,71.2943,578.617,34.4087,34.4087,34.4087,881.14,,,,False,2853.21,-7.65122,-10.126,0,-2853.21,-65.655,-678.68,1248.96,-21002.6,SW4,中途切换-13ffca,45.28,partial_unload,ADC域,True,32452.6,0.111849,unif_k1.15,uniform,1.15,1.15
20983.1,24429.9,3446.83,24429.7,t_on+4.6~5.4s中位(=08-v6.1 P 口径),27976.3,后1/3段中位(不足60s),155.787,-71.0978,155.787,708.757,117.433,708.757,52.8916,,,,False,3760.74,0.904039,-87.9684,3760.74,-2853.21,255.78,-608.764,5369.7,-24429.7,SW4,中途切换-13ffca,61.37,restep,ADC域,False,32452.6,0.106211,unif_k1.15,uniform,1.15,1.15
24442.4,79,-24363.4,78,t_on+4.6~5.4s中位(=08-v6.1 P 口径),27976.3,后1/3段中位(不足60s),0.320153,0.320153,0.320153,122.185,47.6133,122.185,114.829,,,0.01,True,3760.74,1.48798,-52.0666,3760.74,-2661.13,22.1805,-100.324,29768.3,-78,SW4,中途切换-13ffca,68.93,unload,ADC域,True,32452.6,0.750737,unif_k1.15,uniform,1.15,1.15
75,27895.9,27820.9,27895.9,t_on+4.6~5.4s中位(=08-v6.1 P 口径),27976.3,后1/3段中位(不足60s),23.277,6.84185,23.277,100.067,38.3675,100.067,22.9881,,,,False,3760.74,1.10724,-54.8435,3760.74,-9.2776,123.277,-0.0670225,6475.88,-27839.6,SW4,中途切换-13ffca,88,onset,ADC域,True,32452.6,0.857278,unif_k1.15,uniform,1.15,1.15
28337.8,30791.3,2453.48,30791.3,t_on+4.6~5.4s中位(=08-v6.1 P 口径),27976.3,后1/3段中位(不足60s),145.936,120.814,145.936,1252.71,14.6342,1252.71,260.671,,,,False,3542.31,1.04365,-84.5141,3542.31,0,245.936,-1152.71,3580.51,-30734.9,SW4,中途切换-13ffca,99.36,restep,ADC域,False,32452.6,0.0756019,unif_k1.15,uniform,1.15,1.15
29453,32163.4,2710.38,32155.5,t_on+4.6~5.4s中位(=08-v6.1 P 口径),27976.3,后1/3段中位(不足60s),81.771,81.771,81.771,1184.31,-16.1642,1184.31,235.963,,,,False,2577.97,1.08586,-44.9436,2577.97,0,181.479,-1084.6,2216.3,-32099.1,SW4,中途切换-13ffca,104.24,restep,ADC域,True,32452.6,0.083518,unif_k1.15,uniform,1.15,1.15
32462.6,81,-32381.6,83,t_on+4.6~5.4s中位(=08-v6.1 P 口径),27976.3,后1/3段中位(不足60s),0.0822885,0.0822885,0.0822885,102.677,102.677,102.677,86.2218,,,,False,1227.13,1.03091,2.75028,1227.13,0,2.68345,-100.076,33248.5,-26.6463,SW4,中途切换-13ffca,113.8,unload,ADC域,True,32452.6,0.99781,unif_k1.15,uniform,1.15,1.15
0.549442,14.7073,14.1578,14.7057,t_on+4.6~5.4s中位(=08-v6.1 P 口径),1.16117,t0+60s后中位,5.13735,-0.788701,5.13735,76.7128,76.7128,76.7128,100.805,5.36,5.36,5.36,False,2.25141,0.850392,-25.053,1.70144,-2.25141,105.126,23.2759,0.727339,-10.8609,RT1,右拇指指尖/数据1,8.27,onset,显示域,False,19.5791,0.72311,unif_k1.20,uniform,1.2,1.2
14.6375,15.8381,1.20052,15.8268,t_on+4.6~5.4s中位(=08-v6.1 P 口径),1.11186,t0+60s后中位,-32.8006,-32.8006,-32.8006,121.807,115.711,121.807,1192.91,,,,False,2.54718,-0.141274,-92.1817,-0.240574,-2.54718,66.2626,-22.7434,-0.393777,-1.46231,RT1,右拇指指尖/数据1,13.6,restep,显示域,True,19.5791,0.0613163,unif_k1.20,uniform,1.2,1.2
20.0385,0.943245,-19.0952,0.924979,t_on+4.6~5.4s中位(=08-v6.1 P 口径),1.00147,后1/3段中位(不足60s),4.84404,4.84404,4.84404,68.3519,68.3519,68.3519,5.24462,0.03,0.03,0.03,False,5.41639,0.704422,-32.1383,0,-5.41639,-31.7438,-104.94,13.0519,-0.924979,RT1,右拇指指尖/数据1,115.37,unload,显示域,True,19.5791,0.975286,unif_k1.20,uniform,1.2,1.2
0.290396,16.726,16.4356,16.726,t_on+4.6~5.4s中位(=08-v6.1 P 口径),19.7617,t0+60s后中位,-0.903003,-1.11299,-0.903003,90.4771,90.4771,90.4771,-19.3735,13.16,13.16,0.55,False,2.41547,0.868067,-12.9516,2.13354,-2.41547,99.097,9.52291,-0.148414,-14.8705,RT2,右拇指指尖/数据2,12.32,onset,显示域,True,22.0068,0.746843,unif_k1.20,uniform,1.2,1.2
20.8432,22.0158,1.1726,22.0168,t_on+4.6~5.4s中位(=08-v6.1 P 口径),0.329168,t0+60s后中位,-422.213,-422.213,-422.213,1877.61,847.803,1877.61,1427.32,,,,False,6.2192,0.762284,-57.2386,0,-6.2192,-322.135,-1777.53,-4.95085,-22.0168,RT2,右拇指指尖/数据2,147.11,restep,显示域,True,22.0068,0.0532834,unif_k1.20,uniform,1.2,1.2
22.131,0.9172,-21.2138,0.912841,t_on+4.6~5.4s中位(=08-v6.1 P 口径),0.365081,t0+60s后中位,4.30305,4.30305,4.30305,69.4751,69.4751,69.4751,1.72096,0.02,0.02,0.02,False,6.178,0.707494,-30.8666,0,-6.178,-30.5455,-104.324,14.7383,-0.912841,RT2,右拇指指尖/数据2,159.49,unload,显示域,True,22.0068,0.963968,unif_k1.20,uniform,1.2,1.2
0.043,16.5567,16.5137,16.5389,t_on+4.6~5.4s中位(=08-v6.1 P 口径),20.5361,t0+60s后中位,13.5865,5.26309,13.5865,99.3294,99.3294,99.3294,-10.6188,,,,False,2.3674,1.00778,4.27365,2.3674,-0.177791,113.479,0.56317,2.24364,-16.4029,RT3,右拇指指尖/数据3,10.59,onset,显示域,True,21.2279,0.777921,unif_k1.20,uniform,1.2,1.2
21.248,0.521318,-20.7267,0.518415,t_on+4.6~5.4s中位(=08-v6.1 P 口径),0.568345,后1/3段中位(不足60s),2.50119,2.50119,2.50119,64.933,64.933,64.933,2.74209,0.01,0.01,0.01,False,2.55519,0.83932,-35.8846,0,-2.55519,-35.081,-102.515,13.4585,-0.518415,RT3,右拇指指尖/数据3,135.7,unload,显示域,True,21.2279,0.976388,unif_k1.20,uniform,1.2,1.2
0,15.2813,15.2813,15.2813,t_on+4.6~5.4s中位(=08-v6.1 P 口径),17.8094,t0+60s后中位,13.92,4.90794,13.92,100,100,100,-2.62435,,,,False,2.18736,1.01374,4.44779,2.18736,-0.0633991,113.92,0,2.12715,-15.2813,LT1,左拇指指尖/数据1,11.69,onset,显示域,True,18.1566,0.841637,unif_k1.20,uniform,1.2,1.2
18.1567,0,-18.1567,0,t_on+4.6~5.4s中位(=08-v6.1 P 口径),0,后1/3段中位(不足60s),-0,-0,-0,80.2056,80.2056,80.2056,-0,0.13,0.13,0.13,False,1.36096,0.914532,-19.7944,0,-1.36096,-19.7944,-100,14.5627,0,LT1,左拇指指尖/数据1,147.52,unload,显示域,True,18.1566,1.00001,unif_k1.20,uniform,1.2,1.2
0,16.1212,16.1212,16.1212,t_on+4.6~5.4s中位(=08-v6.1 P 口径),18.002,t0+60s后中位,4.41653,4.41653,4.41653,61.2823,61.2823,61.2823,-7.25037,1.96,1.96,1.96,False,2.41252,0.928446,-34.8288,2.41252,-1.10351,104.417,38.7177,0.711996,-9.87941,LT2,左拇指指尖/数据2,14.92,onset,显示域,True,18.6005,0.866705,unif_k1.20,uniform,1.2,1.2
18.6041,0,-18.6041,0,t_on+4.6~5.4s中位(=08-v6.1 P 口径),0,后1/3段中位(不足60s),-0,-0,-0,75.2234,75.2234,75.2234,-0,0.01,0.01,0.01,False,1.91044,0.879885,-24.7766,0,-1.91044,-24.7766,-100,13.9946,0,LT2,左拇指指尖/数据2,140.92,unload,显示域,True,18.6005,1.00019,unif_k1.20,uniform,1.2,1.2
0,17.5144,17.5144,17.5144,t_on+4.6~5.4s中位(=08-v6.1 P 口径),18.8563,t0+60s后中位,6.00244,3.74863,6.00244,66.7966,66.7966,66.7966,-1.65931,,,78.5,True,2.43854,1.00726,-30.064,2.43854,-0.0979361,106.002,33.2034,1.05129,-11.699,LT3,左拇指指尖/数据3,10.87,onset,显示域,True,19.3415,0.905531,unif_k1.20,uniform,1.2,1.2
19.3469,0,-19.3469,0,t_on+4.6~5.4s中位(=08-v6.1 P 口径),0,t0+60s后中位,-0,-0,-0,85.7109,85.7109,85.7109,-0,0.03,0.03,0.03,False,0.912257,0.947855,-14.2891,0,-0.912257,-14.2891,-100,16.5824,0,LT3,左拇指指尖/数据3,132.59,unload,显示域,True,19.3415,1.00028,unif_k1.20,uniform,1.2,1.2
0.064,13.3829,13.3189,13.3829,t_on+4.6~5.4s中位(=08-v6.1 P 口径),0.101758,t0+60s后中位,1.42838,-0.713968,1.42838,66.9611,66.9611,66.9611,101.145,0.5,0.5,0.5,False,2.08834,0.836811,-34.1411,1.80867,-2.08834,101.428,33.0389,0.190244,-8.91846,F41,四指指尖/数据1,10.94,onset,显示域,False,16.302,0.817011,unif_k1.20,uniform,1.2,1.2
10.8737,13.5564,2.68271,13.5564,t_on+4.6~5.4s中位(=08-v6.1 P 口径),0.082,t0+60s后中位,0.624843,-5.30175,0.624843,15.4572,12.0927,15.4572,502.892,,,,False,2.09812,0.0223548,-100,1.26791,-2.09812,100.625,84.5428,0.0167627,-0.414672,F41,四指指尖/数据1,12.19,restep,显示域,False,16.302,0.164564,unif_k1.20,uniform,1.2,1.2
16.4153,0.0723016,-16.343,0.0768358,t_on+4.6~5.4s中位(=08-v6.1 P 口径),0.073,后1/3段中位(不足60s),0.470146,0.470146,0.470146,54.7075,54.7075,54.7075,0.446675,0.01,0.01,0.01,False,3.01411,0.747895,-44.9918,0,-3.01411,-45.2648,-100.442,8.94083,-0.0768358,F41,四指指尖/数据1,130.75,unload,显示域,True,16.302,1.00252,unif_k1.20,uniform,1.2,1.2
0.063,14.7479,14.6849,14.7479,t_on+4.6~5.4s中位(=08-v6.1 P 口径),9.57269,t0+60s后中位,-1.5592,-1.67035,-1.5592,92.5463,92.5463,92.5463,33.6827,0.52,0.52,0.52,False,2.06458,0.894072,-9.8187,2.06458,-1.89832,98.4408,7.45373,-0.228967,-13.5904,F42,四指指尖/数据2,11.03,onset,显示域,True,17.0396,0.861814,unif_k1.20,uniform,1.2,1.2
17.0666,0.0910805,-16.9755,0.091,t_on+4.6~5.4s中位(=08-v6.1 P 口径),0.0823702,后1/3段中位(不足60s),0.536066,0.536066,0.536066,86.7172,86.7172,86.7172,0.485229,0.02,0.02,0.02,False,2.37296,0.861187,-13.0026,0,-2.37296,-13.2833,-100.537,14.7207,-0.091,F42,四指指尖/数据2,130.78,unload,显示域,True,17.0396,0.996243,unif_k1.20,uniform,1.2,1.2
0.068,15.3126,15.2446,15.3126,t_on+4.6~5.4s中位(=08-v6.1 P 口径),16.9838,t0+60s后中位,5.98032,3.27744,5.98032,78.8833,78.8833,78.8833,-4.98258,33.72,33.72,33.72,False,2.21537,0.985034,-18.3292,2.21537,-0.604318,105.98,21.1167,0.911675,-12.0254,F43,四指指尖/数据3,11,onset,显示域,True,17.4353,0.874349,unif_k1.20,uniform,1.2,1.2
17.4903,0.560628,-16.9297,0.585277,t_on+4.6~5.4s中位(=08-v6.1 P 口径),0.0956784,后1/3段中位(不足60s),3.4571,3.4571,3.4571,72.2411,72.2411,72.2411,0.565151,0.09,0.09,0.09,False,1.37426,0.902485,-24.4967,0,-1.37426,-27.6133,-103.312,12.2302,-0.585277,F43,四指指尖/数据3,140.4,unload,显示域,True,17.4353,0.971,unif_k1.20,uniform,1.2,1.2
76,4241.75,4165.75,4241.75,t_on+4.6~5.4s中位(=08-v6.1 P 口径),22201.8,t0+60s后中位,194.206,0.763056,194.206,74.5707,74.5707,74.5707,-236.931,,,3.38,True,889.269,0.951611,-29.2666,677.055,-889.269,294.206,25.4293,8090.13,-3106.43,SW1,切换负载-快相无责,10.84,onset,ADC域,True,27937.6,0.149109,unif_k1.20,uniform,1.2,1.2
4811.46,11606.1,6794.66,11606.1,t_on+4.6~5.4s中位(=08-v6.1 P 口径),25339.1,t0+60s后中位,10.6815,10.6815,10.6815,34.9809,34.9809,34.9809,-191.433,,,,False,1092.13,4.46888,-125.805,292.527,-1092.13,110.681,65.0191,725.77,-2376.83,SW1,切换负载-快相无责,28.63,onset,ADC域,True,27937.6,0.243208,unif_k1.20,uniform,1.2,1.2
12297.8,16207.4,3909.6,16202.1,t_on+4.6~5.4s中位(=08-v6.1 P 口径),25571.5,t0+60s后中位,11.2175,11.2175,11.2175,313.031,313.031,313.031,-228.432,,,,False,4530.02,0.473269,-286.711,0,-4530.02,111.084,-213.164,438.558,-12238.3,SW1,切换负载-快相无责,71.67,restep,ADC域,False,27937.6,0.139941,unif_k1.20,uniform,1.2,1.2
5447.1,18092.5,12645.4,18092.5,t_on+4.6~5.4s中位(=08-v6.1 P 口径),25607.5,t0+60s后中位,-11.4812,-11.4812,-11.4812,108.916,108.916,108.916,-70.9096,,,,False,4530.02,0.485272,-69.4172,-934.799,-4530.02,88.5188,-8.91597,-1451.85,-13772.9,SW1,切换负载-快相无责,75.89,onset,ADC域,True,27937.6,0.452632,unif_k1.20,uniform,1.2,1.2
19384.4,25851.7,6467.25,25850.6,t_on+4.6~5.4s中位(=08-v6.1 P 口径),22087.3,t0+60s后中位,44.2506,-72.7151,44.2506,399.715,204.228,399.715,102.44,,,,False,5456.51,0.740911,31.2991,3412.48,-5456.51,144.234,-299.732,2861.8,-25850.6,SW1,切换负载-快相无责,110.45,restep,ADC域,True,27937.6,0.231489,unif_k1.20,uniform,1.2,1.2
26333.3,25386,-947.345,25386,t_on+4.6~5.4s中位(=08-v6.1 P 口径),20401.6,t0+60s后中位,2679.7,2679.7,2679.7,361.533,197.342,361.533,2153.55,,,,False,5438.54,9.40511,2139.65,3412.48,-5438.54,261.533,-2779.7,3424.96,-25386,SW1,切换负载-快相无责,129.37,partial_unload,ADC域,False,27937.6,0.0339094,unif_k1.20,uniform,1.2,1.2
61.0611,27163.2,27102.1,27163.8,t_on+4.6~5.4s中位(=08-v6.1 P 口径),20127.8,t0+60s后中位,6.17084,5.71397,6.17084,99.9692,99.9692,99.9692,32.1318,,,,False,3412.48,1.04095,5.10513,3412.48,-4.67081,106.173,0.0329822,1672.43,-27093.8,SW1,切换负载-快相无责,133.83,onset,ADC域,True,27937.6,0.970096,unif_k1.20,uniform,1.2,1.2
28005.2,24408.4,-3596.88,24408.4,t_on+4.6~5.4s中位(=08-v6.1 P 口径),25340.8,t0+60s后中位,677.531,677.531,677.531,104.978,104.978,104.978,703.454,,,,False,4034.83,3.8749,656.668,4034.83,-766.455,4.97778,-777.531,3775.93,-24370,SW1,切换负载-快相无责,182.03,partial_unload,ADC域,False,27937.6,0.128747,unif_k1.20,uniform,1.2,1.2
52.8433,25248,25195.2,25248,t_on+4.6~5.4s中位(=08-v6.1 P 口径),60.6632,t0+60s后中位,11.654,11.654,11.654,100.004,100.004,100.004,111.623,,,2.4,True,4034.83,0.976083,10.9136,4034.83,-792.104,111.654,-0.00352015,2936.26,-25196.1,SW1,切换负载-快相无责,185.97,onset,ADC域,True,27937.6,0.901839,unif_k1.20,uniform,1.2,1.2
26086,22170.5,-3915.48,22169.8,t_on+4.6~5.4s中位(=08-v6.1 P 口径),22086.1,后1/3段中位(不足60s),495.409,145.871,495.409,25.9689,25.9689,25.9689,493.272,,,,False,2732.12,1.19357,-59.6826,0,-2732.12,-74.0494,-595.427,1016.81,-19397.7,SW1,切换负载-快相无责,202.65,partial_unload,ADC域,True,27937.6,0.140151,unif_k1.20,uniform,1.2,1.2
22149.6,5769,-16380.6,5767.93,t_on+4.6~5.4s中位(=08-v6.1 P 口径),22086.1,后1/3段中位(不足60s),31.6335,9.31716,31.6335,113.658,93.6629,113.658,131.252,,,,False,2865.18,1.07486,2.91274,0,-2865.18,13.6511,-131.64,18617.8,-5181.77,SW1,切换负载-快相无责,212.4,partial_unload,ADC域,False,27937.6,0.58633,unif_k1.20,uniform,1.2,1.2
5760.84,11857,6096.16,11857,t_on+4.6~5.4s中位(=08-v6.1 P 口径),22086.1,后1/3段中位(不足60s),205.519,-8.49026,205.519,184.884,116.941,184.884,37.7224,,,,False,2865.18,0.871199,-39.9289,0,-2865.18,305.519,-84.8842,12528.8,-11270.8,SW1,切换负载-快相无责,217.74,restep,ADC域,True,27937.6,0.218206,unif_k1.20,uniform,1.2,1.2
12122.3,19875.9,7753.67,19875.9,t_on+4.6~5.4s中位(=08-v6.1 P 口径),22086.1,后1/3段中位(不足60s),58.1637,-26.0894,58.1637,256.343,248.783,256.343,29.6585,,,,False,2865.18,0.77667,-146.248,0,-2865.18,158.164,-156.343,4509.82,-19875.9,SW1,切换负载-快相无责,230.64,restep,ADC域,False,27937.6,0.277535,unif_k1.20,uniform,1.2,1.2
5210.44,20245.8,15035.4,20245.8,t_on+4.6~5.4s中位(=08-v6.1 P 口径),22086.1,后1/3段中位(不足60s),27.5345,-15.9144,27.5345,134.654,125.878,134.654,15.2947,,,,False,2865.18,0.477763,9.67191,0,-2865.18,127.534,-34.6545,4139.92,-20245.8,SW1,切换负载-快相无责,233.05,onset,ADC域,False,27937.6,0.538179,unif_k1.20,uniform,1.2,1.2
20414.6,25671.8,5257.15,25671.8,t_on+4.6~5.4s中位(=08-v6.1 P 口径),22086.1,后1/3段中位(不足60s),-24.4625,-24.4625,-24.4625,488.321,145.679,488.321,43.7427,,,,False,2766.13,0.87731,-0.0786716,0,-2766.13,75.5375,-388.321,-1286.03,-25671.8,SW1,切换负载-快相无责,240.72,restep,ADC域,True,27937.6,0.188175,unif_k1.20,uniform,1.2,1.2
25868,55,-25813,54.9693,t_on+4.6~5.4s中位(=08-v6.1 P 口径),22086.1,后1/3段中位(不足60s),0.212952,0.212952,0.212952,70.8239,70.8239,70.8239,85.5622,,,,False,2576.04,0.876495,-29.1956,0,-2576.04,-29.1762,-100.213,18281.8,-54.9693,SW1,切换负载-快相无责,249.63,unload,ADC域,True,27937.6,0.923952,unif_k1.20,uniform,1.2,1.2
62,14458.3,14396.3,14458.3,t_on+4.6~5.4s中位(=08-v6.1 P 口径),24133.2,后1/3段中位(不足60s),57.7471,12.8457,57.7471,100.431,55.3875,100.431,-9.45693,,,,False,2396.66,1.00123,-39.0392,2396.66,-371.314,157.747,-0.430665,8313.46,-14458.3,SW2,再切换负载,11.79,onset,ADC域,False,25866.3,0.556567,unif_k1.20,uniform,1.2,1.2
13424.9,14858.2,1433.25,14852.5,t_on+4.6~5.4s中位(=08-v6.1 P 口径),24133.2,后1/3段中位(不足60s),561.088,101.529,561.088,1036.28,3.8833,1036.28,-86.4462,,,,False,2396.66,1.04028,-100,2396.66,-371.314,660.692,-936.677,8041.78,-14852.5,SW2,再切换负载,13.7,restep,ADC域,False,25866.3,0.0554099,unif_k1.20,uniform,1.2,1.2
14922.6,15402.5,479.895,15402.8,t_on+4.6~5.4s中位(=08-v6.1 P 口径),24133.2,后1/3段中位(不足60s),1687.5,188.56,1687.5,3209.61,126.263,3209.61,-131.752,,,,False,2396.66,0.990165,-100,2396.66,-286.275,1787.55,-3109.55,8098.22,-15402.8,SW2,再切换负载,14.86,restep,ADC域,False,25866.3,0.0185529,unif_k1.20,uniform,1.2,1.2
16009.1,17425.7,1416.62,17425.7,t_on+4.6~5.4s中位(=08-v6.1 P 口径),24133.2,后1/3段中位(不足60s),669.478,4.27593,669.478,1230.09,1230.09,1230.09,195.989,,,,False,3721.65,0.920553,-849.784,3721.65,-280.322,769.478,-1130.09,9483.97,-17425.7,SW2,再切换负载,31.22,restep,ADC域,False,25866.3,0.0547671,unif_k1.20,uniform,1.2,1.2
37.3925,21643.5,21606.1,21639.1,t_on+4.6~5.4s中位(=08-v6.1 P 口径),24133.2,后1/3段中位(不足60s),26.0431,4.94649,26.0431,100.042,84.0485,100.042,14.4993,,,,False,3721.65,1,-11.5112,3721.65,-14.153,126.023,-0.0619851,5626.89,-21615.1,SW2,再切换负载,35.96,onset,ADC域,True,25866.3,0.835298,unif_k1.20,uniform,1.2,1.2
22655,38.6558,-22616.3,38.4964,t_on+4.6~5.4s中位(=08-v6.1 P 口径),24133.2,后1/3段中位(不足60s),0.0640968,0.0640968,0.0640968,120.857,28.4329,120.857,106.601,,,,False,3721.65,1.02364,-71.5477,3721.65,0,20.8565,-100.065,27333.5,-14.4964,SW2,再切换负载,50.61,unload,ADC域,False,25866.3,0.874356,unif_k1.20,uniform,1.2,1.2
38,25209.3,25171.3,25209.3,t_on+4.6~5.4s中位(=08-v6.1 P 口径),24133.2,后1/3段中位(不足60s),8.59178,7.23358,8.59178,97.159,97.159,97.159,12.8668,,,,False,3721.65,1.05594,3.75257,3721.65,0,108.592,2.84099,2162.66,-24456.2,SW2,再切换负载,57.3,onset,ADC域,True,25866.3,0.973132,unif_k1.20,uniform,1.2,1.2
69.5794,17701.9,17632.3,17701.9,t_on+4.6~5.4s中位(=08-v6.1 P 口径),27305,后1/3段中位(不足60s),59.185,-12.2599,59.185,100.395,68.625,100.395,4.72135,,,,False,5351.15,1.0086,-44.2226,3863.6,-5351.15,159.185,-0.394614,10435.7,-17701.9,SW3,中途切换-1d9493,10.92,onset,ADC域,True,27696.8,0.636617,unif_k1.20,uniform,1.2,1.2
18559.6,25621.5,7061.97,25621.5,t_on+4.6~5.4s中位(=08-v6.1 P 口径),27305,后1/3段中位(不足60s),38.1067,-57.6795,38.1067,362.81,134.24,362.81,14.2679,,,,False,5351.15,1.92949,-26.2308,3863.6,-5351.15,138.107,-262.81,2691.09,-25621.5,SW3,中途切换-1d9493,20.72,restep,ADC域,True,27696.8,0.254974,unif_k1.20,uniform,1.2,1.2
25979,52,-25927,52,t_on+4.6~5.4s中位(=08-v6.1 P 口径),27305,后1/3段中位(不足60s),0.200563,0.200563,0.200563,109.293,80.8211,109.293,105.315,,,,False,5351.15,7.36892,-19.1485,3863.6,-5351.15,9.29289,-100.201,28336.4,-52,SW3,中途切换-1d9493,30.68,unload,ADC域,True,27696.8,0.9361,unif_k1.20,uniform,1.2,1.2
55.4942,26638.1,26582.6,26638.1,t_on+4.6~5.4s中位(=08-v6.1 P 口径),27305,后1/3段中位(不足60s),6.65189,5.64072,6.65189,100.028,85.9799,100.028,4.14285,,,,False,3863.6,1.02519,-8.79812,3863.6,0,106.652,-0.0281922,1768.24,-26590.1,SW3,中途切换-1d9493,39.08,onset,ADC域,True,27696.8,0.959769,unif_k1.20,uniform,1.2,1.2
27714.7,53,-27661.7,53,段末帧(退化),27305,后1/3段中位(不足60s),0.0180755,0.0180755,0.0180755,102.134,102.134,102.134,98.5371,,,,False,735.924,1.01762,2.13399,735.924,0,2.13351,-100.018,28251.9,-5,SW3,中途切换-1d9493,60.78,restep,ADC域,False,27696.8,0.998732,unif_k1.20,uniform,1.2,1.2
84,15448.2,15364.2,15448.2,t_on+4.6~5.4s中位(=08-v6.1 P 口径),24171.5,t0+60s后中位,51.9203,-2.58941,51.9203,65.5442,65.5442,65.5442,-4.85703,,,,False,1913,0.9472,-37.9012,1756.25,-1913,151.92,34.4558,7977.13,-10070.3,SW4,中途切换-13ffca,8.41,onset,ADC域,True,32452.6,0.473434,unif_k1.20,uniform,1.2,1.2
16085.4,22496.9,6411.47,22496.9,t_on+4.6~5.4s中位(=08-v6.1 P 口径),27884.7,t0+60s后中位,14.4804,-18.5891,14.4804,117.127,117.127,117.127,-69.5542,,,,False,2093.41,0.95417,-1.46197,0,-2093.41,114.48,-17.1271,928.407,-7509.57,SW4,中途切换-13ffca,18.68,restep,ADC域,False,32452.6,0.197564,unif_k1.20,uniform,1.2,1.2
22912.5,24098.4,1185.96,24095.9,t_on+4.6~5.4s中位(=08-v6.1 P 口径),28247.1,t0+60s后中位,-56.5445,-56.5445,-56.5445,635.004,635.004,635.004,-406.575,,,,False,2192.53,0.682685,-115.048,0,-2192.53,43.2408,-535.218,-670.593,-7530.87,SW4,中途切换-13ffca,26.57,restep,ADC域,False,32452.6,0.0365443,unif_k1.20,uniform,1.2,1.2
19465.9,24135.1,4669.26,24133.3,t_on+4.6~5.4s中位(=08-v6.1 P 口径),28278.7,t0+60s后中位,-15.163,-15.163,-15.163,134.598,134.598,134.598,-103.943,,,,False,2207.9,0.701037,8.46587,0,-2207.9,84.7974,-34.638,-708,-6284.74,SW4,中途切换-13ffca,27.6,restep,ADC域,False,32452.6,0.143879,unif_k1.20,uniform,1.2,1.2
24634.7,21004.9,-3629.79,21002.6,t_on+4.6~5.4s中位(=08-v6.1 P 口径),31983.5,t0+60s后中位,578.617,71.2943,578.617,34.4087,34.4087,34.4087,881.14,,,,False,2853.21,-7.65122,-10.126,0,-2853.21,-65.655,-678.68,1248.96,-21002.6,SW4,中途切换-13ffca,45.28,partial_unload,ADC域,True,32452.6,0.111849,unif_k1.20,uniform,1.2,1.2
20983.1,24429.9,3446.83,24429.7,t_on+4.6~5.4s中位(=08-v6.1 P 口径),27976.3,后1/3段中位(不足60s),155.787,-71.0978,155.787,708.757,117.407,708.757,52.8916,,,,False,3760.74,0.904039,-87.9684,3760.74,-2853.21,255.78,-608.764,5369.7,-24429.7,SW4,中途切换-13ffca,61.37,restep,ADC域,False,32452.6,0.106211,unif_k1.20,uniform,1.2,1.2
24442.4,79,-24363.4,78,t_on+4.6~5.4s中位(=08-v6.1 P 口径),27976.3,后1/3段中位(不足60s),0.320153,0.320153,0.320153,122.185,47.6133,122.185,114.829,,,0.01,True,3760.74,1.48798,-52.0666,3760.74,-2661.13,22.1805,-100.324,29768.3,-78,SW4,中途切换-13ffca,68.93,unload,ADC域,True,32452.6,0.750737,unif_k1.20,uniform,1.2,1.2
75,27895.9,27820.9,27895.9,t_on+4.6~5.4s中位(=08-v6.1 P 口径),27976.3,后1/3段中位(不足60s),23.277,6.84185,23.277,100.067,38.3675,100.067,22.9881,,,,False,3760.74,1.10724,-54.8435,3760.74,-9.2776,123.277,-0.0670225,6475.88,-27839.6,SW4,中途切换-13ffca,88,onset,ADC域,True,32452.6,0.857278,unif_k1.20,uniform,1.2,1.2
28337.8,30791.3,2453.48,30791.3,t_on+4.6~5.4s中位(=08-v6.1 P 口径),27976.3,后1/3段中位(不足60s),145.936,120.814,145.936,1252.71,14.6342,1252.71,260.671,,,,False,3542.31,1.04365,-84.5141,3542.31,0,245.936,-1152.71,3580.51,-30734.9,SW4,中途切换-13ffca,99.36,restep,ADC域,False,32452.6,0.0756019,unif_k1.20,uniform,1.2,1.2
29453,32163.4,2710.38,32155.5,t_on+4.6~5.4s中位(=08-v6.1 P 口径),27976.3,后1/3段中位(不足60s),81.771,81.771,81.771,1184.31,-16.1642,1184.31,235.963,,,,False,2577.97,1.08586,-44.9436,2577.97,0,181.479,-1084.6,2216.3,-32099.1,SW4,中途切换-13ffca,104.24,restep,ADC域,True,32452.6,0.083518,unif_k1.20,uniform,1.2,1.2
32462.6,81,-32381.6,83,t_on+4.6~5.4s中位(=08-v6.1 P 口径),27976.3,后1/3段中位(不足60s),0.0822885,0.0822885,0.0822885,102.677,102.677,102.677,86.2218,,,,False,1227.13,1.03091,2.75028,1227.13,0,2.68345,-100.076,33248.5,-26.6463,SW4,中途切换-13ffca,113.8,unload,ADC域,True,32452.6,0.99781,unif_k1.20,uniform,1.2,1.2
0.549442,14.7073,14.1578,14.7057,t_on+4.6~5.4s中位(=08-v6.1 P 口径),1.16117,t0+60s后中位,5.13735,-0.788701,5.13735,76.7128,76.7128,76.7128,100.805,5.36,5.36,5.36,False,2.25141,0.850392,-25.053,1.70144,-2.25141,105.126,23.2759,0.727339,-10.8609,RT1,右拇指指尖/数据1,8.27,onset,显示域,False,19.5791,0.72311,unif_k1.25,uniform,1.25,1.25
14.6375,15.8381,1.20052,15.8268,t_on+4.6~5.4s中位(=08-v6.1 P 口径),1.11186,t0+60s后中位,-32.8006,-32.8006,-32.8006,121.807,115.711,121.807,1192.91,,,,False,2.54718,-0.141274,-92.1817,-0.240574,-2.54718,66.2626,-22.7434,-0.393777,-1.46231,RT1,右拇指指尖/数据1,13.6,restep,显示域,True,19.5791,0.0613163,unif_k1.25,uniform,1.25,1.25
20.0385,0.943245,-19.0952,0.924979,t_on+4.6~5.4s中位(=08-v6.1 P 口径),1.00147,后1/3段中位(不足60s),4.84404,4.84404,4.84404,68.3519,68.3519,68.3519,5.24462,0.03,0.03,0.03,False,5.41639,0.704422,-32.1383,0,-5.41639,-31.7438,-104.94,13.0519,-0.924979,RT1,右拇指指尖/数据1,115.37,unload,显示域,True,19.5791,0.975286,unif_k1.25,uniform,1.25,1.25
0.290396,16.726,16.4356,16.726,t_on+4.6~5.4s中位(=08-v6.1 P 口径),19.7617,t0+60s后中位,-0.903003,-1.11299,-0.903003,90.4771,90.4771,90.4771,-19.3735,13.16,13.16,0.55,False,2.41547,0.868067,-12.9516,2.13354,-2.41547,99.097,9.52291,-0.148414,-14.8705,RT2,右拇指指尖/数据2,12.32,onset,显示域,True,22.0068,0.746843,unif_k1.25,uniform,1.25,1.25
20.8432,22.0158,1.1726,22.0168,t_on+4.6~5.4s中位(=08-v6.1 P 口径),0.329168,t0+60s后中位,-422.213,-422.213,-422.213,1877.61,847.803,1877.61,1427.32,,,,False,6.2192,0.762284,-57.2386,0,-6.2192,-322.135,-1777.53,-4.95085,-22.0168,RT2,右拇指指尖/数据2,147.11,restep,显示域,True,22.0068,0.0532834,unif_k1.25,uniform,1.25,1.25
22.131,0.9172,-21.2138,0.912841,t_on+4.6~5.4s中位(=08-v6.1 P 口径),0.365081,t0+60s后中位,4.30305,4.30305,4.30305,69.4751,69.4751,69.4751,1.72096,0.02,0.02,0.02,False,6.178,0.707494,-30.8666,0,-6.178,-30.5455,-104.324,14.7383,-0.912841,RT2,右拇指指尖/数据2,159.49,unload,显示域,True,22.0068,0.963968,unif_k1.25,uniform,1.25,1.25
0.043,16.5567,16.5137,16.5389,t_on+4.6~5.4s中位(=08-v6.1 P 口径),20.5361,t0+60s后中位,13.5865,5.26309,13.5865,99.3294,99.3294,99.3294,-10.6188,,,,False,2.3674,1.00778,4.27365,2.3674,-0.177791,113.479,0.56317,2.24364,-16.4029,RT3,右拇指指尖/数据3,10.59,onset,显示域,True,21.2279,0.777921,unif_k1.25,uniform,1.25,1.25
21.248,0.521318,-20.7267,0.518415,t_on+4.6~5.4s中位(=08-v6.1 P 口径),0.568345,后1/3段中位(不足60s),2.50119,2.50119,2.50119,64.933,64.933,64.933,2.74209,0.01,0.01,0.01,False,2.55519,0.83932,-35.8846,0,-2.55519,-35.081,-102.515,13.4585,-0.518415,RT3,右拇指指尖/数据3,135.7,unload,显示域,True,21.2279,0.976388,unif_k1.25,uniform,1.25,1.25
0,15.2813,15.2813,15.2813,t_on+4.6~5.4s中位(=08-v6.1 P 口径),17.8094,t0+60s后中位,13.92,4.90794,13.92,100,100,100,-2.62435,,,,False,2.18736,1.01374,4.44779,2.18736,-0.0633991,113.92,0,2.12715,-15.2813,LT1,左拇指指尖/数据1,11.69,onset,显示域,True,18.1566,0.841637,unif_k1.25,uniform,1.25,1.25
18.1567,0,-18.1567,0,t_on+4.6~5.4s中位(=08-v6.1 P 口径),0,后1/3段中位(不足60s),-0,-0,-0,80.2056,80.2056,80.2056,-0,0.13,0.13,0.13,False,1.36096,0.914532,-19.7944,0,-1.36096,-19.7944,-100,14.5627,0,LT1,左拇指指尖/数据1,147.52,unload,显示域,True,18.1566,1.00001,unif_k1.25,uniform,1.25,1.25
0,16.1212,16.1212,16.1212,t_on+4.6~5.4s中位(=08-v6.1 P 口径),18.002,t0+60s后中位,4.41653,4.41653,4.41653,61.2823,61.2823,61.2823,-7.25037,1.96,1.96,1.96,False,2.41252,0.928446,-34.8288,2.41252,-1.10351,104.417,38.7177,0.711996,-9.87941,LT2,左拇指指尖/数据2,14.92,onset,显示域,True,18.6005,0.866705,unif_k1.25,uniform,1.25,1.25
18.6041,0,-18.6041,0,t_on+4.6~5.4s中位(=08-v6.1 P 口径),0,后1/3段中位(不足60s),-0,-0,-0,75.2234,75.2234,75.2234,-0,0.01,0.01,0.01,False,1.91044,0.879885,-24.7766,0,-1.91044,-24.7766,-100,13.9946,0,LT2,左拇指指尖/数据2,140.92,unload,显示域,True,18.6005,1.00019,unif_k1.25,uniform,1.25,1.25
0,17.5144,17.5144,17.5144,t_on+4.6~5.4s中位(=08-v6.1 P 口径),18.8563,t0+60s后中位,6.00244,3.74863,6.00244,66.7966,66.7966,66.7966,-1.65931,,,78.5,True,2.43854,1.00726,-30.064,2.43854,-0.0979361,106.002,33.2034,1.05129,-11.699,LT3,左拇指指尖/数据3,10.87,onset,显示域,True,19.3415,0.905531,unif_k1.25,uniform,1.25,1.25
19.3469,0,-19.3469,0,t_on+4.6~5.4s中位(=08-v6.1 P 口径),0,t0+60s后中位,-0,-0,-0,85.7109,85.7109,85.7109,-0,0.03,0.03,0.03,False,0.912257,0.947855,-14.2891,0,-0.912257,-14.2891,-100,16.5824,0,LT3,左拇指指尖/数据3,132.59,unload,显示域,True,19.3415,1.00028,unif_k1.25,uniform,1.25,1.25
0.064,13.3829,13.3189,13.3829,t_on+4.6~5.4s中位(=08-v6.1 P 口径),0.101758,t0+60s后中位,1.42838,-0.713968,1.42838,66.9611,66.9611,66.9611,101.145,0.5,0.5,0.5,False,2.08834,0.836811,-34.1411,1.80867,-2.08834,101.428,33.0389,0.190244,-8.91846,F41,四指指尖/数据1,10.94,onset,显示域,False,16.302,0.817011,unif_k1.25,uniform,1.25,1.25
10.8737,13.5564,2.68271,13.5564,t_on+4.6~5.4s中位(=08-v6.1 P 口径),0.082,t0+60s后中位,0.624843,-5.30175,0.624843,15.4572,12.0927,15.4572,502.892,,,,False,2.09812,0.0223548,-100,1.26791,-2.09812,100.625,84.5428,0.0167627,-0.414672,F41,四指指尖/数据1,12.19,restep,显示域,False,16.302,0.164564,unif_k1.25,uniform,1.25,1.25
16.4153,0.0723016,-16.343,0.0768358,t_on+4.6~5.4s中位(=08-v6.1 P 口径),0.073,后1/3段中位(不足60s),0.470146,0.470146,0.470146,54.7075,54.7075,54.7075,0.446675,0.01,0.01,0.01,False,3.01411,0.747895,-44.9918,0,-3.01411,-45.2648,-100.442,8.94083,-0.0768358,F41,四指指尖/数据1,130.75,unload,显示域,True,16.302,1.00252,unif_k1.25,uniform,1.25,1.25
0.063,14.7479,14.6849,14.7479,t_on+4.6~5.4s中位(=08-v6.1 P 口径),9.57269,t0+60s后中位,-1.5592,-1.67035,-1.5592,92.5463,92.5463,92.5463,33.6827,0.52,0.52,0.52,False,2.06458,0.894072,-9.8187,2.06458,-1.89832,98.4408,7.45373,-0.228967,-13.5904,F42,四指指尖/数据2,11.03,onset,显示域,True,17.0396,0.861814,unif_k1.25,uniform,1.25,1.25
17.0666,0.0910805,-16.9755,0.091,t_on+4.6~5.4s中位(=08-v6.1 P 口径),0.0823702,后1/3段中位(不足60s),0.536066,0.536066,0.536066,86.7172,86.7172,86.7172,0.485229,0.02,0.02,0.02,False,2.37296,0.861187,-13.0026,0,-2.37296,-13.2833,-100.537,14.7207,-0.091,F42,四指指尖/数据2,130.78,unload,显示域,True,17.0396,0.996243,unif_k1.25,uniform,1.25,1.25
0.068,15.3126,15.2446,15.3126,t_on+4.6~5.4s中位(=08-v6.1 P 口径),16.9838,t0+60s后中位,5.98032,3.27744,5.98032,78.8833,78.8833,78.8833,-4.98258,33.72,33.72,33.72,False,2.21537,0.985034,-18.3292,2.21537,-0.604318,105.98,21.1167,0.911675,-12.0254,F43,四指指尖/数据3,11,onset,显示域,True,17.4353,0.874349,unif_k1.25,uniform,1.25,1.25
17.4903,0.560628,-16.9297,0.585277,t_on+4.6~5.4s中位(=08-v6.1 P 口径),0.0956784,后1/3段中位(不足60s),3.4571,3.4571,3.4571,72.2411,72.2411,72.2411,0.565151,0.09,0.09,0.09,False,1.37426,0.902485,-24.4967,0,-1.37426,-27.6133,-103.312,12.2302,-0.585277,F43,四指指尖/数据3,140.4,unload,显示域,True,17.4353,0.971,unif_k1.25,uniform,1.25,1.25
76,4241.75,4165.75,4241.75,t_on+4.6~5.4s中位(=08-v6.1 P 口径),22201.8,t0+60s后中位,194.206,0.763056,194.206,74.5707,74.5707,74.5707,-236.931,,,3.38,True,889.269,0.951611,-29.2666,725.647,-889.269,294.206,25.4293,8090.13,-3106.43,SW1,切换负载-快相无责,10.84,onset,ADC域,True,27937.6,0.149109,unif_k1.25,uniform,1.25,1.25
4811.46,11606.1,6794.66,11606.1,t_on+4.6~5.4s中位(=08-v6.1 P 口径),25339.1,t0+60s后中位,10.6815,10.6815,10.6815,34.9809,34.9809,34.9809,-191.433,,,,False,1092.13,4.46888,-125.805,292.527,-1092.13,110.681,65.0191,725.77,-2376.83,SW1,切换负载-快相无责,28.63,onset,ADC域,True,27937.6,0.243208,unif_k1.25,uniform,1.25,1.25
12297.8,16207.4,3909.6,16202.1,t_on+4.6~5.4s中位(=08-v6.1 P 口径),25571.5,t0+60s后中位,11.2175,11.2175,11.2175,313.031,313.031,313.031,-228.432,,,,False,4530.02,0.473269,-286.711,0,-4530.02,111.084,-213.164,438.558,-12238.3,SW1,切换负载-快相无责,71.67,restep,ADC域,False,27937.6,0.139941,unif_k1.25,uniform,1.25,1.25
5447.1,18092.5,12645.4,18092.5,t_on+4.6~5.4s中位(=08-v6.1 P 口径),25607.5,t0+60s后中位,-11.4812,-11.4812,-11.4812,108.792,108.792,108.792,-70.9096,,,,False,4530.02,0.485272,-69.4172,-919.158,-4530.02,88.5188,-8.79228,-1451.85,-13757.3,SW1,切换负载-快相无责,75.89,onset,ADC域,True,27937.6,0.452632,unif_k1.25,uniform,1.25,1.25
19384.4,25851.7,6467.25,25850.6,t_on+4.6~5.4s中位(=08-v6.1 P 口径),22087.3,t0+60s后中位,44.2506,-72.7151,44.2506,399.715,204.228,399.715,102.44,,,,False,5456.51,0.740911,31.2991,3412.48,-5456.51,144.234,-299.732,2861.8,-25850.6,SW1,切换负载-快相无责,110.45,restep,ADC域,True,27937.6,0.231489,unif_k1.25,uniform,1.25,1.25
26333.3,25386,-947.345,25386,t_on+4.6~5.4s中位(=08-v6.1 P 口径),20401.6,t0+60s后中位,2679.7,2679.7,2679.7,361.533,197.342,361.533,2153.55,,,,False,5438.54,9.40511,2139.65,3412.48,-5438.54,261.533,-2779.7,3424.96,-25386,SW1,切换负载-快相无责,129.37,partial_unload,ADC域,False,27937.6,0.0339094,unif_k1.25,uniform,1.25,1.25
61.0611,27163.2,27102.1,27163.8,t_on+4.6~5.4s中位(=08-v6.1 P 口径),20127.8,t0+60s后中位,6.17084,5.71397,6.17084,99.9692,99.9692,99.9692,32.1318,,,,False,3412.48,1.04095,5.10513,3412.48,-4.67081,106.173,0.0329822,1672.43,-27093.8,SW1,切换负载-快相无责,133.83,onset,ADC域,True,27937.6,0.970096,unif_k1.25,uniform,1.25,1.25
28005.2,24408.4,-3596.88,24408.4,t_on+4.6~5.4s中位(=08-v6.1 P 口径),25340.8,t0+60s后中位,677.531,677.531,677.531,104.978,104.978,104.978,703.454,,,,False,4034.83,3.8749,656.668,4034.83,-766.455,4.97778,-777.531,3775.93,-24370,SW1,切换负载-快相无责,182.03,partial_unload,ADC域,False,27937.6,0.128747,unif_k1.25,uniform,1.25,1.25
52.8433,25248,25195.2,25248,t_on+4.6~5.4s中位(=08-v6.1 P 口径),60.6632,t0+60s后中位,11.654,11.654,11.654,100.004,100.004,100.004,111.623,,,2.4,True,4034.83,0.976083,10.9136,4034.83,-792.104,111.654,-0.00352015,2936.26,-25196.1,SW1,切换负载-快相无责,185.97,onset,ADC域,True,27937.6,0.901839,unif_k1.25,uniform,1.25,1.25
26086,22170.5,-3915.48,22169.8,t_on+4.6~5.4s中位(=08-v6.1 P 口径),22086.1,后1/3段中位(不足60s),495.409,145.871,495.409,25.9689,25.9689,25.9689,493.272,,,,False,2732.12,1.19357,-59.6826,0,-2732.12,-74.0494,-595.427,1016.81,-19397.7,SW1,切换负载-快相无责,202.65,partial_unload,ADC域,True,27937.6,0.140151,unif_k1.25,uniform,1.25,1.25
22149.6,5769,-16380.6,5767.93,t_on+4.6~5.4s中位(=08-v6.1 P 口径),22086.1,后1/3段中位(不足60s),31.6335,9.31716,31.6335,113.658,93.6629,113.658,131.252,,,,False,2865.18,1.07486,2.91274,0,-2865.18,13.6511,-131.64,18617.8,-5181.77,SW1,切换负载-快相无责,212.4,partial_unload,ADC域,False,27937.6,0.58633,unif_k1.25,uniform,1.25,1.25
5760.84,11857,6096.16,11857,t_on+4.6~5.4s中位(=08-v6.1 P 口径),22086.1,后1/3段中位(不足60s),205.519,-8.49026,205.519,184.884,116.941,184.884,37.7224,,,,False,2865.18,0.871199,-39.9289,0,-2865.18,305.519,-84.8842,12528.8,-11270.8,SW1,切换负载-快相无责,217.74,restep,ADC域,True,27937.6,0.218206,unif_k1.25,uniform,1.25,1.25
12122.3,19875.9,7753.67,19875.9,t_on+4.6~5.4s中位(=08-v6.1 P 口径),22086.1,后1/3段中位(不足60s),58.1637,-26.0894,58.1637,256.343,248.783,256.343,29.6585,,,,False,2865.18,0.77667,-146.248,0,-2865.18,158.164,-156.343,4509.82,-19875.9,SW1,切换负载-快相无责,230.64,restep,ADC域,False,27937.6,0.277535,unif_k1.25,uniform,1.25,1.25
5210.44,20245.8,15035.4,20245.8,t_on+4.6~5.4s中位(=08-v6.1 P 口径),22086.1,后1/3段中位(不足60s),27.5345,-15.9143,27.5345,134.654,125.878,134.654,15.2947,,,,False,2865.18,0.477764,9.67191,0,-2865.18,127.534,-34.6545,4139.92,-20245.8,SW1,切换负载-快相无责,233.05,onset,ADC域,False,27937.6,0.538179,unif_k1.25,uniform,1.25,1.25
20414.6,25671.8,5257.15,25671.8,t_on+4.6~5.4s中位(=08-v6.1 P 口径),22086.1,后1/3段中位(不足60s),-24.4625,-24.4625,-24.4625,488.321,145.679,488.321,43.7427,,,,False,2766.13,0.87731,-0.0786716,0,-2766.13,75.5375,-388.321,-1286.03,-25671.8,SW1,切换负载-快相无责,240.72,restep,ADC域,True,27937.6,0.188175,unif_k1.25,uniform,1.25,1.25
25868,55,-25813,54.9693,t_on+4.6~5.4s中位(=08-v6.1 P 口径),22086.1,后1/3段中位(不足60s),0.212952,0.212952,0.212952,70.8239,70.8239,70.8239,85.5622,,,,False,2576.04,0.876495,-29.1956,0,-2576.04,-29.1762,-100.213,18281.8,-54.9693,SW1,切换负载-快相无责,249.63,unload,ADC域,True,27937.6,0.923952,unif_k1.25,uniform,1.25,1.25
62,14458.3,14396.3,14458.3,t_on+4.6~5.4s中位(=08-v6.1 P 口径),24133.2,后1/3段中位(不足60s),57.7471,12.8457,57.7471,100.431,55.3875,100.431,-9.45693,,,,False,2396.66,1.00123,-39.0392,2396.66,-371.314,157.747,-0.430665,8313.46,-14458.3,SW2,再切换负载,11.79,onset,ADC域,False,25866.3,0.556567,unif_k1.25,uniform,1.25,1.25
13424.9,14858.2,1433.25,14852.5,t_on+4.6~5.4s中位(=08-v6.1 P 口径),24133.2,后1/3段中位(不足60s),561.088,101.529,561.088,1036.28,3.8833,1036.28,-86.4462,,,,False,2396.66,1.04028,-100,2396.66,-371.314,660.692,-936.677,8041.78,-14852.5,SW2,再切换负载,13.7,restep,ADC域,False,25866.3,0.0554099,unif_k1.25,uniform,1.25,1.25
14922.6,15402.5,479.895,15402.8,t_on+4.6~5.4s中位(=08-v6.1 P 口径),24133.2,后1/3段中位(不足60s),1687.5,188.56,1687.5,3209.61,126.263,3209.61,-131.752,,,,False,2396.66,0.990165,-100,2396.66,-286.275,1787.55,-3109.55,8098.22,-15402.8,SW2,再切换负载,14.86,restep,ADC域,False,25866.3,0.0185529,unif_k1.25,uniform,1.25,1.25
16009.1,17425.7,1416.62,17425.7,t_on+4.6~5.4s中位(=08-v6.1 P 口径),24133.2,后1/3段中位(不足60s),669.478,4.50835,669.478,1230.09,1230.09,1230.09,195.989,,,,False,3721.65,0.920553,-849.784,3721.65,-280.322,769.478,-1130.09,9483.97,-17425.7,SW2,再切换负载,31.22,restep,ADC域,False,25866.3,0.0547671,unif_k1.25,uniform,1.25,1.25
37.3925,21643.5,21606.1,21639.1,t_on+4.6~5.4s中位(=08-v6.1 P 口径),24133.2,后1/3段中位(不足60s),26.0431,4.94649,26.0431,100.042,84.0485,100.042,14.4993,,,,False,3721.65,1,-11.5112,3721.65,-14.153,126.023,-0.0619851,5626.89,-21615.1,SW2,再切换负载,35.96,onset,ADC域,True,25866.3,0.835298,unif_k1.25,uniform,1.25,1.25
22655,38.6558,-22616.3,38.4964,t_on+4.6~5.4s中位(=08-v6.1 P 口径),24133.2,后1/3段中位(不足60s),0.0640968,0.0640968,0.0640968,120.857,28.4329,120.857,106.601,,,,False,3721.65,1.02364,-71.5477,3721.65,0,20.8565,-100.065,27333.5,-14.4964,SW2,再切换负载,50.61,unload,ADC域,False,25866.3,0.874356,unif_k1.25,uniform,1.25,1.25
38,25209.3,25171.3,25209.3,t_on+4.6~5.4s中位(=08-v6.1 P 口径),24133.2,后1/3段中位(不足60s),8.59178,7.23358,8.59178,97.159,97.159,97.159,12.8668,,,,False,3721.65,1.05594,3.75257,3721.65,0,108.592,2.84099,2162.66,-24456.2,SW2,再切换负载,57.3,onset,ADC域,True,25866.3,0.973132,unif_k1.25,uniform,1.25,1.25
69.5794,17701.9,17632.3,17701.9,t_on+4.6~5.4s中位(=08-v6.1 P 口径),27305,后1/3段中位(不足60s),59.185,-12.2599,59.185,100.395,68.625,100.395,4.72135,,,,False,5351.15,1.0086,-44.2226,3863.6,-5351.15,159.185,-0.394614,10435.7,-17701.9,SW3,中途切换-1d9493,10.92,onset,ADC域,True,27696.8,0.636617,unif_k1.25,uniform,1.25,1.25
18559.6,25621.5,7061.97,25621.5,t_on+4.6~5.4s中位(=08-v6.1 P 口径),27305,后1/3段中位(不足60s),38.1067,-57.6795,38.1067,362.81,134.24,362.81,14.2679,,,,False,5351.15,1.92949,-26.1892,3863.6,-5351.15,138.107,-262.81,2691.09,-25621.5,SW3,中途切换-1d9493,20.72,restep,ADC域,True,27696.8,0.254974,unif_k1.25,uniform,1.25,1.25
25979,52,-25927,52,t_on+4.6~5.4s中位(=08-v6.1 P 口径),27305,后1/3段中位(不足60s),0.200563,0.200563,0.200563,109.293,80.8211,109.293,105.315,,,,False,5351.15,7.36892,-19.1485,3863.6,-5351.15,9.29289,-100.201,28336.4,-52,SW3,中途切换-1d9493,30.68,unload,ADC域,True,27696.8,0.9361,unif_k1.25,uniform,1.25,1.25
55.4942,26638.1,26582.6,26638.1,t_on+4.6~5.4s中位(=08-v6.1 P 口径),27305,后1/3段中位(不足60s),6.65189,5.64072,6.65189,100.028,85.9799,100.028,4.14285,,,,False,3863.6,1.02519,-8.79812,3863.6,0,106.652,-0.0281922,1768.24,-26590.1,SW3,中途切换-1d9493,39.08,onset,ADC域,True,27696.8,0.959769,unif_k1.25,uniform,1.25,1.25
27714.7,53,-27661.7,53,段末帧(退化),27305,后1/3段中位(不足60s),0.0180755,0.0180755,0.0180755,102.134,102.134,102.134,98.5371,,,,False,735.924,1.01762,2.13399,735.924,0,2.13351,-100.018,28251.9,-5,SW3,中途切换-1d9493,60.78,restep,ADC域,False,27696.8,0.998732,unif_k1.25,uniform,1.25,1.25
84,15448.2,15364.2,15448.2,t_on+4.6~5.4s中位(=08-v6.1 P 口径),24171.5,t0+60s后中位,51.9203,-2.58941,51.9203,65.5442,65.5442,65.5442,-4.85703,,,,False,1913,0.9472,-37.9012,1756.25,-1913,151.92,34.4558,7977.13,-10070.3,SW4,中途切换-13ffca,8.41,onset,ADC域,True,32452.6,0.473434,unif_k1.25,uniform,1.25,1.25
16085.4,22496.9,6411.47,22496.9,t_on+4.6~5.4s中位(=08-v6.1 P 口径),27884.7,t0+60s后中位,14.4804,-18.5891,14.4804,117.127,117.127,117.127,-69.5542,,,,False,2093.41,0.95417,-1.46197,0,-2093.41,114.48,-17.1271,928.407,-7509.57,SW4,中途切换-13ffca,18.68,restep,ADC域,False,32452.6,0.197564,unif_k1.25,uniform,1.25,1.25
22912.5,24098.4,1185.96,24095.9,t_on+4.6~5.4s中位(=08-v6.1 P 口径),28247.1,t0+60s后中位,-56.5445,-56.5445,-56.5445,635.004,635.004,635.004,-406.575,,,,False,2192.53,0.682685,-115.048,0,-2192.53,43.2408,-535.218,-670.593,-7530.87,SW4,中途切换-13ffca,26.57,restep,ADC域,False,32452.6,0.0365443,unif_k1.25,uniform,1.25,1.25
19465.9,24135.1,4669.26,24133.3,t_on+4.6~5.4s中位(=08-v6.1 P 口径),28278.7,t0+60s后中位,-15.163,-15.163,-15.163,134.598,134.598,134.598,-103.943,,,,False,2207.9,0.701037,8.46587,0,-2207.9,84.7974,-34.638,-708,-6284.74,SW4,中途切换-13ffca,27.6,restep,ADC域,False,32452.6,0.143879,unif_k1.25,uniform,1.25,1.25
24634.7,21004.9,-3629.79,21002.6,t_on+4.6~5.4s中位(=08-v6.1 P 口径),31983.5,t0+60s后中位,578.617,71.2943,578.617,34.4087,34.4087,34.4087,881.14,,,,False,2853.21,-7.65122,-10.126,0,-2853.21,-65.655,-678.68,1248.96,-21002.6,SW4,中途切换-13ffca,45.28,partial_unload,ADC域,True,32452.6,0.111849,unif_k1.25,uniform,1.25,1.25
20983.1,24429.9,3446.83,24429.7,t_on+4.6~5.4s中位(=08-v6.1 P 口径),27976.3,后1/3段中位(不足60s),155.787,-71.0978,155.787,708.757,117.381,708.757,52.8916,,,,False,3760.74,0.904039,-87.9684,3760.74,-2853.21,255.78,-608.764,5369.7,-24429.7,SW4,中途切换-13ffca,61.37,restep,ADC域,False,32452.6,0.106211,unif_k1.25,uniform,1.25,1.25
24442.4,79,-24363.4,78,t_on+4.6~5.4s中位(=08-v6.1 P 口径),27976.3,后1/3段中位(不足60s),0.320153,0.320153,0.320153,122.185,47.6133,122.185,114.829,,,0.01,True,3760.74,1.48798,-52.0666,3760.74,-2661.13,22.1805,-100.324,29768.3,-78,SW4,中途切换-13ffca,68.93,unload,ADC域,True,32452.6,0.750737,unif_k1.25,uniform,1.25,1.25
75,27895.9,27820.9,27895.9,t_on+4.6~5.4s中位(=08-v6.1 P 口径),27976.3,后1/3段中位(不足60s),23.277,6.84185,23.277,100.067,38.3675,100.067,22.9881,,,,False,3760.74,1.10724,-54.8435,3760.74,-9.2776,123.277,-0.0670225,6475.88,-27839.6,SW4,中途切换-13ffca,88,onset,ADC域,True,32452.6,0.857278,unif_k1.25,uniform,1.25,1.25
28337.8,30791.3,2453.48,30791.3,t_on+4.6~5.4s中位(=08-v6.1 P 口径),27976.3,后1/3段中位(不足60s),145.936,120.814,145.936,1252.71,14.6342,1252.71,260.671,,,,False,3542.31,1.04365,-84.5141,3542.31,0,245.936,-1152.71,3580.51,-30734.9,SW4,中途切换-13ffca,99.36,restep,ADC域,False,32452.6,0.0756019,unif_k1.25,uniform,1.25,1.25
29453,32163.4,2710.38,32155.5,t_on+4.6~5.4s中位(=08-v6.1 P 口径),27976.3,后1/3段中位(不足60s),81.771,81.771,81.771,1184.31,-16.1642,1184.31,235.963,,,,False,2577.97,1.08586,-44.9436,2577.97,0,181.479,-1084.6,2216.3,-32099.1,SW4,中途切换-13ffca,104.24,restep,ADC域,True,32452.6,0.083518,unif_k1.25,uniform,1.25,1.25
32462.6,81,-32381.6,83,t_on+4.6~5.4s中位(=08-v6.1 P 口径),27976.3,后1/3段中位(不足60s),0.0822885,0.0822885,0.0822885,102.677,102.677,102.677,86.2218,,,,False,1227.13,1.03091,2.75028,1227.13,0,2.68345,-100.076,33248.5,-26.6463,SW4,中途切换-13ffca,113.8,unload,ADC域,True,32452.6,0.99781,unif_k1.25,uniform,1.25,1.25
0.549442,14.7073,14.1578,14.7057,t_on+4.6~5.4s中位(=08-v6.1 P 口径),1.16117,t0+60s后中位,5.13735,-0.788701,5.13735,76.7128,76.7128,76.7128,100.805,5.36,5.36,5.36,False,2.25141,0.850392,-25.053,1.70144,-2.25141,105.126,23.2759,0.727339,-10.8609,RT1,右拇指指尖/数据1,8.27,onset,显示域,False,19.5791,0.72311,unif_k1.30,uniform,1.3,1.3
14.6375,15.8381,1.20052,15.8268,t_on+4.6~5.4s中位(=08-v6.1 P 口径),1.11186,t0+60s后中位,-32.8006,-32.8006,-32.8006,121.807,115.711,121.807,1192.91,,,,False,2.54718,-0.141274,-92.1817,-0.240574,-2.54718,66.2626,-22.7434,-0.393777,-1.46231,RT1,右拇指指尖/数据1,13.6,restep,显示域,True,19.5791,0.0613163,unif_k1.30,uniform,1.3,1.3
20.0385,0.943245,-19.0952,0.924979,t_on+4.6~5.4s中位(=08-v6.1 P 口径),1.00147,后1/3段中位(不足60s),4.84404,4.84404,4.84404,68.3519,68.3519,68.3519,5.24462,0.03,0.03,0.03,False,5.41639,0.704422,-32.1383,0,-5.41639,-31.7438,-104.94,13.0519,-0.924979,RT1,右拇指指尖/数据1,115.37,unload,显示域,True,19.5791,0.975286,unif_k1.30,uniform,1.3,1.3
0.290396,16.726,16.4356,16.726,t_on+4.6~5.4s中位(=08-v6.1 P 口径),19.7617,t0+60s后中位,-0.903003,-1.11299,-0.903003,90.4771,90.4771,90.4771,-19.3735,13.16,13.16,0.55,False,2.41547,0.868067,-12.9516,2.13354,-2.41547,99.097,9.52291,-0.148414,-14.8705,RT2,右拇指指尖/数据2,12.32,onset,显示域,True,22.0068,0.746843,unif_k1.30,uniform,1.3,1.3
20.8432,22.0158,1.1726,22.0168,t_on+4.6~5.4s中位(=08-v6.1 P 口径),0.329168,t0+60s后中位,-422.213,-422.213,-422.213,1877.61,847.803,1877.61,1427.32,,,,False,6.2192,0.762284,-57.2386,0,-6.2192,-322.135,-1777.53,-4.95085,-22.0168,RT2,右拇指指尖/数据2,147.11,restep,显示域,True,22.0068,0.0532834,unif_k1.30,uniform,1.3,1.3
22.131,0.9172,-21.2138,0.912841,t_on+4.6~5.4s中位(=08-v6.1 P 口径),0.365081,t0+60s后中位,4.30305,4.30305,4.30305,69.4751,69.4751,69.4751,1.72096,0.02,0.02,0.02,False,6.178,0.707494,-30.8666,0,-6.178,-30.5455,-104.324,14.7383,-0.912841,RT2,右拇指指尖/数据2,159.49,unload,显示域,True,22.0068,0.963968,unif_k1.30,uniform,1.3,1.3
0.043,16.5567,16.5137,16.5389,t_on+4.6~5.4s中位(=08-v6.1 P 口径),20.5361,t0+60s后中位,13.5865,5.26309,13.5865,99.3294,99.3294,99.3294,-10.6188,,,,False,2.3674,1.00778,4.27365,2.3674,-0.177791,113.479,0.56317,2.24364,-16.4029,RT3,右拇指指尖/数据3,10.59,onset,显示域,True,21.2279,0.777921,unif_k1.30,uniform,1.3,1.3
21.248,0.521318,-20.7267,0.518415,t_on+4.6~5.4s中位(=08-v6.1 P 口径),0.568345,后1/3段中位(不足60s),2.50119,2.50119,2.50119,64.933,64.933,64.933,2.74209,0.01,0.01,0.01,False,2.55519,0.83932,-35.8846,0,-2.55519,-35.081,-102.515,13.4585,-0.518415,RT3,右拇指指尖/数据3,135.7,unload,显示域,True,21.2279,0.976388,unif_k1.30,uniform,1.3,1.3
0,15.2813,15.2813,15.2813,t_on+4.6~5.4s中位(=08-v6.1 P 口径),17.8094,t0+60s后中位,13.92,4.90794,13.92,100,100,100,-2.62435,,,,False,2.18736,1.01374,4.44779,2.18736,-0.0633991,113.92,0,2.12715,-15.2813,LT1,左拇指指尖/数据1,11.69,onset,显示域,True,18.1566,0.841637,unif_k1.30,uniform,1.3,1.3
18.1567,0,-18.1567,0,t_on+4.6~5.4s中位(=08-v6.1 P 口径),0,后1/3段中位(不足60s),-0,-0,-0,80.2056,80.2056,80.2056,-0,0.13,0.13,0.13,False,1.36096,0.914532,-19.7944,0,-1.36096,-19.7944,-100,14.5627,0,LT1,左拇指指尖/数据1,147.52,unload,显示域,True,18.1566,1.00001,unif_k1.30,uniform,1.3,1.3
0,16.1212,16.1212,16.1212,t_on+4.6~5.4s中位(=08-v6.1 P 口径),18.002,t0+60s后中位,4.41653,4.41653,4.41653,61.2823,61.2823,61.2823,-7.25037,1.96,1.96,1.96,False,2.41252,0.928446,-34.8288,2.41252,-1.10351,104.417,38.7177,0.711996,-9.87941,LT2,左拇指指尖/数据2,14.92,onset,显示域,True,18.6005,0.866705,unif_k1.30,uniform,1.3,1.3
18.6041,0,-18.6041,0,t_on+4.6~5.4s中位(=08-v6.1 P 口径),0,后1/3段中位(不足60s),-0,-0,-0,75.2234,75.2234,75.2234,-0,0.01,0.01,0.01,False,1.91044,0.879885,-24.7766,0,-1.91044,-24.7766,-100,13.9946,0,LT2,左拇指指尖/数据2,140.92,unload,显示域,True,18.6005,1.00019,unif_k1.30,uniform,1.3,1.3
0,17.5144,17.5144,17.5144,t_on+4.6~5.4s中位(=08-v6.1 P 口径),18.8563,t0+60s后中位,6.00244,3.74863,6.00244,66.7966,66.7966,66.7966,-1.65931,,,78.5,True,2.43854,1.00726,-30.064,2.43854,-0.0979361,106.002,33.2034,1.05129,-11.699,LT3,左拇指指尖/数据3,10.87,onset,显示域,True,19.3415,0.905531,unif_k1.30,uniform,1.3,1.3
19.3469,0,-19.3469,0,t_on+4.6~5.4s中位(=08-v6.1 P 口径),0,t0+60s后中位,-0,-0,-0,85.7109,85.7109,85.7109,-0,0.03,0.03,0.03,False,0.912257,0.947855,-14.2891,0,-0.912257,-14.2891,-100,16.5824,0,LT3,左拇指指尖/数据3,132.59,unload,显示域,True,19.3415,1.00028,unif_k1.30,uniform,1.3,1.3
0.064,13.3829,13.3189,13.3829,t_on+4.6~5.4s中位(=08-v6.1 P 口径),0.101758,t0+60s后中位,1.42838,-0.713968,1.42838,66.9611,66.9611,66.9611,101.145,0.5,0.5,0.5,False,2.08834,0.836811,-34.1411,1.80867,-2.08834,101.428,33.0389,0.190244,-8.91846,F41,四指指尖/数据1,10.94,onset,显示域,False,16.302,0.817011,unif_k1.30,uniform,1.3,1.3
10.8737,13.5564,2.68271,13.5564,t_on+4.6~5.4s中位(=08-v6.1 P 口径),0.082,t0+60s后中位,0.624843,-5.30175,0.624843,15.4572,12.0927,15.4572,502.892,,,,False,2.09812,0.0223548,-100,1.26791,-2.09812,100.625,84.5428,0.0167627,-0.414672,F41,四指指尖/数据1,12.19,restep,显示域,False,16.302,0.164564,unif_k1.30,uniform,1.3,1.3
16.4153,0.0723016,-16.343,0.0768358,t_on+4.6~5.4s中位(=08-v6.1 P 口径),0.073,后1/3段中位(不足60s),0.470146,0.470146,0.470146,54.7075,54.7075,54.7075,0.446675,0.01,0.01,0.01,False,3.01411,0.747895,-44.9918,0,-3.01411,-45.2648,-100.442,8.94083,-0.0768358,F41,四指指尖/数据1,130.75,unload,显示域,True,16.302,1.00252,unif_k1.30,uniform,1.3,1.3
0.063,14.7479,14.6849,14.7479,t_on+4.6~5.4s中位(=08-v6.1 P 口径),9.57269,t0+60s后中位,-1.5592,-1.67035,-1.5592,92.5463,92.5463,92.5463,33.6827,0.52,0.52,0.52,False,2.06458,0.894072,-9.8187,2.06458,-1.89832,98.4408,7.45373,-0.228967,-13.5904,F42,四指指尖/数据2,11.03,onset,显示域,True,17.0396,0.861814,unif_k1.30,uniform,1.3,1.3
17.0666,0.0910805,-16.9755,0.091,t_on+4.6~5.4s中位(=08-v6.1 P 口径),0.0823702,后1/3段中位(不足60s),0.536066,0.536066,0.536066,86.7172,86.7172,86.7172,0.485229,0.02,0.02,0.02,False,2.37296,0.861187,-13.0026,0,-2.37296,-13.2833,-100.537,14.7207,-0.091,F42,四指指尖/数据2,130.78,unload,显示域,True,17.0396,0.996243,unif_k1.30,uniform,1.3,1.3
0.068,15.3126,15.2446,15.3126,t_on+4.6~5.4s中位(=08-v6.1 P 口径),16.9838,t0+60s后中位,5.98032,3.27744,5.98032,78.8833,78.8833,78.8833,-4.98258,33.72,33.72,33.72,False,2.21537,0.985034,-18.3292,2.21537,-0.604318,105.98,21.1167,0.911675,-12.0254,F43,四指指尖/数据3,11,onset,显示域,True,17.4353,0.874349,unif_k1.30,uniform,1.3,1.3
17.4903,0.560628,-16.9297,0.585277,t_on+4.6~5.4s中位(=08-v6.1 P 口径),0.0956784,后1/3段中位(不足60s),3.4571,3.4571,3.4571,72.2411,72.2411,72.2411,0.565151,0.09,0.09,0.09,False,1.37426,0.902485,-24.4967,0,-1.37426,-27.6133,-103.312,12.2302,-0.585277,F43,四指指尖/数据3,140.4,unload,显示域,True,17.4353,0.971,unif_k1.30,uniform,1.3,1.3
76,4241.75,4165.75,4241.75,t_on+4.6~5.4s中位(=08-v6.1 P 口径),22201.8,t0+60s后中位,194.206,0.763056,194.206,74.5707,74.5707,74.5707,-236.931,,,3.38,True,889.269,0.951611,-29.2666,725.647,-889.269,294.206,25.4293,8090.13,-3106.43,SW1,切换负载-快相无责,10.84,onset,ADC域,True,27937.6,0.149109,unif_k1.30,uniform,1.3,1.3
4811.46,11606.1,6794.66,11606.1,t_on+4.6~5.4s中位(=08-v6.1 P 口径),25339.1,t0+60s后中位,10.6815,10.6815,10.6815,34.9809,34.9809,34.9809,-191.433,,,,False,1092.13,4.46888,-125.805,292.527,-1092.13,110.681,65.0191,725.77,-2376.83,SW1,切换负载-快相无责,28.63,onset,ADC域,True,27937.6,0.243208,unif_k1.30,uniform,1.3,1.3
12297.8,16207.4,3909.6,16202.1,t_on+4.6~5.4s中位(=08-v6.1 P 口径),25571.5,t0+60s后中位,11.2175,11.2175,11.2175,313.031,313.031,313.031,-228.432,,,,False,4530.02,0.473269,-286.711,0,-4530.02,111.084,-213.164,438.558,-12238.3,SW1,切换负载-快相无责,71.67,restep,ADC域,False,27937.6,0.139941,unif_k1.30,uniform,1.3,1.3
5447.1,18092.5,12645.4,18092.5,t_on+4.6~5.4s中位(=08-v6.1 P 口径),25607.5,t0+60s后中位,-11.4812,-11.4812,-11.4812,108.669,108.669,108.669,-70.9096,,,,False,4530.02,0.485272,-69.4172,-903.517,-4530.02,88.5188,-8.6686,-1451.85,-13741.6,SW1,切换负载-快相无责,75.89,onset,ADC域,True,27937.6,0.452632,unif_k1.30,uniform,1.3,1.3
19384.4,25851.7,6467.25,25850.6,t_on+4.6~5.4s中位(=08-v6.1 P 口径),22087.3,t0+60s后中位,44.2506,-72.7151,44.2506,399.715,204.228,399.715,102.44,,,,False,5456.51,0.740911,31.2991,3412.48,-5456.51,144.234,-299.732,2861.8,-25850.6,SW1,切换负载-快相无责,110.45,restep,ADC域,True,27937.6,0.231489,unif_k1.30,uniform,1.3,1.3
26333.3,25386,-947.345,25386,t_on+4.6~5.4s中位(=08-v6.1 P 口径),20401.6,t0+60s后中位,2679.7,2679.7,2679.7,361.533,197.342,361.533,2153.55,,,,False,5438.54,9.40511,2139.65,3412.48,-5438.54,261.533,-2779.7,3424.96,-25386,SW1,切换负载-快相无责,129.37,partial_unload,ADC域,False,27937.6,0.0339094,unif_k1.30,uniform,1.3,1.3
61.0611,27163.2,27102.1,27163.8,t_on+4.6~5.4s中位(=08-v6.1 P 口径),20127.8,t0+60s后中位,6.17084,5.71397,6.17084,99.9692,99.9692,99.9692,32.1318,,,,False,3412.48,1.04095,5.10513,3412.48,-4.67081,106.173,0.0329822,1672.43,-27093.8,SW1,切换负载-快相无责,133.83,onset,ADC域,True,27937.6,0.970096,unif_k1.30,uniform,1.3,1.3
28005.2,24408.4,-3596.88,24408.4,t_on+4.6~5.4s中位(=08-v6.1 P 口径),25340.8,t0+60s后中位,677.531,677.531,677.531,104.978,104.978,104.978,703.454,,,,False,4034.83,3.8749,656.668,4034.83,-766.455,4.97778,-777.531,3775.93,-24370,SW1,切换负载-快相无责,182.03,partial_unload,ADC域,False,27937.6,0.128747,unif_k1.30,uniform,1.3,1.3
52.8433,25248,25195.2,25248,t_on+4.6~5.4s中位(=08-v6.1 P 口径),60.6632,t0+60s后中位,11.654,11.654,11.654,100.004,100.004,100.004,111.623,,,2.4,True,4034.83,0.976083,10.9136,4034.83,-792.104,111.654,-0.00352015,2936.26,-25196.1,SW1,切换负载-快相无责,185.97,onset,ADC域,True,27937.6,0.901839,unif_k1.30,uniform,1.3,1.3
26086,22170.5,-3915.48,22169.8,t_on+4.6~5.4s中位(=08-v6.1 P 口径),22086.1,后1/3段中位(不足60s),495.409,145.871,495.409,25.9689,25.9689,25.9689,493.272,,,,False,2732.12,1.19357,-59.6826,0,-2732.12,-74.0494,-595.427,1016.81,-19397.7,SW1,切换负载-快相无责,202.65,partial_unload,ADC域,True,27937.6,0.140151,unif_k1.30,uniform,1.3,1.3
22149.6,5769,-16380.6,5767.93,t_on+4.6~5.4s中位(=08-v6.1 P 口径),22086.1,后1/3段中位(不足60s),31.6335,9.31716,31.6335,113.658,93.6629,113.658,131.252,,,,False,2865.18,1.07486,2.91274,0,-2865.18,13.6511,-131.64,18617.8,-5181.77,SW1,切换负载-快相无责,212.4,partial_unload,ADC域,False,27937.6,0.58633,unif_k1.30,uniform,1.3,1.3
5760.84,11857,6096.16,11857,t_on+4.6~5.4s中位(=08-v6.1 P 口径),22086.1,后1/3段中位(不足60s),205.519,-8.49026,205.519,184.884,116.941,184.884,37.7224,,,,False,2865.18,0.871199,-39.9289,0,-2865.18,305.519,-84.8842,12528.8,-11270.8,SW1,切换负载-快相无责,217.74,restep,ADC域,True,27937.6,0.218206,unif_k1.30,uniform,1.3,1.3
12122.3,19875.9,7753.67,19875.9,t_on+4.6~5.4s中位(=08-v6.1 P 口径),22086.1,后1/3段中位(不足60s),58.1637,-26.0894,58.1637,256.343,248.783,256.343,29.6585,,,,False,2865.18,0.77667,-146.248,0,-2865.18,158.164,-156.343,4509.82,-19875.9,SW1,切换负载-快相无责,230.64,restep,ADC域,False,27937.6,0.277535,unif_k1.30,uniform,1.3,1.3
5210.44,20245.8,15035.4,20245.8,t_on+4.6~5.4s中位(=08-v6.1 P 口径),22086.1,后1/3段中位(不足60s),27.5345,-15.9143,27.5345,134.654,125.878,134.654,15.2947,,,,False,2865.18,0.477764,9.67191,0,-2865.18,127.534,-34.6545,4139.92,-20245.8,SW1,切换负载-快相无责,233.05,onset,ADC域,False,27937.6,0.538179,unif_k1.30,uniform,1.3,1.3
20414.6,25671.8,5257.15,25671.8,t_on+4.6~5.4s中位(=08-v6.1 P 口径),22086.1,后1/3段中位(不足60s),-24.4625,-24.4625,-24.4625,488.321,145.679,488.321,43.7427,,,,False,2766.13,0.87731,-0.0786716,0,-2766.13,75.5375,-388.321,-1286.03,-25671.8,SW1,切换负载-快相无责,240.72,restep,ADC域,True,27937.6,0.188175,unif_k1.30,uniform,1.3,1.3
25868,55,-25813,54.9693,t_on+4.6~5.4s中位(=08-v6.1 P 口径),22086.1,后1/3段中位(不足60s),0.212952,0.212952,0.212952,70.8239,70.8239,70.8239,85.5622,,,,False,2576.04,0.876495,-29.1956,0,-2576.04,-29.1762,-100.213,18281.8,-54.9693,SW1,切换负载-快相无责,249.63,unload,ADC域,True,27937.6,0.923952,unif_k1.30,uniform,1.3,1.3
62,14458.3,14396.3,14458.3,t_on+4.6~5.4s中位(=08-v6.1 P 口径),24133.2,后1/3段中位(不足60s),57.7471,12.8457,57.7471,100.431,55.3875,100.431,-9.45693,,,,False,2396.66,1.00123,-39.0392,2396.66,-371.314,157.747,-0.430665,8313.46,-14458.3,SW2,再切换负载,11.79,onset,ADC域,False,25866.3,0.556567,unif_k1.30,uniform,1.3,1.3
13424.9,14858.2,1433.25,14852.5,t_on+4.6~5.4s中位(=08-v6.1 P 口径),24133.2,后1/3段中位(不足60s),561.088,101.529,561.088,1036.28,3.8833,1036.28,-86.4462,,,,False,2396.66,1.04028,-100,2396.66,-371.314,660.692,-936.677,8041.78,-14852.5,SW2,再切换负载,13.7,restep,ADC域,False,25866.3,0.0554099,unif_k1.30,uniform,1.3,1.3
14922.6,15402.5,479.895,15402.8,t_on+4.6~5.4s中位(=08-v6.1 P 口径),24133.2,后1/3段中位(不足60s),1687.5,188.56,1687.5,3209.61,126.263,3209.61,-131.752,,,,False,2396.66,0.990165,-100,2396.66,-286.275,1787.55,-3109.55,8098.22,-15402.8,SW2,再切换负载,14.86,restep,ADC域,False,25866.3,0.0185529,unif_k1.30,uniform,1.3,1.3
16009.1,17425.7,1416.62,17425.7,t_on+4.6~5.4s中位(=08-v6.1 P 口径),24133.2,后1/3段中位(不足60s),669.478,4.50835,669.478,1230.09,1230.09,1230.09,195.989,,,,False,3721.65,0.920553,-849.784,3721.65,-280.322,769.478,-1130.09,9483.97,-17425.7,SW2,再切换负载,31.22,restep,ADC域,False,25866.3,0.0547671,unif_k1.30,uniform,1.3,1.3
37.3925,21643.5,21606.1,21639.1,t_on+4.6~5.4s中位(=08-v6.1 P 口径),24133.2,后1/3段中位(不足60s),26.0431,4.94649,26.0431,100.042,84.0485,100.042,14.4993,,,,False,3721.65,1,-11.5112,3721.65,-14.153,126.023,-0.0619851,5626.89,-21615.1,SW2,再切换负载,35.96,onset,ADC域,True,25866.3,0.835298,unif_k1.30,uniform,1.3,1.3
22655,38.6558,-22616.3,38.4964,t_on+4.6~5.4s中位(=08-v6.1 P 口径),24133.2,后1/3段中位(不足60s),0.0640968,0.0640968,0.0640968,120.857,28.4329,120.857,106.601,,,,False,3721.65,1.02364,-71.5477,3721.65,0,20.8565,-100.065,27333.5,-14.4964,SW2,再切换负载,50.61,unload,ADC域,False,25866.3,0.874356,unif_k1.30,uniform,1.3,1.3
38,25209.3,25171.3,25209.3,t_on+4.6~5.4s中位(=08-v6.1 P 口径),24133.2,后1/3段中位(不足60s),8.59178,7.23358,8.59178,97.159,97.159,97.159,12.8668,,,,False,3721.65,1.05594,3.75257,3721.65,0,108.592,2.84099,2162.66,-24456.2,SW2,再切换负载,57.3,onset,ADC域,True,25866.3,0.973132,unif_k1.30,uniform,1.3,1.3
69.5794,17701.9,17632.3,17701.9,t_on+4.6~5.4s中位(=08-v6.1 P 口径),27305,后1/3段中位(不足60s),59.185,-12.2599,59.185,100.395,68.625,100.395,4.72135,,,,False,5351.15,1.0086,-44.2226,3863.6,-5351.15,159.185,-0.394614,10435.7,-17701.9,SW3,中途切换-1d9493,10.92,onset,ADC域,True,27696.8,0.636617,unif_k1.30,uniform,1.3,1.3
18559.6,25621.5,7061.97,25621.5,t_on+4.6~5.4s中位(=08-v6.1 P 口径),27305,后1/3段中位(不足60s),38.1067,-57.6795,38.1067,362.81,134.24,362.81,14.2679,,,,False,5351.15,1.92949,-26.1892,3863.6,-5351.15,138.107,-262.81,2691.09,-25621.5,SW3,中途切换-1d9493,20.72,restep,ADC域,True,27696.8,0.254974,unif_k1.30,uniform,1.3,1.3
25979,52,-25927,52,t_on+4.6~5.4s中位(=08-v6.1 P 口径),27305,后1/3段中位(不足60s),0.200563,0.200563,0.200563,109.293,80.8211,109.293,105.315,,,,False,5351.15,7.36892,-19.1485,3863.6,-5351.15,9.29289,-100.201,28336.4,-52,SW3,中途切换-1d9493,30.68,unload,ADC域,True,27696.8,0.9361,unif_k1.30,uniform,1.3,1.3
55.4942,26638.1,26582.6,26638.1,t_on+4.6~5.4s中位(=08-v6.1 P 口径),27305,后1/3段中位(不足60s),6.65189,5.64072,6.65189,100.028,85.9799,100.028,4.14285,,,,False,3863.6,1.02519,-8.79812,3863.6,0,106.652,-0.0281922,1768.24,-26590.1,SW3,中途切换-1d9493,39.08,onset,ADC域,True,27696.8,0.959769,unif_k1.30,uniform,1.3,1.3
27714.7,53,-27661.7,53,段末帧(退化),27305,后1/3段中位(不足60s),0.0180755,0.0180755,0.0180755,102.134,102.134,102.134,98.5371,,,,False,735.924,1.01762,2.13399,735.924,0,2.13351,-100.018,28251.9,-5,SW3,中途切换-1d9493,60.78,restep,ADC域,False,27696.8,0.998732,unif_k1.30,uniform,1.3,1.3
84,15448.2,15364.2,15448.2,t_on+4.6~5.4s中位(=08-v6.1 P 口径),24171.5,t0+60s后中位,51.9203,-2.58941,51.9203,65.5442,65.5442,65.5442,-4.85703,,,,False,1913,0.9472,-37.9012,1756.25,-1913,151.92,34.4558,7977.13,-10070.3,SW4,中途切换-13ffca,8.41,onset,ADC域,True,32452.6,0.473434,unif_k1.30,uniform,1.3,1.3
16085.4,22496.9,6411.47,22496.9,t_on+4.6~5.4s中位(=08-v6.1 P 口径),27884.7,t0+60s后中位,14.4804,-18.5891,14.4804,117.127,117.127,117.127,-69.5542,,,,False,2093.41,0.95417,-1.46197,0,-2093.41,114.48,-17.1271,928.407,-7509.57,SW4,中途切换-13ffca,18.68,restep,ADC域,False,32452.6,0.197564,unif_k1.30,uniform,1.3,1.3
22912.5,24098.4,1185.96,24095.9,t_on+4.6~5.4s中位(=08-v6.1 P 口径),28247.1,t0+60s后中位,-56.5445,-56.5445,-56.5445,635.004,635.004,635.004,-406.575,,,,False,2192.53,0.682685,-115.048,0,-2192.53,43.2408,-535.218,-670.593,-7530.87,SW4,中途切换-13ffca,26.57,restep,ADC域,False,32452.6,0.0365443,unif_k1.30,uniform,1.3,1.3
19465.9,24135.1,4669.26,24133.3,t_on+4.6~5.4s中位(=08-v6.1 P 口径),28278.7,t0+60s后中位,-15.163,-15.163,-15.163,134.598,134.598,134.598,-103.943,,,,False,2207.9,0.701037,8.46587,0,-2207.9,84.7974,-34.638,-708,-6284.74,SW4,中途切换-13ffca,27.6,restep,ADC域,False,32452.6,0.143879,unif_k1.30,uniform,1.3,1.3
24634.7,21004.9,-3629.79,21002.6,t_on+4.6~5.4s中位(=08-v6.1 P 口径),31983.5,t0+60s后中位,578.617,71.2943,578.617,34.4087,34.4087,34.4087,881.14,,,,False,2853.21,-7.65122,-10.126,0,-2853.21,-65.655,-678.68,1248.96,-21002.6,SW4,中途切换-13ffca,45.28,partial_unload,ADC域,True,32452.6,0.111849,unif_k1.30,uniform,1.3,1.3
20983.1,24429.9,3446.83,24429.7,t_on+4.6~5.4s中位(=08-v6.1 P 口径),27976.3,后1/3段中位(不足60s),155.787,-71.0978,155.787,708.757,117.354,708.757,52.8916,,,,False,3760.74,0.904039,-87.9684,3760.74,-2853.21,255.78,-608.764,5369.7,-24429.7,SW4,中途切换-13ffca,61.37,restep,ADC域,False,32452.6,0.106211,unif_k1.30,uniform,1.3,1.3
24442.4,79,-24363.4,78,t_on+4.6~5.4s中位(=08-v6.1 P 口径),27976.3,后1/3段中位(不足60s),0.320153,0.320153,0.320153,122.185,47.6133,122.185,114.829,,,0.01,True,3760.74,1.48798,-52.0666,3760.74,-2661.13,22.1805,-100.324,29768.3,-78,SW4,中途切换-13ffca,68.93,unload,ADC域,True,32452.6,0.750737,unif_k1.30,uniform,1.3,1.3
75,27895.9,27820.9,27895.9,t_on+4.6~5.4s中位(=08-v6.1 P 口径),27976.3,后1/3段中位(不足60s),23.277,6.84185,23.277,100.067,38.3675,100.067,22.9881,,,,False,3760.74,1.10724,-54.8435,3760.74,-9.2776,123.277,-0.0670225,6475.88,-27839.6,SW4,中途切换-13ffca,88,onset,ADC域,True,32452.6,0.857278,unif_k1.30,uniform,1.3,1.3
28337.8,30791.3,2453.48,30791.3,t_on+4.6~5.4s中位(=08-v6.1 P 口径),27976.3,后1/3段中位(不足60s),145.936,120.814,145.936,1252.71,14.6342,1252.71,260.671,,,,False,3542.31,1.04365,-84.5141,3542.31,0,245.936,-1152.71,3580.51,-30734.9,SW4,中途切换-13ffca,99.36,restep,ADC域,False,32452.6,0.0756019,unif_k1.30,uniform,1.3,1.3
29453,32163.4,2710.38,32155.5,t_on+4.6~5.4s中位(=08-v6.1 P 口径),27976.3,后1/3段中位(不足60s),81.771,81.771,81.771,1184.31,-16.1642,1184.31,235.963,,,,False,2577.97,1.08586,-44.9436,2577.97,0,181.479,-1084.6,2216.3,-32099.1,SW4,中途切换-13ffca,104.24,restep,ADC域,True,32452.6,0.083518,unif_k1.30,uniform,1.3,1.3
32462.6,81,-32381.6,83,t_on+4.6~5.4s中位(=08-v6.1 P 口径),27976.3,后1/3段中位(不足60s),0.0822885,0.0822885,0.0822885,102.677,102.677,102.677,86.2218,,,,False,1227.13,1.03091,2.75028,1227.13,0,2.68345,-100.076,33248.5,-26.6463,SW4,中途切换-13ffca,113.8,unload,ADC域,True,32452.6,0.99781,unif_k1.30,uniform,1.3,1.3
0.549442,14.7073,14.1578,14.7057,t_on+4.6~5.4s中位(=08-v6.1 P 口径),1.16117,t0+60s后中位,5.13735,-0.788701,5.13735,76.7128,76.7128,76.7128,100.805,5.36,5.36,5.36,False,2.25141,0.850392,-25.053,1.70144,-2.25141,105.126,23.2759,0.727339,-10.8609,RT1,右拇指指尖/数据1,8.27,onset,显示域,False,19.5791,0.72311,unif_k1.35,uniform,1.35,1.35
14.6375,15.8381,1.20052,15.8268,t_on+4.6~5.4s中位(=08-v6.1 P 口径),1.11186,t0+60s后中位,-32.8006,-32.8006,-32.8006,121.807,115.711,121.807,1192.91,,,,False,2.54718,-0.141274,-92.1817,-0.240574,-2.54718,66.2626,-22.7434,-0.393777,-1.46231,RT1,右拇指指尖/数据1,13.6,restep,显示域,True,19.5791,0.0613163,unif_k1.35,uniform,1.35,1.35
20.0385,0.943245,-19.0952,0.924979,t_on+4.6~5.4s中位(=08-v6.1 P 口径),1.00147,后1/3段中位(不足60s),4.84404,4.84404,4.84404,68.3519,68.3519,68.3519,5.24462,0.03,0.03,0.03,False,5.41639,0.704422,-32.1383,0,-5.41639,-31.7438,-104.94,13.0519,-0.924979,RT1,右拇指指尖/数据1,115.37,unload,显示域,True,19.5791,0.975286,unif_k1.35,uniform,1.35,1.35
0.290396,16.726,16.4356,16.726,t_on+4.6~5.4s中位(=08-v6.1 P 口径),19.7617,t0+60s后中位,-0.903003,-1.11299,-0.903003,90.4771,90.4771,90.4771,-19.3735,13.16,13.16,0.55,False,2.41547,0.868067,-12.9516,2.13354,-2.41547,99.097,9.52291,-0.148414,-14.8705,RT2,右拇指指尖/数据2,12.32,onset,显示域,True,22.0068,0.746843,unif_k1.35,uniform,1.35,1.35
20.8432,22.0158,1.1726,22.0168,t_on+4.6~5.4s中位(=08-v6.1 P 口径),0.329168,t0+60s后中位,-422.213,-422.213,-422.213,1877.61,847.803,1877.61,1427.32,,,,False,6.2192,0.762284,-57.2386,0,-6.2192,-322.135,-1777.53,-4.95085,-22.0168,RT2,右拇指指尖/数据2,147.11,restep,显示域,True,22.0068,0.0532834,unif_k1.35,uniform,1.35,1.35
22.131,0.9172,-21.2138,0.912841,t_on+4.6~5.4s中位(=08-v6.1 P 口径),0.365081,t0+60s后中位,4.30305,4.30305,4.30305,69.4751,69.4751,69.4751,1.72096,0.02,0.02,0.02,False,6.178,0.707494,-30.8666,0,-6.178,-30.5455,-104.324,14.7383,-0.912841,RT2,右拇指指尖/数据2,159.49,unload,显示域,True,22.0068,0.963968,unif_k1.35,uniform,1.35,1.35
0.043,16.5567,16.5137,16.5389,t_on+4.6~5.4s中位(=08-v6.1 P 口径),20.5361,t0+60s后中位,13.5865,5.26309,13.5865,99.3294,99.3294,99.3294,-10.6188,,,,False,2.3674,1.00778,4.27365,2.3674,-0.177791,113.479,0.56317,2.24364,-16.4029,RT3,右拇指指尖/数据3,10.59,onset,显示域,True,21.2279,0.777921,unif_k1.35,uniform,1.35,1.35
21.248,0.521318,-20.7267,0.518415,t_on+4.6~5.4s中位(=08-v6.1 P 口径),0.568345,后1/3段中位(不足60s),2.50119,2.50119,2.50119,64.933,64.933,64.933,2.74209,0.01,0.01,0.01,False,2.55519,0.83932,-35.8846,0,-2.55519,-35.081,-102.515,13.4585,-0.518415,RT3,右拇指指尖/数据3,135.7,unload,显示域,True,21.2279,0.976388,unif_k1.35,uniform,1.35,1.35
0,15.2813,15.2813,15.2813,t_on+4.6~5.4s中位(=08-v6.1 P 口径),17.8094,t0+60s后中位,13.92,4.90794,13.92,100,100,100,-2.62435,,,,False,2.18736,1.01374,4.44779,2.18736,-0.0633991,113.92,0,2.12715,-15.2813,LT1,左拇指指尖/数据1,11.69,onset,显示域,True,18.1566,0.841637,unif_k1.35,uniform,1.35,1.35
18.1567,0,-18.1567,0,t_on+4.6~5.4s中位(=08-v6.1 P 口径),0,后1/3段中位(不足60s),-0,-0,-0,80.2056,80.2056,80.2056,-0,0.13,0.13,0.13,False,1.36096,0.914532,-19.7944,0,-1.36096,-19.7944,-100,14.5627,0,LT1,左拇指指尖/数据1,147.52,unload,显示域,True,18.1566,1.00001,unif_k1.35,uniform,1.35,1.35
0,16.1212,16.1212,16.1212,t_on+4.6~5.4s中位(=08-v6.1 P 口径),18.002,t0+60s后中位,4.41653,4.41653,4.41653,61.2823,61.2823,61.2823,-7.25037,1.96,1.96,1.96,False,2.41252,0.928446,-34.8288,2.41252,-1.10351,104.417,38.7177,0.711996,-9.87941,LT2,左拇指指尖/数据2,14.92,onset,显示域,True,18.6005,0.866705,unif_k1.35,uniform,1.35,1.35
18.6041,0,-18.6041,0,t_on+4.6~5.4s中位(=08-v6.1 P 口径),0,后1/3段中位(不足60s),-0,-0,-0,75.2234,75.2234,75.2234,-0,0.01,0.01,0.01,False,1.91044,0.879885,-24.7766,0,-1.91044,-24.7766,-100,13.9946,0,LT2,左拇指指尖/数据2,140.92,unload,显示域,True,18.6005,1.00019,unif_k1.35,uniform,1.35,1.35
0,17.5144,17.5144,17.5144,t_on+4.6~5.4s中位(=08-v6.1 P 口径),18.8563,t0+60s后中位,6.00244,3.74863,6.00244,66.7966,66.7966,66.7966,-1.65931,,,78.5,True,2.43854,1.00726,-30.064,2.43854,-0.0979361,106.002,33.2034,1.05129,-11.699,LT3,左拇指指尖/数据3,10.87,onset,显示域,True,19.3415,0.905531,unif_k1.35,uniform,1.35,1.35
19.3469,0,-19.3469,0,t_on+4.6~5.4s中位(=08-v6.1 P 口径),0,t0+60s后中位,-0,-0,-0,85.7109,85.7109,85.7109,-0,0.03,0.03,0.03,False,0.912257,0.947855,-14.2891,0,-0.912257,-14.2891,-100,16.5824,0,LT3,左拇指指尖/数据3,132.59,unload,显示域,True,19.3415,1.00028,unif_k1.35,uniform,1.35,1.35
0.064,13.3829,13.3189,13.3829,t_on+4.6~5.4s中位(=08-v6.1 P 口径),0.101758,t0+60s后中位,1.42838,-0.713968,1.42838,66.9611,66.9611,66.9611,101.145,0.5,0.5,0.5,False,2.08834,0.836811,-34.1411,1.80867,-2.08834,101.428,33.0389,0.190244,-8.91846,F41,四指指尖/数据1,10.94,onset,显示域,False,16.302,0.817011,unif_k1.35,uniform,1.35,1.35
10.8737,13.5564,2.68271,13.5564,t_on+4.6~5.4s中位(=08-v6.1 P 口径),0.082,t0+60s后中位,0.624843,-5.30175,0.624843,15.4572,12.0927,15.4572,502.892,,,,False,2.09812,0.0223548,-100,1.26791,-2.09812,100.625,84.5428,0.0167627,-0.414672,F41,四指指尖/数据1,12.19,restep,显示域,False,16.302,0.164564,unif_k1.35,uniform,1.35,1.35
16.4153,0.0723016,-16.343,0.0768358,t_on+4.6~5.4s中位(=08-v6.1 P 口径),0.073,后1/3段中位(不足60s),0.470146,0.470146,0.470146,54.7075,54.7075,54.7075,0.446675,0.01,0.01,0.01,False,3.01411,0.747895,-44.9918,0,-3.01411,-45.2648,-100.442,8.94083,-0.0768358,F41,四指指尖/数据1,130.75,unload,显示域,True,16.302,1.00252,unif_k1.35,uniform,1.35,1.35
0.063,14.7479,14.6849,14.7479,t_on+4.6~5.4s中位(=08-v6.1 P 口径),9.57269,t0+60s后中位,-1.5592,-1.67035,-1.5592,92.5463,92.5463,92.5463,33.6827,0.52,0.52,0.52,False,2.06458,0.894072,-9.8187,2.06458,-1.89832,98.4408,7.45373,-0.228967,-13.5904,F42,四指指尖/数据2,11.03,onset,显示域,True,17.0396,0.861814,unif_k1.35,uniform,1.35,1.35
17.0666,0.0910805,-16.9755,0.091,t_on+4.6~5.4s中位(=08-v6.1 P 口径),0.0823702,后1/3段中位(不足60s),0.536066,0.536066,0.536066,86.7172,86.7172,86.7172,0.485229,0.02,0.02,0.02,False,2.37296,0.861187,-13.0026,0,-2.37296,-13.2833,-100.537,14.7207,-0.091,F42,四指指尖/数据2,130.78,unload,显示域,True,17.0396,0.996243,unif_k1.35,uniform,1.35,1.35
0.068,15.3126,15.2446,15.3126,t_on+4.6~5.4s中位(=08-v6.1 P 口径),16.9838,t0+60s后中位,5.98032,3.27744,5.98032,78.8833,78.8833,78.8833,-4.98258,33.72,33.72,33.72,False,2.21537,0.985034,-18.3292,2.21537,-0.604318,105.98,21.1167,0.911675,-12.0254,F43,四指指尖/数据3,11,onset,显示域,True,17.4353,0.874349,unif_k1.35,uniform,1.35,1.35
17.4903,0.560628,-16.9297,0.585277,t_on+4.6~5.4s中位(=08-v6.1 P 口径),0.0956784,后1/3段中位(不足60s),3.4571,3.4571,3.4571,72.2411,72.2411,72.2411,0.565151,0.09,0.09,0.09,False,1.37426,0.902485,-24.4967,0,-1.37426,-27.6133,-103.312,12.2302,-0.585277,F43,四指指尖/数据3,140.4,unload,显示域,True,17.4353,0.971,unif_k1.35,uniform,1.35,1.35
76,4241.75,4165.75,4241.75,t_on+4.6~5.4s中位(=08-v6.1 P 口径),22201.8,t0+60s后中位,194.206,0.763056,194.206,74.5707,74.5707,74.5707,-236.931,,,3.38,True,889.269,0.951611,-29.2666,725.647,-889.269,294.206,25.4293,8090.13,-3106.43,SW1,切换负载-快相无责,10.84,onset,ADC域,True,27937.6,0.149109,unif_k1.35,uniform,1.35,1.35
4811.46,11606.1,6794.66,11606.1,t_on+4.6~5.4s中位(=08-v6.1 P 口径),25339.1,t0+60s后中位,10.6815,10.6815,10.6815,34.9809,34.9809,34.9809,-191.433,,,,False,1092.13,4.46888,-125.805,292.527,-1092.13,110.681,65.0191,725.77,-2376.83,SW1,切换负载-快相无责,28.63,onset,ADC域,True,27937.6,0.243208,unif_k1.35,uniform,1.35,1.35
12297.8,16207.4,3909.6,16202.1,t_on+4.6~5.4s中位(=08-v6.1 P 口径),25571.5,t0+60s后中位,11.2175,11.2175,11.2175,313.031,313.031,313.031,-228.432,,,,False,4530.02,0.473269,-286.711,0,-4530.02,111.084,-213.164,438.558,-12238.3,SW1,切换负载-快相无责,71.67,restep,ADC域,False,27937.6,0.139941,unif_k1.35,uniform,1.35,1.35
5447.1,18092.5,12645.4,18092.5,t_on+4.6~5.4s中位(=08-v6.1 P 口径),25607.5,t0+60s后中位,-11.4812,-11.4812,-11.4812,108.545,108.545,108.545,-70.9096,,,,False,4530.02,0.485272,-69.4172,-887.877,-4530.02,88.5188,-8.54491,-1451.85,-13726,SW1,切换负载-快相无责,75.89,onset,ADC域,True,27937.6,0.452632,unif_k1.35,uniform,1.35,1.35
19384.4,25851.7,6467.25,25850.6,t_on+4.6~5.4s中位(=08-v6.1 P 口径),22087.3,t0+60s后中位,44.2506,-72.7151,44.2506,399.715,204.228,399.715,102.44,,,,False,5456.51,0.740911,31.2991,3412.48,-5456.51,144.234,-299.732,2861.8,-25850.6,SW1,切换负载-快相无责,110.45,restep,ADC域,True,27937.6,0.231489,unif_k1.35,uniform,1.35,1.35
26333.3,25386,-947.345,25386,t_on+4.6~5.4s中位(=08-v6.1 P 口径),20401.6,t0+60s后中位,2679.7,2679.7,2679.7,361.533,197.342,361.533,2153.55,,,,False,5438.54,9.40511,2139.65,3412.48,-5438.54,261.533,-2779.7,3424.96,-25386,SW1,切换负载-快相无责,129.37,partial_unload,ADC域,False,27937.6,0.0339094,unif_k1.35,uniform,1.35,1.35
61.0611,27163.2,27102.1,27163.8,t_on+4.6~5.4s中位(=08-v6.1 P 口径),20127.8,t0+60s后中位,6.17084,5.71397,6.17084,99.9692,99.9692,99.9692,32.1318,,,,False,3412.48,1.04095,5.10513,3412.48,-4.67081,106.173,0.0329822,1672.43,-27093.8,SW1,切换负载-快相无责,133.83,onset,ADC域,True,27937.6,0.970096,unif_k1.35,uniform,1.35,1.35
28005.2,24408.4,-3596.88,24408.4,t_on+4.6~5.4s中位(=08-v6.1 P 口径),25340.8,t0+60s后中位,677.531,677.531,677.531,104.978,104.978,104.978,703.454,,,,False,4034.83,3.8749,656.668,4034.83,-766.455,4.97778,-777.531,3775.93,-24370,SW1,切换负载-快相无责,182.03,partial_unload,ADC域,False,27937.6,0.128747,unif_k1.35,uniform,1.35,1.35
52.8433,25248,25195.2,25248,t_on+4.6~5.4s中位(=08-v6.1 P 口径),60.6632,t0+60s后中位,11.654,11.654,11.654,100.004,100.004,100.004,111.623,,,2.4,True,4034.83,0.976083,10.9136,4034.83,-792.104,111.654,-0.00352015,2936.26,-25196.1,SW1,切换负载-快相无责,185.97,onset,ADC域,True,27937.6,0.901839,unif_k1.35,uniform,1.35,1.35
26086,22170.5,-3915.48,22169.8,t_on+4.6~5.4s中位(=08-v6.1 P 口径),22086.1,后1/3段中位(不足60s),495.409,145.871,495.409,25.9689,25.9689,25.9689,493.272,,,,False,2732.12,1.19357,-59.6826,0,-2732.12,-74.0494,-595.427,1016.81,-19397.7,SW1,切换负载-快相无责,202.65,partial_unload,ADC域,True,27937.6,0.140151,unif_k1.35,uniform,1.35,1.35
22149.6,5769,-16380.6,5767.93,t_on+4.6~5.4s中位(=08-v6.1 P 口径),22086.1,后1/3段中位(不足60s),31.6335,9.31716,31.6335,113.658,93.6629,113.658,131.252,,,,False,2865.18,1.07486,2.91274,0,-2865.18,13.6511,-131.64,18617.8,-5181.77,SW1,切换负载-快相无责,212.4,partial_unload,ADC域,False,27937.6,0.58633,unif_k1.35,uniform,1.35,1.35
5760.84,11857,6096.16,11857,t_on+4.6~5.4s中位(=08-v6.1 P 口径),22086.1,后1/3段中位(不足60s),205.519,-8.49026,205.519,184.884,116.941,184.884,37.7224,,,,False,2865.18,0.871199,-39.9289,0,-2865.18,305.519,-84.8842,12528.8,-11270.8,SW1,切换负载-快相无责,217.74,restep,ADC域,True,27937.6,0.218206,unif_k1.35,uniform,1.35,1.35
12122.3,19875.9,7753.67,19875.9,t_on+4.6~5.4s中位(=08-v6.1 P 口径),22086.1,后1/3段中位(不足60s),58.1637,-26.0894,58.1637,256.343,248.783,256.343,29.6585,,,,False,2865.18,0.77667,-146.248,0,-2865.18,158.164,-156.343,4509.82,-19875.9,SW1,切换负载-快相无责,230.64,restep,ADC域,False,27937.6,0.277535,unif_k1.35,uniform,1.35,1.35
5210.44,20245.8,15035.4,20245.8,t_on+4.6~5.4s中位(=08-v6.1 P 口径),22086.1,后1/3段中位(不足60s),27.5345,-15.9143,27.5345,134.654,125.878,134.654,15.2947,,,,False,2865.18,0.477764,9.67191,0,-2865.18,127.534,-34.6545,4139.92,-20245.8,SW1,切换负载-快相无责,233.05,onset,ADC域,False,27937.6,0.538179,unif_k1.35,uniform,1.35,1.35
20414.6,25671.8,5257.15,25671.8,t_on+4.6~5.4s中位(=08-v6.1 P 口径),22086.1,后1/3段中位(不足60s),-24.4625,-24.4625,-24.4625,488.321,145.679,488.321,43.7427,,,,False,2766.13,0.87731,-0.0786716,0,-2766.13,75.5375,-388.321,-1286.03,-25671.8,SW1,切换负载-快相无责,240.72,restep,ADC域,True,27937.6,0.188175,unif_k1.35,uniform,1.35,1.35
25868,55,-25813,54.9693,t_on+4.6~5.4s中位(=08-v6.1 P 口径),22086.1,后1/3段中位(不足60s),0.212952,0.212952,0.212952,70.8239,70.8239,70.8239,85.5622,,,,False,2576.04,0.876495,-29.1956,0,-2576.04,-29.1762,-100.213,18281.8,-54.9693,SW1,切换负载-快相无责,249.63,unload,ADC域,True,27937.6,0.923952,unif_k1.35,uniform,1.35,1.35
62,14458.3,14396.3,14458.3,t_on+4.6~5.4s中位(=08-v6.1 P 口径),24133.2,后1/3段中位(不足60s),57.7471,12.8457,57.7471,100.431,55.3875,100.431,-9.45693,,,,False,2396.66,1.00123,-39.0392,2396.66,-371.314,157.747,-0.430665,8313.46,-14458.3,SW2,再切换负载,11.79,onset,ADC域,False,25866.3,0.556567,unif_k1.35,uniform,1.35,1.35
13424.9,14858.2,1433.25,14852.5,t_on+4.6~5.4s中位(=08-v6.1 P 口径),24133.2,后1/3段中位(不足60s),561.088,101.529,561.088,1036.28,3.8833,1036.28,-86.4462,,,,False,2396.66,1.04028,-100,2396.66,-371.314,660.692,-936.677,8041.78,-14852.5,SW2,再切换负载,13.7,restep,ADC域,False,25866.3,0.0554099,unif_k1.35,uniform,1.35,1.35
14922.6,15402.5,479.895,15402.8,t_on+4.6~5.4s中位(=08-v6.1 P 口径),24133.2,后1/3段中位(不足60s),1687.5,188.56,1687.5,3209.61,126.263,3209.61,-131.752,,,,False,2396.66,0.990165,-100,2396.66,-286.275,1787.55,-3109.55,8098.22,-15402.8,SW2,再切换负载,14.86,restep,ADC域,False,25866.3,0.0185529,unif_k1.35,uniform,1.35,1.35
16009.1,17425.7,1416.62,17425.7,t_on+4.6~5.4s中位(=08-v6.1 P 口径),24133.2,后1/3段中位(不足60s),669.478,4.50835,669.478,1230.09,1230.09,1230.09,195.989,,,,False,3721.65,0.920553,-849.784,3721.65,-280.322,769.478,-1130.09,9483.97,-17425.7,SW2,再切换负载,31.22,restep,ADC域,False,25866.3,0.0547671,unif_k1.35,uniform,1.35,1.35
37.3925,21643.5,21606.1,21639.1,t_on+4.6~5.4s中位(=08-v6.1 P 口径),24133.2,后1/3段中位(不足60s),26.0431,4.94649,26.0431,100.042,84.0485,100.042,14.4993,,,,False,3721.65,1,-11.5112,3721.65,-14.153,126.023,-0.0619851,5626.89,-21615.1,SW2,再切换负载,35.96,onset,ADC域,True,25866.3,0.835298,unif_k1.35,uniform,1.35,1.35
22655,38.6558,-22616.3,38.4964,t_on+4.6~5.4s中位(=08-v6.1 P 口径),24133.2,后1/3段中位(不足60s),0.0640968,0.0640968,0.0640968,120.857,28.4329,120.857,106.601,,,,False,3721.65,1.02364,-71.5477,3721.65,0,20.8565,-100.065,27333.5,-14.4964,SW2,再切换负载,50.61,unload,ADC域,False,25866.3,0.874356,unif_k1.35,uniform,1.35,1.35
38,25209.3,25171.3,25209.3,t_on+4.6~5.4s中位(=08-v6.1 P 口径),24133.2,后1/3段中位(不足60s),8.59178,7.23358,8.59178,97.159,97.159,97.159,12.8668,,,,False,3721.65,1.05594,3.75257,3721.65,0,108.592,2.84099,2162.66,-24456.2,SW2,再切换负载,57.3,onset,ADC域,True,25866.3,0.973132,unif_k1.35,uniform,1.35,1.35
69.5794,17701.9,17632.3,17701.9,t_on+4.6~5.4s中位(=08-v6.1 P 口径),27305,后1/3段中位(不足60s),59.185,-12.2599,59.185,100.395,68.625,100.395,4.72135,,,,False,5351.15,1.0086,-44.2226,3863.6,-5351.15,159.185,-0.394614,10435.7,-17701.9,SW3,中途切换-1d9493,10.92,onset,ADC域,True,27696.8,0.636617,unif_k1.35,uniform,1.35,1.35
18559.6,25621.5,7061.97,25621.5,t_on+4.6~5.4s中位(=08-v6.1 P 口径),27305,后1/3段中位(不足60s),38.1067,-57.6795,38.1067,362.81,134.24,362.81,14.2679,,,,False,5351.15,1.92949,-26.1892,3863.6,-5351.15,138.107,-262.81,2691.09,-25621.5,SW3,中途切换-1d9493,20.72,restep,ADC域,True,27696.8,0.254974,unif_k1.35,uniform,1.35,1.35
25979,52,-25927,52,t_on+4.6~5.4s中位(=08-v6.1 P 口径),27305,后1/3段中位(不足60s),0.200563,0.200563,0.200563,109.293,80.8211,109.293,105.315,,,,False,5351.15,7.36892,-19.1485,3863.6,-5351.15,9.29289,-100.201,28336.4,-52,SW3,中途切换-1d9493,30.68,unload,ADC域,True,27696.8,0.9361,unif_k1.35,uniform,1.35,1.35
55.4942,26638.1,26582.6,26638.1,t_on+4.6~5.4s中位(=08-v6.1 P 口径),27305,后1/3段中位(不足60s),6.65189,5.64072,6.65189,100.028,85.9799,100.028,4.14285,,,,False,3863.6,1.02519,-8.79812,3863.6,0,106.652,-0.0281922,1768.24,-26590.1,SW3,中途切换-1d9493,39.08,onset,ADC域,True,27696.8,0.959769,unif_k1.35,uniform,1.35,1.35
27714.7,53,-27661.7,53,段末帧(退化),27305,后1/3段中位(不足60s),0.0180755,0.0180755,0.0180755,102.134,102.134,102.134,98.5371,,,,False,735.924,1.01762,2.13399,735.924,0,2.13351,-100.018,28251.9,-5,SW3,中途切换-1d9493,60.78,restep,ADC域,False,27696.8,0.998732,unif_k1.35,uniform,1.35,1.35
84,15448.2,15364.2,15448.2,t_on+4.6~5.4s中位(=08-v6.1 P 口径),24171.5,t0+60s后中位,51.9203,-2.58941,51.9203,65.5442,65.5442,65.5442,-4.85703,,,,False,1913,0.9472,-37.9012,1756.25,-1913,151.92,34.4558,7977.13,-10070.3,SW4,中途切换-13ffca,8.41,onset,ADC域,True,32452.6,0.473434,unif_k1.35,uniform,1.35,1.35
16085.4,22496.9,6411.47,22496.9,t_on+4.6~5.4s中位(=08-v6.1 P 口径),27884.7,t0+60s后中位,14.4804,-18.5891,14.4804,117.127,117.127,117.127,-69.5542,,,,False,2093.41,0.95417,-1.46197,0,-2093.41,114.48,-17.1271,928.407,-7509.57,SW4,中途切换-13ffca,18.68,restep,ADC域,False,32452.6,0.197564,unif_k1.35,uniform,1.35,1.35
22912.5,24098.4,1185.96,24095.9,t_on+4.6~5.4s中位(=08-v6.1 P 口径),28247.1,t0+60s后中位,-56.5445,-56.5445,-56.5445,635.004,635.004,635.004,-406.575,,,,False,2192.53,0.682685,-115.048,0,-2192.53,43.2408,-535.218,-670.593,-7530.87,SW4,中途切换-13ffca,26.57,restep,ADC域,False,32452.6,0.0365443,unif_k1.35,uniform,1.35,1.35
19465.9,24135.1,4669.26,24133.3,t_on+4.6~5.4s中位(=08-v6.1 P 口径),28278.7,t0+60s后中位,-15.163,-15.163,-15.163,134.598,134.598,134.598,-103.943,,,,False,2207.9,0.701037,8.46587,0,-2207.9,84.7974,-34.638,-708,-6284.74,SW4,中途切换-13ffca,27.6,restep,ADC域,False,32452.6,0.143879,unif_k1.35,uniform,1.35,1.35
24634.7,21004.9,-3629.79,21002.6,t_on+4.6~5.4s中位(=08-v6.1 P 口径),31983.5,t0+60s后中位,578.617,71.2943,578.617,34.4087,34.4087,34.4087,881.14,,,,False,2853.21,-7.65122,-10.126,0,-2853.21,-65.655,-678.68,1248.96,-21002.6,SW4,中途切换-13ffca,45.28,partial_unload,ADC域,True,32452.6,0.111849,unif_k1.35,uniform,1.35,1.35
20983.1,24429.9,3446.83,24429.7,t_on+4.6~5.4s中位(=08-v6.1 P 口径),27976.3,后1/3段中位(不足60s),155.787,-71.0978,155.787,708.757,117.328,708.757,52.8916,,,,False,3760.74,0.904039,-87.9684,3760.74,-2853.21,255.78,-608.764,5369.7,-24429.7,SW4,中途切换-13ffca,61.37,restep,ADC域,False,32452.6,0.106211,unif_k1.35,uniform,1.35,1.35
24442.4,79,-24363.4,78,t_on+4.6~5.4s中位(=08-v6.1 P 口径),27976.3,后1/3段中位(不足60s),0.320153,0.320153,0.320153,122.185,47.6133,122.185,114.829,,,0.01,True,3760.74,1.48798,-52.0666,3760.74,-2661.13,22.1805,-100.324,29768.3,-78,SW4,中途切换-13ffca,68.93,unload,ADC域,True,32452.6,0.750737,unif_k1.35,uniform,1.35,1.35
75,27895.9,27820.9,27895.9,t_on+4.6~5.4s中位(=08-v6.1 P 口径),27976.3,后1/3段中位(不足60s),23.277,6.84185,23.277,100.067,38.3675,100.067,22.9881,,,,False,3760.74,1.10724,-54.8435,3760.74,-9.2776,123.277,-0.0670225,6475.88,-27839.6,SW4,中途切换-13ffca,88,onset,ADC域,True,32452.6,0.857278,unif_k1.35,uniform,1.35,1.35
28337.8,30791.3,2453.48,30791.3,t_on+4.6~5.4s中位(=08-v6.1 P 口径),27976.3,后1/3段中位(不足60s),145.936,120.814,145.936,1252.71,14.6342,1252.71,260.671,,,,False,3542.31,1.04365,-84.5141,3542.31,0,245.936,-1152.71,3580.51,-30734.9,SW4,中途切换-13ffca,99.36,restep,ADC域,False,32452.6,0.0756019,unif_k1.35,uniform,1.35,1.35
29453,32163.4,2710.38,32155.5,t_on+4.6~5.4s中位(=08-v6.1 P 口径),27976.3,后1/3段中位(不足60s),81.771,81.771,81.771,1184.31,-16.1642,1184.31,235.963,,,,False,2577.97,1.08586,-44.9436,2577.97,0,181.479,-1084.6,2216.3,-32099.1,SW4,中途切换-13ffca,104.24,restep,ADC域,True,32452.6,0.083518,unif_k1.35,uniform,1.35,1.35
32462.6,81,-32381.6,83,t_on+4.6~5.4s中位(=08-v6.1 P 口径),27976.3,后1/3段中位(不足60s),0.0822885,0.0822885,0.0822885,102.677,102.677,102.677,86.2218,,,,False,1227.13,1.03091,2.75028,1227.13,0,2.68345,-100.076,33248.5,-26.6463,SW4,中途切换-13ffca,113.8,unload,ADC域,True,32452.6,0.99781,unif_k1.35,uniform,1.35,1.35
0.549442,14.7073,14.1578,14.7057,t_on+4.6~5.4s中位(=08-v6.1 P 口径),1.16117,t0+60s后中位,5.13735,-0.788701,5.13735,76.7128,76.7128,76.7128,100.805,5.36,5.36,5.36,False,2.25141,0.850392,-25.053,1.70144,-2.25141,105.126,23.2759,0.727339,-10.8609,RT1,右拇指指尖/数据1,8.27,onset,显示域,False,19.5791,0.72311,unif_k1.40,uniform,1.4,1.4
14.6375,15.8381,1.20052,15.8268,t_on+4.6~5.4s中位(=08-v6.1 P 口径),1.11186,t0+60s后中位,-32.8006,-32.8006,-32.8006,121.807,115.711,121.807,1192.91,,,,False,2.54718,-0.141274,-92.1817,-0.240574,-2.54718,66.2626,-22.7434,-0.393777,-1.46231,RT1,右拇指指尖/数据1,13.6,restep,显示域,True,19.5791,0.0613163,unif_k1.40,uniform,1.4,1.4
20.0385,0.943245,-19.0952,0.924979,t_on+4.6~5.4s中位(=08-v6.1 P 口径),1.00147,后1/3段中位(不足60s),4.84404,4.84404,4.84404,68.3519,68.3519,68.3519,5.24462,0.03,0.03,0.03,False,5.41639,0.704422,-32.1383,0,-5.41639,-31.7438,-104.94,13.0519,-0.924979,RT1,右拇指指尖/数据1,115.37,unload,显示域,True,19.5791,0.975286,unif_k1.40,uniform,1.4,1.4
0.290396,16.726,16.4356,16.726,t_on+4.6~5.4s中位(=08-v6.1 P 口径),19.7617,t0+60s后中位,-0.903003,-1.11299,-0.903003,90.4771,90.4771,90.4771,-19.3735,13.16,13.16,0.55,False,2.41547,0.868067,-12.9516,2.13354,-2.41547,99.097,9.52291,-0.148414,-14.8705,RT2,右拇指指尖/数据2,12.32,onset,显示域,True,22.0068,0.746843,unif_k1.40,uniform,1.4,1.4
20.8432,22.0158,1.1726,22.0168,t_on+4.6~5.4s中位(=08-v6.1 P 口径),0.329168,t0+60s后中位,-422.213,-422.213,-422.213,1877.61,847.803,1877.61,1427.32,,,,False,6.2192,0.762284,-57.2386,0,-6.2192,-322.135,-1777.53,-4.95085,-22.0168,RT2,右拇指指尖/数据2,147.11,restep,显示域,True,22.0068,0.0532834,unif_k1.40,uniform,1.4,1.4
22.131,0.9172,-21.2138,0.912841,t_on+4.6~5.4s中位(=08-v6.1 P 口径),0.365081,t0+60s后中位,4.30305,4.30305,4.30305,69.4751,69.4751,69.4751,1.72096,0.02,0.02,0.02,False,6.178,0.707494,-30.8666,0,-6.178,-30.5455,-104.324,14.7383,-0.912841,RT2,右拇指指尖/数据2,159.49,unload,显示域,True,22.0068,0.963968,unif_k1.40,uniform,1.4,1.4
0.043,16.5567,16.5137,16.5389,t_on+4.6~5.4s中位(=08-v6.1 P 口径),20.5361,t0+60s后中位,13.5865,5.26309,13.5865,99.3294,99.3294,99.3294,-10.6188,,,,False,2.3674,1.00778,4.27365,2.3674,-0.177791,113.479,0.56317,2.24364,-16.4029,RT3,右拇指指尖/数据3,10.59,onset,显示域,True,21.2279,0.777921,unif_k1.40,uniform,1.4,1.4
21.248,0.521318,-20.7267,0.518415,t_on+4.6~5.4s中位(=08-v6.1 P 口径),0.568345,后1/3段中位(不足60s),2.50119,2.50119,2.50119,64.933,64.933,64.933,2.74209,0.01,0.01,0.01,False,2.55519,0.83932,-35.8846,0,-2.55519,-35.081,-102.515,13.4585,-0.518415,RT3,右拇指指尖/数据3,135.7,unload,显示域,True,21.2279,0.976388,unif_k1.40,uniform,1.4,1.4
0,15.2813,15.2813,15.2813,t_on+4.6~5.4s中位(=08-v6.1 P 口径),17.8094,t0+60s后中位,13.92,4.90794,13.92,100,100,100,-2.62435,,,,False,2.18736,1.01374,4.44779,2.18736,-0.0633991,113.92,0,2.12715,-15.2813,LT1,左拇指指尖/数据1,11.69,onset,显示域,True,18.1566,0.841637,unif_k1.40,uniform,1.4,1.4
18.1567,0,-18.1567,0,t_on+4.6~5.4s中位(=08-v6.1 P 口径),0,后1/3段中位(不足60s),-0,-0,-0,80.2056,80.2056,80.2056,-0,0.13,0.13,0.13,False,1.36096,0.914532,-19.7944,0,-1.36096,-19.7944,-100,14.5627,0,LT1,左拇指指尖/数据1,147.52,unload,显示域,True,18.1566,1.00001,unif_k1.40,uniform,1.4,1.4
0,16.1212,16.1212,16.1212,t_on+4.6~5.4s中位(=08-v6.1 P 口径),18.002,t0+60s后中位,4.41653,4.41653,4.41653,61.2823,61.2823,61.2823,-7.25037,1.96,1.96,1.96,False,2.41252,0.928446,-34.8288,2.41252,-1.10351,104.417,38.7177,0.711996,-9.87941,LT2,左拇指指尖/数据2,14.92,onset,显示域,True,18.6005,0.866705,unif_k1.40,uniform,1.4,1.4
18.6041,0,-18.6041,0,t_on+4.6~5.4s中位(=08-v6.1 P 口径),0,后1/3段中位(不足60s),-0,-0,-0,75.2234,75.2234,75.2234,-0,0.01,0.01,0.01,False,1.91044,0.879885,-24.7766,0,-1.91044,-24.7766,-100,13.9946,0,LT2,左拇指指尖/数据2,140.92,unload,显示域,True,18.6005,1.00019,unif_k1.40,uniform,1.4,1.4
0,17.5144,17.5144,17.5144,t_on+4.6~5.4s中位(=08-v6.1 P 口径),18.8563,t0+60s后中位,6.00244,3.74863,6.00244,66.7966,66.7966,66.7966,-1.65931,,,78.5,True,2.43854,1.00726,-30.064,2.43854,-0.0979361,106.002,33.2034,1.05129,-11.699,LT3,左拇指指尖/数据3,10.87,onset,显示域,True,19.3415,0.905531,unif_k1.40,uniform,1.4,1.4
19.3469,0,-19.3469,0,t_on+4.6~5.4s中位(=08-v6.1 P 口径),0,t0+60s后中位,-0,-0,-0,85.7109,85.7109,85.7109,-0,0.03,0.03,0.03,False,0.912257,0.947855,-14.2891,0,-0.912257,-14.2891,-100,16.5824,0,LT3,左拇指指尖/数据3,132.59,unload,显示域,True,19.3415,1.00028,unif_k1.40,uniform,1.4,1.4
0.064,13.3829,13.3189,13.3829,t_on+4.6~5.4s中位(=08-v6.1 P 口径),0.101758,t0+60s后中位,1.42838,-0.713968,1.42838,66.9611,66.9611,66.9611,101.145,0.5,0.5,0.5,False,2.08834,0.836811,-34.1411,1.80867,-2.08834,101.428,33.0389,0.190244,-8.91846,F41,四指指尖/数据1,10.94,onset,显示域,False,16.302,0.817011,unif_k1.40,uniform,1.4,1.4
10.8737,13.5564,2.68271,13.5564,t_on+4.6~5.4s中位(=08-v6.1 P 口径),0.082,t0+60s后中位,0.624843,-5.30175,0.624843,15.4572,12.0927,15.4572,502.892,,,,False,2.09812,0.0223548,-100,1.26791,-2.09812,100.625,84.5428,0.0167627,-0.414672,F41,四指指尖/数据1,12.19,restep,显示域,False,16.302,0.164564,unif_k1.40,uniform,1.4,1.4
16.4153,0.0723016,-16.343,0.0768358,t_on+4.6~5.4s中位(=08-v6.1 P 口径),0.073,后1/3段中位(不足60s),0.470146,0.470146,0.470146,54.7075,54.7075,54.7075,0.446675,0.01,0.01,0.01,False,3.01411,0.747895,-44.9918,0,-3.01411,-45.2648,-100.442,8.94083,-0.0768358,F41,四指指尖/数据1,130.75,unload,显示域,True,16.302,1.00252,unif_k1.40,uniform,1.4,1.4
0.063,14.7479,14.6849,14.7479,t_on+4.6~5.4s中位(=08-v6.1 P 口径),9.57269,t0+60s后中位,-1.5592,-1.67035,-1.5592,92.5463,92.5463,92.5463,33.6827,0.52,0.52,0.52,False,2.06458,0.894072,-9.8187,2.06458,-1.89832,98.4408,7.45373,-0.228967,-13.5904,F42,四指指尖/数据2,11.03,onset,显示域,True,17.0396,0.861814,unif_k1.40,uniform,1.4,1.4
17.0666,0.0910805,-16.9755,0.091,t_on+4.6~5.4s中位(=08-v6.1 P 口径),0.0823702,后1/3段中位(不足60s),0.536066,0.536066,0.536066,86.7172,86.7172,86.7172,0.485229,0.02,0.02,0.02,False,2.37296,0.861187,-13.0026,0,-2.37296,-13.2833,-100.537,14.7207,-0.091,F42,四指指尖/数据2,130.78,unload,显示域,True,17.0396,0.996243,unif_k1.40,uniform,1.4,1.4
0.068,15.3126,15.2446,15.3126,t_on+4.6~5.4s中位(=08-v6.1 P 口径),16.9838,t0+60s后中位,5.98032,3.27744,5.98032,78.8833,78.8833,78.8833,-4.98258,33.72,33.72,33.72,False,2.21537,0.985034,-18.3292,2.21537,-0.604318,105.98,21.1167,0.911675,-12.0254,F43,四指指尖/数据3,11,onset,显示域,True,17.4353,0.874349,unif_k1.40,uniform,1.4,1.4
17.4903,0.560628,-16.9297,0.585277,t_on+4.6~5.4s中位(=08-v6.1 P 口径),0.0956784,后1/3段中位(不足60s),3.4571,3.4571,3.4571,72.2411,72.2411,72.2411,0.565151,0.09,0.09,0.09,False,1.37426,0.902485,-24.4967,0,-1.37426,-27.6133,-103.312,12.2302,-0.585277,F43,四指指尖/数据3,140.4,unload,显示域,True,17.4353,0.971,unif_k1.40,uniform,1.4,1.4
76,4241.75,4165.75,4241.75,t_on+4.6~5.4s中位(=08-v6.1 P 口径),22201.8,t0+60s后中位,194.206,0.763056,194.206,74.5707,74.5707,74.5707,-236.931,,,3.38,True,889.269,0.951611,-29.2666,725.647,-889.269,294.206,25.4293,8090.13,-3106.43,SW1,切换负载-快相无责,10.84,onset,ADC域,True,27937.6,0.149109,unif_k1.40,uniform,1.4,1.4
4811.46,11606.1,6794.66,11606.1,t_on+4.6~5.4s中位(=08-v6.1 P 口径),25339.1,t0+60s后中位,10.6815,10.6815,10.6815,34.9809,34.9809,34.9809,-191.433,,,,False,1092.13,4.46888,-125.805,292.527,-1092.13,110.681,65.0191,725.77,-2376.83,SW1,切换负载-快相无责,28.63,onset,ADC域,True,27937.6,0.243208,unif_k1.40,uniform,1.4,1.4
12297.8,16207.4,3909.6,16202.1,t_on+4.6~5.4s中位(=08-v6.1 P 口径),25571.5,t0+60s后中位,11.2175,11.2175,11.2175,313.031,313.031,313.031,-228.432,,,,False,4530.02,0.473269,-286.711,0,-4530.02,111.084,-213.164,438.558,-12238.3,SW1,切换负载-快相无责,71.67,restep,ADC域,False,27937.6,0.139941,unif_k1.40,uniform,1.4,1.4
5447.1,18092.5,12645.4,18092.5,t_on+4.6~5.4s中位(=08-v6.1 P 口径),25607.5,t0+60s后中位,-11.4812,-11.4812,-11.4812,108.431,108.431,108.431,-70.9096,,,,False,4530.02,0.485272,-69.4172,-873.427,-4530.02,88.5188,-8.43064,-1451.85,-13711.5,SW1,切换负载-快相无责,75.89,onset,ADC域,True,27937.6,0.452632,unif_k1.40,uniform,1.4,1.4
19384.4,25851.7,6467.25,25850.6,t_on+4.6~5.4s中位(=08-v6.1 P 口径),22087.3,t0+60s后中位,44.2506,-72.7151,44.2506,399.715,204.228,399.715,102.44,,,,False,5456.51,0.740911,31.2991,3412.48,-5456.51,144.234,-299.732,2861.8,-25850.6,SW1,切换负载-快相无责,110.45,restep,ADC域,True,27937.6,0.231489,unif_k1.40,uniform,1.4,1.4
26333.3,25386,-947.345,25386,t_on+4.6~5.4s中位(=08-v6.1 P 口径),20401.6,t0+60s后中位,2679.7,2679.7,2679.7,361.533,197.342,361.533,2153.55,,,,False,5438.54,9.40511,2139.65,3412.48,-5438.54,261.533,-2779.7,3424.96,-25386,SW1,切换负载-快相无责,129.37,partial_unload,ADC域,False,27937.6,0.0339094,unif_k1.40,uniform,1.4,1.4
61.0611,27163.2,27102.1,27163.8,t_on+4.6~5.4s中位(=08-v6.1 P 口径),20127.8,t0+60s后中位,6.17084,5.71397,6.17084,99.9692,99.9692,99.9692,32.1318,,,,False,3412.48,1.04095,5.10513,3412.48,-4.67081,106.173,0.0329822,1672.43,-27093.8,SW1,切换负载-快相无责,133.83,onset,ADC域,True,27937.6,0.970096,unif_k1.40,uniform,1.4,1.4
28005.2,24408.4,-3596.88,24408.4,t_on+4.6~5.4s中位(=08-v6.1 P 口径),25340.8,t0+60s后中位,677.531,677.531,677.531,104.978,104.978,104.978,703.454,,,,False,4034.83,3.8749,656.668,4034.83,-766.455,4.97778,-777.531,3775.93,-24370,SW1,切换负载-快相无责,182.03,partial_unload,ADC域,False,27937.6,0.128747,unif_k1.40,uniform,1.4,1.4
52.8433,25248,25195.2,25248,t_on+4.6~5.4s中位(=08-v6.1 P 口径),60.6632,t0+60s后中位,11.654,11.654,11.654,100.004,100.004,100.004,111.623,,,2.4,True,4034.83,0.976083,10.9136,4034.83,-792.104,111.654,-0.00352015,2936.26,-25196.1,SW1,切换负载-快相无责,185.97,onset,ADC域,True,27937.6,0.901839,unif_k1.40,uniform,1.4,1.4
26086,22170.5,-3915.48,22169.8,t_on+4.6~5.4s中位(=08-v6.1 P 口径),22086.1,后1/3段中位(不足60s),495.409,145.871,495.409,25.9689,25.9689,25.9689,493.272,,,,False,2732.12,1.19357,-59.6826,0,-2732.12,-74.0494,-595.427,1016.81,-19397.7,SW1,切换负载-快相无责,202.65,partial_unload,ADC域,True,27937.6,0.140151,unif_k1.40,uniform,1.4,1.4
22149.6,5769,-16380.6,5767.93,t_on+4.6~5.4s中位(=08-v6.1 P 口径),22086.1,后1/3段中位(不足60s),31.6335,9.31716,31.6335,113.658,93.6629,113.658,131.252,,,,False,2865.18,1.07486,2.91274,0,-2865.18,13.6511,-131.64,18617.8,-5181.77,SW1,切换负载-快相无责,212.4,partial_unload,ADC域,False,27937.6,0.58633,unif_k1.40,uniform,1.4,1.4
5760.84,11857,6096.16,11857,t_on+4.6~5.4s中位(=08-v6.1 P 口径),22086.1,后1/3段中位(不足60s),205.519,-8.49026,205.519,184.884,116.941,184.884,37.7224,,,,False,2865.18,0.871199,-39.9289,0,-2865.18,305.519,-84.8842,12528.8,-11270.8,SW1,切换负载-快相无责,217.74,restep,ADC域,True,27937.6,0.218206,unif_k1.40,uniform,1.4,1.4
12122.3,19875.9,7753.67,19875.9,t_on+4.6~5.4s中位(=08-v6.1 P 口径),22086.1,后1/3段中位(不足60s),58.1637,-26.0894,58.1637,256.343,248.783,256.343,29.6585,,,,False,2865.18,0.77667,-146.248,0,-2865.18,158.164,-156.343,4509.82,-19875.9,SW1,切换负载-快相无责,230.64,restep,ADC域,False,27937.6,0.277535,unif_k1.40,uniform,1.4,1.4
5210.44,20245.8,15035.4,20245.8,t_on+4.6~5.4s中位(=08-v6.1 P 口径),22086.1,后1/3段中位(不足60s),27.5345,-15.9143,27.5345,134.654,125.878,134.654,15.2947,,,,False,2865.18,0.477764,9.67191,0,-2865.18,127.534,-34.6545,4139.92,-20245.8,SW1,切换负载-快相无责,233.05,onset,ADC域,False,27937.6,0.538179,unif_k1.40,uniform,1.4,1.4
20414.6,25671.8,5257.15,25671.8,t_on+4.6~5.4s中位(=08-v6.1 P 口径),22086.1,后1/3段中位(不足60s),-24.4625,-24.4625,-24.4625,488.321,145.679,488.321,43.7427,,,,False,2766.13,0.87731,-0.0786716,0,-2766.13,75.5375,-388.321,-1286.03,-25671.8,SW1,切换负载-快相无责,240.72,restep,ADC域,True,27937.6,0.188175,unif_k1.40,uniform,1.4,1.4
25868,55,-25813,54.9693,t_on+4.6~5.4s中位(=08-v6.1 P 口径),22086.1,后1/3段中位(不足60s),0.212952,0.212952,0.212952,70.8239,70.8239,70.8239,85.5622,,,,False,2576.04,0.876495,-29.1956,0,-2576.04,-29.1762,-100.213,18281.8,-54.9693,SW1,切换负载-快相无责,249.63,unload,ADC域,True,27937.6,0.923952,unif_k1.40,uniform,1.4,1.4
62,14458.3,14396.3,14458.3,t_on+4.6~5.4s中位(=08-v6.1 P 口径),24133.2,后1/3段中位(不足60s),57.7471,12.8457,57.7471,100.431,55.3875,100.431,-9.45693,,,,False,2396.66,1.00123,-39.0392,2396.66,-371.314,157.747,-0.430665,8313.46,-14458.3,SW2,再切换负载,11.79,onset,ADC域,False,25866.3,0.556567,unif_k1.40,uniform,1.4,1.4
13424.9,14858.2,1433.25,14852.5,t_on+4.6~5.4s中位(=08-v6.1 P 口径),24133.2,后1/3段中位(不足60s),561.088,101.529,561.088,1036.28,3.8833,1036.28,-86.4462,,,,False,2396.66,1.04028,-100,2396.66,-371.314,660.692,-936.677,8041.78,-14852.5,SW2,再切换负载,13.7,restep,ADC域,False,25866.3,0.0554099,unif_k1.40,uniform,1.4,1.4
14922.6,15402.5,479.895,15402.8,t_on+4.6~5.4s中位(=08-v6.1 P 口径),24133.2,后1/3段中位(不足60s),1687.5,188.56,1687.5,3209.61,126.263,3209.61,-131.752,,,,False,2396.66,0.990165,-100,2396.66,-286.275,1787.55,-3109.55,8098.22,-15402.8,SW2,再切换负载,14.86,restep,ADC域,False,25866.3,0.0185529,unif_k1.40,uniform,1.4,1.4
16009.1,17425.7,1416.62,17425.7,t_on+4.6~5.4s中位(=08-v6.1 P 口径),24133.2,后1/3段中位(不足60s),669.478,4.50835,669.478,1230.09,1230.09,1230.09,195.989,,,,False,3721.65,0.920553,-849.784,3721.65,-280.322,769.478,-1130.09,9483.97,-17425.7,SW2,再切换负载,31.22,restep,ADC域,False,25866.3,0.0547671,unif_k1.40,uniform,1.4,1.4
37.3925,21643.5,21606.1,21639.1,t_on+4.6~5.4s中位(=08-v6.1 P 口径),24133.2,后1/3段中位(不足60s),26.0431,4.94649,26.0431,100.042,84.0485,100.042,14.4993,,,,False,3721.65,1,-11.5112,3721.65,-14.153,126.023,-0.0619851,5626.89,-21615.1,SW2,再切换负载,35.96,onset,ADC域,True,25866.3,0.835298,unif_k1.40,uniform,1.4,1.4
22655,38.6558,-22616.3,38.4964,t_on+4.6~5.4s中位(=08-v6.1 P 口径),24133.2,后1/3段中位(不足60s),0.0640968,0.0640968,0.0640968,120.857,28.4329,120.857,106.601,,,,False,3721.65,1.02364,-71.5477,3721.65,0,20.8565,-100.065,27333.5,-14.4964,SW2,再切换负载,50.61,unload,ADC域,False,25866.3,0.874356,unif_k1.40,uniform,1.4,1.4
38,25209.3,25171.3,25209.3,t_on+4.6~5.4s中位(=08-v6.1 P 口径),24133.2,后1/3段中位(不足60s),8.59178,7.23358,8.59178,97.159,97.159,97.159,12.8668,,,,False,3721.65,1.05594,3.75257,3721.65,0,108.592,2.84099,2162.66,-24456.2,SW2,再切换负载,57.3,onset,ADC域,True,25866.3,0.973132,unif_k1.40,uniform,1.4,1.4
69.5794,17701.9,17632.3,17701.9,t_on+4.6~5.4s中位(=08-v6.1 P 口径),27305,后1/3段中位(不足60s),59.185,-12.2599,59.185,100.395,68.625,100.395,4.72135,,,,False,5351.15,1.0086,-44.2226,3863.6,-5351.15,159.185,-0.394614,10435.7,-17701.9,SW3,中途切换-1d9493,10.92,onset,ADC域,True,27696.8,0.636617,unif_k1.40,uniform,1.4,1.4
18559.6,25621.5,7061.97,25621.5,t_on+4.6~5.4s中位(=08-v6.1 P 口径),27305,后1/3段中位(不足60s),38.1067,-57.6795,38.1067,362.81,134.24,362.81,14.2679,,,,False,5351.15,1.92949,-26.1892,3863.6,-5351.15,138.107,-262.81,2691.09,-25621.5,SW3,中途切换-1d9493,20.72,restep,ADC域,True,27696.8,0.254974,unif_k1.40,uniform,1.4,1.4
25979,52,-25927,52,t_on+4.6~5.4s中位(=08-v6.1 P 口径),27305,后1/3段中位(不足60s),0.200563,0.200563,0.200563,109.293,80.8211,109.293,105.315,,,,False,5351.15,7.36892,-19.1485,3863.6,-5351.15,9.29289,-100.201,28336.4,-52,SW3,中途切换-1d9493,30.68,unload,ADC域,True,27696.8,0.9361,unif_k1.40,uniform,1.4,1.4
55.4942,26638.1,26582.6,26638.1,t_on+4.6~5.4s中位(=08-v6.1 P 口径),27305,后1/3段中位(不足60s),6.65189,5.64072,6.65189,100.028,85.9799,100.028,4.14285,,,,False,3863.6,1.02519,-8.79812,3863.6,0,106.652,-0.0281922,1768.24,-26590.1,SW3,中途切换-1d9493,39.08,onset,ADC域,True,27696.8,0.959769,unif_k1.40,uniform,1.4,1.4
27714.7,53,-27661.7,53,段末帧(退化),27305,后1/3段中位(不足60s),0.0180755,0.0180755,0.0180755,102.134,102.134,102.134,98.5371,,,,False,735.924,1.01762,2.13399,735.924,0,2.13351,-100.018,28251.9,-5,SW3,中途切换-1d9493,60.78,restep,ADC域,False,27696.8,0.998732,unif_k1.40,uniform,1.4,1.4
84,15448.2,15364.2,15448.2,t_on+4.6~5.4s中位(=08-v6.1 P 口径),24171.5,t0+60s后中位,51.9203,-2.58941,51.9203,65.5442,65.5442,65.5442,-4.85703,,,,False,1913,0.9472,-37.9012,1756.25,-1913,151.92,34.4558,7977.13,-10070.3,SW4,中途切换-13ffca,8.41,onset,ADC域,True,32452.6,0.473434,unif_k1.40,uniform,1.4,1.4
16085.4,22496.9,6411.47,22496.9,t_on+4.6~5.4s中位(=08-v6.1 P 口径),27884.7,t0+60s后中位,14.4804,-18.5891,14.4804,117.127,117.127,117.127,-69.5542,,,,False,2093.41,0.95417,-1.46197,0,-2093.41,114.48,-17.1271,928.407,-7509.57,SW4,中途切换-13ffca,18.68,restep,ADC域,False,32452.6,0.197564,unif_k1.40,uniform,1.4,1.4
22912.5,24098.4,1185.96,24095.9,t_on+4.6~5.4s中位(=08-v6.1 P 口径),28247.1,t0+60s后中位,-56.5445,-56.5445,-56.5445,635.004,635.004,635.004,-406.575,,,,False,2192.53,0.682685,-115.048,0,-2192.53,43.2408,-535.218,-670.593,-7530.87,SW4,中途切换-13ffca,26.57,restep,ADC域,False,32452.6,0.0365443,unif_k1.40,uniform,1.4,1.4
19465.9,24135.1,4669.26,24133.3,t_on+4.6~5.4s中位(=08-v6.1 P 口径),28278.7,t0+60s后中位,-15.163,-15.163,-15.163,134.598,134.598,134.598,-103.943,,,,False,2207.9,0.701037,8.46587,0,-2207.9,84.7974,-34.638,-708,-6284.74,SW4,中途切换-13ffca,27.6,restep,ADC域,False,32452.6,0.143879,unif_k1.40,uniform,1.4,1.4
24634.7,21004.9,-3629.79,21002.6,t_on+4.6~5.4s中位(=08-v6.1 P 口径),31983.5,t0+60s后中位,578.617,71.2943,578.617,34.4087,34.4087,34.4087,881.14,,,,False,2853.21,-7.65122,-10.126,0,-2853.21,-65.655,-678.68,1248.96,-21002.6,SW4,中途切换-13ffca,45.28,partial_unload,ADC域,True,32452.6,0.111849,unif_k1.40,uniform,1.4,1.4
20983.1,24429.9,3446.83,24429.7,t_on+4.6~5.4s中位(=08-v6.1 P 口径),27976.3,后1/3段中位(不足60s),155.787,-71.0978,155.787,708.757,117.302,708.757,52.8916,,,,False,3760.74,0.904039,-87.9684,3760.74,-2853.21,255.78,-608.764,5369.7,-24429.7,SW4,中途切换-13ffca,61.37,restep,ADC域,False,32452.6,0.106211,unif_k1.40,uniform,1.4,1.4
24442.4,79,-24363.4,78,t_on+4.6~5.4s中位(=08-v6.1 P 口径),27976.3,后1/3段中位(不足60s),0.320153,0.320153,0.320153,122.185,47.6133,122.185,114.829,,,0.01,True,3760.74,1.48798,-52.0666,3760.74,-2661.13,22.1805,-100.324,29768.3,-78,SW4,中途切换-13ffca,68.93,unload,ADC域,True,32452.6,0.750737,unif_k1.40,uniform,1.4,1.4
75,27895.9,27820.9,27895.9,t_on+4.6~5.4s中位(=08-v6.1 P 口径),27976.3,后1/3段中位(不足60s),23.277,6.84185,23.277,100.067,38.3675,100.067,22.9881,,,,False,3760.74,1.10724,-54.8435,3760.74,-9.2776,123.277,-0.0670225,6475.88,-27839.6,SW4,中途切换-13ffca,88,onset,ADC域,True,32452.6,0.857278,unif_k1.40,uniform,1.4,1.4
28337.8,30791.3,2453.48,30791.3,t_on+4.6~5.4s中位(=08-v6.1 P 口径),27976.3,后1/3段中位(不足60s),145.936,120.814,145.936,1252.71,14.6342,1252.71,260.671,,,,False,3542.31,1.04365,-84.5141,3542.31,0,245.936,-1152.71,3580.51,-30734.9,SW4,中途切换-13ffca,99.36,restep,ADC域,False,32452.6,0.0756019,unif_k1.40,uniform,1.4,1.4
29453,32163.4,2710.38,32155.5,t_on+4.6~5.4s中位(=08-v6.1 P 口径),27976.3,后1/3段中位(不足60s),81.771,81.771,81.771,1184.31,-16.1642,1184.31,235.963,,,,False,2577.97,1.08586,-44.9436,2577.97,0,181.479,-1084.6,2216.3,-32099.1,SW4,中途切换-13ffca,104.24,restep,ADC域,True,32452.6,0.083518,unif_k1.40,uniform,1.4,1.4
32462.6,81,-32381.6,83,t_on+4.6~5.4s中位(=08-v6.1 P 口径),27976.3,后1/3段中位(不足60s),0.0822885,0.0822885,0.0822885,102.677,102.677,102.677,86.2218,,,,False,1227.13,1.03091,2.75028,1227.13,0,2.68345,-100.076,33248.5,-26.6463,SW4,中途切换-13ffca,113.8,unload,ADC域,True,32452.6,0.99781,unif_k1.40,uniform,1.4,1.4
0.549442,14.7073,14.1578,14.7057,t_on+4.6~5.4s中位(=08-v6.1 P 口径),1.16117,t0+60s后中位,-1.47041,-7.84229,-1.47041,76.7128,76.7128,76.7128,94.1976,,,,False,3.15856,0.77758,-31.259,0.0137895,-3.15856,98.5183,23.2759,-0.208179,-10.8609,RT1,右拇指指尖/数据1,8.27,onset,显示域,False,19.5791,0.72311,onset_k1.00,onset_only,1,1.12
14.6375,15.8381,1.20052,15.8268,t_on+4.6~5.4s中位(=08-v6.1 P 口径),1.11186,t0+60s后中位,-110.727,-110.727,-110.727,198.08,189.817,198.08,1114.99,,,,False,3.44233,-0.160179,-95.9993,-1.13172,-3.44233,-11.6635,-99.017,-1.32929,-2.37799,RT1,右拇指指尖/数据1,13.6,restep,显示域,True,19.5791,0.0613163,onset_k1.00,onset_only,1,1.12
20.0385,0.943245,-19.0952,0.924979,t_on+4.6~5.4s中位(=08-v6.1 P 口径),1.00147,后1/3段中位(不足60s),4.84404,4.84404,4.84404,63.8204,63.8204,63.8204,5.24462,0.02,0.02,0.02,False,6.2817,0.657202,-36.6698,0,-6.2817,-36.2753,-104.94,12.1866,-0.924979,RT1,右拇指指尖/数据1,115.37,unload,显示域,True,19.5791,0.975286,onset_k1.00,onset_only,1,1.12
0.290396,16.726,16.4356,16.726,t_on+4.6~5.4s中位(=08-v6.1 P 口径),19.7617,t0+60s后中位,-10.1283,-10.2032,-10.1283,90.4771,90.4771,90.4771,-28.5988,,,,False,3.94106,0.777507,-21.6906,0.0493813,-3.94106,89.8717,9.52291,-1.66465,-14.8705,RT2,右拇指指尖/数据2,12.32,onset,显示域,True,22.0068,0.746843,onset_k1.00,onset_only,1,1.12
20.8432,22.0158,1.1726,22.0168,t_on+4.6~5.4s中位(=08-v6.1 P 口径),0.329168,t0+60s后中位,-554.692,-554.692,-554.692,1877.61,980.132,1877.61,1294.85,,,,False,7.75187,0.685875,-59.6667,0,-7.75187,-454.614,-1777.53,-6.5043,-22.0168,RT2,右拇指指尖/数据2,147.11,restep,显示域,True,22.0068,0.0532834,onset_k1.00,onset_only,1,1.12
22.131,0.9172,-21.2138,0.912841,t_on+4.6~5.4s中位(=08-v6.1 P 口径),0.365081,t0+60s后中位,4.30305,4.30305,4.30305,62.2345,62.2345,62.2345,1.72096,0.02,0.02,0.02,False,7.71401,0.634769,-38.1072,0,-7.71401,-37.7861,-104.324,13.2023,-0.912841,RT2,右拇指指尖/数据2,159.49,unload,显示域,True,22.0068,0.963968,onset_k1.00,onset_only,1,1.12
0.043,16.5567,16.5137,16.5389,t_on+4.6~5.4s中位(=08-v6.1 P 口径),20.5361,t0+60s后中位,-0.809546,-6.99676,-0.809546,99.3294,99.3294,99.3294,-25.0148,8.71,8.71,8.71,False,2.61457,0.875126,-8.02193,0.00527405,-2.61457,99.083,0.56317,-0.133686,-16.4029,RT3,右拇指指尖/数据3,10.59,onset,显示域,True,21.2279,0.777921,onset_k1.00,onset_only,1,1.12
21.248,0.521318,-20.7267,0.518415,t_on+4.6~5.4s中位(=08-v6.1 P 口径),0.568345,后1/3段中位(不足60s),2.50119,2.50119,2.50119,55.9151,55.9151,55.9151,2.74209,0.01,0.01,0.01,False,4.42431,0.721782,-44.9025,0.00127467,-4.42431,-44.0989,-102.515,11.5894,-0.518415,RT3,右拇指指尖/数据3,135.7,unload,显示域,True,21.2279,0.976388,onset_k1.00,onset_only,1,1.12
0,15.2813,15.2813,15.2813,t_on+4.6~5.4s中位(=08-v6.1 P 口径),17.8094,t0+60s后中位,-1.39498,-7.9939,-1.39498,100,100,100,-17.9393,,,28.99,True,2.40364,0.875333,-8.02601,0,-2.40364,98.605,0,-0.21317,-15.2813,LT1,左拇指指尖/数据1,11.69,onset,显示域,True,18.1566,0.841637,onset_k1.00,onset_only,1,1.12
18.1567,0,-18.1567,0,t_on+4.6~5.4s中位(=08-v6.1 P 口径),0,后1/3段中位(不足60s),-0,-0,-0,68.7222,68.7222,68.7222,-0,0.13,0.13,0.13,False,3.46439,0.783595,-31.2778,0,-3.46439,-31.2778,-100,12.4777,0,LT1,左拇指指尖/数据1,147.52,unload,显示域,True,18.1566,1.00001,onset_k1.00,onset_only,1,1.12
0,16.1212,16.1212,16.1212,t_on+4.6~5.4s中位(=08-v6.1 P 口径),18.002,t0+60s后中位,2.40757,-0.170504,2.40757,61.2823,61.2823,61.2823,-9.25933,1.96,1.96,1.96,False,1.10351,0.928446,-47.0981,0.27368,-1.10351,102.408,38.7177,0.388129,-9.87941,LT2,左拇指指尖/数据2,14.92,onset,显示域,True,18.6005,0.866705,onset_k1.00,onset_only,1,1.12
18.6041,0,-18.6041,0,t_on+4.6~5.4s中位(=08-v6.1 P 口径),0,后1/3段中位(不足60s),-0,-0,-0,75.2234,75.2234,75.2234,-0,0.01,0.01,0.01,False,1.91044,0.879885,-24.7766,0,-1.91044,-24.7766,-100,13.9946,0,LT2,左拇指指尖/数据2,140.92,unload,显示域,True,18.6005,1.00019,onset_k1.00,onset_only,1,1.12
0,17.5144,17.5144,17.5144,t_on+4.6~5.4s中位(=08-v6.1 P 口径),18.8563,t0+60s后中位,-7.40521,-8.78779,-7.40521,66.7966,66.7966,66.7966,-15.067,,,,False,2.48356,0.820768,-41.9912,0.00571888,-2.48356,92.5948,33.2034,-1.29698,-11.699,LT3,左拇指指尖/数据3,10.87,onset,显示域,True,19.3415,0.905531,onset_k1.00,onset_only,1,1.12
19.3469,0,-19.3469,0,t_on+4.6~5.4s中位(=08-v6.1 P 口径),0,t0+60s后中位,-0,-0,-0,73.5912,73.5912,73.5912,-0,0.03,0.03,0.03,False,3.25704,0.813826,-26.4088,0,-3.25704,-26.4088,-100,14.2376,0,LT3,左拇指指尖/数据3,132.59,unload,显示域,True,19.3415,1.00028,onset_k1.00,onset_only,1,1.12
0.064,13.3829,13.3189,13.3829,t_on+4.6~5.4s中位(=08-v6.1 P 口径),0.101758,t0+60s后中位,-10.0428,-12.6078,-10.0428,66.9611,66.9611,66.9611,89.6737,,,,False,3.67853,0.694171,-45.8447,0,-3.67853,89.9572,33.0389,-1.3376,-8.91846,F41,四指指尖/数据1,10.94,onset,显示域,False,16.302,0.817011,onset_k1.00,onset_only,1,1.12
10.8737,13.5564,2.68271,13.5564,t_on+4.6~5.4s中位(=08-v6.1 P 口径),0.082,t0+60s后中位,-56.3265,-65.7155,-56.3265,73.241,70.5557,73.241,445.94,,,,False,3.69192,0.0326219,-100,-0.29088,-3.69192,43.6735,26.759,-1.51108,-1.96484,F41,四指指尖/数据1,12.19,restep,显示域,False,16.302,0.164564,onset_k1.00,onset_only,1,1.12
16.4153,0.0723016,-16.343,0.0768358,t_on+4.6~5.4s中位(=08-v6.1 P 口径),0.073,后1/3段中位(不足60s),0.470146,0.470146,0.470146,45.1005,45.1005,45.1005,0.446675,0.01,0.01,0.01,False,4.58418,0.616572,-54.5988,0,-4.58418,-54.8718,-100.442,7.37075,-0.0768358,F41,四指指尖/数据1,130.75,unload,显示域,True,16.302,1.00252,onset_k1.00,onset_only,1,1.12
0.063,14.7479,14.6849,14.7479,t_on+4.6~5.4s中位(=08-v6.1 P 口径),9.57269,t0+60s后中位,-10.9863,-12.0453,-10.9863,92.5463,92.5463,92.5463,24.2555,,,,False,3.40574,0.795676,-19.5329,0.0125184,-3.40574,89.0137,7.45373,-1.61334,-13.5904,F42,四指指尖/数据2,11.03,onset,显示域,True,17.0396,0.861814,onset_k1.00,onset_only,1,1.12
17.0666,0.0910805,-16.9755,0.091,t_on+4.6~5.4s中位(=08-v6.1 P 口径),0.0823702,后1/3段中位(不足60s),0.536066,0.536066,0.536066,77.8964,77.8964,77.8964,0.485229,0.01,0.01,0.01,False,3.87033,0.773594,-21.8233,0,-3.87033,-22.1041,-100.537,13.2233,-0.091,F42,四指指尖/数据2,130.78,unload,显示域,True,17.0396,0.996243,onset_k1.00,onset_only,1,1.12
0.068,15.3126,15.2446,15.3126,t_on+4.6~5.4s中位(=08-v6.1 P 口径),16.9838,t0+60s后中位,-7.75551,-9.14267,-7.75551,78.8833,78.8833,78.8833,-18.7184,,,,False,2.6288,0.820786,-30.2593,0,-2.6288,92.2445,21.1167,-1.18229,-12.0254,F43,四指指尖/数据3,11,onset,显示域,True,17.4353,0.874349,onset_k1.00,onset_only,1,1.12
17.4903,0.560628,-16.9297,0.585277,t_on+4.6~5.4s中位(=08-v6.1 P 口径),0.0956784,后1/3段中位(不足60s),3.4571,3.4571,3.4571,61.1939,61.1939,61.1939,0.565151,0.08,0.08,0.08,False,3.24452,0.769774,-35.5439,0,-3.24452,-38.6605,-103.312,10.36,-0.585277,F43,四指指尖/数据3,140.4,unload,显示域,True,17.4353,0.971,onset_k1.00,onset_only,1,1.12
76,4241.75,4165.75,4241.75,t_on+4.6~5.4s中位(=08-v6.1 P 口径),22201.8,t0+60s后中位,194.206,0.763056,194.206,74.5707,74.5707,74.5707,-236.931,,,3.38,True,889.269,0.951611,-42.2833,132.515,-889.269,294.206,25.4293,8090.13,-3106.43,SW1,切换负载-快相无责,10.84,onset,ADC域,True,27937.6,0.149109,onset_k1.00,onset_only,1,1.12
4811.46,11606.1,6794.66,11606.1,t_on+4.6~5.4s中位(=08-v6.1 P 口径),25339.1,t0+60s后中位,10.6815,10.6815,10.6815,34.9809,34.9809,34.9809,-191.433,,,,False,1092.13,4.46888,-125.805,0,-1092.13,110.681,65.0191,725.77,-2376.83,SW1,切换负载-快相无责,28.63,onset,ADC域,True,27937.6,0.243208,onset_k1.00,onset_only,1,1.12
12297.8,16207.4,3909.6,16202.1,t_on+4.6~5.4s中位(=08-v6.1 P 口径),25571.5,t0+60s后中位,11.2175,11.2175,11.2175,313.031,313.031,313.031,-228.432,,,,False,4530.02,0.473269,-286.711,0,-4530.02,111.084,-213.164,438.558,-12238.3,SW1,切换负载-快相无责,71.67,restep,ADC域,False,27937.6,0.139941,onset_k1.00,onset_only,1,1.12
5447.1,18092.5,12645.4,18092.5,t_on+4.6~5.4s中位(=08-v6.1 P 口径),25607.5,t0+60s后中位,-11.4812,-11.4812,-11.4812,109.114,109.114,109.114,-70.9096,,,,False,4530.02,0.485272,-69.4172,-959.824,-4530.02,88.5188,-9.11387,-1451.85,-13797.9,SW1,切换负载-快相无责,75.89,onset,ADC域,True,27937.6,0.452632,onset_k1.00,onset_only,1,1.12
19384.4,25851.7,6467.25,25850.6,t_on+4.6~5.4s中位(=08-v6.1 P 口径),22087.3,t0+60s后中位,7.76245,-72.7151,7.76245,399.715,204.228,399.715,65.9523,,,,False,5456.51,0.740911,31.2991,58.5183,-5456.51,107.745,-299.732,502.017,-25850.6,SW1,切换负载-快相无责,110.45,restep,ADC域,True,27937.6,0.231489,onset_k1.00,onset_only,1,1.12
26333.3,25386,-947.345,25386,t_on+4.6~5.4s中位(=08-v6.1 P 口径),20401.6,t0+60s后中位,2679.7,2679.7,2679.7,133.917,11.8038,133.917,2153.55,,,,False,5438.54,6.65882,2139.65,58.5183,-5438.54,33.9171,-2779.7,1268.66,-25386,SW1,切换负载-快相无责,129.37,partial_unload,ADC域,False,27937.6,0.0339094,onset_k1.00,onset_only,1,1.12
61.0611,27163.2,27102.1,27163.8,t_on+4.6~5.4s中位(=08-v6.1 P 口径),20127.8,t0+60s后中位,-1.78153,-3.8899,-1.78153,99.9692,99.9692,99.9692,24.1794,0.89,0.89,0.89,False,1110.34,0.962636,-3.93519,58.5183,-1110.34,98.2207,0.0329822,-482.833,-27093.8,SW1,切换负载-快相无责,133.83,onset,ADC域,True,27937.6,0.970096,onset_k1.00,onset_only,1,1.12
28005.2,24408.4,-3596.88,24408.4,t_on+4.6~5.4s中位(=08-v6.1 P 口径),25340.8,t0+60s后中位,678.598,678.598,678.598,64.3837,20.1139,64.3837,704.521,,,,False,1434.44,-1.45561,597.423,21.6278,-1434.44,-35.6163,-778.598,2315.81,-24408.4,SW1,切换负载-快相无责,182.03,partial_unload,ADC域,False,27937.6,0.128747,onset_k1.00,onset_only,1,1.12
52.8433,25248,25195.2,25248,t_on+4.6~5.4s中位(=08-v6.1 P 口径),60.6632,t0+60s后中位,5.8588,-0.0425315,5.8588,100.004,100.004,100.004,105.828,,,0.51,True,703.615,0.978645,-3.52668,21.6278,-703.615,105.859,-0.00352015,1476.14,-25196.1,SW1,切换负载-快相无责,185.97,onset,ADC域,True,27937.6,0.901839,onset_k1.00,onset_only,1,1.12
26086,22170.5,-3915.48,22169.8,t_on+4.6~5.4s中位(=08-v6.1 P 口径),22086.1,后1/3段中位(不足60s),487.998,144.732,487.998,27.2328,27.2328,27.2328,485.861,,,,False,2680.93,1.19342,-59.4463,0,-2680.93,-72.7854,-588.017,1066.3,-19107.5,SW1,切换负载-快相无责,202.65,partial_unload,ADC域,True,27937.6,0.140151,onset_k1.00,onset_only,1,1.12
22149.6,5769,-16380.6,5767.93,t_on+4.6~5.4s中位(=08-v6.1 P 口径),22086.1,后1/3段中位(不足60s),30.5898,9.02619,30.5898,113.658,94.2031,113.658,130.209,,,,False,2800.5,1.06288,3.16344,0,-2800.5,13.6511,-130.596,18617.8,-5010.81,SW1,切换负载-快相无责,212.4,partial_unload,ADC域,False,27937.6,0.58633,onset_k1.00,onset_only,1,1.12
5760.84,11857,6096.16,11857,t_on+4.6~5.4s中位(=08-v6.1 P 口径),22086.1,后1/3段中位(不足60s),205.519,-8.49026,205.519,182.08,116.941,182.08,37.7224,,,,False,2800.5,0.843577,-39.929,0,-2800.5,305.519,-82.0798,12528.8,-11099.9,SW1,切换负载-快相无责,217.74,restep,ADC域,True,27937.6,0.218206,onset_k1.00,onset_only,1,1.12
12122.3,19875.9,7753.67,19875.9,t_on+4.6~5.4s中位(=08-v6.1 P 口径),22086.1,后1/3段中位(不足60s),58.1637,-30.5381,58.1637,256.343,246.578,256.343,29.6585,,,,False,2800.5,0.803201,-145.571,0,-2800.5,158.164,-156.343,4509.82,-19875.9,SW1,切换负载-快相无责,230.64,restep,ADC域,False,27937.6,0.277535,onset_k1.00,onset_only,1,1.12
5210.44,20245.8,15035.4,20245.8,t_on+4.6~5.4s中位(=08-v6.1 P 口径),22086.1,后1/3段中位(不足60s),27.5345,-18.2085,27.5345,134.654,124.652,134.654,15.2947,,,,False,2800.5,0.547873,5.17186,0,-2800.5,127.534,-34.6545,4139.92,-20245.8,SW1,切换负载-快相无责,233.05,onset,ADC域,False,27937.6,0.538179,onset_k1.00,onset_only,1,1.12
20414.6,25671.8,5257.15,25671.8,t_on+4.6~5.4s中位(=08-v6.1 P 口径),22086.1,后1/3段中位(不足60s),-24.4625,-24.4625,-24.4625,488.321,145.195,488.321,43.7427,,,,False,2659.66,0.878552,-0.187305,0,-2659.66,75.5375,-388.321,-1286.03,-25671.8,SW1,切换负载-快相无责,240.72,restep,ADC域,True,27937.6,0.188175,onset_k1.00,onset_only,1,1.12
25868,55,-25813,54.9693,t_on+4.6~5.4s中位(=08-v6.1 P 口径),22086.1,后1/3段中位(不足60s),0.212952,0.212952,0.212952,71.4832,71.4832,71.4832,85.5622,,,,False,2405.87,0.884654,-28.5363,0,-2405.87,-28.5169,-100.213,18451.9,-54.9693,SW1,切换负载-快相无责,249.63,unload,ADC域,True,27937.6,0.923952,onset_k1.00,onset_only,1,1.12
62,14458.3,14396.3,14458.3,t_on+4.6~5.4s中位(=08-v6.1 P 口径),24133.2,后1/3段中位(不足60s),48.2523,0.901129,48.2523,100.431,55.3875,100.431,-18.9517,,,,False,2445.41,1.00338,-51.3786,268.056,-2445.41,148.252,-0.430665,6946.56,-14458.3,SW2,再切换负载,11.79,onset,ADC域,False,25866.3,0.556567,onset_k1.00,onset_only,1,1.12
13424.9,14858.2,1433.25,14852.5,t_on+4.6~5.4s中位(=08-v6.1 P 口径),24133.2,后1/3段中位(不足60s),467.878,-18.4488,467.878,1036.28,128.819,1036.28,-179.656,,,,False,2445.41,0.918959,-100,268.056,-2445.41,567.482,-936.677,6705.85,-14852.5,SW2,再切换负载,13.7,restep,ADC域,False,25866.3,0.0554099,onset_k1.00,onset_only,1,1.12
14922.6,15402.5,479.895,15402.8,t_on+4.6~5.4s中位(=08-v6.1 P 口径),24133.2,后1/3段中位(不足60s),1412.86,-169.765,1412.86,3209.61,499.395,3209.61,-406.39,,,,False,2445.41,0.874619,-100,268.056,-2445.41,1512.91,-3109.55,6780.24,-15402.8,SW2,再切换负载,14.86,restep,ADC域,False,25866.3,0.0185529,onset_k1.00,onset_only,1,1.12
16009.1,17425.7,1416.62,17425.7,t_on+4.6~5.4s中位(=08-v6.1 P 口径),24133.2,后1/3段中位(不足60s),453.735,-2.58297,453.735,1230.09,1230.09,1230.09,-19.7537,,,,False,2425.74,0.777887,-698.338,268.056,-2425.74,553.735,-1130.09,6427.72,-17425.7,SW2,再切换负载,31.22,restep,ADC域,False,25866.3,0.0547671,onset_k1.00,onset_only,1,1.12
37.3925,21643.5,21606.1,21639.1,t_on+4.6~5.4s中位(=08-v6.1 P 口径),24133.2,后1/3段中位(不足60s),15.9343,-1.39572,15.9343,100.153,84.0485,100.153,4.39058,,,0.77,True,1434.82,1,-19.8302,268.056,-1434.82,115.914,-0.173065,3442.78,-21639.1,SW2,再切换负载,35.96,onset,ADC域,True,25866.3,0.835298,onset_k1.00,onset_only,1,1.12
22655,38.6558,-22616.3,38.4964,t_on+4.6~5.4s中位(=08-v6.1 P 口径),24133.2,后1/3段中位(不足60s),0.170215,0.170215,0.170215,111.967,22.7689,111.967,106.707,,,,False,1434.82,0.988738,-77.2117,1.41029,-1434.82,11.9667,-100.171,25322.9,-38.4964,SW2,再切换负载,50.61,unload,ADC域,False,25866.3,0.874356,onset_k1.00,onset_only,1,1.12
38,25209.3,25171.3,25209.3,t_on+4.6~5.4s中位(=08-v6.1 P 口径),24133.2,后1/3段中位(不足60s),0.604349,-1.74284,0.604349,97.159,97.159,97.159,4.87935,,,,False,1434.82,0.977157,-8.47395,1.41029,-1434.82,100.604,2.84099,152.122,-24456.2,SW2,再切换负载,57.3,onset,ADC域,True,25866.3,0.973132,onset_k1.00,onset_only,1,1.12
69.5794,17701.9,17632.3,17701.9,t_on+4.6~5.4s中位(=08-v6.1 P 口径),27305,后1/3段中位(不足60s),40.6901,-12.2599,40.6901,100.395,68.631,100.395,-13.7736,,,,False,5351.15,1.00841,-44.2166,2.10454,-5351.15,140.69,-0.394614,7174.59,-17701.9,SW3,中途切换-1d9493,10.92,onset,ADC域,True,27696.8,0.636617,onset_k1.00,onset_only,1,1.12
18559.6,25621.5,7061.97,25621.5,t_on+4.6~5.4s中位(=08-v6.1 P 口径),27305,后1/3段中位(不足60s),12.2222,-57.6795,12.2222,362.81,134.24,362.81,-11.6167,,,,False,5351.15,1.41796,-26.2308,2.10454,-5351.15,112.222,-262.81,863.126,-25621.5,SW3,中途切换-1d9493,20.72,restep,ADC域,True,27696.8,0.254974,onset_k1.00,onset_only,1,1.12
25979,52,-25927,52,t_on+4.6~5.4s中位(=08-v6.1 P 口径),27305,后1/3段中位(不足60s),0.200563,0.200563,0.200563,102.81,80.8211,102.81,105.315,,,,False,5351.15,5.53179,-19.1485,2.10454,-5351.15,2.80964,-100.201,26655.5,-52,SW3,中途切换-1d9493,30.68,unload,ADC域,True,27696.8,0.9361,onset_k1.00,onset_only,1,1.12
55.4942,26638.1,26582.6,26638.1,t_on+4.6~5.4s中位(=08-v6.1 P 口径),27305,后1/3段中位(不足60s),0.335284,-2.71004,0.335284,100.209,85.9799,100.209,-2.17375,,,4.98,True,1772.74,0.953459,-20.6509,2.10454,-1772.74,100.335,-0.208762,89.1271,-26638.1,SW3,中途切换-1d9493,39.08,onset,ADC域,True,27696.8,0.959769,onset_k1.00,onset_only,1,1.12
27714.7,53,-27661.7,53,段末帧(退化),27305,后1/3段中位(不足60s),0.191601,0.191601,0.191601,96.0702,96.0702,96.0702,98.7106,,,,False,1188.07,0.957206,-3.92928,0,-1188.07,-3.92977,-100.192,26574.7,-53,SW3,中途切换-1d9493,60.78,restep,ADC域,False,27696.8,0.998732,onset_k1.00,onset_only,1,1.12
84,15448.2,15364.2,15448.2,t_on+4.6~5.4s中位(=08-v6.1 P 口径),24171.5,t0+60s后中位,51.9203,-10.8812,51.9203,65.5442,65.5442,65.5442,-4.85703,,,,False,2916.85,0.885147,-46.2598,12.4155,-2916.85,151.92,34.4558,7977.13,-10070.3,SW4,中途切换-13ffca,8.41,onset,ADC域,True,32452.6,0.473434,onset_k1.00,onset_only,1,1.12
16085.4,22496.9,6411.47,22496.9,t_on+4.6~5.4s中位(=08-v6.1 P 口径),27884.7,t0+60s后中位,14.4804,-34.9723,14.4804,136.455,136.455,136.455,-69.5542,,,,False,3182.15,0.94492,-1.48887,0,-3182.15,114.48,-36.4546,928.407,-8748.74,SW4,中途切换-13ffca,18.68,restep,ADC域,False,32452.6,0.197564,onset_k1.00,onset_only,1,1.12
22912.5,24098.4,1185.96,24095.9,t_on+4.6~5.4s中位(=08-v6.1 P 口径),28247.1,t0+60s后中位,-56.5445,-56.5445,-56.5445,728.961,728.961,728.961,-406.575,,,,False,3237.66,0.760978,-107.058,0,-3237.66,43.2408,-629.176,-670.593,-8645.16,SW4,中途切换-13ffca,26.57,restep,ADC域,False,32452.6,0.0365443,onset_k1.00,onset_only,1,1.12
19465.9,24135.1,4669.26,24133.3,t_on+4.6~5.4s中位(=08-v6.1 P 口径),28278.7,t0+60s后中位,-15.163,-15.163,-15.163,156.722,156.722,156.722,-103.943,,,,False,3237.66,0.701038,6.00484,0,-3237.66,84.7974,-56.7621,-708,-7317.77,SW4,中途切换-13ffca,27.6,restep,ADC域,False,32452.6,0.143879,onset_k1.00,onset_only,1,1.12
24634.7,21004.9,-3629.79,21002.6,t_on+4.6~5.4s中位(=08-v6.1 P 口径),31983.5,t0+60s后中位,578.617,100.127,578.617,5.21674,3.6411,5.21674,881.14,,,,False,3810.94,-5.78694,-11.7451,0,-3810.94,-94.8469,-678.68,189.357,-21002.6,SW4,中途切换-13ffca,45.28,partial_unload,ADC域,True,32452.6,0.111849,onset_k1.00,onset_only,1,1.12
20983.1,24429.9,3446.83,24429.7,t_on+4.6~5.4s中位(=08-v6.1 P 口径),27976.3,后1/3段中位(不足60s),57.9538,-93.934,57.9538,708.757,145.235,708.757,-44.9411,,,,False,3810.94,0.863006,-87.9684,0,-3810.94,157.947,-608.764,1997.57,-24429.7,SW4,中途切换-13ffca,61.37,restep,ADC域,False,32452.6,0.106211,onset_k1.00,onset_only,1,1.12
24442.4,79,-24363.4,78,t_on+4.6~5.4s中位(=08-v6.1 P 口径),27976.3,后1/3段中位(不足60s),0.320153,0.320153,0.320153,112.895,44.089,112.895,114.829,,,0.01,True,3519.75,1.28263,-55.5908,0,-3519.75,12.8906,-100.324,27505,-78,SW4,中途切换-13ffca,68.93,unload,ADC域,True,32452.6,0.750737,onset_k1.00,onset_only,1,1.12
75,27895.9,27820.9,27895.9,t_on+4.6~5.4s中位(=08-v6.1 P 口径),27976.3,后1/3段中位(不足60s),16.6046,-2.77388,16.6046,100.27,38.3675,100.27,16.3157,,,,False,1464.85,0.975906,-66.9115,1262.54,-1464.85,116.605,-0.269581,4619.55,-27895.9,SW4,中途切换-13ffca,88,onset,ADC域,True,32452.6,0.857278,onset_k1.00,onset_only,1,1.12
28337.8,30791.3,2453.48,30791.3,t_on+4.6~5.4s中位(=08-v6.1 P 口径),27976.3,后1/3段中位(不足60s),70.275,45.4305,70.275,1255.01,108.455,1255.01,185.009,,,,False,1262.54,0.967918,-87.0784,1262.54,-1112.76,170.275,-1155.01,1724.18,-30791.3,SW4,中途切换-13ffca,99.36,restep,ADC域,False,32452.6,0.0756019,onset_k1.00,onset_only,1,1.12
29453,32163.4,2710.38,32155.5,t_on+4.6~5.4s中位(=08-v6.1 P 口径),27976.3,后1/3段中位(不足60s),13.2812,13.2812,13.2812,1186.38,52.3323,1186.38,167.474,,,,False,823.952,1.02477,-46.7102,743.764,-823.952,112.99,-1086.68,359.97,-32155.5,SW4,中途切换-13ffca,104.24,restep,ADC域,True,32452.6,0.083518,onset_k1.00,onset_only,1,1.12
32462.6,81,-32381.6,83,t_on+4.6~5.4s中位(=08-v6.1 P 口径),27976.3,后1/3段中位(不足60s),0.256319,0.256319,0.256319,97.0546,97.0546,97.0546,86.3958,,,,False,823.952,0.974451,-2.87242,0,-823.952,-2.93925,-100.25,31427.8,-83,SW4,中途切换-13ffca,113.8,unload,ADC域,True,32452.6,0.99781,onset_k1.00,onset_only,1,1.12
0.549442,14.7073,14.1578,14.7057,t_on+4.6~5.4s中位(=08-v6.1 P 口径),1.16117,t0+60s后中位,3.1702,-3.21126,3.1702,76.7128,76.7128,76.7128,98.8382,0.85,0.85,0.85,False,2.48699,0.831471,-26.6344,0.669443,-2.48699,103.159,23.2759,0.448832,-10.8609,RT1,右拇指指尖/数据1,8.27,onset,显示域,False,19.5791,0.72311,onset_k1.05,onset_only,1.05,1.12
14.6375,15.8381,1.20052,15.8268,t_on+4.6~5.4s中位(=08-v6.1 P 口径),1.11186,t0+60s后中位,-55.9995,-55.9995,-55.9995,141.883,135.598,141.883,1169.72,,,,False,2.78136,-0.142513,-96.102,-0.47755,-2.78136,43.0637,-42.8194,-0.672284,-1.70333,RT1,右拇指指尖/数据1,13.6,restep,显示域,True,19.5791,0.0613163,onset_k1.05,onset_only,1.05,1.12
20.0385,0.943245,-19.0952,0.924979,t_on+4.6~5.4s中位(=08-v6.1 P 口径),1.00147,后1/3段中位(不足60s),4.84404,4.84404,4.84404,67.1712,67.1712,67.1712,5.24462,0.02,0.02,0.02,False,5.64184,0.692119,-33.3189,0,-5.64184,-32.9244,-104.94,12.8265,-0.924979,RT1,右拇指指尖/数据1,115.37,unload,显示域,True,19.5791,0.975286,onset_k1.05,onset_only,1.05,1.12
0.290396,16.726,16.4356,16.726,t_on+4.6~5.4s中位(=08-v6.1 P 口径),19.7617,t0+60s后中位,-5.7125,-5.7125,-5.7125,90.4771,90.4771,90.4771,-24.183,,,,False,3.23859,0.81957,-17.2982,0.743223,-3.23859,94.2875,9.52291,-0.938884,-14.8705,RT2,右拇指指尖/数据2,12.32,onset,显示域,True,22.0068,0.746843,onset_k1.05,onset_only,1.05,1.12
20.8432,22.0158,1.1726,22.0168,t_on+4.6~5.4s中位(=08-v6.1 P 口径),0.329168,t0+60s后中位,-492.777,-492.777,-492.777,1877.61,918.224,1877.61,1356.76,,,,False,7.03123,0.721622,-58.8422,0,-7.03123,-392.699,-1777.53,-5.77828,-22.0168,RT2,右拇指指尖/数据2,147.11,restep,显示域,True,22.0068,0.0532834,onset_k1.05,onset_only,1.05,1.12
22.131,0.9172,-21.2138,0.912841,t_on+4.6~5.4s中位(=08-v6.1 P 口径),0.365081,t0+60s后中位,4.30305,4.30305,4.30305,65.6374,65.6374,65.6374,1.72096,0.02,0.02,0.02,False,6.99211,0.668949,-34.7042,0,-6.99211,-34.3831,-104.324,13.9242,-0.912841,RT2,右拇指指尖/数据2,159.49,unload,显示域,True,22.0068,0.963968,onset_k1.05,onset_only,1.05,1.12
0.043,16.5567,16.5137,16.5389,t_on+4.6~5.4s中位(=08-v6.1 P 口径),20.5361,t0+60s后中位,3.95385,-2.36514,3.95385,99.3294,99.3294,99.3294,-20.2514,0.6,0.6,0.6,False,1.81183,0.917594,-3.39559,0.770125,-1.81183,103.846,0.56317,0.652926,-16.4029,RT3,右拇指指尖/数据3,10.59,onset,显示域,True,21.2279,0.777921,onset_k1.05,onset_only,1.05,1.12
21.248,0.521318,-20.7267,0.518415,t_on+4.6~5.4s中位(=08-v6.1 P 口径),0.568345,后1/3段中位(不足60s),2.50119,2.50119,2.50119,59.1332,59.1332,59.1332,2.74209,0.01,0.01,0.01,False,3.75731,0.763726,-41.6844,0,-3.75731,-40.8809,-102.515,12.2564,-0.518415,RT3,右拇指指尖/数据3,135.7,unload,显示域,True,21.2279,0.976388,onset_k1.05,onset_only,1.05,1.12
0,15.2813,15.2813,15.2813,t_on+4.6~5.4s中位(=08-v6.1 P 口径),17.8094,t0+60s后中位,4.19961,-3.39359,4.19961,100,100,100,-12.3447,0.64,0.64,0.64,False,1.54917,0.926034,-3.42731,0.702984,-1.54917,104.2,0,0.641753,-15.2813,LT1,左拇指指尖/数据1,11.69,onset,显示域,True,18.1566,0.841637,onset_k1.05,onset_only,1.05,1.12
18.1567,0,-18.1567,0,t_on+4.6~5.4s中位(=08-v6.1 P 口径),0,后1/3段中位(不足60s),-0,-0,-0,73.0088,73.0088,73.0088,-0,0.13,0.13,0.13,False,2.67044,0.832471,-26.9912,0,-2.67044,-26.9912,-100,13.256,0,LT1,左拇指指尖/数据1,147.52,unload,显示域,True,18.1566,1.00001,onset_k1.05,onset_only,1.05,1.12
0,16.1212,16.1212,16.1212,t_on+4.6~5.4s中位(=08-v6.1 P 口径),18.002,t0+60s后中位,2.40757,-0.170504,2.40757,61.2823,61.2823,61.2823,-9.25933,1.96,1.96,1.96,False,1.10351,0.928446,-42.5171,0.770486,-1.10351,102.408,38.7177,0.388129,-9.87941,LT2,左拇指指尖/数据2,14.92,onset,显示域,True,18.6005,0.866705,onset_k1.05,onset_only,1.05,1.12
18.6041,0,-18.6041,0,t_on+4.6~5.4s中位(=08-v6.1 P 口径),0,后1/3段中位(不足60s),-0,-0,-0,75.2234,75.2234,75.2234,-0,0.01,0.01,0.01,False,1.91044,0.879885,-24.7766,0,-1.91044,-24.7766,-100,13.9946,0,LT2,左拇指指尖/数据2,140.92,unload,显示域,True,18.6005,1.00019,onset_k1.05,onset_only,1.05,1.12
0,17.5144,17.5144,17.5144,t_on+4.6~5.4s中位(=08-v6.1 P 口径),18.8563,t0+60s后中位,-2.68509,-4.22718,-2.68509,66.7966,66.7966,66.7966,-10.3468,0.79,0.79,0.79,False,1.63264,0.886328,-37.4306,0.804481,-1.63264,97.3149,33.2034,-0.470276,-11.699,LT3,左拇指指尖/数据3,10.87,onset,显示域,True,19.3415,0.905531,onset_k1.05,onset_only,1.05,1.12
19.3469,0,-19.3469,0,t_on+4.6~5.4s中位(=08-v6.1 P 口径),0,t0+60s后中位,-0,-0,-0,78.2423,78.2423,78.2423,-0,0.03,0.03,0.03,False,2.35721,0.865261,-21.7577,0,-2.35721,-21.7577,-100,15.1374,0,LT3,左拇指指尖/数据3,132.59,unload,显示域,True,19.3415,1.00028,onset_k1.05,onset_only,1.05,1.12
0.064,13.3829,13.3189,13.3829,t_on+4.6~5.4s中位(=08-v6.1 P 口径),0.101758,t0+60s后中位,-5.8785,-8.28319,-5.8785,66.9611,66.9611,66.9611,93.838,,,,False,3.10394,0.744783,-41.4853,0.572945,-3.10394,94.1215,33.0389,-0.782951,-8.91846,F41,四指指尖/数据1,10.94,onset,显示域,False,16.302,0.817011,onset_k1.05,onset_only,1.05,1.12
10.8737,13.5564,2.68271,13.5564,t_on+4.6~5.4s中位(=08-v6.1 P 口径),0.082,t0+60s后中位,-35.6517,-44.0821,-35.6517,52.3996,48.9122,52.3996,466.615,,,,False,3.11598,0.0228397,-100,0.289754,-3.11598,64.3483,47.6004,-0.956432,-1.40573,F41,四指指尖/数据1,12.19,restep,显示域,False,16.302,0.164564,onset_k1.05,onset_only,1.05,1.12
16.4153,0.0723016,-16.343,0.0768358,t_on+4.6~5.4s中位(=08-v6.1 P 口径),0.073,后1/3段中位(不足60s),0.470146,0.470146,0.470146,48.6109,48.6109,48.6109,0.446675,0.01,0.01,0.01,False,4.01047,0.664558,-51.0884,0,-4.01047,-51.3614,-100.442,7.94446,-0.0768358,F41,四指指尖/数据1,130.75,unload,显示域,True,16.302,1.00252,onset_k1.05,onset_only,1.05,1.12
0.063,14.7479,14.6849,14.7479,t_on+4.6~5.4s中位(=08-v6.1 P 口径),9.57269,t0+60s后中位,-6.64246,-7.64896,-6.64246,92.5463,92.5463,92.5463,28.5994,,,,False,2.72641,0.839619,-15.1383,0.657863,-2.72641,93.3575,7.45373,-0.97544,-13.5904,F42,四指指尖/数据2,11.03,onset,显示域,True,17.0396,0.861814,onset_k1.05,onset_only,1.05,1.12
17.0666,0.0910805,-16.9755,0.091,t_on+4.6~5.4s中位(=08-v6.1 P 口径),0.0823702,后1/3段中位(不足60s),0.536066,0.536066,0.536066,81.8851,81.8851,81.8851,0.485229,0.02,0.02,0.02,False,3.19322,0.813203,-17.8346,0,-3.19322,-18.1153,-100.537,13.9004,-0.091,F42,四指指尖/数据2,130.78,unload,显示域,True,17.0396,0.996243,onset_k1.05,onset_only,1.05,1.12
0.068,15.3126,15.2446,15.3126,t_on+4.6~5.4s中位(=08-v6.1 P 口径),16.9838,t0+60s后中位,-3.19042,-4.6,-3.19042,78.8833,78.8833,78.8833,-14.1533,0.95,0.95,0.95,False,1.90094,0.876525,-25.7167,0.692091,-1.90094,96.8096,21.1167,-0.486366,-12.0254,F43,四指指尖/数据3,11,onset,显示域,True,17.4353,0.874349,onset_k1.05,onset_only,1.05,1.12
17.4903,0.560628,-16.9297,0.585277,t_on+4.6~5.4s中位(=08-v6.1 P 口径),0.0956784,后1/3段中位(不足60s),3.4571,3.4571,3.4571,65.1362,65.1362,65.1362,0.565151,0.09,0.09,0.09,False,2.57711,0.817132,-31.6017,0,-2.57711,-34.7182,-103.312,11.0274,-0.585277,F43,四指指尖/数据3,140.4,unload,显示域,True,17.4353,0.971,onset_k1.05,onset_only,1.05,1.12
76,4241.75,4165.75,4241.75,t_on+4.6~5.4s中位(=08-v6.1 P 口径),22201.8,t0+60s后中位,194.206,0.763056,194.206,74.5707,74.5707,74.5707,-236.931,,,3.38,True,889.269,0.951611,-38.1288,191.72,-889.269,294.206,25.4293,8090.13,-3106.43,SW1,切换负载-快相无责,10.84,onset,ADC域,True,27937.6,0.149109,onset_k1.05,onset_only,1.05,1.12
4811.46,11606.1,6794.66,11606.1,t_on+4.6~5.4s中位(=08-v6.1 P 口径),25339.1,t0+60s后中位,10.6815,10.6815,10.6815,34.9809,34.9809,34.9809,-191.433,,,,False,1092.13,4.46888,-125.805,0,-1092.13,110.681,65.0191,725.77,-2376.83,SW1,切换负载-快相无责,28.63,onset,ADC域,True,27937.6,0.243208,onset_k1.05,onset_only,1.05,1.12
12297.8,16207.4,3909.6,16202.1,t_on+4.6~5.4s中位(=08-v6.1 P 口径),25571.5,t0+60s后中位,11.2175,11.2175,11.2175,313.031,313.031,313.031,-228.432,,,,False,4530.02,0.473269,-286.711,0,-4530.02,111.084,-213.164,438.558,-12238.3,SW1,切换负载-快相无责,71.67,restep,ADC域,False,27937.6,0.139941,onset_k1.05,onset_only,1.05,1.12
5447.1,18092.5,12645.4,18092.5,t_on+4.6~5.4s中位(=08-v6.1 P 口径),25607.5,t0+60s后中位,-11.4812,-11.4812,-11.4812,109.114,109.114,109.114,-70.9096,,,,False,4530.02,0.485272,-69.4172,-959.824,-4530.02,88.5188,-9.11387,-1451.85,-13797.9,SW1,切换负载-快相无责,75.89,onset,ADC域,True,27937.6,0.452632,onset_k1.05,onset_only,1.05,1.12
19384.4,25851.7,6467.25,25850.6,t_on+4.6~5.4s中位(=08-v6.1 P 口径),22087.3,t0+60s后中位,24.9253,-72.7151,24.9253,399.715,204.228,399.715,83.1152,,,,False,5456.51,0.740911,31.2991,1360.73,-5456.51,124.908,-299.732,1611.98,-25850.6,SW1,切换负载-快相无责,110.45,restep,ADC域,True,27937.6,0.231489,onset_k1.05,onset_only,1.05,1.12
26333.3,25386,-947.345,25386,t_on+4.6~5.4s中位(=08-v6.1 P 口径),20401.6,t0+60s后中位,2679.7,2679.7,2679.7,249.692,112.716,249.692,2153.55,,,,False,5438.54,8.05777,2139.65,1360.73,-5438.54,149.692,-2779.7,2365.45,-25386,SW1,切换负载-快相无责,129.37,partial_unload,ADC域,False,27937.6,0.0339094,onset_k1.05,onset_only,1.05,1.12
61.0611,27163.2,27102.1,27163.8,t_on+4.6~5.4s中位(=08-v6.1 P 口径),20127.8,t0+60s后中位,2.26101,0.914932,2.26101,99.9692,99.9692,99.9692,28.2219,0.44,0.44,0.44,False,1360.73,1.0025,0.868911,1360.73,-16.3526,102.263,0.0329822,612.781,-27093.8,SW1,切换负载-快相无责,133.83,onset,ADC域,True,27937.6,0.970096,onset_k1.05,onset_only,1.05,1.12
28005.2,24408.4,-3596.88,24408.4,t_on+4.6~5.4s中位(=08-v6.1 P 口径),25340.8,t0+60s后中位,678.598,678.598,678.598,68.2005,49.9015,68.2005,704.521,,,,False,1204.71,1.45755,627.211,1204.71,-561.926,-31.7995,-778.598,2453.09,-24408.4,SW1,切换负载-快相无责,182.03,partial_unload,ADC域,False,27937.6,0.128747,onset_k1.05,onset_only,1.05,1.12
52.8433,25248,25195.2,25248,t_on+4.6~5.4s中位(=08-v6.1 P 口径),60.6632,t0+60s后中位,6.40368,1.31537,6.40368,100.004,100.004,100.004,106.373,,,0.37,True,1204.71,0.988471,1.29663,1204.71,-561.926,106.404,-0.00352015,1613.42,-25196.1,SW1,切换负载-快相无责,185.97,onset,ADC域,True,27937.6,0.901839,onset_k1.05,onset_only,1.05,1.12
26086,22170.5,-3915.48,22169.8,t_on+4.6~5.4s中位(=08-v6.1 P 口径),22086.1,后1/3段中位(不足60s),469.11,141.595,469.11,30.7286,30.7286,30.7286,466.973,,,,False,2692.9,1.1845,-59.1506,33.8241,-2692.9,-69.2897,-569.128,1203.17,-18367.9,SW1,切换负载-快相无责,202.65,partial_unload,ADC域,True,27937.6,0.140151,onset_k1.05,onset_only,1.05,1.12
22149.6,5769,-16380.6,5767.93,t_on+4.6~5.4s中位(=08-v6.1 P 口径),22086.1,后1/3段中位(不足60s),24.5504,7.70372,24.5504,115.236,96.2558,115.236,124.169,,,,False,2692.9,1.01069,3.90214,33.8241,-2692.9,15.2297,-124.557,18876.4,-4021.51,SW1,切换负载-快相无责,212.4,partial_unload,ADC域,False,27937.6,0.58633,onset_k1.05,onset_only,1.05,1.12
5760.84,11857,6096.16,11857,t_on+4.6~5.4s中位(=08-v6.1 P 口径),22086.1,后1/3段中位(不足60s),210.1,-8.49026,210.1,165.852,116.941,165.852,42.3036,,,,False,2692.9,0.946706,-39.929,0,-2692.9,310.1,-65.8517,12808,-10110.6,SW1,切换负载-快相无责,217.74,restep,ADC域,True,27937.6,0.218206,onset_k1.05,onset_only,1.05,1.12
12122.3,19875.9,7753.67,19875.9,t_on+4.6~5.4s中位(=08-v6.1 P 口径),22086.1,后1/3段中位(不足60s),70.1865,-8.35412,70.1865,256.343,233.819,256.343,41.6812,,,,False,1901.28,0.867319,-138.079,0,-1901.28,170.186,-156.343,5442.02,-19875.9,SW1,切换负载-快相无责,230.64,restep,ADC域,False,27937.6,0.277535,onset_k1.05,onset_only,1.05,1.12
5210.44,20245.8,15035.4,20245.8,t_on+4.6~5.4s中位(=08-v6.1 P 口径),22086.1,后1/3段中位(不足60s),33.7345,-6.76837,33.7345,134.654,118.87,134.654,21.4947,,,,False,1901.28,0.878404,11.8096,0,-1901.28,133.735,-34.6545,5072.12,-20245.8,SW1,切换负载-快相无责,233.05,onset,ADC域,False,27937.6,0.538179,onset_k1.05,onset_only,1.05,1.12
20414.6,25671.8,5257.15,25671.8,t_on+4.6~5.4s中位(=08-v6.1 P 口径),22086.1,后1/3段中位(不足60s),-6.73039,-19.5436,-6.73039,488.321,118.953,488.321,61.4748,,,,False,1901.28,0.945949,-0.5907,0,-1901.28,93.2696,-388.321,-353.827,-25671.8,SW1,切换负载-快相无责,240.72,restep,ADC域,True,27937.6,0.188175,onset_k1.05,onset_only,1.05,1.12
25868,55,-25813,54.9693,t_on+4.6~5.4s中位(=08-v6.1 P 口径),22086.1,后1/3段中位(不足60s),0.212952,0.212952,0.212952,77.67,77.67,77.67,85.5622,,,,False,808.868,0.96122,-22.3495,0,-808.868,-22.3301,-100.213,20048.9,-54.9693,SW1,切换负载-快相无责,249.63,unload,ADC域,True,27937.6,0.923952,onset_k1.05,onset_only,1.05,1.12
62,14458.3,14396.3,14458.3,t_on+4.6~5.4s中位(=08-v6.1 P 口径),24133.2,后1/3段中位(不足60s),51.4421,5.41307,51.4421,100.431,55.3875,100.431,-15.7619,,,3.48,True,1704.97,1.00338,-46.7176,1306.2,-1704.97,151.442,-0.430665,7405.78,-14458.3,SW2,再切换负载,11.79,onset,ADC域,False,25866.3,0.556567,onset_k1.05,onset_only,1.05,1.12
13424.9,14858.2,1433.25,14852.5,t_on+4.6~5.4s中位(=08-v6.1 P 口径),24133.2,后1/3段中位(不足60s),498.088,26.8716,498.088,1036.28,81.626,1036.28,-149.446,,,,False,1704.97,0.964789,-100,1306.2,-1704.97,597.692,-936.677,7138.84,-14852.5,SW2,再切换负载,13.7,restep,ADC域,False,25866.3,0.0554099,onset_k1.05,onset_only,1.05,1.12
14922.6,15402.5,479.895,15402.8,t_on+4.6~5.4s中位(=08-v6.1 P 口径),24133.2,后1/3段中位(不足60s),1501.26,-34.4115,1501.26,3209.61,358.449,3209.61,-317.984,,,,False,1704.97,0.918265,-100,1306.2,-1704.97,1601.32,-3109.55,7204.5,-15402.8,SW2,再切换负载,14.86,restep,ADC域,False,25866.3,0.0185529,onset_k1.05,onset_only,1.05,1.12
16009.1,17425.7,1416.62,17425.7,t_on+4.6~5.4s中位(=08-v6.1 P 口径),24133.2,后1/3段中位(不足60s),536.903,-0.868249,536.903,1230.09,1230.09,1230.09,63.4142,,,,False,1681.24,0.836115,-750.893,1306.2,-1681.24,636.903,-1130.09,7605.89,-17425.7,SW2,再切换负载,31.22,restep,ADC域,False,25866.3,0.0547671,onset_k1.05,onset_only,1.05,1.12
37.3925,21643.5,21606.1,21639.1,t_on+4.6~5.4s中位(=08-v6.1 P 口径),24133.2,后1/3段中位(不足60s),16.8896,1.04143,16.8896,100.042,84.0485,100.042,5.34583,,,0.53,True,1306.2,1,-15.0254,1306.2,-284.034,116.869,-0.0619851,3649.17,-21615.1,SW2,再切换负载,35.96,onset,ADC域,True,25866.3,0.835298,onset_k1.05,onset_only,1.05,1.12
22655,38.6558,-22616.3,38.4964,t_on+4.6~5.4s中位(=08-v6.1 P 口径),24133.2,后1/3段中位(不足60s),0.0640968,0.0640968,0.0640968,113.682,24.5797,113.682,106.601,,,,False,1189.09,0.987689,-75.401,1189.09,-397.307,13.6811,-100.065,25710.7,-14.4964,SW2,再切换负载,50.61,unload,ADC域,False,25866.3,0.874356,onset_k1.05,onset_only,1.05,1.12
38,25209.3,25171.3,25209.3,t_on+4.6~5.4s中位(=08-v6.1 P 口径),24133.2,后1/3段中位(不足60s),2.14468,-0.706103,2.14468,97.159,97.159,97.159,6.41968,,,0.54,True,1189.09,0.992609,-3.75558,1189.09,-397.307,102.145,2.84099,539.845,-24456.2,SW2,再切换负载,57.3,onset,ADC域,True,25866.3,0.973132,onset_k1.05,onset_only,1.05,1.12
69.5794,17701.9,17632.3,17701.9,t_on+4.6~5.4s中位(=08-v6.1 P 口径),27305,后1/3段中位(不足60s),47.7288,-12.2599,47.7288,100.395,68.625,100.395,-6.73483,,,,False,5351.15,1.0086,-44.2226,1243.15,-5351.15,147.729,-0.394614,8415.68,-17701.9,SW3,中途切换-1d9493,10.92,onset,ADC域,True,27696.8,0.636617,onset_k1.05,onset_only,1.05,1.12
18559.6,25621.5,7061.97,25621.5,t_on+4.6~5.4s中位(=08-v6.1 P 口径),27305,后1/3段中位(不足60s),19.6015,-57.6795,19.6015,362.81,134.24,362.81,-4.23741,,,,False,5351.15,1.61944,-26.2308,1243.15,-5351.15,119.601,-262.81,1384.25,-25621.5,SW3,中途切换-1d9493,20.72,restep,ADC域,True,27696.8,0.254974,onset_k1.05,onset_only,1.05,1.12
25979,52,-25927,52,t_on+4.6~5.4s中位(=08-v6.1 P 口径),27305,后1/3段中位(不足60s),0.200563,0.200563,0.200563,105.203,80.8211,105.203,105.315,,,,False,5351.15,6.06029,-19.1485,1243.15,-5351.15,5.20273,-100.201,27275.9,-52,SW3,中途切换-1d9493,30.68,unload,ADC域,True,27696.8,0.9361,onset_k1.05,onset_only,1.05,1.12
55.4942,26638.1,26582.6,26638.1,t_on+4.6~5.4s中位(=08-v6.1 P 口径),27305,后1/3段中位(不足60s),2.67529,-1.76824,2.67529,100.209,85.9799,100.209,0.166247,,,0.56,True,1243.15,0.978573,-15.9823,1243.15,-565.443,102.675,-0.208762,711.16,-26638.1,SW3,中途切换-1d9493,39.08,onset,ADC域,True,27696.8,0.959769,onset_k1.05,onset_only,1.05,1.12
27714.7,53,-27661.7,53,段末帧(退化),27305,后1/3段中位(不足60s),0.191601,0.191601,0.191601,98.3211,98.3211,98.3211,98.7106,,,,False,565.443,0.979633,-1.67842,0,-565.443,-1.67891,-100.192,27197.3,-53,SW3,中途切换-1d9493,60.78,restep,ADC域,False,27696.8,0.998732,onset_k1.05,onset_only,1.05,1.12
84,15448.2,15364.2,15448.2,t_on+4.6~5.4s中位(=08-v6.1 P 口径),24171.5,t0+60s后中位,51.9203,-6.50615,51.9203,65.5442,65.5442,65.5442,-4.85703,,,,False,2329,0.916147,-41.8495,690.028,-2329,151.92,34.4558,7977.13,-10070.3,SW4,中途切换-13ffca,8.41,onset,ADC域,True,32452.6,0.473434,onset_k1.05,onset_only,1.05,1.12
16085.4,22496.9,6411.47,22496.9,t_on+4.6~5.4s中位(=08-v6.1 P 口径),27884.7,t0+60s后中位,14.4804,-27.4936,14.4804,126.014,126.014,126.014,-69.5542,,,,False,2658.48,0.943185,-1.47954,0,-2658.48,114.48,-26.014,928.407,-8079.35,SW4,中途切换-13ffca,18.68,restep,ADC域,False,32452.6,0.197564,onset_k1.05,onset_only,1.05,1.12
22912.5,24098.4,1185.96,24095.9,t_on+4.6~5.4s中位(=08-v6.1 P 口径),28247.1,t0+60s后中位,-56.5445,-56.5445,-56.5445,678.44,678.44,678.44,-406.575,,,,False,2707.36,0.653093,-111.066,0,-2707.36,43.2408,-578.654,-670.593,-8046,SW4,中途切换-13ffca,26.57,restep,ADC域,False,32452.6,0.0365443,onset_k1.05,onset_only,1.05,1.12
19465.9,24135.1,4669.26,24133.3,t_on+4.6~5.4s中位(=08-v6.1 P 口径),28278.7,t0+60s后中位,-15.163,-15.163,-15.163,144.609,144.609,144.609,-103.943,,,,False,2707.36,0.665136,6.05731,0,-2707.36,84.7974,-44.6485,-708,-6752.16,SW4,中途切换-13ffca,27.6,restep,ADC域,False,32452.6,0.143879,onset_k1.05,onset_only,1.05,1.12
24634.7,21004.9,-3629.79,21002.6,t_on+4.6~5.4s中位(=08-v6.1 P 口径),31983.5,t0+60s后中位,578.617,86.36,578.617,18.1092,18.1092,18.1092,881.14,,,,False,3334.94,-6.36308,-11.167,0,-3334.94,-81.9544,-678.68,657.328,-21002.6,SW4,中途切换-13ffca,45.28,partial_unload,ADC域,True,32452.6,0.111849,onset_k1.05,onset_only,1.05,1.12
20983.1,24429.9,3446.83,24429.7,t_on+4.6~5.4s中位(=08-v6.1 P 口径),27976.3,后1/3段中位(不足60s),96.1787,-84.1157,96.1787,708.757,131.425,708.757,-6.71623,,,,False,3334.94,0.8834,-87.9684,1310.12,-3334.94,196.172,-608.764,3315.12,-24429.7,SW4,中途切换-13ffca,61.37,restep,ADC域,False,32452.6,0.106211,onset_k1.05,onset_only,1.05,1.12
24442.4,79,-24363.4,78,t_on+4.6~5.4s中位(=08-v6.1 P 口径),27976.3,后1/3段中位(不足60s),0.320153,0.320153,0.320153,115.416,45.7401,115.416,114.829,,,0.01,True,3117.49,1.35785,-53.9397,1310.12,-3117.49,15.4117,-100.324,28119.2,-78,SW4,中途切换-13ffca,68.93,unload,ADC域,True,32452.6,0.750737,onset_k1.05,onset_only,1.05,1.12
75,27895.9,27820.9,27895.9,t_on+4.6~5.4s中位(=08-v6.1 P 口径),27976.3,后1/3段中位(不足60s),18.3663,-0.389082,18.3663,100.27,38.3675,100.27,18.0773,,,0.27,True,1879.51,0.995566,-62.1756,1879.51,-505.751,118.366,-0.269581,5109.67,-27895.9,SW4,中途切换-13ffca,88,onset,ADC域,True,32452.6,0.857278,onset_k1.05,onset_only,1.05,1.12
28337.8,30791.3,2453.48,30791.3,t_on+4.6~5.4s中位(=08-v6.1 P 口径),27976.3,后1/3段中位(不足60s),90.2514,65.2099,90.2514,1255.01,83.3083,1255.01,204.986,,,,False,1879.51,0.987868,-85.9703,1879.51,-505.751,190.251,-1155.01,2214.3,-30791.3,SW4,中途切换-13ffca,99.36,restep,ADC域,False,32452.6,0.0756019,onset_k1.05,onset_only,1.05,1.12
29453,32163.4,2710.38,32155.5,t_on+4.6~5.4s中位(=08-v6.1 P 口径),27976.3,后1/3段中位(不足60s),31.3641,31.3641,31.3641,1186.38,34.2008,1186.38,185.557,,,,False,1219.94,1.04063,-47.9251,1219.94,-505.751,131.073,-1086.68,850.086,-32155.5,SW4,中途切换-13ffca,104.24,restep,ADC域,True,32452.6,0.083518,onset_k1.05,onset_only,1.05,1.12
32462.6,81,-32381.6,83,t_on+4.6~5.4s中位(=08-v6.1 P 口径),27976.3,后1/3段中位(不足60s),0.256319,0.256319,0.256319,98.577,98.577,98.577,86.3958,,,,False,330.983,0.989737,-1.35004,0,-330.983,-1.41687,-100.25,31920.7,-83,SW4,中途切换-13ffca,113.8,unload,ADC域,True,32452.6,0.99781,onset_k1.05,onset_only,1.05,1.12
0.549442,14.7073,14.1578,14.7057,t_on+4.6~5.4s中位(=08-v6.1 P 口径),1.16117,t0+60s后中位,5.13735,-1.17334,5.13735,76.7128,76.7128,76.7128,100.805,5.36,5.36,5.36,False,2.25141,0.850392,-25.053,1.27842,-2.25141,105.126,23.2759,0.727339,-10.8609,RT1,右拇指指尖/数据1,8.27,onset,显示域,False,19.5791,0.72311,onset_k1.10,onset_only,1.1,1.12
14.6375,15.8381,1.20052,15.8268,t_on+4.6~5.4s中位(=08-v6.1 P 口径),1.11186,t0+60s后中位,-32.8006,-32.8006,-32.8006,121.807,115.711,121.807,1192.91,,,,False,2.54718,-0.141274,-92.1817,-0.240574,-2.54718,66.2626,-22.7434,-0.393777,-1.46231,RT1,右拇指指尖/数据1,13.6,restep,显示域,True,19.5791,0.0613163,onset_k1.10,onset_only,1.1,1.12
20.0385,0.943245,-19.0952,0.924979,t_on+4.6~5.4s中位(=08-v6.1 P 口径),1.00147,后1/3段中位(不足60s),4.84404,4.84404,4.84404,68.3519,68.3519,68.3519,5.24462,0.03,0.03,0.03,False,5.41639,0.704422,-32.1383,0,-5.41639,-31.7438,-104.94,13.0519,-0.924979,RT1,右拇指指尖/数据1,115.37,unload,显示域,True,19.5791,0.975286,onset_k1.10,onset_only,1.1,1.12
0.290396,16.726,16.4356,16.726,t_on+4.6~5.4s中位(=08-v6.1 P 口径),19.7617,t0+60s后中位,-1.47606,-1.70204,-1.47606,90.4771,90.4771,90.4771,-19.9465,13.16,13.16,2.23,False,2.51259,0.862324,-12.9563,1.46367,-2.51259,98.5239,9.52291,-0.242599,-14.8705,RT2,右拇指指尖/数据2,12.32,onset,显示域,True,22.0068,0.746843,onset_k1.10,onset_only,1.1,1.12
20.8432,22.0158,1.1726,22.0168,t_on+4.6~5.4s中位(=08-v6.1 P 口径),0.329168,t0+60s后中位,-430.571,-430.571,-430.571,1877.61,856.136,1877.61,1418.97,,,,False,6.3146,0.757472,-57.3604,0,-6.3146,-330.493,-1777.53,-5.04886,-22.0168,RT2,右拇指指尖/数据2,147.11,restep,显示域,True,22.0068,0.0532834,onset_k1.10,onset_only,1.1,1.12
22.131,0.9172,-21.2138,0.912841,t_on+4.6~5.4s中位(=08-v6.1 P 口径),0.365081,t0+60s后中位,4.30305,4.30305,4.30305,69.0241,69.0241,69.0241,1.72096,0.02,0.02,0.02,False,6.27367,0.702965,-31.3175,0,-6.27367,-30.9964,-104.324,14.6426,-0.912841,RT2,右拇指指尖/数据2,159.49,unload,显示域,True,22.0068,0.963968,onset_k1.10,onset_only,1.1,1.12
0.043,16.5567,16.5137,16.5389,t_on+4.6~5.4s中位(=08-v6.1 P 口径),20.5361,t0+60s后中位,10.678,2.26649,10.678,99.3294,99.3294,99.3294,-13.5273,,,,False,1.53498,0.974828,1.23075,1.53498,-0.856619,110.571,0.56317,1.76333,-16.4029,RT3,右拇指指尖/数据3,10.59,onset,显示域,True,21.2279,0.777921,onset_k1.10,onset_only,1.1,1.12
21.248,0.521318,-20.7267,0.518415,t_on+4.6~5.4s中位(=08-v6.1 P 口径),0.568345,后1/3段中位(不足60s),2.50119,2.50119,2.50119,62.598,62.598,62.598,2.74209,0.01,0.01,0.01,False,3.03916,0.808886,-38.2196,0,-3.03916,-37.416,-102.515,12.9745,-0.518415,RT3,右拇指指尖/数据3,135.7,unload,显示域,True,21.2279,0.976388,onset_k1.10,onset_only,1.1,1.12
0,15.2813,15.2813,15.2813,t_on+4.6~5.4s中位(=08-v6.1 P 口径),17.8094,t0+60s后中位,10.2146,1.20671,10.2146,100,100,100,-6.32975,,,,False,1.40597,0.981499,1.17139,1.40597,-0.628819,110.215,0,1.56092,-15.2813,LT1,左拇指指尖/数据1,11.69,onset,显示域,True,18.1566,0.841637,onset_k1.10,onset_only,1.1,1.12
18.1567,0,-18.1567,0,t_on+4.6~5.4s中位(=08-v6.1 P 口径),0,后1/3段中位(不足60s),-0,-0,-0,77.3145,77.3145,77.3145,-0,0.13,0.13,0.13,False,1.88589,0.881567,-22.6855,0,-1.88589,-22.6855,-100,14.0378,0,LT1,左拇指指尖/数据1,147.52,unload,显示域,True,18.1566,1.00001,onset_k1.10,onset_only,1.1,1.12
0,16.1212,16.1212,16.1212,t_on+4.6~5.4s中位(=08-v6.1 P 口径),18.002,t0+60s后中位,2.40757,0.781581,2.40757,61.2823,61.2823,61.2823,-9.25933,1.96,1.96,1.96,False,1.50899,0.928446,-37.9362,1.50899,-1.10351,102.408,38.7177,0.388129,-9.87941,LT2,左拇指指尖/数据2,14.92,onset,显示域,True,18.6005,0.866705,onset_k1.10,onset_only,1.1,1.12
18.6041,0,-18.6041,0,t_on+4.6~5.4s中位(=08-v6.1 P 口径),0,后1/3段中位(不足60s),-0,-0,-0,75.2234,75.2234,75.2234,-0,0.01,0.01,0.01,False,1.91044,0.879885,-24.7766,0,-1.91044,-24.7766,-100,13.9946,0,LT2,左拇指指尖/数据2,140.92,unload,显示域,True,18.6005,1.00019,onset_k1.10,onset_only,1.1,1.12
0,17.5144,17.5144,17.5144,t_on+4.6~5.4s中位(=08-v6.1 P 口径),18.8563,t0+60s后中位,2.60319,0.333431,2.60319,66.7966,66.7966,66.7966,-5.05855,0.53,0.53,0.53,False,1.60324,0.959727,-32.87,1.60324,-0.723208,102.603,33.2034,0.455933,-11.699,LT3,左拇指指尖/数据3,10.87,onset,显示域,True,19.3415,0.905531,onset_k1.10,onset_only,1.1,1.12
19.3469,0,-19.3469,0,t_on+4.6~5.4s中位(=08-v6.1 P 口径),0,t0+60s后中位,-0,-0,-0,82.906,82.906,82.906,-0,0.03,0.03,0.03,False,1.45492,0.916837,-17.094,0,-1.45492,-17.094,-100,16.0397,0,LT3,左拇指指尖/数据3,132.59,unload,显示域,True,19.3415,1.00028,onset_k1.10,onset_only,1.1,1.12
0.064,13.3829,13.3189,13.3829,t_on+4.6~5.4s中位(=08-v6.1 P 口径),0.101758,t0+60s后中位,-1.49815,-3.95858,-1.49815,66.9611,66.9611,66.9611,98.2184,0.81,0.81,0.81,False,2.51366,0.799946,-37.1258,1.15358,-2.51366,98.5018,33.0389,-0.199537,-8.91846,F41,四指指尖/数据1,10.94,onset,显示域,False,16.302,0.817011,onset_k1.10,onset_only,1.1,1.12
10.8737,13.5564,2.68271,13.5564,t_on+4.6~5.4s中位(=08-v6.1 P 口径),0.082,t0+60s后中位,-13.9045,-22.4737,-13.9045,30.3312,27.2706,30.3312,488.362,,,,False,2.52541,0.0233876,-100,0.870388,-2.52541,86.0955,69.6688,-0.373018,-0.813697,F41,四指指尖/数据1,12.19,restep,显示域,False,16.302,0.164564,onset_k1.10,onset_only,1.1,1.12
16.4153,0.0723016,-16.343,0.0768358,t_on+4.6~5.4s中位(=08-v6.1 P 口径),0.073,后1/3段中位(不足60s),0.470146,0.470146,0.470146,52.1964,52.1964,52.1964,0.446675,0.01,0.01,0.01,False,3.4245,0.71357,-47.5029,0,-3.4245,-47.7759,-100.442,8.53044,-0.0768358,F41,四指指尖/数据1,130.75,unload,显示域,True,16.302,1.00252,onset_k1.10,onset_only,1.1,1.12
0.063,14.7479,14.6849,14.7479,t_on+4.6~5.4s中位(=08-v6.1 P 口径),9.57269,t0+60s后中位,-2.40058,-3.25266,-2.40058,92.5463,92.5463,92.5463,32.8413,0.82,0.82,0.82,False,2.04366,0.884626,-10.7437,1.30321,-2.04366,97.5994,7.45373,-0.352524,-13.5904,F42,四指指尖/数据2,11.03,onset,显示域,True,17.0396,0.861814,onset_k1.10,onset_only,1.1,1.12
17.0666,0.0910805,-16.9755,0.091,t_on+4.6~5.4s中位(=08-v6.1 P 口径),0.0823702,后1/3段中位(不足60s),0.536066,0.536066,0.536066,85.8763,85.8763,85.8763,0.485229,0.02,0.02,0.02,False,2.51571,0.852837,-13.8434,0,-2.51571,-14.1242,-100.537,14.578,-0.091,F42,四指指尖/数据2,130.78,unload,显示域,True,17.0396,0.996243,onset_k1.10,onset_only,1.1,1.12
0.068,15.3126,15.2446,15.3126,t_on+4.6~5.4s中位(=08-v6.1 P 口径),16.9838,t0+60s后中位,2.99726,-0.0573222,2.99726,78.8833,78.8833,78.8833,-7.96564,0.52,0.52,0.52,False,1.3846,0.934657,-21.174,1.3846,-1.15646,102.997,21.1167,0.45692,-12.0254,F43,四指指尖/数据3,11,onset,显示域,True,17.4353,0.874349,onset_k1.10,onset_only,1.1,1.12
17.4903,0.560628,-16.9297,0.585277,t_on+4.6~5.4s中位(=08-v6.1 P 口径),0.0956784,后1/3段中位(不足60s),3.4571,3.4571,3.4571,69.4058,69.4058,69.4058,0.565151,0.09,0.09,0.09,False,1.85426,0.868424,-27.332,0,-1.85426,-30.4486,-103.312,11.7502,-0.585277,F43,四指指尖/数据3,140.4,unload,显示域,True,17.4353,0.971,onset_k1.10,onset_only,1.1,1.12
76,4241.75,4165.75,4241.75,t_on+4.6~5.4s中位(=08-v6.1 P 口径),22201.8,t0+60s后中位,194.206,0.763056,194.206,74.5707,74.5707,74.5707,-236.931,,,3.38,True,889.269,0.951611,-33.9743,364.786,-889.269,294.206,25.4293,8090.13,-3106.43,SW1,切换负载-快相无责,10.84,onset,ADC域,True,27937.6,0.149109,onset_k1.10,onset_only,1.1,1.12
4811.46,11606.1,6794.66,11606.1,t_on+4.6~5.4s中位(=08-v6.1 P 口径),25339.1,t0+60s后中位,10.6815,10.6815,10.6815,34.9809,34.9809,34.9809,-191.433,,,,False,1092.13,4.46888,-125.805,137.372,-1092.13,110.681,65.0191,725.77,-2376.83,SW1,切换负载-快相无责,28.63,onset,ADC域,True,27937.6,0.243208,onset_k1.10,onset_only,1.1,1.12
12297.8,16207.4,3909.6,16202.1,t_on+4.6~5.4s中位(=08-v6.1 P 口径),25571.5,t0+60s后中位,11.2175,11.2175,11.2175,313.031,313.031,313.031,-228.432,,,,False,4530.02,0.473269,-286.711,0,-4530.02,111.084,-213.164,438.558,-12238.3,SW1,切换负载-快相无责,71.67,restep,ADC域,False,27937.6,0.139941,onset_k1.10,onset_only,1.1,1.12
5447.1,18092.5,12645.4,18092.5,t_on+4.6~5.4s中位(=08-v6.1 P 口径),25607.5,t0+60s后中位,-11.4812,-11.4812,-11.4812,109.114,109.114,109.114,-70.9096,,,,False,4530.02,0.485272,-69.4172,-959.824,-4530.02,88.5188,-9.11387,-1451.85,-13797.9,SW1,切换负载-快相无责,75.89,onset,ADC域,True,27937.6,0.452632,onset_k1.10,onset_only,1.1,1.12
19384.4,25851.7,6467.25,25850.6,t_on+4.6~5.4s中位(=08-v6.1 P 口径),22087.3,t0+60s后中位,41.8282,-72.7151,41.8282,399.715,204.228,399.715,100.018,,,,False,5456.51,0.740911,31.2991,2581.71,-5456.51,141.811,-299.732,2705.13,-25850.6,SW1,切换负载-快相无责,110.45,restep,ADC域,True,27937.6,0.231489,onset_k1.10,onset_only,1.1,1.12
26333.3,25386,-947.345,25386,t_on+4.6~5.4s中位(=08-v6.1 P 口径),20401.6,t0+60s后中位,2679.7,2679.7,2679.7,361.533,197.342,361.533,2153.55,,,,False,5438.54,9.40511,2139.65,2581.71,-5438.54,261.533,-2779.7,3424.96,-25386,SW1,切换负载-快相无责,129.37,partial_unload,ADC域,False,27937.6,0.0339094,onset_k1.10,onset_only,1.1,1.12
61.0611,27163.2,27102.1,27163.8,t_on+4.6~5.4s中位(=08-v6.1 P 口径),20127.8,t0+60s后中位,6.17084,5.13591,6.17084,99.9692,99.9692,99.9692,32.1318,,,,False,2581.71,1.04095,5.10513,2581.71,-4.67081,106.173,0.0329822,1672.43,-27093.8,SW1,切换负载-快相无责,133.83,onset,ADC域,True,27937.6,0.970096,onset_k1.10,onset_only,1.1,1.12
28005.2,24408.4,-3596.88,24408.4,t_on+4.6~5.4s中位(=08-v6.1 P 口径),25340.8,t0+60s后中位,677.531,677.531,677.531,79.3583,79.3583,79.3583,703.454,,,,False,2420.22,3.8749,656.668,2420.22,-766.455,-20.6417,-777.531,2854.42,-24370,SW1,切换负载-快相无责,182.03,partial_unload,ADC域,False,27937.6,0.128747,onset_k1.10,onset_only,1.1,1.12
52.8433,25248,25195.2,25248,t_on+4.6~5.4s中位(=08-v6.1 P 口径),60.6632,t0+60s后中位,6.13974,6.13974,6.13974,100.004,100.004,100.004,106.109,,,2.34,True,2420.22,0.976083,6.11994,2420.22,-792.104,106.14,-0.00352015,1546.92,-25196.1,SW1,切换负载-快相无责,185.97,onset,ADC域,True,27937.6,0.901839,onset_k1.10,onset_only,1.1,1.12
26086,22170.5,-3915.48,22169.8,t_on+4.6~5.4s中位(=08-v6.1 P 口径),22086.1,后1/3段中位(不足60s),495.409,145.871,495.409,25.9689,25.9689,25.9689,493.272,,,,False,2732.12,1.19357,-59.6826,0,-2732.12,-74.0494,-595.427,1016.81,-19397.7,SW1,切换负载-快相无责,202.65,partial_unload,ADC域,True,27937.6,0.140151,onset_k1.10,onset_only,1.1,1.12
22149.6,5769,-16380.6,5767.93,t_on+4.6~5.4s中位(=08-v6.1 P 口径),22086.1,后1/3段中位(不足60s),31.6335,9.31716,31.6335,113.658,93.6629,113.658,131.252,,,,False,2865.19,1.07486,2.91274,0,-2865.19,13.6511,-131.64,18617.8,-5181.77,SW1,切换负载-快相无责,212.4,partial_unload,ADC域,False,27937.6,0.58633,onset_k1.10,onset_only,1.1,1.12
5760.84,11857,6096.16,11857,t_on+4.6~5.4s中位(=08-v6.1 P 口径),22086.1,后1/3段中位(不足60s),205.519,-8.49026,205.519,184.884,116.941,184.884,37.7224,,,,False,2865.19,0.871199,-39.929,0,-2865.19,305.519,-84.8842,12528.8,-11270.8,SW1,切换负载-快相无责,217.74,restep,ADC域,True,27937.6,0.218206,onset_k1.10,onset_only,1.1,1.12
12122.3,19875.9,7753.67,19875.9,t_on+4.6~5.4s中位(=08-v6.1 P 口径),22086.1,后1/3段中位(不足60s),58.1637,-26.0894,58.1637,256.343,248.783,256.343,29.6585,,,,False,2865.19,0.77667,-146.248,0,-2865.19,158.164,-156.343,4509.82,-19875.9,SW1,切换负载-快相无责,230.64,restep,ADC域,False,27937.6,0.277535,onset_k1.10,onset_only,1.1,1.12
5210.44,20245.8,15035.4,20245.8,t_on+4.6~5.4s中位(=08-v6.1 P 口径),22086.1,后1/3段中位(不足60s),27.5345,-15.9144,27.5345,134.654,125.878,134.654,15.2947,,,,False,2865.19,0.477763,9.67191,0,-2865.19,127.534,-34.6545,4139.92,-20245.8,SW1,切换负载-快相无责,233.05,onset,ADC域,False,27937.6,0.538179,onset_k1.10,onset_only,1.1,1.12
20414.6,25671.8,5257.15,25671.8,t_on+4.6~5.4s中位(=08-v6.1 P 口径),22086.1,后1/3段中位(不足60s),-24.4625,-24.4625,-24.4625,488.321,145.679,488.321,43.7427,,,,False,2766.13,0.87731,-0.0786716,0,-2766.13,75.5375,-388.321,-1286.03,-25671.8,SW1,切换负载-快相无责,240.72,restep,ADC域,True,27937.6,0.188175,onset_k1.10,onset_only,1.1,1.12
25868,55,-25813,54.9693,t_on+4.6~5.4s中位(=08-v6.1 P 口径),22086.1,后1/3段中位(不足60s),0.212952,0.212952,0.212952,70.8239,70.8239,70.8239,85.5622,,,,False,2576.04,0.876495,-29.1956,0,-2576.04,-29.1762,-100.213,18281.8,-54.9693,SW1,切换负载-快相无责,249.63,unload,ADC域,True,27937.6,0.923952,onset_k1.10,onset_only,1.1,1.12
62,14458.3,14396.3,14458.3,t_on+4.6~5.4s中位(=08-v6.1 P 口径),24133.2,后1/3段中位(不足60s),57.4403,9.925,57.4403,100.431,55.3875,100.431,-9.76372,,,,False,2065.48,1.00019,-42.0565,2065.48,-909.342,157.44,-0.430665,8269.3,-14458.3,SW2,再切换负载,11.79,onset,ADC域,False,25866.3,0.556567,onset_k1.10,onset_only,1.1,1.12
13424.9,14858.2,1433.25,14852.5,t_on+4.6~5.4s中位(=08-v6.1 P 口径),24133.2,后1/3段中位(不足60s),558.137,72.1919,558.137,1036.28,34.4329,1036.28,-89.3965,,,,False,2065.48,1.01062,-100,2065.48,-909.342,657.741,-936.677,7999.49,-14852.5,SW2,再切换负载,13.7,restep,ADC域,False,25866.3,0.0554099,onset_k1.10,onset_only,1.1,1.12
14922.6,15402.5,479.895,15402.8,t_on+4.6~5.4s中位(=08-v6.1 P 口径),24133.2,后1/3段中位(不足60s),1678.92,100.942,1678.92,3209.61,217.503,3209.61,-140.33,,,,False,2065.48,0.961911,-100,2065.48,-909.342,1778.97,-3109.55,8057.05,-15402.8,SW2,再切换负载,14.86,restep,ADC域,False,25866.3,0.0185529,onset_k1.10,onset_only,1.1,1.12
16009.1,17425.7,1416.62,17425.7,t_on+4.6~5.4s中位(=08-v6.1 P 口径),24133.2,后1/3段中位(不足60s),620.071,0.846476,620.071,1230.09,1230.09,1230.09,146.582,,,,False,2376.76,0.86696,-808.048,2376.76,-871.566,720.071,-1130.09,8784.06,-17425.7,SW2,再切换负载,31.22,restep,ADC域,False,25866.3,0.0547671,onset_k1.10,onset_only,1.1,1.12
37.3925,21643.5,21606.1,21639.1,t_on+4.6~5.4s中位(=08-v6.1 P 口径),24133.2,后1/3段中位(不足60s),22.2502,4.74122,22.2502,100.042,84.0485,100.042,10.7064,,,,False,2376.76,1,-11.5112,2376.76,-14.153,122.23,-0.0619851,4807.38,-21615.1,SW2,再切换负载,35.96,onset,ADC域,True,25866.3,0.835298,onset_k1.10,onset_only,1.1,1.12
22655,38.6558,-22616.3,38.4964,t_on+4.6~5.4s中位(=08-v6.1 P 口径),24133.2,后1/3段中位(不足60s),0.0640968,0.0640968,0.0640968,117.297,28.2624,117.297,106.601,,,,False,2376.76,0.98613,-71.7182,2376.76,0,17.2961,-100.065,26528.2,-14.4964,SW2,再切换负载,50.61,unload,ADC域,False,25866.3,0.874356,onset_k1.10,onset_only,1.1,1.12
38,25209.3,25171.3,25209.3,t_on+4.6~5.4s中位(=08-v6.1 P 口径),24133.2,后1/3段中位(不足60s),5.39273,3.97452,5.39273,97.159,97.159,97.159,9.66773,,,,False,2376.76,1.02403,0.962787,2376.76,0,105.393,2.84099,1357.42,-24456.2,SW2,再切换负载,57.3,onset,ADC域,True,25866.3,0.973132,onset_k1.10,onset_only,1.1,1.12
69.5794,17701.9,17632.3,17701.9,t_on+4.6~5.4s中位(=08-v6.1 P 口径),27305,后1/3段中位(不足60s),54.7676,-12.2599,54.7676,100.395,68.625,100.395,0.303919,,,,False,5351.15,1.0086,-44.2226,2484.19,-5351.15,154.768,-0.394614,9656.77,-17701.9,SW3,中途切换-1d9493,10.92,onset,ADC域,True,27696.8,0.636617,onset_k1.10,onset_only,1.1,1.12
18559.6,25621.5,7061.97,25621.5,t_on+4.6~5.4s中位(=08-v6.1 P 口径),27305,后1/3段中位(不足60s),29.5611,-57.6795,29.5611,362.81,134.24,362.81,5.7222,,,,False,5351.15,1.82092,-26.2308,2484.19,-5351.15,129.561,-262.81,2087.59,-25621.5,SW3,中途切换-1d9493,20.72,restep,ADC域,True,27696.8,0.254974,onset_k1.10,onset_only,1.1,1.12
25979,52,-25927,52,t_on+4.6~5.4s中位(=08-v6.1 P 口径),27305,后1/3段中位(不足60s),0.200563,0.200563,0.200563,106.965,80.8211,106.965,105.315,,,,False,5351.15,6.75777,-19.1485,2484.19,-5351.15,6.96495,-100.201,27732.8,-52,SW3,中途切换-1d9493,30.68,unload,ADC域,True,27696.8,0.9361,onset_k1.10,onset_only,1.1,1.12
55.4942,26638.1,26582.6,26638.1,t_on+4.6~5.4s中位(=08-v6.1 P 口径),27305,后1/3段中位(不足60s),4.38145,2.71063,4.38145,100.071,85.9799,100.071,1.87242,,,0.48,True,2484.19,0.999923,-11.3136,2484.19,-114.405,104.381,-0.0712428,1164.7,-26601.5,SW3,中途切换-1d9493,39.08,onset,ADC域,True,27696.8,0.959769,onset_k1.10,onset_only,1.1,1.12
27714.7,53,-27661.7,53,段末帧(退化),27305,后1/3段中位(不足60s),0.0594466,0.0594466,0.0594466,99.9516,99.9516,99.9516,98.5784,,,,False,132.393,0.995879,-0.0478761,132.393,-114.405,-0.0483585,-100.059,27648.3,-16.4439,SW3,中途切换-1d9493,60.78,restep,ADC域,False,27696.8,0.998732,onset_k1.10,onset_only,1.1,1.12
84,15448.2,15364.2,15448.2,t_on+4.6~5.4s中位(=08-v6.1 P 口径),24171.5,t0+60s后中位,51.9203,-2.58941,51.9203,65.5442,65.5442,65.5442,-4.85703,,,,False,1913,0.941746,-37.9012,1339.19,-1913,151.92,34.4558,7977.13,-10070.3,SW4,中途切换-13ffca,8.41,onset,ADC域,True,32452.6,0.473434,onset_k1.10,onset_only,1.1,1.12
16085.4,22496.9,6411.47,22496.9,t_on+4.6~5.4s中位(=08-v6.1 P 口径),27884.7,t0+60s后中位,14.4804,-18.5891,14.4804,117.127,117.127,117.127,-69.5542,,,,False,2156.6,0.940843,-1.46197,0,-2156.6,114.48,-17.1271,928.407,-7509.57,SW4,中途切换-13ffca,18.68,restep,ADC域,False,32452.6,0.197564,onset_k1.10,onset_only,1.1,1.12
22912.5,24098.4,1185.96,24095.9,t_on+4.6~5.4s中位(=08-v6.1 P 口径),28247.1,t0+60s后中位,-56.5445,-56.5445,-56.5445,635.004,635.004,635.004,-406.575,,,,False,2250.22,0.604795,-115.048,0,-2250.22,43.2408,-535.218,-670.593,-7530.87,SW4,中途切换-13ffca,26.57,restep,ADC域,False,32452.6,0.0365443,onset_k1.10,onset_only,1.1,1.12
19465.9,24135.1,4669.26,24133.3,t_on+4.6~5.4s中位(=08-v6.1 P 口径),28278.7,t0+60s后中位,-15.163,-15.163,-15.163,134.598,134.598,134.598,-103.943,,,,False,2270.65,0.652179,6.19645,0,-2270.65,84.7974,-34.638,-708,-6284.74,SW4,中途切换-13ffca,27.6,restep,ADC域,False,32452.6,0.143879,onset_k1.10,onset_only,1.1,1.12
24634.7,21004.9,-3629.79,21002.6,t_on+4.6~5.4s中位(=08-v6.1 P 口径),31983.5,t0+60s后中位,578.617,73.5614,578.617,32.1478,32.1478,32.1478,881.14,,,,False,2913.91,-7.40088,-10.1058,0,-2913.91,-67.9158,-678.68,1166.9,-21002.6,SW4,中途切换-13ffca,45.28,partial_unload,ADC域,True,32452.6,0.111849,onset_k1.10,onset_only,1.1,1.12
20983.1,24429.9,3446.83,24429.7,t_on+4.6~5.4s中位(=08-v6.1 P 口径),27976.3,后1/3段中位(不足60s),134.404,-72.9638,134.404,708.757,119.21,708.757,31.5087,,,,False,2913.91,0.901438,-87.9684,2627.67,-2913.91,234.397,-608.764,4632.67,-24429.7,SW4,中途切换-13ffca,61.37,restep,ADC域,False,32452.6,0.106211,onset_k1.10,onset_only,1.1,1.12
24442.4,79,-24363.4,78,t_on+4.6~5.4s中位(=08-v6.1 P 口径),27976.3,后1/3段中位(不足60s),0.320153,0.320153,0.320153,119.788,47.3865,119.788,114.829,,,0.01,True,2716.37,1.43316,-52.2933,2627.67,-2716.37,19.7837,-100.324,29184.4,-78,SW4,中途切换-13ffca,68.93,unload,ADC域,True,32452.6,0.750737,onset_k1.10,onset_only,1.1,1.12
75,27895.9,27820.9,27895.9,t_on+4.6~5.4s中位(=08-v6.1 P 口径),27976.3,后1/3段中位(不足60s),21.5245,4.19265,21.5245,100.067,38.3675,100.067,21.2355,,,0.24,True,2944.65,1.06792,-57.4398,2944.65,-9.2776,121.524,-0.0670225,5988.31,-27839.6,SW4,中途切换-13ffca,88,onset,ADC域,True,32452.6,0.857278,onset_k1.10,onset_only,1.1,1.12
28337.8,30791.3,2453.48,30791.3,t_on+4.6~5.4s中位(=08-v6.1 P 口径),27976.3,后1/3段中位(不足60s),126.063,101.079,126.063,1252.71,39.8922,1252.71,240.798,,,,False,2944.65,1.0239,-85.9705,2944.65,0,226.063,-1152.71,3092.94,-30734.9,SW4,中途切换-13ffca,99.36,restep,ADC域,False,32452.6,0.0756019,onset_k1.10,onset_only,1.1,1.12
29453,32163.4,2710.38,32155.5,t_on+4.6~5.4s中位(=08-v6.1 P 口径),27976.3,后1/3段中位(不足60s),63.7817,63.7817,63.7817,1184.31,1.74199,1184.31,217.974,,,,False,2093.59,1.06973,-45.805,2093.59,0,163.49,-1084.6,1728.73,-32099.1,SW4,中途切换-13ffca,104.24,restep,ADC域,True,32452.6,0.083518,onset_k1.10,onset_only,1.1,1.12
32462.6,81,-32381.6,83,t_on+4.6~5.4s中位(=08-v6.1 P 口径),27976.3,后1/3段中位(不足60s),0.0822885,0.0822885,0.0822885,101.141,101.141,101.141,86.2218,,,,False,729.683,1.01548,1.21411,729.683,0,1.14728,-100.076,32751.1,-26.6463,SW4,中途切换-13ffca,113.8,unload,ADC域,True,32452.6,0.99781,onset_k1.10,onset_only,1.1,1.12
0.549442,14.7073,14.1578,14.7057,t_on+4.6~5.4s中位(=08-v6.1 P 口径),1.16117,t0+60s后中位,5.13735,-0.788701,5.13735,76.7128,76.7128,76.7128,100.805,5.36,5.36,5.36,False,2.25141,0.850392,-25.053,1.70144,-2.25141,105.126,23.2759,0.727339,-10.8609,RT1,右拇指指尖/数据1,8.27,onset,显示域,False,19.5791,0.72311,onset_k1.15,onset_only,1.15,1.12
14.6375,15.8381,1.20052,15.8268,t_on+4.6~5.4s中位(=08-v6.1 P 口径),1.11186,t0+60s后中位,-32.8006,-32.8006,-32.8006,121.807,115.711,121.807,1192.91,,,,False,2.54718,-0.141274,-92.1817,-0.240574,-2.54718,66.2626,-22.7434,-0.393777,-1.46231,RT1,右拇指指尖/数据1,13.6,restep,显示域,True,19.5791,0.0613163,onset_k1.15,onset_only,1.15,1.12
20.0385,0.943245,-19.0952,0.924979,t_on+4.6~5.4s中位(=08-v6.1 P 口径),1.00147,后1/3段中位(不足60s),4.84404,4.84404,4.84404,68.3519,68.3519,68.3519,5.24462,0.03,0.03,0.03,False,5.41639,0.704422,-32.1383,0,-5.41639,-31.7438,-104.94,13.0519,-0.924979,RT1,右拇指指尖/数据1,115.37,unload,显示域,True,19.5791,0.975286,onset_k1.15,onset_only,1.15,1.12
0.290396,16.726,16.4356,16.726,t_on+4.6~5.4s中位(=08-v6.1 P 口径),19.7617,t0+60s后中位,-0.903003,-1.11299,-0.903003,90.4771,90.4771,90.4771,-19.3735,13.16,13.16,0.56,False,2.41547,0.868067,-12.9516,2.07658,-2.41547,99.097,9.52291,-0.148414,-14.8705,RT2,右拇指指尖/数据2,12.32,onset,显示域,True,22.0068,0.746843,onset_k1.15,onset_only,1.15,1.12
20.8432,22.0158,1.1726,22.0168,t_on+4.6~5.4s中位(=08-v6.1 P 口径),0.329168,t0+60s后中位,-422.213,-422.213,-422.213,1877.61,847.803,1877.61,1427.32,,,,False,6.2192,0.762284,-57.2386,0,-6.2192,-322.135,-1777.53,-4.95085,-22.0168,RT2,右拇指指尖/数据2,147.11,restep,显示域,True,22.0068,0.0532834,onset_k1.15,onset_only,1.15,1.12
22.131,0.9172,-21.2138,0.912841,t_on+4.6~5.4s中位(=08-v6.1 P 口径),0.365081,t0+60s后中位,4.30305,4.30305,4.30305,69.4751,69.4751,69.4751,1.72096,0.02,0.02,0.02,False,6.178,0.707494,-30.8666,0,-6.178,-30.5455,-104.324,14.7383,-0.912841,RT2,右拇指指尖/数据2,159.49,unload,显示域,True,22.0068,0.963968,onset_k1.15,onset_only,1.15,1.12
0.043,16.5567,16.5137,16.5389,t_on+4.6~5.4s中位(=08-v6.1 P 口径),20.5361,t0+60s后中位,13.5865,5.19312,13.5865,99.3294,99.3294,99.3294,-10.6188,,,,False,2.25821,1.00778,4.27365,2.25821,-0.177791,113.479,0.56317,2.24364,-16.4029,RT3,右拇指指尖/数据3,10.59,onset,显示域,True,21.2279,0.777921,onset_k1.15,onset_only,1.15,1.12
21.248,0.521318,-20.7267,0.518415,t_on+4.6~5.4s中位(=08-v6.1 P 口径),0.568345,后1/3段中位(不足60s),2.50119,2.50119,2.50119,64.933,64.933,64.933,2.74209,0.01,0.01,0.01,False,2.55519,0.83932,-35.8846,0,-2.55519,-35.081,-102.515,13.4585,-0.518415,RT3,右拇指指尖/数据3,135.7,unload,显示域,True,21.2279,0.976388,onset_k1.15,onset_only,1.15,1.12
0,15.2813,15.2813,15.2813,t_on+4.6~5.4s中位(=08-v6.1 P 口径),17.8094,t0+60s后中位,13.92,4.53703,13.92,100,100,100,-2.62435,,,,False,2.08236,1.01374,4.44779,2.08236,-0.0633991,113.92,0,2.12715,-15.2813,LT1,左拇指指尖/数据1,11.69,onset,显示域,True,18.1566,0.841637,onset_k1.15,onset_only,1.15,1.12
18.1567,0,-18.1567,0,t_on+4.6~5.4s中位(=08-v6.1 P 口径),0,后1/3段中位(不足60s),-0,-0,-0,80.2056,80.2056,80.2056,-0,0.13,0.13,0.13,False,1.36096,0.914532,-19.7944,0,-1.36096,-19.7944,-100,14.5627,0,LT1,左拇指指尖/数据1,147.52,unload,显示域,True,18.1566,1.00001,onset_k1.15,onset_only,1.15,1.12
0,16.1212,16.1212,16.1212,t_on+4.6~5.4s中位(=08-v6.1 P 口径),18.002,t0+60s后中位,3.92117,3.92117,3.92117,61.2823,61.2823,61.2823,-7.74573,1.96,1.96,1.96,False,2.18368,0.928446,-34.8288,2.18368,-1.10351,103.921,38.7177,0.632139,-9.87941,LT2,左拇指指尖/数据2,14.92,onset,显示域,True,18.6005,0.866705,onset_k1.15,onset_only,1.15,1.12
18.6041,0,-18.6041,0,t_on+4.6~5.4s中位(=08-v6.1 P 口径),0,后1/3段中位(不足60s),-0,-0,-0,75.2234,75.2234,75.2234,-0,0.01,0.01,0.01,False,1.91044,0.879885,-24.7766,0,-1.91044,-24.7766,-100,13.9946,0,LT2,左拇指指尖/数据2,140.92,unload,显示域,True,18.6005,1.00019,onset_k1.15,onset_only,1.15,1.12
0,17.5144,17.5144,17.5144,t_on+4.6~5.4s中位(=08-v6.1 P 口径),18.8563,t0+60s后中位,6.00244,3.74863,6.00244,66.7966,66.7966,66.7966,-1.65931,,,78.5,True,2.35484,1.00726,-30.064,2.35484,-0.0979361,106.002,33.2034,1.05129,-11.699,LT3,左拇指指尖/数据3,10.87,onset,显示域,True,19.3415,0.905531,onset_k1.15,onset_only,1.15,1.12
19.3469,0,-19.3469,0,t_on+4.6~5.4s中位(=08-v6.1 P 口径),0,t0+60s后中位,-0,-0,-0,85.7109,85.7109,85.7109,-0,0.03,0.03,0.03,False,0.912257,0.947855,-14.2891,0,-0.912257,-14.2891,-100,16.5824,0,LT3,左拇指指尖/数据3,132.59,unload,显示域,True,19.3415,1.00028,onset_k1.15,onset_only,1.15,1.12
0.064,13.3829,13.3189,13.3829,t_on+4.6~5.4s中位(=08-v6.1 P 口径),0.101758,t0+60s后中位,1.42838,-0.972712,1.42838,66.9611,66.9611,66.9611,101.145,0.53,0.53,0.53,False,2.08834,0.836811,-34.1411,1.71194,-2.08834,101.428,33.0389,0.190244,-8.91846,F41,四指指尖/数据1,10.94,onset,显示域,False,16.302,0.817011,onset_k1.15,onset_only,1.15,1.12
10.8737,13.5564,2.68271,13.5564,t_on+4.6~5.4s中位(=08-v6.1 P 口径),0.082,t0+60s后中位,0.624843,-5.30175,0.624843,15.4572,12.0927,15.4572,502.892,,,,False,2.09812,0.0223548,-100,1.26791,-2.09812,100.625,84.5428,0.0167627,-0.414672,F41,四指指尖/数据1,12.19,restep,显示域,False,16.302,0.164564,onset_k1.15,onset_only,1.15,1.12
16.4153,0.0723016,-16.343,0.0768358,t_on+4.6~5.4s中位(=08-v6.1 P 口径),0.073,后1/3段中位(不足60s),0.470146,0.470146,0.470146,54.7075,54.7075,54.7075,0.446675,0.01,0.01,0.01,False,3.01411,0.747895,-44.9918,0,-3.01411,-45.2648,-100.442,8.94083,-0.0768358,F41,四指指尖/数据1,130.75,unload,显示域,True,16.302,1.00252,onset_k1.15,onset_only,1.15,1.12
0.063,14.7479,14.6849,14.7479,t_on+4.6~5.4s中位(=08-v6.1 P 口径),9.57269,t0+60s后中位,-1.5592,-1.82469,-1.5592,92.5463,92.5463,92.5463,33.6827,0.52,0.52,0.52,False,1.89832,0.894072,-9.8187,1.87508,-1.89832,98.4408,7.45373,-0.228967,-13.5904,F42,四指指尖/数据2,11.03,onset,显示域,True,17.0396,0.861814,onset_k1.15,onset_only,1.15,1.12
17.0666,0.0910805,-16.9755,0.091,t_on+4.6~5.4s中位(=08-v6.1 P 口径),0.0823702,后1/3段中位(不足60s),0.536066,0.536066,0.536066,86.7172,86.7172,86.7172,0.485229,0.02,0.02,0.02,False,2.37296,0.861187,-13.0026,0,-2.37296,-13.2833,-100.537,14.7207,-0.091,F42,四指指尖/数据2,130.78,unload,显示域,True,17.0396,0.996243,onset_k1.15,onset_only,1.15,1.12
0.068,15.3126,15.2446,15.3126,t_on+4.6~5.4s中位(=08-v6.1 P 口径),16.9838,t0+60s后中位,5.98032,2.8458,5.98032,78.8833,78.8833,78.8833,-4.98258,33.72,33.72,33.72,False,2.04301,0.985034,-18.3292,2.04301,-0.604318,105.98,21.1167,0.911675,-12.0254,F43,四指指尖/数据3,11,onset,显示域,True,17.4353,0.874349,onset_k1.15,onset_only,1.15,1.12
17.4903,0.560628,-16.9297,0.585277,t_on+4.6~5.4s中位(=08-v6.1 P 口径),0.0956784,后1/3段中位(不足60s),3.4571,3.4571,3.4571,72.2411,72.2411,72.2411,0.565151,0.09,0.09,0.09,False,1.37426,0.902485,-24.4967,0,-1.37426,-27.6133,-103.312,12.2302,-0.585277,F43,四指指尖/数据3,140.4,unload,显示域,True,17.4353,0.971,onset_k1.15,onset_only,1.15,1.12
76,4241.75,4165.75,4241.75,t_on+4.6~5.4s中位(=08-v6.1 P 口径),22201.8,t0+60s后中位,194.206,0.763056,194.206,74.5707,74.5707,74.5707,-236.931,,,3.38,True,889.269,0.951611,-29.8198,537.852,-889.269,294.206,25.4293,8090.13,-3106.43,SW1,切换负载-快相无责,10.84,onset,ADC域,True,27937.6,0.149109,onset_k1.15,onset_only,1.15,1.12
4811.46,11606.1,6794.66,11606.1,t_on+4.6~5.4s中位(=08-v6.1 P 口径),25339.1,t0+60s后中位,10.6815,10.6815,10.6815,34.9809,34.9809,34.9809,-191.433,,,,False,1092.13,4.46888,-125.805,292.527,-1092.13,110.681,65.0191,725.77,-2376.83,SW1,切换负载-快相无责,28.63,onset,ADC域,True,27937.6,0.243208,onset_k1.15,onset_only,1.15,1.12
12297.8,16207.4,3909.6,16202.1,t_on+4.6~5.4s中位(=08-v6.1 P 口径),25571.5,t0+60s后中位,11.2175,11.2175,11.2175,313.031,313.031,313.031,-228.432,,,,False,4530.02,0.473269,-286.711,0,-4530.02,111.084,-213.164,438.558,-12238.3,SW1,切换负载-快相无责,71.67,restep,ADC域,False,27937.6,0.139941,onset_k1.15,onset_only,1.15,1.12
5447.1,18092.5,12645.4,18092.5,t_on+4.6~5.4s中位(=08-v6.1 P 口径),25607.5,t0+60s后中位,-11.4812,-11.4812,-11.4812,109.114,109.114,109.114,-70.9096,,,,False,4530.02,0.485272,-69.4172,-959.824,-4530.02,88.5188,-9.11387,-1451.85,-13797.9,SW1,切换负载-快相无责,75.89,onset,ADC域,True,27937.6,0.452632,onset_k1.15,onset_only,1.15,1.12
19384.4,25851.7,6467.25,25850.6,t_on+4.6~5.4s中位(=08-v6.1 P 口径),22087.3,t0+60s后中位,44.2506,-72.7151,44.2506,399.715,204.228,399.715,102.44,,,,False,5456.51,0.740911,31.2991,3412.48,-5456.51,144.234,-299.732,2861.8,-25850.6,SW1,切换负载-快相无责,110.45,restep,ADC域,True,27937.6,0.231489,onset_k1.15,onset_only,1.15,1.12
26333.3,25386,-947.345,25386,t_on+4.6~5.4s中位(=08-v6.1 P 口径),20401.6,t0+60s后中位,2679.7,2679.7,2679.7,361.533,197.342,361.533,2153.55,,,,False,5438.54,9.40511,2139.65,3412.48,-5438.54,261.533,-2779.7,3424.96,-25386,SW1,切换负载-快相无责,129.37,partial_unload,ADC域,False,27937.6,0.0339094,onset_k1.15,onset_only,1.15,1.12
61.0611,27163.2,27102.1,27163.8,t_on+4.6~5.4s中位(=08-v6.1 P 口径),20127.8,t0+60s后中位,6.17084,5.71397,6.17084,99.9692,99.9692,99.9692,32.1318,,,,False,3412.48,1.04095,5.10513,3412.48,-4.67081,106.173,0.0329822,1672.43,-27093.8,SW1,切换负载-快相无责,133.83,onset,ADC域,True,27937.6,0.970096,onset_k1.15,onset_only,1.15,1.12
28005.2,24408.4,-3596.88,24408.4,t_on+4.6~5.4s中位(=08-v6.1 P 口径),25340.8,t0+60s后中位,677.531,677.531,677.531,99.7669,99.7669,99.7669,703.454,,,,False,3633.83,3.8749,656.668,3633.83,-766.455,-0.233099,-777.531,3588.5,-24370,SW1,切换负载-快相无责,182.03,partial_unload,ADC域,False,27937.6,0.128747,onset_k1.15,onset_only,1.15,1.12
52.8433,25248,25195.2,25248,t_on+4.6~5.4s中位(=08-v6.1 P 口径),60.6632,t0+60s后中位,10.9101,10.9101,10.9101,100.004,100.004,100.004,110.879,,,2.4,True,3633.83,0.976083,10.9136,3633.83,-792.104,110.91,-0.00352015,2748.83,-25196.1,SW1,切换负载-快相无责,185.97,onset,ADC域,True,27937.6,0.901839,onset_k1.15,onset_only,1.15,1.12
26086,22170.5,-3915.48,22169.8,t_on+4.6~5.4s中位(=08-v6.1 P 口径),22086.1,后1/3段中位(不足60s),495.409,145.871,495.409,25.9689,25.9689,25.9689,493.272,,,,False,2732.12,1.19357,-59.6826,0,-2732.12,-74.0494,-595.427,1016.81,-19397.7,SW1,切换负载-快相无责,202.65,partial_unload,ADC域,True,27937.6,0.140151,onset_k1.15,onset_only,1.15,1.12
22149.6,5769,-16380.6,5767.93,t_on+4.6~5.4s中位(=08-v6.1 P 口径),22086.1,后1/3段中位(不足60s),31.6335,9.31716,31.6335,113.658,93.6629,113.658,131.252,,,,False,2865.19,1.07486,2.91274,0,-2865.19,13.6511,-131.64,18617.8,-5181.77,SW1,切换负载-快相无责,212.4,partial_unload,ADC域,False,27937.6,0.58633,onset_k1.15,onset_only,1.15,1.12
5760.84,11857,6096.16,11857,t_on+4.6~5.4s中位(=08-v6.1 P 口径),22086.1,后1/3段中位(不足60s),205.519,-8.49026,205.519,184.884,116.941,184.884,37.7224,,,,False,2865.19,0.871199,-39.929,0,-2865.19,305.519,-84.8842,12528.8,-11270.8,SW1,切换负载-快相无责,217.74,restep,ADC域,True,27937.6,0.218206,onset_k1.15,onset_only,1.15,1.12
12122.3,19875.9,7753.67,19875.9,t_on+4.6~5.4s中位(=08-v6.1 P 口径),22086.1,后1/3段中位(不足60s),58.1637,-26.0894,58.1637,256.343,248.783,256.343,29.6585,,,,False,2865.19,0.77667,-146.248,0,-2865.19,158.164,-156.343,4509.82,-19875.9,SW1,切换负载-快相无责,230.64,restep,ADC域,False,27937.6,0.277535,onset_k1.15,onset_only,1.15,1.12
5210.44,20245.8,15035.4,20245.8,t_on+4.6~5.4s中位(=08-v6.1 P 口径),22086.1,后1/3段中位(不足60s),27.5345,-15.9144,27.5345,134.654,125.878,134.654,15.2947,,,,False,2865.19,0.477763,9.67191,0,-2865.19,127.534,-34.6545,4139.92,-20245.8,SW1,切换负载-快相无责,233.05,onset,ADC域,False,27937.6,0.538179,onset_k1.15,onset_only,1.15,1.12
20414.6,25671.8,5257.15,25671.8,t_on+4.6~5.4s中位(=08-v6.1 P 口径),22086.1,后1/3段中位(不足60s),-24.4625,-24.4625,-24.4625,488.321,145.679,488.321,43.7427,,,,False,2766.13,0.87731,-0.0786716,0,-2766.13,75.5375,-388.321,-1286.03,-25671.8,SW1,切换负载-快相无责,240.72,restep,ADC域,True,27937.6,0.188175,onset_k1.15,onset_only,1.15,1.12
25868,55,-25813,54.9693,t_on+4.6~5.4s中位(=08-v6.1 P 口径),22086.1,后1/3段中位(不足60s),0.212952,0.212952,0.212952,70.8239,70.8239,70.8239,85.5622,,,,False,2576.04,0.876495,-29.1956,0,-2576.04,-29.1762,-100.213,18281.8,-54.9693,SW1,切换负载-快相无责,249.63,unload,ADC域,True,27937.6,0.923952,onset_k1.15,onset_only,1.15,1.12
62,14458.3,14396.3,14458.3,t_on+4.6~5.4s中位(=08-v6.1 P 口径),24133.2,后1/3段中位(不足60s),57.7471,12.8457,57.7471,100.431,55.3875,100.431,-9.45693,,,,False,2396.66,1.00123,-39.0392,2396.66,-371.314,157.747,-0.430665,8313.46,-14458.3,SW2,再切换负载,11.79,onset,ADC域,False,25866.3,0.556567,onset_k1.15,onset_only,1.15,1.12
13424.9,14858.2,1433.25,14852.5,t_on+4.6~5.4s中位(=08-v6.1 P 口径),24133.2,后1/3段中位(不足60s),561.088,101.529,561.088,1036.28,3.8833,1036.28,-86.4462,,,,False,2396.66,1.04028,-100,2396.66,-371.314,660.692,-936.677,8041.78,-14852.5,SW2,再切换负载,13.7,restep,ADC域,False,25866.3,0.0554099,onset_k1.15,onset_only,1.15,1.12
14922.6,15402.5,479.895,15402.8,t_on+4.6~5.4s中位(=08-v6.1 P 口径),24133.2,后1/3段中位(不足60s),1687.5,188.56,1687.5,3209.61,126.263,3209.61,-131.752,,,,False,2396.66,0.990165,-100,2396.66,-286.275,1787.55,-3109.55,8098.22,-15402.8,SW2,再切换负载,14.86,restep,ADC域,False,25866.3,0.0185529,onset_k1.15,onset_only,1.15,1.12
16009.1,17425.7,1416.62,17425.7,t_on+4.6~5.4s中位(=08-v6.1 P 口径),24133.2,后1/3段中位(不足60s),669.245,2.5612,669.245,1230.09,1230.09,1230.09,195.756,,,,False,3504.22,0.920553,-849.784,3504.22,-280.322,769.245,-1130.09,9480.67,-17425.7,SW2,再切换负载,31.22,restep,ADC域,False,25866.3,0.0547671,onset_k1.15,onset_only,1.15,1.12
37.3925,21643.5,21606.1,21639.1,t_on+4.6~5.4s中位(=08-v6.1 P 口径),24133.2,后1/3段中位(不足60s),26.0431,4.94649,26.0431,100.042,84.0485,100.042,14.4993,,,,False,3504.22,1,-11.5112,3504.22,-14.153,126.023,-0.0619851,5626.89,-21615.1,SW2,再切换负载,35.96,onset,ADC域,True,25866.3,0.835298,onset_k1.15,onset_only,1.15,1.12
22655,38.6558,-22616.3,38.4964,t_on+4.6~5.4s中位(=08-v6.1 P 口径),24133.2,后1/3段中位(不足60s),0.0640968,0.0640968,0.0640968,120.857,28.4329,120.857,106.601,,,,False,3504.22,1.02364,-71.5477,3504.22,0,20.8565,-100.065,27333.5,-14.4964,SW2,再切换负载,50.61,unload,ADC域,False,25866.3,0.874356,onset_k1.15,onset_only,1.15,1.12
38,25209.3,25171.3,25209.3,t_on+4.6~5.4s中位(=08-v6.1 P 口径),24133.2,后1/3段中位(不足60s),8.59178,7.23358,8.59178,97.159,97.159,97.159,12.8668,,,,False,3504.22,1.05594,3.75257,3504.22,0,108.592,2.84099,2162.66,-24456.2,SW2,再切换负载,57.3,onset,ADC域,True,25866.3,0.973132,onset_k1.15,onset_only,1.15,1.12
69.5794,17701.9,17632.3,17701.9,t_on+4.6~5.4s中位(=08-v6.1 P 口径),27305,后1/3段中位(不足60s),58.8359,-12.2599,58.8359,100.395,68.625,100.395,4.37221,,,,False,5351.15,1.0086,-44.2226,3656.56,-5351.15,158.836,-0.394614,10374.1,-17701.9,SW3,中途切换-1d9493,10.92,onset,ADC域,True,27696.8,0.636617,onset_k1.15,onset_only,1.15,1.12
18559.6,25621.5,7061.97,25621.5,t_on+4.6~5.4s中位(=08-v6.1 P 口径),27305,后1/3段中位(不足60s),38.1067,-57.6795,38.1067,362.81,134.24,362.81,14.2679,,,,False,5351.15,1.92949,-26.2308,3656.56,-5351.15,138.107,-262.81,2691.09,-25621.5,SW3,中途切换-1d9493,20.72,restep,ADC域,True,27696.8,0.254974,onset_k1.15,onset_only,1.15,1.12
25979,52,-25927,52,t_on+4.6~5.4s中位(=08-v6.1 P 口径),27305,后1/3段中位(不足60s),0.200563,0.200563,0.200563,109.293,80.8211,109.293,105.315,,,,False,5351.15,7.36892,-19.1485,3656.56,-5351.15,9.29289,-100.201,28336.4,-52,SW3,中途切换-1d9493,30.68,unload,ADC域,True,27696.8,0.9361,onset_k1.15,onset_only,1.15,1.12
55.4942,26638.1,26582.6,26638.1,t_on+4.6~5.4s中位(=08-v6.1 P 口径),27305,后1/3段中位(不足60s),6.65189,5.40914,6.65189,100.028,85.9799,100.028,4.14285,,,,False,3656.56,1.02519,-8.79812,3656.56,0,106.652,-0.0281922,1768.24,-26590.1,SW3,中途切换-1d9493,39.08,onset,ADC域,True,27696.8,0.959769,onset_k1.15,onset_only,1.15,1.12
27714.7,53,-27661.7,53,段末帧(退化),27305,后1/3段中位(不足60s),0.0180755,0.0180755,0.0180755,102.134,102.134,102.134,98.5371,,,,False,735.924,1.01762,2.13399,735.924,0,2.13351,-100.018,28251.9,-5,SW3,中途切换-1d9493,60.78,restep,ADC域,False,27696.8,0.998732,onset_k1.15,onset_only,1.15,1.12
84,15448.2,15364.2,15448.2,t_on+4.6~5.4s中位(=08-v6.1 P 口径),24171.5,t0+60s后中位,51.9203,-2.58941,51.9203,65.5442,65.5442,65.5442,-4.85703,,,,False,1913,0.941746,-37.9012,1756.25,-1913,151.92,34.4558,7977.13,-10070.3,SW4,中途切换-13ffca,8.41,onset,ADC域,True,32452.6,0.473434,onset_k1.15,onset_only,1.15,1.12
16085.4,22496.9,6411.47,22496.9,t_on+4.6~5.4s中位(=08-v6.1 P 口径),27884.7,t0+60s后中位,14.4804,-18.5891,14.4804,117.127,117.127,117.127,-69.5542,,,,False,2156.6,0.940843,-1.46197,0,-2156.6,114.48,-17.1271,928.407,-7509.57,SW4,中途切换-13ffca,18.68,restep,ADC域,False,32452.6,0.197564,onset_k1.15,onset_only,1.15,1.12
22912.5,24098.4,1185.96,24095.9,t_on+4.6~5.4s中位(=08-v6.1 P 口径),28247.1,t0+60s后中位,-56.5445,-56.5445,-56.5445,635.004,635.004,635.004,-406.575,,,,False,2250.22,0.604795,-115.048,0,-2250.22,43.2408,-535.218,-670.593,-7530.87,SW4,中途切换-13ffca,26.57,restep,ADC域,False,32452.6,0.0365443,onset_k1.15,onset_only,1.15,1.12
19465.9,24135.1,4669.26,24133.3,t_on+4.6~5.4s中位(=08-v6.1 P 口径),28278.7,t0+60s后中位,-15.163,-15.163,-15.163,134.598,134.598,134.598,-103.943,,,,False,2270.65,0.652179,6.19645,0,-2270.65,84.7974,-34.638,-708,-6284.74,SW4,中途切换-13ffca,27.6,restep,ADC域,False,32452.6,0.143879,onset_k1.15,onset_only,1.15,1.12
24634.7,21004.9,-3629.79,21002.6,t_on+4.6~5.4s中位(=08-v6.1 P 口径),31983.5,t0+60s后中位,578.617,73.5614,578.617,32.1478,32.1478,32.1478,881.14,,,,False,2913.91,-7.40088,-10.1058,0,-2913.91,-67.9158,-678.68,1166.9,-21002.6,SW4,中途切换-13ffca,45.28,partial_unload,ADC域,True,32452.6,0.111849,onset_k1.15,onset_only,1.15,1.12
20983.1,24429.9,3446.83,24429.7,t_on+4.6~5.4s中位(=08-v6.1 P 口径),27976.3,后1/3段中位(不足60s),155.787,-72.9638,155.787,708.757,119.21,708.757,52.8916,,,,False,3760.74,0.901438,-87.9684,3760.74,-2913.91,255.78,-608.764,5369.7,-24429.7,SW4,中途切换-13ffca,61.37,restep,ADC域,False,32452.6,0.106211,onset_k1.15,onset_only,1.15,1.12
24442.4,79,-24363.4,78,t_on+4.6~5.4s中位(=08-v6.1 P 口径),27976.3,后1/3段中位(不足60s),0.320153,0.320153,0.320153,122.185,47.3865,122.185,114.829,,,0.01,True,3760.74,1.49252,-52.2933,3760.74,-2716.37,22.1805,-100.324,29768.3,-78,SW4,中途切换-13ffca,68.93,unload,ADC域,True,32452.6,0.750737,onset_k1.15,onset_only,1.15,1.12
75,27895.9,27820.9,27895.9,t_on+4.6~5.4s中位(=08-v6.1 P 口径),27976.3,后1/3段中位(不足60s),23.277,6.84185,23.277,100.067,38.3675,100.067,22.9881,,,,False,3760.74,1.10724,-54.8435,3760.74,-9.2776,123.277,-0.0670225,6475.88,-27839.6,SW4,中途切换-13ffca,88,onset,ADC域,True,32452.6,0.857278,onset_k1.15,onset_only,1.15,1.12
28337.8,30791.3,2453.48,30791.3,t_on+4.6~5.4s中位(=08-v6.1 P 口径),27976.3,后1/3段中位(不足60s),145.936,120.814,145.936,1252.71,14.6342,1252.71,260.671,,,,False,3542.31,1.04365,-84.5141,3542.31,0,245.936,-1152.71,3580.51,-30734.9,SW4,中途切换-13ffca,99.36,restep,ADC域,False,32452.6,0.0756019,onset_k1.15,onset_only,1.15,1.12
29453,32163.4,2710.38,32155.5,t_on+4.6~5.4s中位(=08-v6.1 P 口径),27976.3,后1/3段中位(不足60s),81.771,81.771,81.771,1184.31,-16.1642,1184.31,235.963,,,,False,2577.97,1.08586,-44.9436,2577.97,0,181.479,-1084.6,2216.3,-32099.1,SW4,中途切换-13ffca,104.24,restep,ADC域,True,32452.6,0.083518,onset_k1.15,onset_only,1.15,1.12
32462.6,81,-32381.6,83,t_on+4.6~5.4s中位(=08-v6.1 P 口径),27976.3,后1/3段中位(不足60s),0.0822885,0.0822885,0.0822885,102.677,102.677,102.677,86.2218,,,,False,1227.13,1.03091,2.75028,1227.13,0,2.68345,-100.076,33248.5,-26.6463,SW4,中途切换-13ffca,113.8,unload,ADC域,True,32452.6,0.99781,onset_k1.15,onset_only,1.15,1.12
0.549442,14.7073,14.1578,14.7057,t_on+4.6~5.4s中位(=08-v6.1 P 口径),1.16117,t0+60s后中位,5.13735,-0.788701,5.13735,76.7128,76.7128,76.7128,100.805,5.36,5.36,5.36,False,2.25141,0.850392,-25.053,1.70144,-2.25141,105.126,23.2759,0.727339,-10.8609,RT1,右拇指指尖/数据1,8.27,onset,显示域,False,19.5791,0.72311,onset_k1.20,onset_only,1.2,1.12
14.6375,15.8381,1.20052,15.8268,t_on+4.6~5.4s中位(=08-v6.1 P 口径),1.11186,t0+60s后中位,-32.8006,-32.8006,-32.8006,121.807,115.711,121.807,1192.91,,,,False,2.54718,-0.141274,-92.1817,-0.240574,-2.54718,66.2626,-22.7434,-0.393777,-1.46231,RT1,右拇指指尖/数据1,13.6,restep,显示域,True,19.5791,0.0613163,onset_k1.20,onset_only,1.2,1.12
20.0385,0.943245,-19.0952,0.924979,t_on+4.6~5.4s中位(=08-v6.1 P 口径),1.00147,后1/3段中位(不足60s),4.84404,4.84404,4.84404,68.3519,68.3519,68.3519,5.24462,0.03,0.03,0.03,False,5.41639,0.704422,-32.1383,0,-5.41639,-31.7438,-104.94,13.0519,-0.924979,RT1,右拇指指尖/数据1,115.37,unload,显示域,True,19.5791,0.975286,onset_k1.20,onset_only,1.2,1.12
0.290396,16.726,16.4356,16.726,t_on+4.6~5.4s中位(=08-v6.1 P 口径),19.7617,t0+60s后中位,-0.903003,-1.11299,-0.903003,90.4771,90.4771,90.4771,-19.3735,13.16,13.16,0.55,False,2.41547,0.868067,-12.9516,2.13354,-2.41547,99.097,9.52291,-0.148414,-14.8705,RT2,右拇指指尖/数据2,12.32,onset,显示域,True,22.0068,0.746843,onset_k1.20,onset_only,1.2,1.12
20.8432,22.0158,1.1726,22.0168,t_on+4.6~5.4s中位(=08-v6.1 P 口径),0.329168,t0+60s后中位,-422.213,-422.213,-422.213,1877.61,847.803,1877.61,1427.32,,,,False,6.2192,0.762284,-57.2386,0,-6.2192,-322.135,-1777.53,-4.95085,-22.0168,RT2,右拇指指尖/数据2,147.11,restep,显示域,True,22.0068,0.0532834,onset_k1.20,onset_only,1.2,1.12
22.131,0.9172,-21.2138,0.912841,t_on+4.6~5.4s中位(=08-v6.1 P 口径),0.365081,t0+60s后中位,4.30305,4.30305,4.30305,69.4751,69.4751,69.4751,1.72096,0.02,0.02,0.02,False,6.178,0.707494,-30.8666,0,-6.178,-30.5455,-104.324,14.7383,-0.912841,RT2,右拇指指尖/数据2,159.49,unload,显示域,True,22.0068,0.963968,onset_k1.20,onset_only,1.2,1.12
0.043,16.5567,16.5137,16.5389,t_on+4.6~5.4s中位(=08-v6.1 P 口径),20.5361,t0+60s后中位,13.5865,5.26309,13.5865,99.3294,99.3294,99.3294,-10.6188,,,,False,2.3674,1.00778,4.27365,2.3674,-0.177791,113.479,0.56317,2.24364,-16.4029,RT3,右拇指指尖/数据3,10.59,onset,显示域,True,21.2279,0.777921,onset_k1.20,onset_only,1.2,1.12
21.248,0.521318,-20.7267,0.518415,t_on+4.6~5.4s中位(=08-v6.1 P 口径),0.568345,后1/3段中位(不足60s),2.50119,2.50119,2.50119,64.933,64.933,64.933,2.74209,0.01,0.01,0.01,False,2.55519,0.83932,-35.8846,0,-2.55519,-35.081,-102.515,13.4585,-0.518415,RT3,右拇指指尖/数据3,135.7,unload,显示域,True,21.2279,0.976388,onset_k1.20,onset_only,1.2,1.12
0,15.2813,15.2813,15.2813,t_on+4.6~5.4s中位(=08-v6.1 P 口径),17.8094,t0+60s后中位,13.92,4.90794,13.92,100,100,100,-2.62435,,,,False,2.18736,1.01374,4.44779,2.18736,-0.0633991,113.92,0,2.12715,-15.2813,LT1,左拇指指尖/数据1,11.69,onset,显示域,True,18.1566,0.841637,onset_k1.20,onset_only,1.2,1.12
18.1567,0,-18.1567,0,t_on+4.6~5.4s中位(=08-v6.1 P 口径),0,后1/3段中位(不足60s),-0,-0,-0,80.2056,80.2056,80.2056,-0,0.13,0.13,0.13,False,1.36096,0.914532,-19.7944,0,-1.36096,-19.7944,-100,14.5627,0,LT1,左拇指指尖/数据1,147.52,unload,显示域,True,18.1566,1.00001,onset_k1.20,onset_only,1.2,1.12
0,16.1212,16.1212,16.1212,t_on+4.6~5.4s中位(=08-v6.1 P 口径),18.002,t0+60s后中位,4.41653,4.41653,4.41653,61.2823,61.2823,61.2823,-7.25037,1.96,1.96,1.96,False,2.41252,0.928446,-34.8288,2.41252,-1.10351,104.417,38.7177,0.711996,-9.87941,LT2,左拇指指尖/数据2,14.92,onset,显示域,True,18.6005,0.866705,onset_k1.20,onset_only,1.2,1.12
18.6041,0,-18.6041,0,t_on+4.6~5.4s中位(=08-v6.1 P 口径),0,后1/3段中位(不足60s),-0,-0,-0,75.2234,75.2234,75.2234,-0,0.01,0.01,0.01,False,1.91044,0.879885,-24.7766,0,-1.91044,-24.7766,-100,13.9946,0,LT2,左拇指指尖/数据2,140.92,unload,显示域,True,18.6005,1.00019,onset_k1.20,onset_only,1.2,1.12
0,17.5144,17.5144,17.5144,t_on+4.6~5.4s中位(=08-v6.1 P 口径),18.8563,t0+60s后中位,6.00244,3.74863,6.00244,66.7966,66.7966,66.7966,-1.65931,,,78.5,True,2.43854,1.00726,-30.064,2.43854,-0.0979361,106.002,33.2034,1.05129,-11.699,LT3,左拇指指尖/数据3,10.87,onset,显示域,True,19.3415,0.905531,onset_k1.20,onset_only,1.2,1.12
19.3469,0,-19.3469,0,t_on+4.6~5.4s中位(=08-v6.1 P 口径),0,t0+60s后中位,-0,-0,-0,85.7109,85.7109,85.7109,-0,0.03,0.03,0.03,False,0.912257,0.947855,-14.2891,0,-0.912257,-14.2891,-100,16.5824,0,LT3,左拇指指尖/数据3,132.59,unload,显示域,True,19.3415,1.00028,onset_k1.20,onset_only,1.2,1.12
0.064,13.3829,13.3189,13.3829,t_on+4.6~5.4s中位(=08-v6.1 P 口径),0.101758,t0+60s后中位,1.42838,-0.713968,1.42838,66.9611,66.9611,66.9611,101.145,0.5,0.5,0.5,False,2.08834,0.836811,-34.1411,1.80867,-2.08834,101.428,33.0389,0.190244,-8.91846,F41,四指指尖/数据1,10.94,onset,显示域,False,16.302,0.817011,onset_k1.20,onset_only,1.2,1.12
10.8737,13.5564,2.68271,13.5564,t_on+4.6~5.4s中位(=08-v6.1 P 口径),0.082,t0+60s后中位,0.624843,-5.30175,0.624843,15.4572,12.0927,15.4572,502.892,,,,False,2.09812,0.0223548,-100,1.26791,-2.09812,100.625,84.5428,0.0167627,-0.414672,F41,四指指尖/数据1,12.19,restep,显示域,False,16.302,0.164564,onset_k1.20,onset_only,1.2,1.12
16.4153,0.0723016,-16.343,0.0768358,t_on+4.6~5.4s中位(=08-v6.1 P 口径),0.073,后1/3段中位(不足60s),0.470146,0.470146,0.470146,54.7075,54.7075,54.7075,0.446675,0.01,0.01,0.01,False,3.01411,0.747895,-44.9918,0,-3.01411,-45.2648,-100.442,8.94083,-0.0768358,F41,四指指尖/数据1,130.75,unload,显示域,True,16.302,1.00252,onset_k1.20,onset_only,1.2,1.12
0.063,14.7479,14.6849,14.7479,t_on+4.6~5.4s中位(=08-v6.1 P 口径),9.57269,t0+60s后中位,-1.5592,-1.67035,-1.5592,92.5463,92.5463,92.5463,33.6827,0.52,0.52,0.52,False,2.06458,0.894072,-9.8187,2.06458,-1.89832,98.4408,7.45373,-0.228967,-13.5904,F42,四指指尖/数据2,11.03,onset,显示域,True,17.0396,0.861814,onset_k1.20,onset_only,1.2,1.12
17.0666,0.0910805,-16.9755,0.091,t_on+4.6~5.4s中位(=08-v6.1 P 口径),0.0823702,后1/3段中位(不足60s),0.536066,0.536066,0.536066,86.7172,86.7172,86.7172,0.485229,0.02,0.02,0.02,False,2.37296,0.861187,-13.0026,0,-2.37296,-13.2833,-100.537,14.7207,-0.091,F42,四指指尖/数据2,130.78,unload,显示域,True,17.0396,0.996243,onset_k1.20,onset_only,1.2,1.12
0.068,15.3126,15.2446,15.3126,t_on+4.6~5.4s中位(=08-v6.1 P 口径),16.9838,t0+60s后中位,5.98032,3.27744,5.98032,78.8833,78.8833,78.8833,-4.98258,33.72,33.72,33.72,False,2.21537,0.985034,-18.3292,2.21537,-0.604318,105.98,21.1167,0.911675,-12.0254,F43,四指指尖/数据3,11,onset,显示域,True,17.4353,0.874349,onset_k1.20,onset_only,1.2,1.12
17.4903,0.560628,-16.9297,0.585277,t_on+4.6~5.4s中位(=08-v6.1 P 口径),0.0956784,后1/3段中位(不足60s),3.4571,3.4571,3.4571,72.2411,72.2411,72.2411,0.565151,0.09,0.09,0.09,False,1.37426,0.902485,-24.4967,0,-1.37426,-27.6133,-103.312,12.2302,-0.585277,F43,四指指尖/数据3,140.4,unload,显示域,True,17.4353,0.971,onset_k1.20,onset_only,1.2,1.12
76,4241.75,4165.75,4241.75,t_on+4.6~5.4s中位(=08-v6.1 P 口径),22201.8,t0+60s后中位,194.206,0.763056,194.206,74.5707,74.5707,74.5707,-236.931,,,3.38,True,889.269,0.951611,-29.2666,677.055,-889.269,294.206,25.4293,8090.13,-3106.43,SW1,切换负载-快相无责,10.84,onset,ADC域,True,27937.6,0.149109,onset_k1.20,onset_only,1.2,1.12
4811.46,11606.1,6794.66,11606.1,t_on+4.6~5.4s中位(=08-v6.1 P 口径),25339.1,t0+60s后中位,10.6815,10.6815,10.6815,34.9809,34.9809,34.9809,-191.433,,,,False,1092.13,4.46888,-125.805,292.527,-1092.13,110.681,65.0191,725.77,-2376.83,SW1,切换负载-快相无责,28.63,onset,ADC域,True,27937.6,0.243208,onset_k1.20,onset_only,1.2,1.12
12297.8,16207.4,3909.6,16202.1,t_on+4.6~5.4s中位(=08-v6.1 P 口径),25571.5,t0+60s后中位,11.2175,11.2175,11.2175,313.031,313.031,313.031,-228.432,,,,False,4530.02,0.473269,-286.711,0,-4530.02,111.084,-213.164,438.558,-12238.3,SW1,切换负载-快相无责,71.67,restep,ADC域,False,27937.6,0.139941,onset_k1.20,onset_only,1.2,1.12
5447.1,18092.5,12645.4,18092.5,t_on+4.6~5.4s中位(=08-v6.1 P 口径),25607.5,t0+60s后中位,-11.4812,-11.4812,-11.4812,109.114,109.114,109.114,-70.9096,,,,False,4530.02,0.485272,-69.4172,-959.824,-4530.02,88.5188,-9.11387,-1451.85,-13797.9,SW1,切换负载-快相无责,75.89,onset,ADC域,True,27937.6,0.452632,onset_k1.20,onset_only,1.2,1.12
19384.4,25851.7,6467.25,25850.6,t_on+4.6~5.4s中位(=08-v6.1 P 口径),22087.3,t0+60s后中位,44.2506,-72.7151,44.2506,399.715,204.228,399.715,102.44,,,,False,5456.51,0.740911,31.2991,3412.48,-5456.51,144.234,-299.732,2861.8,-25850.6,SW1,切换负载-快相无责,110.45,restep,ADC域,True,27937.6,0.231489,onset_k1.20,onset_only,1.2,1.12
26333.3,25386,-947.345,25386,t_on+4.6~5.4s中位(=08-v6.1 P 口径),20401.6,t0+60s后中位,2679.7,2679.7,2679.7,361.533,197.342,361.533,2153.55,,,,False,5438.54,9.40511,2139.65,3412.48,-5438.54,261.533,-2779.7,3424.96,-25386,SW1,切换负载-快相无责,129.37,partial_unload,ADC域,False,27937.6,0.0339094,onset_k1.20,onset_only,1.2,1.12
61.0611,27163.2,27102.1,27163.8,t_on+4.6~5.4s中位(=08-v6.1 P 口径),20127.8,t0+60s后中位,6.17084,5.71397,6.17084,99.9692,99.9692,99.9692,32.1318,,,,False,3412.48,1.04095,5.10513,3412.48,-4.67081,106.173,0.0329822,1672.43,-27093.8,SW1,切换负载-快相无责,133.83,onset,ADC域,True,27937.6,0.970096,onset_k1.20,onset_only,1.2,1.12
28005.2,24408.4,-3596.88,24408.4,t_on+4.6~5.4s中位(=08-v6.1 P 口径),25340.8,t0+60s后中位,677.531,677.531,677.531,104.978,104.978,104.978,703.454,,,,False,4034.83,3.8749,656.668,4034.83,-766.455,4.97778,-777.531,3775.93,-24370,SW1,切换负载-快相无责,182.03,partial_unload,ADC域,False,27937.6,0.128747,onset_k1.20,onset_only,1.2,1.12
52.8433,25248,25195.2,25248,t_on+4.6~5.4s中位(=08-v6.1 P 口径),60.6632,t0+60s后中位,11.654,11.654,11.654,100.004,100.004,100.004,111.623,,,2.4,True,4034.83,0.976083,10.9136,4034.83,-792.104,111.654,-0.00352015,2936.26,-25196.1,SW1,切换负载-快相无责,185.97,onset,ADC域,True,27937.6,0.901839,onset_k1.20,onset_only,1.2,1.12
26086,22170.5,-3915.48,22169.8,t_on+4.6~5.4s中位(=08-v6.1 P 口径),22086.1,后1/3段中位(不足60s),495.409,145.871,495.409,25.9689,25.9689,25.9689,493.272,,,,False,2732.12,1.19357,-59.6826,0,-2732.12,-74.0494,-595.427,1016.81,-19397.7,SW1,切换负载-快相无责,202.65,partial_unload,ADC域,True,27937.6,0.140151,onset_k1.20,onset_only,1.2,1.12
22149.6,5769,-16380.6,5767.93,t_on+4.6~5.4s中位(=08-v6.1 P 口径),22086.1,后1/3段中位(不足60s),31.6335,9.31716,31.6335,113.658,93.6629,113.658,131.252,,,,False,2865.19,1.07486,2.91274,0,-2865.19,13.6511,-131.64,18617.8,-5181.77,SW1,切换负载-快相无责,212.4,partial_unload,ADC域,False,27937.6,0.58633,onset_k1.20,onset_only,1.2,1.12
5760.84,11857,6096.16,11857,t_on+4.6~5.4s中位(=08-v6.1 P 口径),22086.1,后1/3段中位(不足60s),205.519,-8.49026,205.519,184.884,116.941,184.884,37.7224,,,,False,2865.19,0.871199,-39.929,0,-2865.19,305.519,-84.8842,12528.8,-11270.8,SW1,切换负载-快相无责,217.74,restep,ADC域,True,27937.6,0.218206,onset_k1.20,onset_only,1.2,1.12
12122.3,19875.9,7753.67,19875.9,t_on+4.6~5.4s中位(=08-v6.1 P 口径),22086.1,后1/3段中位(不足60s),58.1637,-26.0894,58.1637,256.343,248.783,256.343,29.6585,,,,False,2865.19,0.77667,-146.248,0,-2865.19,158.164,-156.343,4509.82,-19875.9,SW1,切换负载-快相无责,230.64,restep,ADC域,False,27937.6,0.277535,onset_k1.20,onset_only,1.2,1.12
5210.44,20245.8,15035.4,20245.8,t_on+4.6~5.4s中位(=08-v6.1 P 口径),22086.1,后1/3段中位(不足60s),27.5345,-15.9144,27.5345,134.654,125.878,134.654,15.2947,,,,False,2865.19,0.477763,9.67191,0,-2865.19,127.534,-34.6545,4139.92,-20245.8,SW1,切换负载-快相无责,233.05,onset,ADC域,False,27937.6,0.538179,onset_k1.20,onset_only,1.2,1.12
20414.6,25671.8,5257.15,25671.8,t_on+4.6~5.4s中位(=08-v6.1 P 口径),22086.1,后1/3段中位(不足60s),-24.4625,-24.4625,-24.4625,488.321,145.679,488.321,43.7427,,,,False,2766.13,0.87731,-0.0786716,0,-2766.13,75.5375,-388.321,-1286.03,-25671.8,SW1,切换负载-快相无责,240.72,restep,ADC域,True,27937.6,0.188175,onset_k1.20,onset_only,1.2,1.12
25868,55,-25813,54.9693,t_on+4.6~5.4s中位(=08-v6.1 P 口径),22086.1,后1/3段中位(不足60s),0.212952,0.212952,0.212952,70.8239,70.8239,70.8239,85.5622,,,,False,2576.04,0.876495,-29.1956,0,-2576.04,-29.1762,-100.213,18281.8,-54.9693,SW1,切换负载-快相无责,249.63,unload,ADC域,True,27937.6,0.923952,onset_k1.20,onset_only,1.2,1.12
62,14458.3,14396.3,14458.3,t_on+4.6~5.4s中位(=08-v6.1 P 口径),24133.2,后1/3段中位(不足60s),57.7471,12.8457,57.7471,100.431,55.3875,100.431,-9.45693,,,,False,2396.66,1.00123,-39.0392,2396.66,-371.314,157.747,-0.430665,8313.46,-14458.3,SW2,再切换负载,11.79,onset,ADC域,False,25866.3,0.556567,onset_k1.20,onset_only,1.2,1.12
13424.9,14858.2,1433.25,14852.5,t_on+4.6~5.4s中位(=08-v6.1 P 口径),24133.2,后1/3段中位(不足60s),561.088,101.529,561.088,1036.28,3.8833,1036.28,-86.4462,,,,False,2396.66,1.04028,-100,2396.66,-371.314,660.692,-936.677,8041.78,-14852.5,SW2,再切换负载,13.7,restep,ADC域,False,25866.3,0.0554099,onset_k1.20,onset_only,1.2,1.12
14922.6,15402.5,479.895,15402.8,t_on+4.6~5.4s中位(=08-v6.1 P 口径),24133.2,后1/3段中位(不足60s),1687.5,188.56,1687.5,3209.61,126.263,3209.61,-131.752,,,,False,2396.66,0.990165,-100,2396.66,-286.275,1787.55,-3109.55,8098.22,-15402.8,SW2,再切换负载,14.86,restep,ADC域,False,25866.3,0.0185529,onset_k1.20,onset_only,1.2,1.12
16009.1,17425.7,1416.62,17425.7,t_on+4.6~5.4s中位(=08-v6.1 P 口径),24133.2,后1/3段中位(不足60s),669.478,4.27593,669.478,1230.09,1230.09,1230.09,195.989,,,,False,3721.65,0.920553,-849.784,3721.65,-280.322,769.478,-1130.09,9483.97,-17425.7,SW2,再切换负载,31.22,restep,ADC域,False,25866.3,0.0547671,onset_k1.20,onset_only,1.2,1.12
37.3925,21643.5,21606.1,21639.1,t_on+4.6~5.4s中位(=08-v6.1 P 口径),24133.2,后1/3段中位(不足60s),26.0431,4.94649,26.0431,100.042,84.0485,100.042,14.4993,,,,False,3721.65,1,-11.5112,3721.65,-14.153,126.023,-0.0619851,5626.89,-21615.1,SW2,再切换负载,35.96,onset,ADC域,True,25866.3,0.835298,onset_k1.20,onset_only,1.2,1.12
22655,38.6558,-22616.3,38.4964,t_on+4.6~5.4s中位(=08-v6.1 P 口径),24133.2,后1/3段中位(不足60s),0.0640968,0.0640968,0.0640968,120.857,28.4329,120.857,106.601,,,,False,3721.65,1.02364,-71.5477,3721.65,0,20.8565,-100.065,27333.5,-14.4964,SW2,再切换负载,50.61,unload,ADC域,False,25866.3,0.874356,onset_k1.20,onset_only,1.2,1.12
38,25209.3,25171.3,25209.3,t_on+4.6~5.4s中位(=08-v6.1 P 口径),24133.2,后1/3段中位(不足60s),8.59178,7.23358,8.59178,97.159,97.159,97.159,12.8668,,,,False,3721.65,1.05594,3.75257,3721.65,0,108.592,2.84099,2162.66,-24456.2,SW2,再切换负载,57.3,onset,ADC域,True,25866.3,0.973132,onset_k1.20,onset_only,1.2,1.12
69.5794,17701.9,17632.3,17701.9,t_on+4.6~5.4s中位(=08-v6.1 P 口径),27305,后1/3段中位(不足60s),59.185,-12.2599,59.185,100.395,68.625,100.395,4.72135,,,,False,5351.15,1.0086,-44.2226,3863.6,-5351.15,159.185,-0.394614,10435.7,-17701.9,SW3,中途切换-1d9493,10.92,onset,ADC域,True,27696.8,0.636617,onset_k1.20,onset_only,1.2,1.12
18559.6,25621.5,7061.97,25621.5,t_on+4.6~5.4s中位(=08-v6.1 P 口径),27305,后1/3段中位(不足60s),38.1067,-57.6795,38.1067,362.81,134.24,362.81,14.2679,,,,False,5351.15,1.92949,-26.2308,3863.6,-5351.15,138.107,-262.81,2691.09,-25621.5,SW3,中途切换-1d9493,20.72,restep,ADC域,True,27696.8,0.254974,onset_k1.20,onset_only,1.2,1.12
25979,52,-25927,52,t_on+4.6~5.4s中位(=08-v6.1 P 口径),27305,后1/3段中位(不足60s),0.200563,0.200563,0.200563,109.293,80.8211,109.293,105.315,,,,False,5351.15,7.36892,-19.1485,3863.6,-5351.15,9.29289,-100.201,28336.4,-52,SW3,中途切换-1d9493,30.68,unload,ADC域,True,27696.8,0.9361,onset_k1.20,onset_only,1.2,1.12
55.4942,26638.1,26582.6,26638.1,t_on+4.6~5.4s中位(=08-v6.1 P 口径),27305,后1/3段中位(不足60s),6.65189,5.64072,6.65189,100.028,85.9799,100.028,4.14285,,,,False,3863.6,1.02519,-8.79812,3863.6,0,106.652,-0.0281922,1768.24,-26590.1,SW3,中途切换-1d9493,39.08,onset,ADC域,True,27696.8,0.959769,onset_k1.20,onset_only,1.2,1.12
27714.7,53,-27661.7,53,段末帧(退化),27305,后1/3段中位(不足60s),0.0180755,0.0180755,0.0180755,102.134,102.134,102.134,98.5371,,,,False,735.924,1.01762,2.13399,735.924,0,2.13351,-100.018,28251.9,-5,SW3,中途切换-1d9493,60.78,restep,ADC域,False,27696.8,0.998732,onset_k1.20,onset_only,1.2,1.12
84,15448.2,15364.2,15448.2,t_on+4.6~5.4s中位(=08-v6.1 P 口径),24171.5,t0+60s后中位,51.9203,-2.58941,51.9203,65.5442,65.5442,65.5442,-4.85703,,,,False,1913,0.941746,-37.9012,1756.25,-1913,151.92,34.4558,7977.13,-10070.3,SW4,中途切换-13ffca,8.41,onset,ADC域,True,32452.6,0.473434,onset_k1.20,onset_only,1.2,1.12
16085.4,22496.9,6411.47,22496.9,t_on+4.6~5.4s中位(=08-v6.1 P 口径),27884.7,t0+60s后中位,14.4804,-18.5891,14.4804,117.127,117.127,117.127,-69.5542,,,,False,2156.6,0.940843,-1.46197,0,-2156.6,114.48,-17.1271,928.407,-7509.57,SW4,中途切换-13ffca,18.68,restep,ADC域,False,32452.6,0.197564,onset_k1.20,onset_only,1.2,1.12
22912.5,24098.4,1185.96,24095.9,t_on+4.6~5.4s中位(=08-v6.1 P 口径),28247.1,t0+60s后中位,-56.5445,-56.5445,-56.5445,635.004,635.004,635.004,-406.575,,,,False,2250.22,0.604795,-115.048,0,-2250.22,43.2408,-535.218,-670.593,-7530.87,SW4,中途切换-13ffca,26.57,restep,ADC域,False,32452.6,0.0365443,onset_k1.20,onset_only,1.2,1.12
19465.9,24135.1,4669.26,24133.3,t_on+4.6~5.4s中位(=08-v6.1 P 口径),28278.7,t0+60s后中位,-15.163,-15.163,-15.163,134.598,134.598,134.598,-103.943,,,,False,2270.65,0.652179,6.19645,0,-2270.65,84.7974,-34.638,-708,-6284.74,SW4,中途切换-13ffca,27.6,restep,ADC域,False,32452.6,0.143879,onset_k1.20,onset_only,1.2,1.12
24634.7,21004.9,-3629.79,21002.6,t_on+4.6~5.4s中位(=08-v6.1 P 口径),31983.5,t0+60s后中位,578.617,73.5614,578.617,32.1478,32.1478,32.1478,881.14,,,,False,2913.91,-7.40088,-10.1058,0,-2913.91,-67.9158,-678.68,1166.9,-21002.6,SW4,中途切换-13ffca,45.28,partial_unload,ADC域,True,32452.6,0.111849,onset_k1.20,onset_only,1.2,1.12
20983.1,24429.9,3446.83,24429.7,t_on+4.6~5.4s中位(=08-v6.1 P 口径),27976.3,后1/3段中位(不足60s),155.787,-72.9638,155.787,708.757,119.21,708.757,52.8916,,,,False,3760.74,0.901438,-87.9684,3760.74,-2913.91,255.78,-608.764,5369.7,-24429.7,SW4,中途切换-13ffca,61.37,restep,ADC域,False,32452.6,0.106211,onset_k1.20,onset_only,1.2,1.12
24442.4,79,-24363.4,78,t_on+4.6~5.4s中位(=08-v6.1 P 口径),27976.3,后1/3段中位(不足60s),0.320153,0.320153,0.320153,122.185,47.3865,122.185,114.829,,,0.01,True,3760.74,1.49252,-52.2933,3760.74,-2716.37,22.1805,-100.324,29768.3,-78,SW4,中途切换-13ffca,68.93,unload,ADC域,True,32452.6,0.750737,onset_k1.20,onset_only,1.2,1.12
75,27895.9,27820.9,27895.9,t_on+4.6~5.4s中位(=08-v6.1 P 口径),27976.3,后1/3段中位(不足60s),23.277,6.84185,23.277,100.067,38.3675,100.067,22.9881,,,,False,3760.74,1.10724,-54.8435,3760.74,-9.2776,123.277,-0.0670225,6475.88,-27839.6,SW4,中途切换-13ffca,88,onset,ADC域,True,32452.6,0.857278,onset_k1.20,onset_only,1.2,1.12
28337.8,30791.3,2453.48,30791.3,t_on+4.6~5.4s中位(=08-v6.1 P 口径),27976.3,后1/3段中位(不足60s),145.936,120.814,145.936,1252.71,14.6342,1252.71,260.671,,,,False,3542.31,1.04365,-84.5141,3542.31,0,245.936,-1152.71,3580.51,-30734.9,SW4,中途切换-13ffca,99.36,restep,ADC域,False,32452.6,0.0756019,onset_k1.20,onset_only,1.2,1.12
29453,32163.4,2710.38,32155.5,t_on+4.6~5.4s中位(=08-v6.1 P 口径),27976.3,后1/3段中位(不足60s),81.771,81.771,81.771,1184.31,-16.1642,1184.31,235.963,,,,False,2577.97,1.08586,-44.9436,2577.97,0,181.479,-1084.6,2216.3,-32099.1,SW4,中途切换-13ffca,104.24,restep,ADC域,True,32452.6,0.083518,onset_k1.20,onset_only,1.2,1.12
32462.6,81,-32381.6,83,t_on+4.6~5.4s中位(=08-v6.1 P 口径),27976.3,后1/3段中位(不足60s),0.0822885,0.0822885,0.0822885,102.677,102.677,102.677,86.2218,,,,False,1227.13,1.03091,2.75028,1227.13,0,2.68345,-100.076,33248.5,-26.6463,SW4,中途切换-13ffca,113.8,unload,ADC域,True,32452.6,0.99781,onset_k1.20,onset_only,1.2,1.12
0.549442,14.7073,14.1578,14.7057,t_on+4.6~5.4s中位(=08-v6.1 P 口径),1.16117,t0+60s后中位,5.13735,-0.788701,5.13735,76.7128,76.7128,76.7128,100.805,5.36,5.36,5.36,False,2.25141,0.850392,-25.053,1.70144,-2.25141,105.126,23.2759,0.727339,-10.8609,RT1,右拇指指尖/数据1,8.27,onset,显示域,False,19.5791,0.72311,onset_k1.25,onset_only,1.25,1.12
14.6375,15.8381,1.20052,15.8268,t_on+4.6~5.4s中位(=08-v6.1 P 口径),1.11186,t0+60s后中位,-32.8006,-32.8006,-32.8006,121.807,115.711,121.807,1192.91,,,,False,2.54718,-0.141274,-92.1817,-0.240574,-2.54718,66.2626,-22.7434,-0.393777,-1.46231,RT1,右拇指指尖/数据1,13.6,restep,显示域,True,19.5791,0.0613163,onset_k1.25,onset_only,1.25,1.12
20.0385,0.943245,-19.0952,0.924979,t_on+4.6~5.4s中位(=08-v6.1 P 口径),1.00147,后1/3段中位(不足60s),4.84404,4.84404,4.84404,68.3519,68.3519,68.3519,5.24462,0.03,0.03,0.03,False,5.41639,0.704422,-32.1383,0,-5.41639,-31.7438,-104.94,13.0519,-0.924979,RT1,右拇指指尖/数据1,115.37,unload,显示域,True,19.5791,0.975286,onset_k1.25,onset_only,1.25,1.12
0.290396,16.726,16.4356,16.726,t_on+4.6~5.4s中位(=08-v6.1 P 口径),19.7617,t0+60s后中位,-0.903003,-1.11299,-0.903003,90.4771,90.4771,90.4771,-19.3735,13.16,13.16,0.55,False,2.41547,0.868067,-12.9516,2.13354,-2.41547,99.097,9.52291,-0.148414,-14.8705,RT2,右拇指指尖/数据2,12.32,onset,显示域,True,22.0068,0.746843,onset_k1.25,onset_only,1.25,1.12
20.8432,22.0158,1.1726,22.0168,t_on+4.6~5.4s中位(=08-v6.1 P 口径),0.329168,t0+60s后中位,-422.213,-422.213,-422.213,1877.61,847.803,1877.61,1427.32,,,,False,6.2192,0.762284,-57.2386,0,-6.2192,-322.135,-1777.53,-4.95085,-22.0168,RT2,右拇指指尖/数据2,147.11,restep,显示域,True,22.0068,0.0532834,onset_k1.25,onset_only,1.25,1.12
22.131,0.9172,-21.2138,0.912841,t_on+4.6~5.4s中位(=08-v6.1 P 口径),0.365081,t0+60s后中位,4.30305,4.30305,4.30305,69.4751,69.4751,69.4751,1.72096,0.02,0.02,0.02,False,6.178,0.707494,-30.8666,0,-6.178,-30.5455,-104.324,14.7383,-0.912841,RT2,右拇指指尖/数据2,159.49,unload,显示域,True,22.0068,0.963968,onset_k1.25,onset_only,1.25,1.12
0.043,16.5567,16.5137,16.5389,t_on+4.6~5.4s中位(=08-v6.1 P 口径),20.5361,t0+60s后中位,13.5865,5.26309,13.5865,99.3294,99.3294,99.3294,-10.6188,,,,False,2.3674,1.00778,4.27365,2.3674,-0.177791,113.479,0.56317,2.24364,-16.4029,RT3,右拇指指尖/数据3,10.59,onset,显示域,True,21.2279,0.777921,onset_k1.25,onset_only,1.25,1.12
21.248,0.521318,-20.7267,0.518415,t_on+4.6~5.4s中位(=08-v6.1 P 口径),0.568345,后1/3段中位(不足60s),2.50119,2.50119,2.50119,64.933,64.933,64.933,2.74209,0.01,0.01,0.01,False,2.55519,0.83932,-35.8846,0,-2.55519,-35.081,-102.515,13.4585,-0.518415,RT3,右拇指指尖/数据3,135.7,unload,显示域,True,21.2279,0.976388,onset_k1.25,onset_only,1.25,1.12
0,15.2813,15.2813,15.2813,t_on+4.6~5.4s中位(=08-v6.1 P 口径),17.8094,t0+60s后中位,13.92,4.90794,13.92,100,100,100,-2.62435,,,,False,2.18736,1.01374,4.44779,2.18736,-0.0633991,113.92,0,2.12715,-15.2813,LT1,左拇指指尖/数据1,11.69,onset,显示域,True,18.1566,0.841637,onset_k1.25,onset_only,1.25,1.12
18.1567,0,-18.1567,0,t_on+4.6~5.4s中位(=08-v6.1 P 口径),0,后1/3段中位(不足60s),-0,-0,-0,80.2056,80.2056,80.2056,-0,0.13,0.13,0.13,False,1.36096,0.914532,-19.7944,0,-1.36096,-19.7944,-100,14.5627,0,LT1,左拇指指尖/数据1,147.52,unload,显示域,True,18.1566,1.00001,onset_k1.25,onset_only,1.25,1.12
0,16.1212,16.1212,16.1212,t_on+4.6~5.4s中位(=08-v6.1 P 口径),18.002,t0+60s后中位,4.41653,4.41653,4.41653,61.2823,61.2823,61.2823,-7.25037,1.96,1.96,1.96,False,2.41252,0.928446,-34.8288,2.41252,-1.10351,104.417,38.7177,0.711996,-9.87941,LT2,左拇指指尖/数据2,14.92,onset,显示域,True,18.6005,0.866705,onset_k1.25,onset_only,1.25,1.12
18.6041,0,-18.6041,0,t_on+4.6~5.4s中位(=08-v6.1 P 口径),0,后1/3段中位(不足60s),-0,-0,-0,75.2234,75.2234,75.2234,-0,0.01,0.01,0.01,False,1.91044,0.879885,-24.7766,0,-1.91044,-24.7766,-100,13.9946,0,LT2,左拇指指尖/数据2,140.92,unload,显示域,True,18.6005,1.00019,onset_k1.25,onset_only,1.25,1.12
0,17.5144,17.5144,17.5144,t_on+4.6~5.4s中位(=08-v6.1 P 口径),18.8563,t0+60s后中位,6.00244,3.74863,6.00244,66.7966,66.7966,66.7966,-1.65931,,,78.5,True,2.43854,1.00726,-30.064,2.43854,-0.0979361,106.002,33.2034,1.05129,-11.699,LT3,左拇指指尖/数据3,10.87,onset,显示域,True,19.3415,0.905531,onset_k1.25,onset_only,1.25,1.12
19.3469,0,-19.3469,0,t_on+4.6~5.4s中位(=08-v6.1 P 口径),0,t0+60s后中位,-0,-0,-0,85.7109,85.7109,85.7109,-0,0.03,0.03,0.03,False,0.912257,0.947855,-14.2891,0,-0.912257,-14.2891,-100,16.5824,0,LT3,左拇指指尖/数据3,132.59,unload,显示域,True,19.3415,1.00028,onset_k1.25,onset_only,1.25,1.12
0.064,13.3829,13.3189,13.3829,t_on+4.6~5.4s中位(=08-v6.1 P 口径),0.101758,t0+60s后中位,1.42838,-0.713968,1.42838,66.9611,66.9611,66.9611,101.145,0.5,0.5,0.5,False,2.08834,0.836811,-34.1411,1.80867,-2.08834,101.428,33.0389,0.190244,-8.91846,F41,四指指尖/数据1,10.94,onset,显示域,False,16.302,0.817011,onset_k1.25,onset_only,1.25,1.12
10.8737,13.5564,2.68271,13.5564,t_on+4.6~5.4s中位(=08-v6.1 P 口径),0.082,t0+60s后中位,0.624843,-5.30175,0.624843,15.4572,12.0927,15.4572,502.892,,,,False,2.09812,0.0223548,-100,1.26791,-2.09812,100.625,84.5428,0.0167627,-0.414672,F41,四指指尖/数据1,12.19,restep,显示域,False,16.302,0.164564,onset_k1.25,onset_only,1.25,1.12
16.4153,0.0723016,-16.343,0.0768358,t_on+4.6~5.4s中位(=08-v6.1 P 口径),0.073,后1/3段中位(不足60s),0.470146,0.470146,0.470146,54.7075,54.7075,54.7075,0.446675,0.01,0.01,0.01,False,3.01411,0.747895,-44.9918,0,-3.01411,-45.2648,-100.442,8.94083,-0.0768358,F41,四指指尖/数据1,130.75,unload,显示域,True,16.302,1.00252,onset_k1.25,onset_only,1.25,1.12
0.063,14.7479,14.6849,14.7479,t_on+4.6~5.4s中位(=08-v6.1 P 口径),9.57269,t0+60s后中位,-1.5592,-1.67035,-1.5592,92.5463,92.5463,92.5463,33.6827,0.52,0.52,0.52,False,2.06458,0.894072,-9.8187,2.06458,-1.89832,98.4408,7.45373,-0.228967,-13.5904,F42,四指指尖/数据2,11.03,onset,显示域,True,17.0396,0.861814,onset_k1.25,onset_only,1.25,1.12
17.0666,0.0910805,-16.9755,0.091,t_on+4.6~5.4s中位(=08-v6.1 P 口径),0.0823702,后1/3段中位(不足60s),0.536066,0.536066,0.536066,86.7172,86.7172,86.7172,0.485229,0.02,0.02,0.02,False,2.37296,0.861187,-13.0026,0,-2.37296,-13.2833,-100.537,14.7207,-0.091,F42,四指指尖/数据2,130.78,unload,显示域,True,17.0396,0.996243,onset_k1.25,onset_only,1.25,1.12
0.068,15.3126,15.2446,15.3126,t_on+4.6~5.4s中位(=08-v6.1 P 口径),16.9838,t0+60s后中位,5.98032,3.27744,5.98032,78.8833,78.8833,78.8833,-4.98258,33.72,33.72,33.72,False,2.21537,0.985034,-18.3292,2.21537,-0.604318,105.98,21.1167,0.911675,-12.0254,F43,四指指尖/数据3,11,onset,显示域,True,17.4353,0.874349,onset_k1.25,onset_only,1.25,1.12
17.4903,0.560628,-16.9297,0.585277,t_on+4.6~5.4s中位(=08-v6.1 P 口径),0.0956784,后1/3段中位(不足60s),3.4571,3.4571,3.4571,72.2411,72.2411,72.2411,0.565151,0.09,0.09,0.09,False,1.37426,0.902485,-24.4967,0,-1.37426,-27.6133,-103.312,12.2302,-0.585277,F43,四指指尖/数据3,140.4,unload,显示域,True,17.4353,0.971,onset_k1.25,onset_only,1.25,1.12
76,4241.75,4165.75,4241.75,t_on+4.6~5.4s中位(=08-v6.1 P 口径),22201.8,t0+60s后中位,194.206,0.763056,194.206,74.5707,74.5707,74.5707,-236.931,,,3.38,True,889.269,0.951611,-29.2666,725.647,-889.269,294.206,25.4293,8090.13,-3106.43,SW1,切换负载-快相无责,10.84,onset,ADC域,True,27937.6,0.149109,onset_k1.25,onset_only,1.25,1.12
4811.46,11606.1,6794.66,11606.1,t_on+4.6~5.4s中位(=08-v6.1 P 口径),25339.1,t0+60s后中位,10.6815,10.6815,10.6815,34.9809,34.9809,34.9809,-191.433,,,,False,1092.13,4.46888,-125.805,292.527,-1092.13,110.681,65.0191,725.77,-2376.83,SW1,切换负载-快相无责,28.63,onset,ADC域,True,27937.6,0.243208,onset_k1.25,onset_only,1.25,1.12
12297.8,16207.4,3909.6,16202.1,t_on+4.6~5.4s中位(=08-v6.1 P 口径),25571.5,t0+60s后中位,11.2175,11.2175,11.2175,313.031,313.031,313.031,-228.432,,,,False,4530.02,0.473269,-286.711,0,-4530.02,111.084,-213.164,438.558,-12238.3,SW1,切换负载-快相无责,71.67,restep,ADC域,False,27937.6,0.139941,onset_k1.25,onset_only,1.25,1.12
5447.1,18092.5,12645.4,18092.5,t_on+4.6~5.4s中位(=08-v6.1 P 口径),25607.5,t0+60s后中位,-11.4812,-11.4812,-11.4812,109.114,109.114,109.114,-70.9096,,,,False,4530.02,0.485272,-69.4172,-959.824,-4530.02,88.5188,-9.11387,-1451.85,-13797.9,SW1,切换负载-快相无责,75.89,onset,ADC域,True,27937.6,0.452632,onset_k1.25,onset_only,1.25,1.12
19384.4,25851.7,6467.25,25850.6,t_on+4.6~5.4s中位(=08-v6.1 P 口径),22087.3,t0+60s后中位,44.2506,-72.7151,44.2506,399.715,204.228,399.715,102.44,,,,False,5456.51,0.740911,31.2991,3412.48,-5456.51,144.234,-299.732,2861.8,-25850.6,SW1,切换负载-快相无责,110.45,restep,ADC域,True,27937.6,0.231489,onset_k1.25,onset_only,1.25,1.12
26333.3,25386,-947.345,25386,t_on+4.6~5.4s中位(=08-v6.1 P 口径),20401.6,t0+60s后中位,2679.7,2679.7,2679.7,361.533,197.342,361.533,2153.55,,,,False,5438.54,9.40511,2139.65,3412.48,-5438.54,261.533,-2779.7,3424.96,-25386,SW1,切换负载-快相无责,129.37,partial_unload,ADC域,False,27937.6,0.0339094,onset_k1.25,onset_only,1.25,1.12
61.0611,27163.2,27102.1,27163.8,t_on+4.6~5.4s中位(=08-v6.1 P 口径),20127.8,t0+60s后中位,6.17084,5.71397,6.17084,99.9692,99.9692,99.9692,32.1318,,,,False,3412.48,1.04095,5.10513,3412.48,-4.67081,106.173,0.0329822,1672.43,-27093.8,SW1,切换负载-快相无责,133.83,onset,ADC域,True,27937.6,0.970096,onset_k1.25,onset_only,1.25,1.12
28005.2,24408.4,-3596.88,24408.4,t_on+4.6~5.4s中位(=08-v6.1 P 口径),25340.8,t0+60s后中位,677.531,677.531,677.531,104.978,104.978,104.978,703.454,,,,False,4034.83,3.8749,656.668,4034.83,-766.455,4.97778,-777.531,3775.93,-24370,SW1,切换负载-快相无责,182.03,partial_unload,ADC域,False,27937.6,0.128747,onset_k1.25,onset_only,1.25,1.12
52.8433,25248,25195.2,25248,t_on+4.6~5.4s中位(=08-v6.1 P 口径),60.6632,t0+60s后中位,11.654,11.654,11.654,100.004,100.004,100.004,111.623,,,2.4,True,4034.83,0.976083,10.9136,4034.83,-792.104,111.654,-0.00352015,2936.26,-25196.1,SW1,切换负载-快相无责,185.97,onset,ADC域,True,27937.6,0.901839,onset_k1.25,onset_only,1.25,1.12
26086,22170.5,-3915.48,22169.8,t_on+4.6~5.4s中位(=08-v6.1 P 口径),22086.1,后1/3段中位(不足60s),495.409,145.871,495.409,25.9689,25.9689,25.9689,493.272,,,,False,2732.12,1.19357,-59.6826,0,-2732.12,-74.0494,-595.427,1016.81,-19397.7,SW1,切换负载-快相无责,202.65,partial_unload,ADC域,True,27937.6,0.140151,onset_k1.25,onset_only,1.25,1.12
22149.6,5769,-16380.6,5767.93,t_on+4.6~5.4s中位(=08-v6.1 P 口径),22086.1,后1/3段中位(不足60s),31.6335,9.31716,31.6335,113.658,93.6629,113.658,131.252,,,,False,2865.19,1.07486,2.91274,0,-2865.19,13.6511,-131.64,18617.8,-5181.77,SW1,切换负载-快相无责,212.4,partial_unload,ADC域,False,27937.6,0.58633,onset_k1.25,onset_only,1.25,1.12
5760.84,11857,6096.16,11857,t_on+4.6~5.4s中位(=08-v6.1 P 口径),22086.1,后1/3段中位(不足60s),205.519,-8.49026,205.519,184.884,116.941,184.884,37.7224,,,,False,2865.19,0.871199,-39.929,0,-2865.19,305.519,-84.8842,12528.8,-11270.8,SW1,切换负载-快相无责,217.74,restep,ADC域,True,27937.6,0.218206,onset_k1.25,onset_only,1.25,1.12
12122.3,19875.9,7753.67,19875.9,t_on+4.6~5.4s中位(=08-v6.1 P 口径),22086.1,后1/3段中位(不足60s),58.1637,-26.0894,58.1637,256.343,248.783,256.343,29.6585,,,,False,2865.19,0.77667,-146.248,0,-2865.19,158.164,-156.343,4509.82,-19875.9,SW1,切换负载-快相无责,230.64,restep,ADC域,False,27937.6,0.277535,onset_k1.25,onset_only,1.25,1.12
5210.44,20245.8,15035.4,20245.8,t_on+4.6~5.4s中位(=08-v6.1 P 口径),22086.1,后1/3段中位(不足60s),27.5345,-15.9144,27.5345,134.654,125.878,134.654,15.2947,,,,False,2865.19,0.477763,9.67191,0,-2865.19,127.534,-34.6545,4139.92,-20245.8,SW1,切换负载-快相无责,233.05,onset,ADC域,False,27937.6,0.538179,onset_k1.25,onset_only,1.25,1.12
20414.6,25671.8,5257.15,25671.8,t_on+4.6~5.4s中位(=08-v6.1 P 口径),22086.1,后1/3段中位(不足60s),-24.4625,-24.4625,-24.4625,488.321,145.679,488.321,43.7427,,,,False,2766.13,0.87731,-0.0786716,0,-2766.13,75.5375,-388.321,-1286.03,-25671.8,SW1,切换负载-快相无责,240.72,restep,ADC域,True,27937.6,0.188175,onset_k1.25,onset_only,1.25,1.12
25868,55,-25813,54.9693,t_on+4.6~5.4s中位(=08-v6.1 P 口径),22086.1,后1/3段中位(不足60s),0.212952,0.212952,0.212952,70.8239,70.8239,70.8239,85.5622,,,,False,2576.04,0.876495,-29.1956,0,-2576.04,-29.1762,-100.213,18281.8,-54.9693,SW1,切换负载-快相无责,249.63,unload,ADC域,True,27937.6,0.923952,onset_k1.25,onset_only,1.25,1.12
62,14458.3,14396.3,14458.3,t_on+4.6~5.4s中位(=08-v6.1 P 口径),24133.2,后1/3段中位(不足60s),57.7471,12.8457,57.7471,100.431,55.3875,100.431,-9.45693,,,,False,2396.66,1.00123,-39.0392,2396.66,-371.314,157.747,-0.430665,8313.46,-14458.3,SW2,再切换负载,11.79,onset,ADC域,False,25866.3,0.556567,onset_k1.25,onset_only,1.25,1.12
13424.9,14858.2,1433.25,14852.5,t_on+4.6~5.4s中位(=08-v6.1 P 口径),24133.2,后1/3段中位(不足60s),561.088,101.529,561.088,1036.28,3.8833,1036.28,-86.4462,,,,False,2396.66,1.04028,-100,2396.66,-371.314,660.692,-936.677,8041.78,-14852.5,SW2,再切换负载,13.7,restep,ADC域,False,25866.3,0.0554099,onset_k1.25,onset_only,1.25,1.12
14922.6,15402.5,479.895,15402.8,t_on+4.6~5.4s中位(=08-v6.1 P 口径),24133.2,后1/3段中位(不足60s),1687.5,188.56,1687.5,3209.61,126.263,3209.61,-131.752,,,,False,2396.66,0.990165,-100,2396.66,-286.275,1787.55,-3109.55,8098.22,-15402.8,SW2,再切换负载,14.86,restep,ADC域,False,25866.3,0.0185529,onset_k1.25,onset_only,1.25,1.12
16009.1,17425.7,1416.62,17425.7,t_on+4.6~5.4s中位(=08-v6.1 P 口径),24133.2,后1/3段中位(不足60s),669.478,4.50835,669.478,1230.09,1230.09,1230.09,195.989,,,,False,3721.65,0.920553,-849.784,3721.65,-280.322,769.478,-1130.09,9483.97,-17425.7,SW2,再切换负载,31.22,restep,ADC域,False,25866.3,0.0547671,onset_k1.25,onset_only,1.25,1.12
37.3925,21643.5,21606.1,21639.1,t_on+4.6~5.4s中位(=08-v6.1 P 口径),24133.2,后1/3段中位(不足60s),26.0431,4.94649,26.0431,100.042,84.0485,100.042,14.4993,,,,False,3721.65,1,-11.5112,3721.65,-14.153,126.023,-0.0619851,5626.89,-21615.1,SW2,再切换负载,35.96,onset,ADC域,True,25866.3,0.835298,onset_k1.25,onset_only,1.25,1.12
22655,38.6558,-22616.3,38.4964,t_on+4.6~5.4s中位(=08-v6.1 P 口径),24133.2,后1/3段中位(不足60s),0.0640968,0.0640968,0.0640968,120.857,28.4329,120.857,106.601,,,,False,3721.65,1.02364,-71.5477,3721.65,0,20.8565,-100.065,27333.5,-14.4964,SW2,再切换负载,50.61,unload,ADC域,False,25866.3,0.874356,onset_k1.25,onset_only,1.25,1.12
38,25209.3,25171.3,25209.3,t_on+4.6~5.4s中位(=08-v6.1 P 口径),24133.2,后1/3段中位(不足60s),8.59178,7.23358,8.59178,97.159,97.159,97.159,12.8668,,,,False,3721.65,1.05594,3.75257,3721.65,0,108.592,2.84099,2162.66,-24456.2,SW2,再切换负载,57.3,onset,ADC域,True,25866.3,0.973132,onset_k1.25,onset_only,1.25,1.12
69.5794,17701.9,17632.3,17701.9,t_on+4.6~5.4s中位(=08-v6.1 P 口径),27305,后1/3段中位(不足60s),59.185,-12.2599,59.185,100.395,68.625,100.395,4.72135,,,,False,5351.15,1.0086,-44.2226,3863.6,-5351.15,159.185,-0.394614,10435.7,-17701.9,SW3,中途切换-1d9493,10.92,onset,ADC域,True,27696.8,0.636617,onset_k1.25,onset_only,1.25,1.12
18559.6,25621.5,7061.97,25621.5,t_on+4.6~5.4s中位(=08-v6.1 P 口径),27305,后1/3段中位(不足60s),38.1067,-57.6795,38.1067,362.81,134.24,362.81,14.2679,,,,False,5351.15,1.92949,-26.2308,3863.6,-5351.15,138.107,-262.81,2691.09,-25621.5,SW3,中途切换-1d9493,20.72,restep,ADC域,True,27696.8,0.254974,onset_k1.25,onset_only,1.25,1.12
25979,52,-25927,52,t_on+4.6~5.4s中位(=08-v6.1 P 口径),27305,后1/3段中位(不足60s),0.200563,0.200563,0.200563,109.293,80.8211,109.293,105.315,,,,False,5351.15,7.36892,-19.1485,3863.6,-5351.15,9.29289,-100.201,28336.4,-52,SW3,中途切换-1d9493,30.68,unload,ADC域,True,27696.8,0.9361,onset_k1.25,onset_only,1.25,1.12
55.4942,26638.1,26582.6,26638.1,t_on+4.6~5.4s中位(=08-v6.1 P 口径),27305,后1/3段中位(不足60s),6.65189,5.64072,6.65189,100.028,85.9799,100.028,4.14285,,,,False,3863.6,1.02519,-8.79812,3863.6,0,106.652,-0.0281922,1768.24,-26590.1,SW3,中途切换-1d9493,39.08,onset,ADC域,True,27696.8,0.959769,onset_k1.25,onset_only,1.25,1.12
27714.7,53,-27661.7,53,段末帧(退化),27305,后1/3段中位(不足60s),0.0180755,0.0180755,0.0180755,102.134,102.134,102.134,98.5371,,,,False,735.924,1.01762,2.13399,735.924,0,2.13351,-100.018,28251.9,-5,SW3,中途切换-1d9493,60.78,restep,ADC域,False,27696.8,0.998732,onset_k1.25,onset_only,1.25,1.12
84,15448.2,15364.2,15448.2,t_on+4.6~5.4s中位(=08-v6.1 P 口径),24171.5,t0+60s后中位,51.9203,-2.58941,51.9203,65.5442,65.5442,65.5442,-4.85703,,,,False,1913,0.941746,-37.9012,1756.25,-1913,151.92,34.4558,7977.13,-10070.3,SW4,中途切换-13ffca,8.41,onset,ADC域,True,32452.6,0.473434,onset_k1.25,onset_only,1.25,1.12
16085.4,22496.9,6411.47,22496.9,t_on+4.6~5.4s中位(=08-v6.1 P 口径),27884.7,t0+60s后中位,14.4804,-18.5891,14.4804,117.127,117.127,117.127,-69.5542,,,,False,2156.6,0.940843,-1.46197,0,-2156.6,114.48,-17.1271,928.407,-7509.57,SW4,中途切换-13ffca,18.68,restep,ADC域,False,32452.6,0.197564,onset_k1.25,onset_only,1.25,1.12
22912.5,24098.4,1185.96,24095.9,t_on+4.6~5.4s中位(=08-v6.1 P 口径),28247.1,t0+60s后中位,-56.5445,-56.5445,-56.5445,635.004,635.004,635.004,-406.575,,,,False,2250.22,0.604795,-115.048,0,-2250.22,43.2408,-535.218,-670.593,-7530.87,SW4,中途切换-13ffca,26.57,restep,ADC域,False,32452.6,0.0365443,onset_k1.25,onset_only,1.25,1.12
19465.9,24135.1,4669.26,24133.3,t_on+4.6~5.4s中位(=08-v6.1 P 口径),28278.7,t0+60s后中位,-15.163,-15.163,-15.163,134.598,134.598,134.598,-103.943,,,,False,2270.65,0.652179,6.19645,0,-2270.65,84.7974,-34.638,-708,-6284.74,SW4,中途切换-13ffca,27.6,restep,ADC域,False,32452.6,0.143879,onset_k1.25,onset_only,1.25,1.12
24634.7,21004.9,-3629.79,21002.6,t_on+4.6~5.4s中位(=08-v6.1 P 口径),31983.5,t0+60s后中位,578.617,73.5614,578.617,32.1478,32.1478,32.1478,881.14,,,,False,2913.91,-7.40088,-10.1058,0,-2913.91,-67.9158,-678.68,1166.9,-21002.6,SW4,中途切换-13ffca,45.28,partial_unload,ADC域,True,32452.6,0.111849,onset_k1.25,onset_only,1.25,1.12
20983.1,24429.9,3446.83,24429.7,t_on+4.6~5.4s中位(=08-v6.1 P 口径),27976.3,后1/3段中位(不足60s),155.787,-72.9638,155.787,708.757,119.21,708.757,52.8916,,,,False,3760.74,0.901438,-87.9684,3760.74,-2913.91,255.78,-608.764,5369.7,-24429.7,SW4,中途切换-13ffca,61.37,restep,ADC域,False,32452.6,0.106211,onset_k1.25,onset_only,1.25,1.12
24442.4,79,-24363.4,78,t_on+4.6~5.4s中位(=08-v6.1 P 口径),27976.3,后1/3段中位(不足60s),0.320153,0.320153,0.320153,122.185,47.3865,122.185,114.829,,,0.01,True,3760.74,1.49252,-52.2933,3760.74,-2716.37,22.1805,-100.324,29768.3,-78,SW4,中途切换-13ffca,68.93,unload,ADC域,True,32452.6,0.750737,onset_k1.25,onset_only,1.25,1.12
75,27895.9,27820.9,27895.9,t_on+4.6~5.4s中位(=08-v6.1 P 口径),27976.3,后1/3段中位(不足60s),23.277,6.84185,23.277,100.067,38.3675,100.067,22.9881,,,,False,3760.74,1.10724,-54.8435,3760.74,-9.2776,123.277,-0.0670225,6475.88,-27839.6,SW4,中途切换-13ffca,88,onset,ADC域,True,32452.6,0.857278,onset_k1.25,onset_only,1.25,1.12
28337.8,30791.3,2453.48,30791.3,t_on+4.6~5.4s中位(=08-v6.1 P 口径),27976.3,后1/3段中位(不足60s),145.936,120.814,145.936,1252.71,14.6342,1252.71,260.671,,,,False,3542.31,1.04365,-84.5141,3542.31,0,245.936,-1152.71,3580.51,-30734.9,SW4,中途切换-13ffca,99.36,restep,ADC域,False,32452.6,0.0756019,onset_k1.25,onset_only,1.25,1.12
29453,32163.4,2710.38,32155.5,t_on+4.6~5.4s中位(=08-v6.1 P 口径),27976.3,后1/3段中位(不足60s),81.771,81.771,81.771,1184.31,-16.1642,1184.31,235.963,,,,False,2577.97,1.08586,-44.9436,2577.97,0,181.479,-1084.6,2216.3,-32099.1,SW4,中途切换-13ffca,104.24,restep,ADC域,True,32452.6,0.083518,onset_k1.25,onset_only,1.25,1.12
32462.6,81,-32381.6,83,t_on+4.6~5.4s中位(=08-v6.1 P 口径),27976.3,后1/3段中位(不足60s),0.0822885,0.0822885,0.0822885,102.677,102.677,102.677,86.2218,,,,False,1227.13,1.03091,2.75028,1227.13,0,2.68345,-100.076,33248.5,-26.6463,SW4,中途切换-13ffca,113.8,unload,ADC域,True,32452.6,0.99781,onset_k1.25,onset_only,1.25,1.12
0.549442,14.7073,14.1578,14.7057,t_on+4.6~5.4s中位(=08-v6.1 P 口径),1.16117,t0+60s后中位,5.13735,-0.788701,5.13735,76.7128,76.7128,76.7128,100.805,5.36,5.36,5.36,False,2.25141,0.850392,-25.053,1.70144,-2.25141,105.126,23.2759,0.727339,-10.8609,RT1,右拇指指尖/数据1,8.27,onset,显示域,False,19.5791,0.72311,onset_k1.30,onset_only,1.3,1.12
14.6375,15.8381,1.20052,15.8268,t_on+4.6~5.4s中位(=08-v6.1 P 口径),1.11186,t0+60s后中位,-32.8006,-32.8006,-32.8006,121.807,115.711,121.807,1192.91,,,,False,2.54718,-0.141274,-92.1817,-0.240574,-2.54718,66.2626,-22.7434,-0.393777,-1.46231,RT1,右拇指指尖/数据1,13.6,restep,显示域,True,19.5791,0.0613163,onset_k1.30,onset_only,1.3,1.12
20.0385,0.943245,-19.0952,0.924979,t_on+4.6~5.4s中位(=08-v6.1 P 口径),1.00147,后1/3段中位(不足60s),4.84404,4.84404,4.84404,68.3519,68.3519,68.3519,5.24462,0.03,0.03,0.03,False,5.41639,0.704422,-32.1383,0,-5.41639,-31.7438,-104.94,13.0519,-0.924979,RT1,右拇指指尖/数据1,115.37,unload,显示域,True,19.5791,0.975286,onset_k1.30,onset_only,1.3,1.12
0.290396,16.726,16.4356,16.726,t_on+4.6~5.4s中位(=08-v6.1 P 口径),19.7617,t0+60s后中位,-0.903003,-1.11299,-0.903003,90.4771,90.4771,90.4771,-19.3735,13.16,13.16,0.55,False,2.41547,0.868067,-12.9516,2.13354,-2.41547,99.097,9.52291,-0.148414,-14.8705,RT2,右拇指指尖/数据2,12.32,onset,显示域,True,22.0068,0.746843,onset_k1.30,onset_only,1.3,1.12
20.8432,22.0158,1.1726,22.0168,t_on+4.6~5.4s中位(=08-v6.1 P 口径),0.329168,t0+60s后中位,-422.213,-422.213,-422.213,1877.61,847.803,1877.61,1427.32,,,,False,6.2192,0.762284,-57.2386,0,-6.2192,-322.135,-1777.53,-4.95085,-22.0168,RT2,右拇指指尖/数据2,147.11,restep,显示域,True,22.0068,0.0532834,onset_k1.30,onset_only,1.3,1.12
22.131,0.9172,-21.2138,0.912841,t_on+4.6~5.4s中位(=08-v6.1 P 口径),0.365081,t0+60s后中位,4.30305,4.30305,4.30305,69.4751,69.4751,69.4751,1.72096,0.02,0.02,0.02,False,6.178,0.707494,-30.8666,0,-6.178,-30.5455,-104.324,14.7383,-0.912841,RT2,右拇指指尖/数据2,159.49,unload,显示域,True,22.0068,0.963968,onset_k1.30,onset_only,1.3,1.12
0.043,16.5567,16.5137,16.5389,t_on+4.6~5.4s中位(=08-v6.1 P 口径),20.5361,t0+60s后中位,13.5865,5.26309,13.5865,99.3294,99.3294,99.3294,-10.6188,,,,False,2.3674,1.00778,4.27365,2.3674,-0.177791,113.479,0.56317,2.24364,-16.4029,RT3,右拇指指尖/数据3,10.59,onset,显示域,True,21.2279,0.777921,onset_k1.30,onset_only,1.3,1.12
21.248,0.521318,-20.7267,0.518415,t_on+4.6~5.4s中位(=08-v6.1 P 口径),0.568345,后1/3段中位(不足60s),2.50119,2.50119,2.50119,64.933,64.933,64.933,2.74209,0.01,0.01,0.01,False,2.55519,0.83932,-35.8846,0,-2.55519,-35.081,-102.515,13.4585,-0.518415,RT3,右拇指指尖/数据3,135.7,unload,显示域,True,21.2279,0.976388,onset_k1.30,onset_only,1.3,1.12
0,15.2813,15.2813,15.2813,t_on+4.6~5.4s中位(=08-v6.1 P 口径),17.8094,t0+60s后中位,13.92,4.90794,13.92,100,100,100,-2.62435,,,,False,2.18736,1.01374,4.44779,2.18736,-0.0633991,113.92,0,2.12715,-15.2813,LT1,左拇指指尖/数据1,11.69,onset,显示域,True,18.1566,0.841637,onset_k1.30,onset_only,1.3,1.12
18.1567,0,-18.1567,0,t_on+4.6~5.4s中位(=08-v6.1 P 口径),0,后1/3段中位(不足60s),-0,-0,-0,80.2056,80.2056,80.2056,-0,0.13,0.13,0.13,False,1.36096,0.914532,-19.7944,0,-1.36096,-19.7944,-100,14.5627,0,LT1,左拇指指尖/数据1,147.52,unload,显示域,True,18.1566,1.00001,onset_k1.30,onset_only,1.3,1.12
0,16.1212,16.1212,16.1212,t_on+4.6~5.4s中位(=08-v6.1 P 口径),18.002,t0+60s后中位,4.41653,4.41653,4.41653,61.2823,61.2823,61.2823,-7.25037,1.96,1.96,1.96,False,2.41252,0.928446,-34.8288,2.41252,-1.10351,104.417,38.7177,0.711996,-9.87941,LT2,左拇指指尖/数据2,14.92,onset,显示域,True,18.6005,0.866705,onset_k1.30,onset_only,1.3,1.12
18.6041,0,-18.6041,0,t_on+4.6~5.4s中位(=08-v6.1 P 口径),0,后1/3段中位(不足60s),-0,-0,-0,75.2234,75.2234,75.2234,-0,0.01,0.01,0.01,False,1.91044,0.879885,-24.7766,0,-1.91044,-24.7766,-100,13.9946,0,LT2,左拇指指尖/数据2,140.92,unload,显示域,True,18.6005,1.00019,onset_k1.30,onset_only,1.3,1.12
0,17.5144,17.5144,17.5144,t_on+4.6~5.4s中位(=08-v6.1 P 口径),18.8563,t0+60s后中位,6.00244,3.74863,6.00244,66.7966,66.7966,66.7966,-1.65931,,,78.5,True,2.43854,1.00726,-30.064,2.43854,-0.0979361,106.002,33.2034,1.05129,-11.699,LT3,左拇指指尖/数据3,10.87,onset,显示域,True,19.3415,0.905531,onset_k1.30,onset_only,1.3,1.12
19.3469,0,-19.3469,0,t_on+4.6~5.4s中位(=08-v6.1 P 口径),0,t0+60s后中位,-0,-0,-0,85.7109,85.7109,85.7109,-0,0.03,0.03,0.03,False,0.912257,0.947855,-14.2891,0,-0.912257,-14.2891,-100,16.5824,0,LT3,左拇指指尖/数据3,132.59,unload,显示域,True,19.3415,1.00028,onset_k1.30,onset_only,1.3,1.12
0.064,13.3829,13.3189,13.3829,t_on+4.6~5.4s中位(=08-v6.1 P 口径),0.101758,t0+60s后中位,1.42838,-0.713968,1.42838,66.9611,66.9611,66.9611,101.145,0.5,0.5,0.5,False,2.08834,0.836811,-34.1411,1.80867,-2.08834,101.428,33.0389,0.190244,-8.91846,F41,四指指尖/数据1,10.94,onset,显示域,False,16.302,0.817011,onset_k1.30,onset_only,1.3,1.12
10.8737,13.5564,2.68271,13.5564,t_on+4.6~5.4s中位(=08-v6.1 P 口径),0.082,t0+60s后中位,0.624843,-5.30175,0.624843,15.4572,12.0927,15.4572,502.892,,,,False,2.09812,0.0223548,-100,1.26791,-2.09812,100.625,84.5428,0.0167627,-0.414672,F41,四指指尖/数据1,12.19,restep,显示域,False,16.302,0.164564,onset_k1.30,onset_only,1.3,1.12
16.4153,0.0723016,-16.343,0.0768358,t_on+4.6~5.4s中位(=08-v6.1 P 口径),0.073,后1/3段中位(不足60s),0.470146,0.470146,0.470146,54.7075,54.7075,54.7075,0.446675,0.01,0.01,0.01,False,3.01411,0.747895,-44.9918,0,-3.01411,-45.2648,-100.442,8.94083,-0.0768358,F41,四指指尖/数据1,130.75,unload,显示域,True,16.302,1.00252,onset_k1.30,onset_only,1.3,1.12
0.063,14.7479,14.6849,14.7479,t_on+4.6~5.4s中位(=08-v6.1 P 口径),9.57269,t0+60s后中位,-1.5592,-1.67035,-1.5592,92.5463,92.5463,92.5463,33.6827,0.52,0.52,0.52,False,2.06458,0.894072,-9.8187,2.06458,-1.89832,98.4408,7.45373,-0.228967,-13.5904,F42,四指指尖/数据2,11.03,onset,显示域,True,17.0396,0.861814,onset_k1.30,onset_only,1.3,1.12
17.0666,0.0910805,-16.9755,0.091,t_on+4.6~5.4s中位(=08-v6.1 P 口径),0.0823702,后1/3段中位(不足60s),0.536066,0.536066,0.536066,86.7172,86.7172,86.7172,0.485229,0.02,0.02,0.02,False,2.37296,0.861187,-13.0026,0,-2.37296,-13.2833,-100.537,14.7207,-0.091,F42,四指指尖/数据2,130.78,unload,显示域,True,17.0396,0.996243,onset_k1.30,onset_only,1.3,1.12
0.068,15.3126,15.2446,15.3126,t_on+4.6~5.4s中位(=08-v6.1 P 口径),16.9838,t0+60s后中位,5.98032,3.27744,5.98032,78.8833,78.8833,78.8833,-4.98258,33.72,33.72,33.72,False,2.21537,0.985034,-18.3292,2.21537,-0.604318,105.98,21.1167,0.911675,-12.0254,F43,四指指尖/数据3,11,onset,显示域,True,17.4353,0.874349,onset_k1.30,onset_only,1.3,1.12
17.4903,0.560628,-16.9297,0.585277,t_on+4.6~5.4s中位(=08-v6.1 P 口径),0.0956784,后1/3段中位(不足60s),3.4571,3.4571,3.4571,72.2411,72.2411,72.2411,0.565151,0.09,0.09,0.09,False,1.37426,0.902485,-24.4967,0,-1.37426,-27.6133,-103.312,12.2302,-0.585277,F43,四指指尖/数据3,140.4,unload,显示域,True,17.4353,0.971,onset_k1.30,onset_only,1.3,1.12
76,4241.75,4165.75,4241.75,t_on+4.6~5.4s中位(=08-v6.1 P 口径),22201.8,t0+60s后中位,194.206,0.763056,194.206,74.5707,74.5707,74.5707,-236.931,,,3.38,True,889.269,0.951611,-29.2666,725.647,-889.269,294.206,25.4293,8090.13,-3106.43,SW1,切换负载-快相无责,10.84,onset,ADC域,True,27937.6,0.149109,onset_k1.30,onset_only,1.3,1.12
4811.46,11606.1,6794.66,11606.1,t_on+4.6~5.4s中位(=08-v6.1 P 口径),25339.1,t0+60s后中位,10.6815,10.6815,10.6815,34.9809,34.9809,34.9809,-191.433,,,,False,1092.13,4.46888,-125.805,292.527,-1092.13,110.681,65.0191,725.77,-2376.83,SW1,切换负载-快相无责,28.63,onset,ADC域,True,27937.6,0.243208,onset_k1.30,onset_only,1.3,1.12
12297.8,16207.4,3909.6,16202.1,t_on+4.6~5.4s中位(=08-v6.1 P 口径),25571.5,t0+60s后中位,11.2175,11.2175,11.2175,313.031,313.031,313.031,-228.432,,,,False,4530.02,0.473269,-286.711,0,-4530.02,111.084,-213.164,438.558,-12238.3,SW1,切换负载-快相无责,71.67,restep,ADC域,False,27937.6,0.139941,onset_k1.30,onset_only,1.3,1.12
5447.1,18092.5,12645.4,18092.5,t_on+4.6~5.4s中位(=08-v6.1 P 口径),25607.5,t0+60s后中位,-11.4812,-11.4812,-11.4812,109.114,109.114,109.114,-70.9096,,,,False,4530.02,0.485272,-69.4172,-959.824,-4530.02,88.5188,-9.11387,-1451.85,-13797.9,SW1,切换负载-快相无责,75.89,onset,ADC域,True,27937.6,0.452632,onset_k1.30,onset_only,1.3,1.12
19384.4,25851.7,6467.25,25850.6,t_on+4.6~5.4s中位(=08-v6.1 P 口径),22087.3,t0+60s后中位,44.2506,-72.7151,44.2506,399.715,204.228,399.715,102.44,,,,False,5456.51,0.740911,31.2991,3412.48,-5456.51,144.234,-299.732,2861.8,-25850.6,SW1,切换负载-快相无责,110.45,restep,ADC域,True,27937.6,0.231489,onset_k1.30,onset_only,1.3,1.12
26333.3,25386,-947.345,25386,t_on+4.6~5.4s中位(=08-v6.1 P 口径),20401.6,t0+60s后中位,2679.7,2679.7,2679.7,361.533,197.342,361.533,2153.55,,,,False,5438.54,9.40511,2139.65,3412.48,-5438.54,261.533,-2779.7,3424.96,-25386,SW1,切换负载-快相无责,129.37,partial_unload,ADC域,False,27937.6,0.0339094,onset_k1.30,onset_only,1.3,1.12
61.0611,27163.2,27102.1,27163.8,t_on+4.6~5.4s中位(=08-v6.1 P 口径),20127.8,t0+60s后中位,6.17084,5.71397,6.17084,99.9692,99.9692,99.9692,32.1318,,,,False,3412.48,1.04095,5.10513,3412.48,-4.67081,106.173,0.0329822,1672.43,-27093.8,SW1,切换负载-快相无责,133.83,onset,ADC域,True,27937.6,0.970096,onset_k1.30,onset_only,1.3,1.12
28005.2,24408.4,-3596.88,24408.4,t_on+4.6~5.4s中位(=08-v6.1 P 口径),25340.8,t0+60s后中位,677.531,677.531,677.531,104.978,104.978,104.978,703.454,,,,False,4034.83,3.8749,656.668,4034.83,-766.455,4.97778,-777.531,3775.93,-24370,SW1,切换负载-快相无责,182.03,partial_unload,ADC域,False,27937.6,0.128747,onset_k1.30,onset_only,1.3,1.12
52.8433,25248,25195.2,25248,t_on+4.6~5.4s中位(=08-v6.1 P 口径),60.6632,t0+60s后中位,11.654,11.654,11.654,100.004,100.004,100.004,111.623,,,2.4,True,4034.83,0.976083,10.9136,4034.83,-792.104,111.654,-0.00352015,2936.26,-25196.1,SW1,切换负载-快相无责,185.97,onset,ADC域,True,27937.6,0.901839,onset_k1.30,onset_only,1.3,1.12
26086,22170.5,-3915.48,22169.8,t_on+4.6~5.4s中位(=08-v6.1 P 口径),22086.1,后1/3段中位(不足60s),495.409,145.871,495.409,25.9689,25.9689,25.9689,493.272,,,,False,2732.12,1.19357,-59.6826,0,-2732.12,-74.0494,-595.427,1016.81,-19397.7,SW1,切换负载-快相无责,202.65,partial_unload,ADC域,True,27937.6,0.140151,onset_k1.30,onset_only,1.3,1.12
22149.6,5769,-16380.6,5767.93,t_on+4.6~5.4s中位(=08-v6.1 P 口径),22086.1,后1/3段中位(不足60s),31.6335,9.31716,31.6335,113.658,93.6629,113.658,131.252,,,,False,2865.19,1.07486,2.91274,0,-2865.19,13.6511,-131.64,18617.8,-5181.77,SW1,切换负载-快相无责,212.4,partial_unload,ADC域,False,27937.6,0.58633,onset_k1.30,onset_only,1.3,1.12
5760.84,11857,6096.16,11857,t_on+4.6~5.4s中位(=08-v6.1 P 口径),22086.1,后1/3段中位(不足60s),205.519,-8.49026,205.519,184.884,116.941,184.884,37.7224,,,,False,2865.19,0.871199,-39.929,0,-2865.19,305.519,-84.8842,12528.8,-11270.8,SW1,切换负载-快相无责,217.74,restep,ADC域,True,27937.6,0.218206,onset_k1.30,onset_only,1.3,1.12
12122.3,19875.9,7753.67,19875.9,t_on+4.6~5.4s中位(=08-v6.1 P 口径),22086.1,后1/3段中位(不足60s),58.1637,-26.0894,58.1637,256.343,248.783,256.343,29.6585,,,,False,2865.19,0.77667,-146.248,0,-2865.19,158.164,-156.343,4509.82,-19875.9,SW1,切换负载-快相无责,230.64,restep,ADC域,False,27937.6,0.277535,onset_k1.30,onset_only,1.3,1.12
5210.44,20245.8,15035.4,20245.8,t_on+4.6~5.4s中位(=08-v6.1 P 口径),22086.1,后1/3段中位(不足60s),27.5345,-15.9144,27.5345,134.654,125.878,134.654,15.2947,,,,False,2865.19,0.477763,9.67191,0,-2865.19,127.534,-34.6545,4139.92,-20245.8,SW1,切换负载-快相无责,233.05,onset,ADC域,False,27937.6,0.538179,onset_k1.30,onset_only,1.3,1.12
20414.6,25671.8,5257.15,25671.8,t_on+4.6~5.4s中位(=08-v6.1 P 口径),22086.1,后1/3段中位(不足60s),-24.4625,-24.4625,-24.4625,488.321,145.679,488.321,43.7427,,,,False,2766.13,0.87731,-0.0786716,0,-2766.13,75.5375,-388.321,-1286.03,-25671.8,SW1,切换负载-快相无责,240.72,restep,ADC域,True,27937.6,0.188175,onset_k1.30,onset_only,1.3,1.12
25868,55,-25813,54.9693,t_on+4.6~5.4s中位(=08-v6.1 P 口径),22086.1,后1/3段中位(不足60s),0.212952,0.212952,0.212952,70.8239,70.8239,70.8239,85.5622,,,,False,2576.04,0.876495,-29.1956,0,-2576.04,-29.1762,-100.213,18281.8,-54.9693,SW1,切换负载-快相无责,249.63,unload,ADC域,True,27937.6,0.923952,onset_k1.30,onset_only,1.3,1.12
62,14458.3,14396.3,14458.3,t_on+4.6~5.4s中位(=08-v6.1 P 口径),24133.2,后1/3段中位(不足60s),57.7471,12.8457,57.7471,100.431,55.3875,100.431,-9.45693,,,,False,2396.66,1.00123,-39.0392,2396.66,-371.314,157.747,-0.430665,8313.46,-14458.3,SW2,再切换负载,11.79,onset,ADC域,False,25866.3,0.556567,onset_k1.30,onset_only,1.3,1.12
13424.9,14858.2,1433.25,14852.5,t_on+4.6~5.4s中位(=08-v6.1 P 口径),24133.2,后1/3段中位(不足60s),561.088,101.529,561.088,1036.28,3.8833,1036.28,-86.4462,,,,False,2396.66,1.04028,-100,2396.66,-371.314,660.692,-936.677,8041.78,-14852.5,SW2,再切换负载,13.7,restep,ADC域,False,25866.3,0.0554099,onset_k1.30,onset_only,1.3,1.12
14922.6,15402.5,479.895,15402.8,t_on+4.6~5.4s中位(=08-v6.1 P 口径),24133.2,后1/3段中位(不足60s),1687.5,188.56,1687.5,3209.61,126.263,3209.61,-131.752,,,,False,2396.66,0.990165,-100,2396.66,-286.275,1787.55,-3109.55,8098.22,-15402.8,SW2,再切换负载,14.86,restep,ADC域,False,25866.3,0.0185529,onset_k1.30,onset_only,1.3,1.12
16009.1,17425.7,1416.62,17425.7,t_on+4.6~5.4s中位(=08-v6.1 P 口径),24133.2,后1/3段中位(不足60s),669.478,4.50835,669.478,1230.09,1230.09,1230.09,195.989,,,,False,3721.65,0.920553,-849.784,3721.65,-280.322,769.478,-1130.09,9483.97,-17425.7,SW2,再切换负载,31.22,restep,ADC域,False,25866.3,0.0547671,onset_k1.30,onset_only,1.3,1.12
37.3925,21643.5,21606.1,21639.1,t_on+4.6~5.4s中位(=08-v6.1 P 口径),24133.2,后1/3段中位(不足60s),26.0431,4.94649,26.0431,100.042,84.0485,100.042,14.4993,,,,False,3721.65,1,-11.5112,3721.65,-14.153,126.023,-0.0619851,5626.89,-21615.1,SW2,再切换负载,35.96,onset,ADC域,True,25866.3,0.835298,onset_k1.30,onset_only,1.3,1.12
22655,38.6558,-22616.3,38.4964,t_on+4.6~5.4s中位(=08-v6.1 P 口径),24133.2,后1/3段中位(不足60s),0.0640968,0.0640968,0.0640968,120.857,28.4329,120.857,106.601,,,,False,3721.65,1.02364,-71.5477,3721.65,0,20.8565,-100.065,27333.5,-14.4964,SW2,再切换负载,50.61,unload,ADC域,False,25866.3,0.874356,onset_k1.30,onset_only,1.3,1.12
38,25209.3,25171.3,25209.3,t_on+4.6~5.4s中位(=08-v6.1 P 口径),24133.2,后1/3段中位(不足60s),8.59178,7.23358,8.59178,97.159,97.159,97.159,12.8668,,,,False,3721.65,1.05594,3.75257,3721.65,0,108.592,2.84099,2162.66,-24456.2,SW2,再切换负载,57.3,onset,ADC域,True,25866.3,0.973132,onset_k1.30,onset_only,1.3,1.12
69.5794,17701.9,17632.3,17701.9,t_on+4.6~5.4s中位(=08-v6.1 P 口径),27305,后1/3段中位(不足60s),59.185,-12.2599,59.185,100.395,68.625,100.395,4.72135,,,,False,5351.15,1.0086,-44.2226,3863.6,-5351.15,159.185,-0.394614,10435.7,-17701.9,SW3,中途切换-1d9493,10.92,onset,ADC域,True,27696.8,0.636617,onset_k1.30,onset_only,1.3,1.12
18559.6,25621.5,7061.97,25621.5,t_on+4.6~5.4s中位(=08-v6.1 P 口径),27305,后1/3段中位(不足60s),38.1067,-57.6795,38.1067,362.81,134.24,362.81,14.2679,,,,False,5351.15,1.92949,-26.2308,3863.6,-5351.15,138.107,-262.81,2691.09,-25621.5,SW3,中途切换-1d9493,20.72,restep,ADC域,True,27696.8,0.254974,onset_k1.30,onset_only,1.3,1.12
25979,52,-25927,52,t_on+4.6~5.4s中位(=08-v6.1 P 口径),27305,后1/3段中位(不足60s),0.200563,0.200563,0.200563,109.293,80.8211,109.293,105.315,,,,False,5351.15,7.36892,-19.1485,3863.6,-5351.15,9.29289,-100.201,28336.4,-52,SW3,中途切换-1d9493,30.68,unload,ADC域,True,27696.8,0.9361,onset_k1.30,onset_only,1.3,1.12
55.4942,26638.1,26582.6,26638.1,t_on+4.6~5.4s中位(=08-v6.1 P 口径),27305,后1/3段中位(不足60s),6.65189,5.64072,6.65189,100.028,85.9799,100.028,4.14285,,,,False,3863.6,1.02519,-8.79812,3863.6,0,106.652,-0.0281922,1768.24,-26590.1,SW3,中途切换-1d9493,39.08,onset,ADC域,True,27696.8,0.959769,onset_k1.30,onset_only,1.3,1.12
27714.7,53,-27661.7,53,段末帧(退化),27305,后1/3段中位(不足60s),0.0180755,0.0180755,0.0180755,102.134,102.134,102.134,98.5371,,,,False,735.924,1.01762,2.13399,735.924,0,2.13351,-100.018,28251.9,-5,SW3,中途切换-1d9493,60.78,restep,ADC域,False,27696.8,0.998732,onset_k1.30,onset_only,1.3,1.12
84,15448.2,15364.2,15448.2,t_on+4.6~5.4s中位(=08-v6.1 P 口径),24171.5,t0+60s后中位,51.9203,-2.58941,51.9203,65.5442,65.5442,65.5442,-4.85703,,,,False,1913,0.941746,-37.9012,1756.25,-1913,151.92,34.4558,7977.13,-10070.3,SW4,中途切换-13ffca,8.41,onset,ADC域,True,32452.6,0.473434,onset_k1.30,onset_only,1.3,1.12
16085.4,22496.9,6411.47,22496.9,t_on+4.6~5.4s中位(=08-v6.1 P 口径),27884.7,t0+60s后中位,14.4804,-18.5891,14.4804,117.127,117.127,117.127,-69.5542,,,,False,2156.6,0.940843,-1.46197,0,-2156.6,114.48,-17.1271,928.407,-7509.57,SW4,中途切换-13ffca,18.68,restep,ADC域,False,32452.6,0.197564,onset_k1.30,onset_only,1.3,1.12
22912.5,24098.4,1185.96,24095.9,t_on+4.6~5.4s中位(=08-v6.1 P 口径),28247.1,t0+60s后中位,-56.5445,-56.5445,-56.5445,635.004,635.004,635.004,-406.575,,,,False,2250.22,0.604795,-115.048,0,-2250.22,43.2408,-535.218,-670.593,-7530.87,SW4,中途切换-13ffca,26.57,restep,ADC域,False,32452.6,0.0365443,onset_k1.30,onset_only,1.3,1.12
19465.9,24135.1,4669.26,24133.3,t_on+4.6~5.4s中位(=08-v6.1 P 口径),28278.7,t0+60s后中位,-15.163,-15.163,-15.163,134.598,134.598,134.598,-103.943,,,,False,2270.65,0.652179,6.19645,0,-2270.65,84.7974,-34.638,-708,-6284.74,SW4,中途切换-13ffca,27.6,restep,ADC域,False,32452.6,0.143879,onset_k1.30,onset_only,1.3,1.12
24634.7,21004.9,-3629.79,21002.6,t_on+4.6~5.4s中位(=08-v6.1 P 口径),31983.5,t0+60s后中位,578.617,73.5614,578.617,32.1478,32.1478,32.1478,881.14,,,,False,2913.91,-7.40088,-10.1058,0,-2913.91,-67.9158,-678.68,1166.9,-21002.6,SW4,中途切换-13ffca,45.28,partial_unload,ADC域,True,32452.6,0.111849,onset_k1.30,onset_only,1.3,1.12
20983.1,24429.9,3446.83,24429.7,t_on+4.6~5.4s中位(=08-v6.1 P 口径),27976.3,后1/3段中位(不足60s),155.787,-72.9638,155.787,708.757,119.21,708.757,52.8916,,,,False,3760.74,0.901438,-87.9684,3760.74,-2913.91,255.78,-608.764,5369.7,-24429.7,SW4,中途切换-13ffca,61.37,restep,ADC域,False,32452.6,0.106211,onset_k1.30,onset_only,1.3,1.12
24442.4,79,-24363.4,78,t_on+4.6~5.4s中位(=08-v6.1 P 口径),27976.3,后1/3段中位(不足60s),0.320153,0.320153,0.320153,122.185,47.3865,122.185,114.829,,,0.01,True,3760.74,1.49252,-52.2933,3760.74,-2716.37,22.1805,-100.324,29768.3,-78,SW4,中途切换-13ffca,68.93,unload,ADC域,True,32452.6,0.750737,onset_k1.30,onset_only,1.3,1.12
75,27895.9,27820.9,27895.9,t_on+4.6~5.4s中位(=08-v6.1 P 口径),27976.3,后1/3段中位(不足60s),23.277,6.84185,23.277,100.067,38.3675,100.067,22.9881,,,,False,3760.74,1.10724,-54.8435,3760.74,-9.2776,123.277,-0.0670225,6475.88,-27839.6,SW4,中途切换-13ffca,88,onset,ADC域,True,32452.6,0.857278,onset_k1.30,onset_only,1.3,1.12
28337.8,30791.3,2453.48,30791.3,t_on+4.6~5.4s中位(=08-v6.1 P 口径),27976.3,后1/3段中位(不足60s),145.936,120.814,145.936,1252.71,14.6342,1252.71,260.671,,,,False,3542.31,1.04365,-84.5141,3542.31,0,245.936,-1152.71,3580.51,-30734.9,SW4,中途切换-13ffca,99.36,restep,ADC域,False,32452.6,0.0756019,onset_k1.30,onset_only,1.3,1.12
29453,32163.4,2710.38,32155.5,t_on+4.6~5.4s中位(=08-v6.1 P 口径),27976.3,后1/3段中位(不足60s),81.771,81.771,81.771,1184.31,-16.1642,1184.31,235.963,,,,False,2577.97,1.08586,-44.9436,2577.97,0,181.479,-1084.6,2216.3,-32099.1,SW4,中途切换-13ffca,104.24,restep,ADC域,True,32452.6,0.083518,onset_k1.30,onset_only,1.3,1.12
32462.6,81,-32381.6,83,t_on+4.6~5.4s中位(=08-v6.1 P 口径),27976.3,后1/3段中位(不足60s),0.0822885,0.0822885,0.0822885,102.677,102.677,102.677,86.2218,,,,False,1227.13,1.03091,2.75028,1227.13,0,2.68345,-100.076,33248.5,-26.6463,SW4,中途切换-13ffca,113.8,unload,ADC域,True,32452.6,0.99781,onset_k1.30,onset_only,1.3,1.12
0.549442,14.7073,14.1578,14.7057,t_on+4.6~5.4s中位(=08-v6.1 P 口径),1.16117,t0+60s后中位,5.13735,-0.788701,5.13735,76.7128,76.7128,76.7128,100.805,5.36,5.36,5.36,False,2.25141,0.850392,-25.053,1.70144,-2.25141,105.126,23.2759,0.727339,-10.8609,RT1,右拇指指尖/数据1,8.27,onset,显示域,False,19.5791,0.72311,onset_k1.35,onset_only,1.35,1.12
14.6375,15.8381,1.20052,15.8268,t_on+4.6~5.4s中位(=08-v6.1 P 口径),1.11186,t0+60s后中位,-32.8006,-32.8006,-32.8006,121.807,115.711,121.807,1192.91,,,,False,2.54718,-0.141274,-92.1817,-0.240574,-2.54718,66.2626,-22.7434,-0.393777,-1.46231,RT1,右拇指指尖/数据1,13.6,restep,显示域,True,19.5791,0.0613163,onset_k1.35,onset_only,1.35,1.12
20.0385,0.943245,-19.0952,0.924979,t_on+4.6~5.4s中位(=08-v6.1 P 口径),1.00147,后1/3段中位(不足60s),4.84404,4.84404,4.84404,68.3519,68.3519,68.3519,5.24462,0.03,0.03,0.03,False,5.41639,0.704422,-32.1383,0,-5.41639,-31.7438,-104.94,13.0519,-0.924979,RT1,右拇指指尖/数据1,115.37,unload,显示域,True,19.5791,0.975286,onset_k1.35,onset_only,1.35,1.12
0.290396,16.726,16.4356,16.726,t_on+4.6~5.4s中位(=08-v6.1 P 口径),19.7617,t0+60s后中位,-0.903003,-1.11299,-0.903003,90.4771,90.4771,90.4771,-19.3735,13.16,13.16,0.55,False,2.41547,0.868067,-12.9516,2.13354,-2.41547,99.097,9.52291,-0.148414,-14.8705,RT2,右拇指指尖/数据2,12.32,onset,显示域,True,22.0068,0.746843,onset_k1.35,onset_only,1.35,1.12
20.8432,22.0158,1.1726,22.0168,t_on+4.6~5.4s中位(=08-v6.1 P 口径),0.329168,t0+60s后中位,-422.213,-422.213,-422.213,1877.61,847.803,1877.61,1427.32,,,,False,6.2192,0.762284,-57.2386,0,-6.2192,-322.135,-1777.53,-4.95085,-22.0168,RT2,右拇指指尖/数据2,147.11,restep,显示域,True,22.0068,0.0532834,onset_k1.35,onset_only,1.35,1.12
22.131,0.9172,-21.2138,0.912841,t_on+4.6~5.4s中位(=08-v6.1 P 口径),0.365081,t0+60s后中位,4.30305,4.30305,4.30305,69.4751,69.4751,69.4751,1.72096,0.02,0.02,0.02,False,6.178,0.707494,-30.8666,0,-6.178,-30.5455,-104.324,14.7383,-0.912841,RT2,右拇指指尖/数据2,159.49,unload,显示域,True,22.0068,0.963968,onset_k1.35,onset_only,1.35,1.12
0.043,16.5567,16.5137,16.5389,t_on+4.6~5.4s中位(=08-v6.1 P 口径),20.5361,t0+60s后中位,13.5865,5.26309,13.5865,99.3294,99.3294,99.3294,-10.6188,,,,False,2.3674,1.00778,4.27365,2.3674,-0.177791,113.479,0.56317,2.24364,-16.4029,RT3,右拇指指尖/数据3,10.59,onset,显示域,True,21.2279,0.777921,onset_k1.35,onset_only,1.35,1.12
21.248,0.521318,-20.7267,0.518415,t_on+4.6~5.4s中位(=08-v6.1 P 口径),0.568345,后1/3段中位(不足60s),2.50119,2.50119,2.50119,64.933,64.933,64.933,2.74209,0.01,0.01,0.01,False,2.55519,0.83932,-35.8846,0,-2.55519,-35.081,-102.515,13.4585,-0.518415,RT3,右拇指指尖/数据3,135.7,unload,显示域,True,21.2279,0.976388,onset_k1.35,onset_only,1.35,1.12
0,15.2813,15.2813,15.2813,t_on+4.6~5.4s中位(=08-v6.1 P 口径),17.8094,t0+60s后中位,13.92,4.90794,13.92,100,100,100,-2.62435,,,,False,2.18736,1.01374,4.44779,2.18736,-0.0633991,113.92,0,2.12715,-15.2813,LT1,左拇指指尖/数据1,11.69,onset,显示域,True,18.1566,0.841637,onset_k1.35,onset_only,1.35,1.12
18.1567,0,-18.1567,0,t_on+4.6~5.4s中位(=08-v6.1 P 口径),0,后1/3段中位(不足60s),-0,-0,-0,80.2056,80.2056,80.2056,-0,0.13,0.13,0.13,False,1.36096,0.914532,-19.7944,0,-1.36096,-19.7944,-100,14.5627,0,LT1,左拇指指尖/数据1,147.52,unload,显示域,True,18.1566,1.00001,onset_k1.35,onset_only,1.35,1.12
0,16.1212,16.1212,16.1212,t_on+4.6~5.4s中位(=08-v6.1 P 口径),18.002,t0+60s后中位,4.41653,4.41653,4.41653,61.2823,61.2823,61.2823,-7.25037,1.96,1.96,1.96,False,2.41252,0.928446,-34.8288,2.41252,-1.10351,104.417,38.7177,0.711996,-9.87941,LT2,左拇指指尖/数据2,14.92,onset,显示域,True,18.6005,0.866705,onset_k1.35,onset_only,1.35,1.12
18.6041,0,-18.6041,0,t_on+4.6~5.4s中位(=08-v6.1 P 口径),0,后1/3段中位(不足60s),-0,-0,-0,75.2234,75.2234,75.2234,-0,0.01,0.01,0.01,False,1.91044,0.879885,-24.7766,0,-1.91044,-24.7766,-100,13.9946,0,LT2,左拇指指尖/数据2,140.92,unload,显示域,True,18.6005,1.00019,onset_k1.35,onset_only,1.35,1.12
0,17.5144,17.5144,17.5144,t_on+4.6~5.4s中位(=08-v6.1 P 口径),18.8563,t0+60s后中位,6.00244,3.74863,6.00244,66.7966,66.7966,66.7966,-1.65931,,,78.5,True,2.43854,1.00726,-30.064,2.43854,-0.0979361,106.002,33.2034,1.05129,-11.699,LT3,左拇指指尖/数据3,10.87,onset,显示域,True,19.3415,0.905531,onset_k1.35,onset_only,1.35,1.12
19.3469,0,-19.3469,0,t_on+4.6~5.4s中位(=08-v6.1 P 口径),0,t0+60s后中位,-0,-0,-0,85.7109,85.7109,85.7109,-0,0.03,0.03,0.03,False,0.912257,0.947855,-14.2891,0,-0.912257,-14.2891,-100,16.5824,0,LT3,左拇指指尖/数据3,132.59,unload,显示域,True,19.3415,1.00028,onset_k1.35,onset_only,1.35,1.12
0.064,13.3829,13.3189,13.3829,t_on+4.6~5.4s中位(=08-v6.1 P 口径),0.101758,t0+60s后中位,1.42838,-0.713968,1.42838,66.9611,66.9611,66.9611,101.145,0.5,0.5,0.5,False,2.08834,0.836811,-34.1411,1.80867,-2.08834,101.428,33.0389,0.190244,-8.91846,F41,四指指尖/数据1,10.94,onset,显示域,False,16.302,0.817011,onset_k1.35,onset_only,1.35,1.12
10.8737,13.5564,2.68271,13.5564,t_on+4.6~5.4s中位(=08-v6.1 P 口径),0.082,t0+60s后中位,0.624843,-5.30175,0.624843,15.4572,12.0927,15.4572,502.892,,,,False,2.09812,0.0223548,-100,1.26791,-2.09812,100.625,84.5428,0.0167627,-0.414672,F41,四指指尖/数据1,12.19,restep,显示域,False,16.302,0.164564,onset_k1.35,onset_only,1.35,1.12
16.4153,0.0723016,-16.343,0.0768358,t_on+4.6~5.4s中位(=08-v6.1 P 口径),0.073,后1/3段中位(不足60s),0.470146,0.470146,0.470146,54.7075,54.7075,54.7075,0.446675,0.01,0.01,0.01,False,3.01411,0.747895,-44.9918,0,-3.01411,-45.2648,-100.442,8.94083,-0.0768358,F41,四指指尖/数据1,130.75,unload,显示域,True,16.302,1.00252,onset_k1.35,onset_only,1.35,1.12
0.063,14.7479,14.6849,14.7479,t_on+4.6~5.4s中位(=08-v6.1 P 口径),9.57269,t0+60s后中位,-1.5592,-1.67035,-1.5592,92.5463,92.5463,92.5463,33.6827,0.52,0.52,0.52,False,2.06458,0.894072,-9.8187,2.06458,-1.89832,98.4408,7.45373,-0.228967,-13.5904,F42,四指指尖/数据2,11.03,onset,显示域,True,17.0396,0.861814,onset_k1.35,onset_only,1.35,1.12
17.0666,0.0910805,-16.9755,0.091,t_on+4.6~5.4s中位(=08-v6.1 P 口径),0.0823702,后1/3段中位(不足60s),0.536066,0.536066,0.536066,86.7172,86.7172,86.7172,0.485229,0.02,0.02,0.02,False,2.37296,0.861187,-13.0026,0,-2.37296,-13.2833,-100.537,14.7207,-0.091,F42,四指指尖/数据2,130.78,unload,显示域,True,17.0396,0.996243,onset_k1.35,onset_only,1.35,1.12
0.068,15.3126,15.2446,15.3126,t_on+4.6~5.4s中位(=08-v6.1 P 口径),16.9838,t0+60s后中位,5.98032,3.27744,5.98032,78.8833,78.8833,78.8833,-4.98258,33.72,33.72,33.72,False,2.21537,0.985034,-18.3292,2.21537,-0.604318,105.98,21.1167,0.911675,-12.0254,F43,四指指尖/数据3,11,onset,显示域,True,17.4353,0.874349,onset_k1.35,onset_only,1.35,1.12
17.4903,0.560628,-16.9297,0.585277,t_on+4.6~5.4s中位(=08-v6.1 P 口径),0.0956784,后1/3段中位(不足60s),3.4571,3.4571,3.4571,72.2411,72.2411,72.2411,0.565151,0.09,0.09,0.09,False,1.37426,0.902485,-24.4967,0,-1.37426,-27.6133,-103.312,12.2302,-0.585277,F43,四指指尖/数据3,140.4,unload,显示域,True,17.4353,0.971,onset_k1.35,onset_only,1.35,1.12
76,4241.75,4165.75,4241.75,t_on+4.6~5.4s中位(=08-v6.1 P 口径),22201.8,t0+60s后中位,194.206,0.763056,194.206,74.5707,74.5707,74.5707,-236.931,,,3.38,True,889.269,0.951611,-29.2666,725.647,-889.269,294.206,25.4293,8090.13,-3106.43,SW1,切换负载-快相无责,10.84,onset,ADC域,True,27937.6,0.149109,onset_k1.35,onset_only,1.35,1.12
4811.46,11606.1,6794.66,11606.1,t_on+4.6~5.4s中位(=08-v6.1 P 口径),25339.1,t0+60s后中位,10.6815,10.6815,10.6815,34.9809,34.9809,34.9809,-191.433,,,,False,1092.13,4.46888,-125.805,292.527,-1092.13,110.681,65.0191,725.77,-2376.83,SW1,切换负载-快相无责,28.63,onset,ADC域,True,27937.6,0.243208,onset_k1.35,onset_only,1.35,1.12
12297.8,16207.4,3909.6,16202.1,t_on+4.6~5.4s中位(=08-v6.1 P 口径),25571.5,t0+60s后中位,11.2175,11.2175,11.2175,313.031,313.031,313.031,-228.432,,,,False,4530.02,0.473269,-286.711,0,-4530.02,111.084,-213.164,438.558,-12238.3,SW1,切换负载-快相无责,71.67,restep,ADC域,False,27937.6,0.139941,onset_k1.35,onset_only,1.35,1.12
5447.1,18092.5,12645.4,18092.5,t_on+4.6~5.4s中位(=08-v6.1 P 口径),25607.5,t0+60s后中位,-11.4812,-11.4812,-11.4812,109.114,109.114,109.114,-70.9096,,,,False,4530.02,0.485272,-69.4172,-959.824,-4530.02,88.5188,-9.11387,-1451.85,-13797.9,SW1,切换负载-快相无责,75.89,onset,ADC域,True,27937.6,0.452632,onset_k1.35,onset_only,1.35,1.12
19384.4,25851.7,6467.25,25850.6,t_on+4.6~5.4s中位(=08-v6.1 P 口径),22087.3,t0+60s后中位,44.2506,-72.7151,44.2506,399.715,204.228,399.715,102.44,,,,False,5456.51,0.740911,31.2991,3412.48,-5456.51,144.234,-299.732,2861.8,-25850.6,SW1,切换负载-快相无责,110.45,restep,ADC域,True,27937.6,0.231489,onset_k1.35,onset_only,1.35,1.12
26333.3,25386,-947.345,25386,t_on+4.6~5.4s中位(=08-v6.1 P 口径),20401.6,t0+60s后中位,2679.7,2679.7,2679.7,361.533,197.342,361.533,2153.55,,,,False,5438.54,9.40511,2139.65,3412.48,-5438.54,261.533,-2779.7,3424.96,-25386,SW1,切换负载-快相无责,129.37,partial_unload,ADC域,False,27937.6,0.0339094,onset_k1.35,onset_only,1.35,1.12
61.0611,27163.2,27102.1,27163.8,t_on+4.6~5.4s中位(=08-v6.1 P 口径),20127.8,t0+60s后中位,6.17084,5.71397,6.17084,99.9692,99.9692,99.9692,32.1318,,,,False,3412.48,1.04095,5.10513,3412.48,-4.67081,106.173,0.0329822,1672.43,-27093.8,SW1,切换负载-快相无责,133.83,onset,ADC域,True,27937.6,0.970096,onset_k1.35,onset_only,1.35,1.12
28005.2,24408.4,-3596.88,24408.4,t_on+4.6~5.4s中位(=08-v6.1 P 口径),25340.8,t0+60s后中位,677.531,677.531,677.531,104.978,104.978,104.978,703.454,,,,False,4034.83,3.8749,656.668,4034.83,-766.455,4.97778,-777.531,3775.93,-24370,SW1,切换负载-快相无责,182.03,partial_unload,ADC域,False,27937.6,0.128747,onset_k1.35,onset_only,1.35,1.12
52.8433,25248,25195.2,25248,t_on+4.6~5.4s中位(=08-v6.1 P 口径),60.6632,t0+60s后中位,11.654,11.654,11.654,100.004,100.004,100.004,111.623,,,2.4,True,4034.83,0.976083,10.9136,4034.83,-792.104,111.654,-0.00352015,2936.26,-25196.1,SW1,切换负载-快相无责,185.97,onset,ADC域,True,27937.6,0.901839,onset_k1.35,onset_only,1.35,1.12
26086,22170.5,-3915.48,22169.8,t_on+4.6~5.4s中位(=08-v6.1 P 口径),22086.1,后1/3段中位(不足60s),495.409,145.871,495.409,25.9689,25.9689,25.9689,493.272,,,,False,2732.12,1.19357,-59.6826,0,-2732.12,-74.0494,-595.427,1016.81,-19397.7,SW1,切换负载-快相无责,202.65,partial_unload,ADC域,True,27937.6,0.140151,onset_k1.35,onset_only,1.35,1.12
22149.6,5769,-16380.6,5767.93,t_on+4.6~5.4s中位(=08-v6.1 P 口径),22086.1,后1/3段中位(不足60s),31.6335,9.31716,31.6335,113.658,93.6629,113.658,131.252,,,,False,2865.19,1.07486,2.91274,0,-2865.19,13.6511,-131.64,18617.8,-5181.77,SW1,切换负载-快相无责,212.4,partial_unload,ADC域,False,27937.6,0.58633,onset_k1.35,onset_only,1.35,1.12
5760.84,11857,6096.16,11857,t_on+4.6~5.4s中位(=08-v6.1 P 口径),22086.1,后1/3段中位(不足60s),205.519,-8.49026,205.519,184.884,116.941,184.884,37.7224,,,,False,2865.19,0.871199,-39.929,0,-2865.19,305.519,-84.8842,12528.8,-11270.8,SW1,切换负载-快相无责,217.74,restep,ADC域,True,27937.6,0.218206,onset_k1.35,onset_only,1.35,1.12
12122.3,19875.9,7753.67,19875.9,t_on+4.6~5.4s中位(=08-v6.1 P 口径),22086.1,后1/3段中位(不足60s),58.1637,-26.0894,58.1637,256.343,248.783,256.343,29.6585,,,,False,2865.19,0.77667,-146.248,0,-2865.19,158.164,-156.343,4509.82,-19875.9,SW1,切换负载-快相无责,230.64,restep,ADC域,False,27937.6,0.277535,onset_k1.35,onset_only,1.35,1.12
5210.44,20245.8,15035.4,20245.8,t_on+4.6~5.4s中位(=08-v6.1 P 口径),22086.1,后1/3段中位(不足60s),27.5345,-15.9144,27.5345,134.654,125.878,134.654,15.2947,,,,False,2865.19,0.477763,9.67191,0,-2865.19,127.534,-34.6545,4139.92,-20245.8,SW1,切换负载-快相无责,233.05,onset,ADC域,False,27937.6,0.538179,onset_k1.35,onset_only,1.35,1.12
20414.6,25671.8,5257.15,25671.8,t_on+4.6~5.4s中位(=08-v6.1 P 口径),22086.1,后1/3段中位(不足60s),-24.4625,-24.4625,-24.4625,488.321,145.679,488.321,43.7427,,,,False,2766.13,0.87731,-0.0786716,0,-2766.13,75.5375,-388.321,-1286.03,-25671.8,SW1,切换负载-快相无责,240.72,restep,ADC域,True,27937.6,0.188175,onset_k1.35,onset_only,1.35,1.12
25868,55,-25813,54.9693,t_on+4.6~5.4s中位(=08-v6.1 P 口径),22086.1,后1/3段中位(不足60s),0.212952,0.212952,0.212952,70.8239,70.8239,70.8239,85.5622,,,,False,2576.04,0.876495,-29.1956,0,-2576.04,-29.1762,-100.213,18281.8,-54.9693,SW1,切换负载-快相无责,249.63,unload,ADC域,True,27937.6,0.923952,onset_k1.35,onset_only,1.35,1.12
62,14458.3,14396.3,14458.3,t_on+4.6~5.4s中位(=08-v6.1 P 口径),24133.2,后1/3段中位(不足60s),57.7471,12.8457,57.7471,100.431,55.3875,100.431,-9.45693,,,,False,2396.66,1.00123,-39.0392,2396.66,-371.314,157.747,-0.430665,8313.46,-14458.3,SW2,再切换负载,11.79,onset,ADC域,False,25866.3,0.556567,onset_k1.35,onset_only,1.35,1.12
13424.9,14858.2,1433.25,14852.5,t_on+4.6~5.4s中位(=08-v6.1 P 口径),24133.2,后1/3段中位(不足60s),561.088,101.529,561.088,1036.28,3.8833,1036.28,-86.4462,,,,False,2396.66,1.04028,-100,2396.66,-371.314,660.692,-936.677,8041.78,-14852.5,SW2,再切换负载,13.7,restep,ADC域,False,25866.3,0.0554099,onset_k1.35,onset_only,1.35,1.12
14922.6,15402.5,479.895,15402.8,t_on+4.6~5.4s中位(=08-v6.1 P 口径),24133.2,后1/3段中位(不足60s),1687.5,188.56,1687.5,3209.61,126.263,3209.61,-131.752,,,,False,2396.66,0.990165,-100,2396.66,-286.275,1787.55,-3109.55,8098.22,-15402.8,SW2,再切换负载,14.86,restep,ADC域,False,25866.3,0.0185529,onset_k1.35,onset_only,1.35,1.12
16009.1,17425.7,1416.62,17425.7,t_on+4.6~5.4s中位(=08-v6.1 P 口径),24133.2,后1/3段中位(不足60s),669.478,4.50835,669.478,1230.09,1230.09,1230.09,195.989,,,,False,3721.65,0.920553,-849.784,3721.65,-280.322,769.478,-1130.09,9483.97,-17425.7,SW2,再切换负载,31.22,restep,ADC域,False,25866.3,0.0547671,onset_k1.35,onset_only,1.35,1.12
37.3925,21643.5,21606.1,21639.1,t_on+4.6~5.4s中位(=08-v6.1 P 口径),24133.2,后1/3段中位(不足60s),26.0431,4.94649,26.0431,100.042,84.0485,100.042,14.4993,,,,False,3721.65,1,-11.5112,3721.65,-14.153,126.023,-0.0619851,5626.89,-21615.1,SW2,再切换负载,35.96,onset,ADC域,True,25866.3,0.835298,onset_k1.35,onset_only,1.35,1.12
22655,38.6558,-22616.3,38.4964,t_on+4.6~5.4s中位(=08-v6.1 P 口径),24133.2,后1/3段中位(不足60s),0.0640968,0.0640968,0.0640968,120.857,28.4329,120.857,106.601,,,,False,3721.65,1.02364,-71.5477,3721.65,0,20.8565,-100.065,27333.5,-14.4964,SW2,再切换负载,50.61,unload,ADC域,False,25866.3,0.874356,onset_k1.35,onset_only,1.35,1.12
38,25209.3,25171.3,25209.3,t_on+4.6~5.4s中位(=08-v6.1 P 口径),24133.2,后1/3段中位(不足60s),8.59178,7.23358,8.59178,97.159,97.159,97.159,12.8668,,,,False,3721.65,1.05594,3.75257,3721.65,0,108.592,2.84099,2162.66,-24456.2,SW2,再切换负载,57.3,onset,ADC域,True,25866.3,0.973132,onset_k1.35,onset_only,1.35,1.12
69.5794,17701.9,17632.3,17701.9,t_on+4.6~5.4s中位(=08-v6.1 P 口径),27305,后1/3段中位(不足60s),59.185,-12.2599,59.185,100.395,68.625,100.395,4.72135,,,,False,5351.15,1.0086,-44.2226,3863.6,-5351.15,159.185,-0.394614,10435.7,-17701.9,SW3,中途切换-1d9493,10.92,onset,ADC域,True,27696.8,0.636617,onset_k1.35,onset_only,1.35,1.12
18559.6,25621.5,7061.97,25621.5,t_on+4.6~5.4s中位(=08-v6.1 P 口径),27305,后1/3段中位(不足60s),38.1067,-57.6795,38.1067,362.81,134.24,362.81,14.2679,,,,False,5351.15,1.92949,-26.2308,3863.6,-5351.15,138.107,-262.81,2691.09,-25621.5,SW3,中途切换-1d9493,20.72,restep,ADC域,True,27696.8,0.254974,onset_k1.35,onset_only,1.35,1.12
25979,52,-25927,52,t_on+4.6~5.4s中位(=08-v6.1 P 口径),27305,后1/3段中位(不足60s),0.200563,0.200563,0.200563,109.293,80.8211,109.293,105.315,,,,False,5351.15,7.36892,-19.1485,3863.6,-5351.15,9.29289,-100.201,28336.4,-52,SW3,中途切换-1d9493,30.68,unload,ADC域,True,27696.8,0.9361,onset_k1.35,onset_only,1.35,1.12
55.4942,26638.1,26582.6,26638.1,t_on+4.6~5.4s中位(=08-v6.1 P 口径),27305,后1/3段中位(不足60s),6.65189,5.64072,6.65189,100.028,85.9799,100.028,4.14285,,,,False,3863.6,1.02519,-8.79812,3863.6,0,106.652,-0.0281922,1768.24,-26590.1,SW3,中途切换-1d9493,39.08,onset,ADC域,True,27696.8,0.959769,onset_k1.35,onset_only,1.35,1.12
27714.7,53,-27661.7,53,段末帧(退化),27305,后1/3段中位(不足60s),0.0180755,0.0180755,0.0180755,102.134,102.134,102.134,98.5371,,,,False,735.924,1.01762,2.13399,735.924,0,2.13351,-100.018,28251.9,-5,SW3,中途切换-1d9493,60.78,restep,ADC域,False,27696.8,0.998732,onset_k1.35,onset_only,1.35,1.12
84,15448.2,15364.2,15448.2,t_on+4.6~5.4s中位(=08-v6.1 P 口径),24171.5,t0+60s后中位,51.9203,-2.58941,51.9203,65.5442,65.5442,65.5442,-4.85703,,,,False,1913,0.941746,-37.9012,1756.25,-1913,151.92,34.4558,7977.13,-10070.3,SW4,中途切换-13ffca,8.41,onset,ADC域,True,32452.6,0.473434,onset_k1.35,onset_only,1.35,1.12
16085.4,22496.9,6411.47,22496.9,t_on+4.6~5.4s中位(=08-v6.1 P 口径),27884.7,t0+60s后中位,14.4804,-18.5891,14.4804,117.127,117.127,117.127,-69.5542,,,,False,2156.6,0.940843,-1.46197,0,-2156.6,114.48,-17.1271,928.407,-7509.57,SW4,中途切换-13ffca,18.68,restep,ADC域,False,32452.6,0.197564,onset_k1.35,onset_only,1.35,1.12
22912.5,24098.4,1185.96,24095.9,t_on+4.6~5.4s中位(=08-v6.1 P 口径),28247.1,t0+60s后中位,-56.5445,-56.5445,-56.5445,635.004,635.004,635.004,-406.575,,,,False,2250.22,0.604795,-115.048,0,-2250.22,43.2408,-535.218,-670.593,-7530.87,SW4,中途切换-13ffca,26.57,restep,ADC域,False,32452.6,0.0365443,onset_k1.35,onset_only,1.35,1.12
19465.9,24135.1,4669.26,24133.3,t_on+4.6~5.4s中位(=08-v6.1 P 口径),28278.7,t0+60s后中位,-15.163,-15.163,-15.163,134.598,134.598,134.598,-103.943,,,,False,2270.65,0.652179,6.19645,0,-2270.65,84.7974,-34.638,-708,-6284.74,SW4,中途切换-13ffca,27.6,restep,ADC域,False,32452.6,0.143879,onset_k1.35,onset_only,1.35,1.12
24634.7,21004.9,-3629.79,21002.6,t_on+4.6~5.4s中位(=08-v6.1 P 口径),31983.5,t0+60s后中位,578.617,73.5614,578.617,32.1478,32.1478,32.1478,881.14,,,,False,2913.91,-7.40088,-10.1058,0,-2913.91,-67.9158,-678.68,1166.9,-21002.6,SW4,中途切换-13ffca,45.28,partial_unload,ADC域,True,32452.6,0.111849,onset_k1.35,onset_only,1.35,1.12
20983.1,24429.9,3446.83,24429.7,t_on+4.6~5.4s中位(=08-v6.1 P 口径),27976.3,后1/3段中位(不足60s),155.787,-72.9638,155.787,708.757,119.21,708.757,52.8916,,,,False,3760.74,0.901438,-87.9684,3760.74,-2913.91,255.78,-608.764,5369.7,-24429.7,SW4,中途切换-13ffca,61.37,restep,ADC域,False,32452.6,0.106211,onset_k1.35,onset_only,1.35,1.12
24442.4,79,-24363.4,78,t_on+4.6~5.4s中位(=08-v6.1 P 口径),27976.3,后1/3段中位(不足60s),0.320153,0.320153,0.320153,122.185,47.3865,122.185,114.829,,,0.01,True,3760.74,1.49252,-52.2933,3760.74,-2716.37,22.1805,-100.324,29768.3,-78,SW4,中途切换-13ffca,68.93,unload,ADC域,True,32452.6,0.750737,onset_k1.35,onset_only,1.35,1.12
75,27895.9,27820.9,27895.9,t_on+4.6~5.4s中位(=08-v6.1 P 口径),27976.3,后1/3段中位(不足60s),23.277,6.84185,23.277,100.067,38.3675,100.067,22.9881,,,,False,3760.74,1.10724,-54.8435,3760.74,-9.2776,123.277,-0.0670225,6475.88,-27839.6,SW4,中途切换-13ffca,88,onset,ADC域,True,32452.6,0.857278,onset_k1.35,onset_only,1.35,1.12
28337.8,30791.3,2453.48,30791.3,t_on+4.6~5.4s中位(=08-v6.1 P 口径),27976.3,后1/3段中位(不足60s),145.936,120.814,145.936,1252.71,14.6342,1252.71,260.671,,,,False,3542.31,1.04365,-84.5141,3542.31,0,245.936,-1152.71,3580.51,-30734.9,SW4,中途切换-13ffca,99.36,restep,ADC域,False,32452.6,0.0756019,onset_k1.35,onset_only,1.35,1.12
29453,32163.4,2710.38,32155.5,t_on+4.6~5.4s中位(=08-v6.1 P 口径),27976.3,后1/3段中位(不足60s),81.771,81.771,81.771,1184.31,-16.1642,1184.31,235.963,,,,False,2577.97,1.08586,-44.9436,2577.97,0,181.479,-1084.6,2216.3,-32099.1,SW4,中途切换-13ffca,104.24,restep,ADC域,True,32452.6,0.083518,onset_k1.35,onset_only,1.35,1.12
32462.6,81,-32381.6,83,t_on+4.6~5.4s中位(=08-v6.1 P 口径),27976.3,后1/3段中位(不足60s),0.0822885,0.0822885,0.0822885,102.677,102.677,102.677,86.2218,,,,False,1227.13,1.03091,2.75028,1227.13,0,2.68345,-100.076,33248.5,-26.6463,SW4,中途切换-13ffca,113.8,unload,ADC域,True,32452.6,0.99781,onset_k1.35,onset_only,1.35,1.12
0.549442,14.7073,14.1578,14.7057,t_on+4.6~5.4s中位(=08-v6.1 P 口径),1.16117,t0+60s后中位,5.13735,-0.788701,5.13735,76.7128,76.7128,76.7128,100.805,5.36,5.36,5.36,False,2.25141,0.850392,-25.053,1.70144,-2.25141,105.126,23.2759,0.727339,-10.8609,RT1,右拇指指尖/数据1,8.27,onset,显示域,False,19.5791,0.72311,restep_k1.00,restep_only,1.3,1
14.6375,15.8381,1.20052,15.8268,t_on+4.6~5.4s中位(=08-v6.1 P 口径),1.11186,t0+60s后中位,-32.8006,-32.8006,-32.8006,121.807,115.711,121.807,1192.91,,,,False,2.54718,-0.141274,-92.1817,-0.240574,-2.54718,66.2626,-22.7434,-0.393777,-1.46231,RT1,右拇指指尖/数据1,13.6,restep,显示域,True,19.5791,0.0613163,restep_k1.00,restep_only,1.3,1
20.0385,0.943245,-19.0952,0.924979,t_on+4.6~5.4s中位(=08-v6.1 P 口径),1.00147,后1/3段中位(不足60s),4.84404,4.84404,4.84404,68.3519,68.3519,68.3519,5.24462,0.03,0.03,0.03,False,5.41639,0.704422,-32.1383,0,-5.41639,-31.7438,-104.94,13.0519,-0.924979,RT1,右拇指指尖/数据1,115.37,unload,显示域,True,19.5791,0.975286,restep_k1.00,restep_only,1.3,1
0.290396,16.726,16.4356,16.726,t_on+4.6~5.4s中位(=08-v6.1 P 口径),19.7617,t0+60s后中位,-0.903003,-1.11299,-0.903003,90.4771,90.4771,90.4771,-19.3735,13.16,13.16,0.55,False,2.41547,0.868067,-12.9516,2.13354,-2.41547,99.097,9.52291,-0.148414,-14.8705,RT2,右拇指指尖/数据2,12.32,onset,显示域,True,22.0068,0.746843,restep_k1.00,restep_only,1.3,1
20.8432,22.0158,1.1726,22.0168,t_on+4.6~5.4s中位(=08-v6.1 P 口径),0.329168,t0+60s后中位,-422.213,-422.213,-422.213,1877.61,847.803,1877.61,1427.32,,,,False,6.2192,0.762284,-57.2386,0,-6.2192,-322.135,-1777.53,-4.95085,-22.0168,RT2,右拇指指尖/数据2,147.11,restep,显示域,True,22.0068,0.0532834,restep_k1.00,restep_only,1.3,1
22.131,0.9172,-21.2138,0.912841,t_on+4.6~5.4s中位(=08-v6.1 P 口径),0.365081,t0+60s后中位,4.30305,4.30305,4.30305,69.4751,69.4751,69.4751,1.72096,0.02,0.02,0.02,False,6.178,0.707494,-30.8666,0,-6.178,-30.5455,-104.324,14.7383,-0.912841,RT2,右拇指指尖/数据2,159.49,unload,显示域,True,22.0068,0.963968,restep_k1.00,restep_only,1.3,1
0.043,16.5567,16.5137,16.5389,t_on+4.6~5.4s中位(=08-v6.1 P 口径),20.5361,t0+60s后中位,13.5865,5.26309,13.5865,99.3294,99.3294,99.3294,-10.6188,,,,False,2.3674,1.00778,4.27365,2.3674,-0.177791,113.479,0.56317,2.24364,-16.4029,RT3,右拇指指尖/数据3,10.59,onset,显示域,True,21.2279,0.777921,restep_k1.00,restep_only,1.3,1
21.248,0.521318,-20.7267,0.518415,t_on+4.6~5.4s中位(=08-v6.1 P 口径),0.568345,后1/3段中位(不足60s),2.50119,2.50119,2.50119,64.933,64.933,64.933,2.74209,0.01,0.01,0.01,False,2.55519,0.83932,-35.8846,0,-2.55519,-35.081,-102.515,13.4585,-0.518415,RT3,右拇指指尖/数据3,135.7,unload,显示域,True,21.2279,0.976388,restep_k1.00,restep_only,1.3,1
0,15.2813,15.2813,15.2813,t_on+4.6~5.4s中位(=08-v6.1 P 口径),17.8094,t0+60s后中位,13.92,4.90794,13.92,100,100,100,-2.62435,,,,False,2.18736,1.01374,4.44779,2.18736,-0.0633991,113.92,0,2.12715,-15.2813,LT1,左拇指指尖/数据1,11.69,onset,显示域,True,18.1566,0.841637,restep_k1.00,restep_only,1.3,1
18.1567,0,-18.1567,0,t_on+4.6~5.4s中位(=08-v6.1 P 口径),0,后1/3段中位(不足60s),-0,-0,-0,80.2056,80.2056,80.2056,-0,0.13,0.13,0.13,False,1.36096,0.914532,-19.7944,0,-1.36096,-19.7944,-100,14.5627,0,LT1,左拇指指尖/数据1,147.52,unload,显示域,True,18.1566,1.00001,restep_k1.00,restep_only,1.3,1
0,16.1212,16.1212,16.1212,t_on+4.6~5.4s中位(=08-v6.1 P 口径),18.002,t0+60s后中位,4.41653,4.41653,4.41653,61.2823,61.2823,61.2823,-7.25037,1.96,1.96,1.96,False,2.41252,0.928446,-34.8288,2.41252,-1.10351,104.417,38.7177,0.711996,-9.87941,LT2,左拇指指尖/数据2,14.92,onset,显示域,True,18.6005,0.866705,restep_k1.00,restep_only,1.3,1
18.6041,0,-18.6041,0,t_on+4.6~5.4s中位(=08-v6.1 P 口径),0,后1/3段中位(不足60s),-0,-0,-0,75.2234,75.2234,75.2234,-0,0.01,0.01,0.01,False,1.91044,0.879885,-24.7766,0,-1.91044,-24.7766,-100,13.9946,0,LT2,左拇指指尖/数据2,140.92,unload,显示域,True,18.6005,1.00019,restep_k1.00,restep_only,1.3,1
0,17.5144,17.5144,17.5144,t_on+4.6~5.4s中位(=08-v6.1 P 口径),18.8563,t0+60s后中位,6.00244,3.74863,6.00244,66.7966,66.7966,66.7966,-1.65931,,,78.5,True,2.43854,1.00726,-30.064,2.43854,-0.0979361,106.002,33.2034,1.05129,-11.699,LT3,左拇指指尖/数据3,10.87,onset,显示域,True,19.3415,0.905531,restep_k1.00,restep_only,1.3,1
19.3469,0,-19.3469,0,t_on+4.6~5.4s中位(=08-v6.1 P 口径),0,t0+60s后中位,-0,-0,-0,85.7109,85.7109,85.7109,-0,0.03,0.03,0.03,False,0.912257,0.947855,-14.2891,0,-0.912257,-14.2891,-100,16.5824,0,LT3,左拇指指尖/数据3,132.59,unload,显示域,True,19.3415,1.00028,restep_k1.00,restep_only,1.3,1
0.064,13.3829,13.3189,13.3829,t_on+4.6~5.4s中位(=08-v6.1 P 口径),0.101758,t0+60s后中位,1.42838,-0.713968,1.42838,66.9611,66.9611,66.9611,101.145,0.5,0.5,0.5,False,2.08834,0.836811,-34.1411,1.80867,-2.08834,101.428,33.0389,0.190244,-8.91846,F41,四指指尖/数据1,10.94,onset,显示域,False,16.302,0.817011,restep_k1.00,restep_only,1.3,1
10.8737,13.5564,2.68271,13.5564,t_on+4.6~5.4s中位(=08-v6.1 P 口径),0.082,t0+60s后中位,0.624843,-5.30175,0.624843,15.4572,12.0927,15.4572,502.892,,,,False,2.09812,0.0223548,-100,1.26791,-2.09812,100.625,84.5428,0.0167627,-0.414672,F41,四指指尖/数据1,12.19,restep,显示域,False,16.302,0.164564,restep_k1.00,restep_only,1.3,1
16.4153,0.0723016,-16.343,0.0768358,t_on+4.6~5.4s中位(=08-v6.1 P 口径),0.073,后1/3段中位(不足60s),0.470146,0.470146,0.470146,54.7075,54.7075,54.7075,0.446675,0.01,0.01,0.01,False,3.01411,0.747895,-44.9918,0,-3.01411,-45.2648,-100.442,8.94083,-0.0768358,F41,四指指尖/数据1,130.75,unload,显示域,True,16.302,1.00252,restep_k1.00,restep_only,1.3,1
0.063,14.7479,14.6849,14.7479,t_on+4.6~5.4s中位(=08-v6.1 P 口径),9.57269,t0+60s后中位,-1.5592,-1.67035,-1.5592,92.5463,92.5463,92.5463,33.6827,0.52,0.52,0.52,False,2.06458,0.894072,-9.8187,2.06458,-1.89832,98.4408,7.45373,-0.228967,-13.5904,F42,四指指尖/数据2,11.03,onset,显示域,True,17.0396,0.861814,restep_k1.00,restep_only,1.3,1
17.0666,0.0910805,-16.9755,0.091,t_on+4.6~5.4s中位(=08-v6.1 P 口径),0.0823702,后1/3段中位(不足60s),0.536066,0.536066,0.536066,86.7172,86.7172,86.7172,0.485229,0.02,0.02,0.02,False,2.37296,0.861187,-13.0026,0,-2.37296,-13.2833,-100.537,14.7207,-0.091,F42,四指指尖/数据2,130.78,unload,显示域,True,17.0396,0.996243,restep_k1.00,restep_only,1.3,1
0.068,15.3126,15.2446,15.3126,t_on+4.6~5.4s中位(=08-v6.1 P 口径),16.9838,t0+60s后中位,5.98032,3.27744,5.98032,78.8833,78.8833,78.8833,-4.98258,33.72,33.72,33.72,False,2.21537,0.985034,-18.3292,2.21537,-0.604318,105.98,21.1167,0.911675,-12.0254,F43,四指指尖/数据3,11,onset,显示域,True,17.4353,0.874349,restep_k1.00,restep_only,1.3,1
17.4903,0.560628,-16.9297,0.585277,t_on+4.6~5.4s中位(=08-v6.1 P 口径),0.0956784,后1/3段中位(不足60s),3.4571,3.4571,3.4571,72.2411,72.2411,72.2411,0.565151,0.09,0.09,0.09,False,1.37426,0.902485,-24.4967,0,-1.37426,-27.6133,-103.312,12.2302,-0.585277,F43,四指指尖/数据3,140.4,unload,显示域,True,17.4353,0.971,restep_k1.00,restep_only,1.3,1
76,4241.75,4165.75,4241.75,t_on+4.6~5.4s中位(=08-v6.1 P 口径),22201.8,t0+60s后中位,194.206,0.763056,194.206,74.5707,74.5707,74.5707,-236.931,,,3.38,True,889.269,0.951611,-29.2666,725.647,-889.269,294.206,25.4293,8090.13,-3106.43,SW1,切换负载-快相无责,10.84,onset,ADC域,True,27937.6,0.149109,restep_k1.00,restep_only,1.3,1
4811.46,11606.1,6794.66,11606.1,t_on+4.6~5.4s中位(=08-v6.1 P 口径),25339.1,t0+60s后中位,10.6815,10.6815,10.6815,34.9809,34.9809,34.9809,-191.433,,,,False,1092.13,4.46888,-125.805,292.527,-1092.13,110.681,65.0191,725.77,-2376.83,SW1,切换负载-快相无责,28.63,onset,ADC域,True,27937.6,0.243208,restep_k1.00,restep_only,1.3,1
12297.8,16207.4,3909.6,16202.1,t_on+4.6~5.4s中位(=08-v6.1 P 口径),25571.5,t0+60s后中位,11.2175,11.2175,11.2175,313.031,313.031,313.031,-228.432,,,,False,4530.02,0.473269,-286.711,0,-4530.02,111.084,-213.164,438.558,-12238.3,SW1,切换负载-快相无责,71.67,restep,ADC域,False,27937.6,0.139941,restep_k1.00,restep_only,1.3,1
5447.1,18092.5,12645.4,18092.5,t_on+4.6~5.4s中位(=08-v6.1 P 口径),25607.5,t0+60s后中位,-11.4812,-11.4812,-11.4812,109.411,109.411,109.411,-70.9096,,,,False,4530.02,0.485272,-69.4172,-988.032,-4530.02,88.5188,-9.41072,-1451.85,-13835.5,SW1,切换负载-快相无责,75.89,onset,ADC域,True,27937.6,0.452632,restep_k1.00,restep_only,1.3,1
19384.4,25851.7,6467.25,25850.6,t_on+4.6~5.4s中位(=08-v6.1 P 口径),22087.3,t0+60s后中位,44.2506,-72.7151,44.2506,399.715,204.228,399.715,102.44,,,,False,5456.51,0.740911,31.2991,3412.48,-5456.51,144.234,-299.732,2861.8,-25850.6,SW1,切换负载-快相无责,110.45,restep,ADC域,True,27937.6,0.231489,restep_k1.00,restep_only,1.3,1
26333.3,25386,-947.345,25386,t_on+4.6~5.4s中位(=08-v6.1 P 口径),20401.6,t0+60s后中位,2679.7,2679.7,2679.7,361.533,197.342,361.533,2153.55,,,,False,5438.54,9.40511,2139.65,3412.48,-5438.54,261.533,-2779.7,3424.96,-25386,SW1,切换负载-快相无责,129.37,partial_unload,ADC域,False,27937.6,0.0339094,restep_k1.00,restep_only,1.3,1
61.0611,27163.2,27102.1,27163.8,t_on+4.6~5.4s中位(=08-v6.1 P 口径),20127.8,t0+60s后中位,6.17084,5.71397,6.17084,99.9692,99.9692,99.9692,32.1318,,,,False,3412.48,1.04095,5.10513,3412.48,-4.67081,106.173,0.0329822,1672.43,-27093.8,SW1,切换负载-快相无责,133.83,onset,ADC域,True,27937.6,0.970096,restep_k1.00,restep_only,1.3,1
28005.2,24408.4,-3596.88,24408.4,t_on+4.6~5.4s中位(=08-v6.1 P 口径),25340.8,t0+60s后中位,677.531,677.531,677.531,104.978,104.978,104.978,703.454,,,,False,4034.83,3.8749,656.668,4034.83,-766.455,4.97778,-777.531,3775.93,-24370,SW1,切换负载-快相无责,182.03,partial_unload,ADC域,False,27937.6,0.128747,restep_k1.00,restep_only,1.3,1
52.8433,25248,25195.2,25248,t_on+4.6~5.4s中位(=08-v6.1 P 口径),60.6632,t0+60s后中位,11.654,11.654,11.654,100.004,100.004,100.004,111.623,,,2.4,True,4034.83,0.976083,10.9136,4034.83,-792.104,111.654,-0.00352015,2936.26,-25196.1,SW1,切换负载-快相无责,185.97,onset,ADC域,True,27937.6,0.901839,restep_k1.00,restep_only,1.3,1
26086,22170.5,-3915.48,22169.8,t_on+4.6~5.4s中位(=08-v6.1 P 口径),22086.1,后1/3段中位(不足60s),495.409,145.871,495.409,25.9689,25.9689,25.9689,493.272,,,,False,2732.12,1.19357,-59.6826,0,-2732.12,-74.0494,-595.427,1016.81,-19397.7,SW1,切换负载-快相无责,202.65,partial_unload,ADC域,True,27937.6,0.140151,restep_k1.00,restep_only,1.3,1
22149.6,5769,-16380.6,5767.93,t_on+4.6~5.4s中位(=08-v6.1 P 口径),22086.1,后1/3段中位(不足60s),31.6335,9.31716,31.6335,113.658,93.6629,113.658,131.252,,,,False,2865.19,1.07486,2.91274,0,-2865.19,13.6511,-131.64,18617.8,-5181.77,SW1,切换负载-快相无责,212.4,partial_unload,ADC域,False,27937.6,0.58633,restep_k1.00,restep_only,1.3,1
5760.84,11857,6096.16,11857,t_on+4.6~5.4s中位(=08-v6.1 P 口径),22086.1,后1/3段中位(不足60s),205.519,-8.49026,205.519,184.884,116.941,184.884,37.7224,,,,False,3036.72,0.871199,-39.929,0,-3036.72,305.519,-84.8842,12528.8,-11270.8,SW1,切换负载-快相无责,217.74,restep,ADC域,True,27937.6,0.218206,restep_k1.00,restep_only,1.3,1
12122.3,19875.9,7753.67,19875.9,t_on+4.6~5.4s中位(=08-v6.1 P 口径),22086.1,后1/3段中位(不足60s),58.1637,-26.0894,58.1637,256.343,248.783,256.343,29.6585,,,,False,3036.72,0.77667,-146.248,0,-3036.72,158.164,-156.343,4509.82,-19875.9,SW1,切换负载-快相无责,230.64,restep,ADC域,False,27937.6,0.277535,restep_k1.00,restep_only,1.3,1
5210.44,20245.8,15035.4,20245.8,t_on+4.6~5.4s中位(=08-v6.1 P 口径),22086.1,后1/3段中位(不足60s),27.5345,-15.9144,27.5345,134.654,125.878,134.654,15.2947,,,,False,3036.72,0.477763,9.6719,0,-3036.72,127.534,-34.6545,4139.92,-20245.8,SW1,切换负载-快相无责,233.05,onset,ADC域,False,27937.6,0.538179,restep_k1.00,restep_only,1.3,1
20414.6,25671.8,5257.15,25671.8,t_on+4.6~5.4s中位(=08-v6.1 P 口径),22086.1,后1/3段中位(不足60s),-24.4625,-24.4625,-24.4625,488.321,145.679,488.321,43.7427,,,,False,3036.72,0.87731,-9.34196,0,-3036.72,75.5375,-388.321,-1286.03,-25671.8,SW1,切换负载-快相无责,240.72,restep,ADC域,True,27937.6,0.188175,restep_k1.00,restep_only,1.3,1
25868,55,-25813,54.9693,t_on+4.6~5.4s中位(=08-v6.1 P 口径),22086.1,后1/3段中位(不足60s),0.212952,0.212952,0.212952,69.9072,69.9072,69.9072,85.5622,,,,False,2812.67,0.86515,-30.1123,0,-2812.67,-30.0929,-100.213,18045.1,-54.9693,SW1,切换负载-快相无责,249.63,unload,ADC域,True,27937.6,0.923952,restep_k1.00,restep_only,1.3,1
62,14458.3,14396.3,14458.3,t_on+4.6~5.4s中位(=08-v6.1 P 口径),24133.2,后1/3段中位(不足60s),57.7471,12.8457,57.7471,100.431,55.3875,100.431,-9.45693,,,,False,2396.66,1.00123,-39.0392,2396.66,-371.314,157.747,-0.430665,8313.46,-14458.3,SW2,再切换负载,11.79,onset,ADC域,False,25866.3,0.556567,restep_k1.00,restep_only,1.3,1
13424.9,14858.2,1433.25,14852.5,t_on+4.6~5.4s中位(=08-v6.1 P 口径),24133.2,后1/3段中位(不足60s),561.088,101.529,561.088,1036.28,3.8833,1036.28,-86.4462,,,,False,2396.66,1.04028,-100,2396.66,-371.314,660.692,-936.677,8041.78,-14852.5,SW2,再切换负载,13.7,restep,ADC域,False,25866.3,0.0554099,restep_k1.00,restep_only,1.3,1
14922.6,15402.5,479.895,15402.8,t_on+4.6~5.4s中位(=08-v6.1 P 口径),24133.2,后1/3段中位(不足60s),1687.5,188.56,1687.5,3209.61,126.263,3209.61,-131.752,,,,False,2396.66,0.990165,-100,2396.66,-286.275,1787.55,-3109.55,8098.22,-15402.8,SW2,再切换负载,14.86,restep,ADC域,False,25866.3,0.0185529,restep_k1.00,restep_only,1.3,1
16009.1,17425.7,1416.62,17425.7,t_on+4.6~5.4s中位(=08-v6.1 P 口径),24133.2,后1/3段中位(不足60s),669.478,4.50835,669.478,1230.09,1230.09,1230.09,195.989,,,,False,3721.65,0.920553,-849.784,3721.65,-280.322,769.478,-1130.09,9483.97,-17425.7,SW2,再切换负载,31.22,restep,ADC域,False,25866.3,0.0547671,restep_k1.00,restep_only,1.3,1
37.3925,21643.5,21606.1,21639.1,t_on+4.6~5.4s中位(=08-v6.1 P 口径),24133.2,后1/3段中位(不足60s),26.0431,4.94649,26.0431,100.042,84.0485,100.042,14.4993,,,,False,3721.65,1,-11.5112,3721.65,-14.153,126.023,-0.0619851,5626.89,-21615.1,SW2,再切换负载,35.96,onset,ADC域,True,25866.3,0.835298,restep_k1.00,restep_only,1.3,1
22655,38.6558,-22616.3,38.4964,t_on+4.6~5.4s中位(=08-v6.1 P 口径),24133.2,后1/3段中位(不足60s),0.0640968,0.0640968,0.0640968,120.857,28.4329,120.857,106.601,,,,False,3721.65,1.02364,-71.5477,3721.65,0,20.8565,-100.065,27333.5,-14.4964,SW2,再切换负载,50.61,unload,ADC域,False,25866.3,0.874356,restep_k1.00,restep_only,1.3,1
38,25209.3,25171.3,25209.3,t_on+4.6~5.4s中位(=08-v6.1 P 口径),24133.2,后1/3段中位(不足60s),8.59178,7.23358,8.59178,97.159,97.159,97.159,12.8668,,,,False,3721.65,1.05594,3.75257,3721.65,0,108.592,2.84099,2162.66,-24456.2,SW2,再切换负载,57.3,onset,ADC域,True,25866.3,0.973132,restep_k1.00,restep_only,1.3,1
69.5794,17701.9,17632.3,17701.9,t_on+4.6~5.4s中位(=08-v6.1 P 口径),27305,后1/3段中位(不足60s),59.185,-12.2599,59.185,100.395,68.625,100.395,4.72135,,,,False,5936.64,1.0086,-44.2226,3863.6,-5936.64,159.185,-0.394614,10435.7,-17701.9,SW3,中途切换-1d9493,10.92,onset,ADC域,True,27696.8,0.636617,restep_k1.00,restep_only,1.3,1
18559.6,25621.5,7061.97,25621.5,t_on+4.6~5.4s中位(=08-v6.1 P 口径),27305,后1/3段中位(不足60s),38.1616,-65.6988,38.1616,362.81,134.24,362.81,14.3227,,,,False,5936.64,1.92949,-34.0299,3863.6,-5936.64,138.162,-262.81,2694.96,-25621.5,SW3,中途切换-1d9493,20.72,restep,ADC域,True,27696.8,0.254974,restep_k1.00,restep_only,1.3,1
25979,52,-25927,52,t_on+4.6~5.4s中位(=08-v6.1 P 口径),27305,后1/3段中位(不足60s),0.200563,0.200563,0.200563,109.3,78.5629,109.3,105.315,,,,False,5936.64,7.9654,-21.4067,3863.6,-5936.64,9.30019,-100.201,28338.3,-52,SW3,中途切换-1d9493,30.68,unload,ADC域,True,27696.8,0.9361,restep_k1.00,restep_only,1.3,1
55.4942,26638.1,26582.6,26638.1,t_on+4.6~5.4s中位(=08-v6.1 P 口径),27305,后1/3段中位(不足60s),6.65892,5.64072,6.65892,100.028,85.9799,100.028,4.14989,,,,False,3863.6,1.02529,-8.79812,3863.6,0,106.659,-0.0281922,1770.11,-26590.1,SW3,中途切换-1d9493,39.08,onset,ADC域,True,27696.8,0.959769,restep_k1.00,restep_only,1.3,1
27714.7,53,-27661.7,53,段末帧(退化),27305,后1/3段中位(不足60s),0.0180755,0.0180755,0.0180755,102.14,102.14,102.14,98.5371,,,,False,738.711,1.01769,2.14068,738.711,0,2.1402,-100.018,28253.7,-5,SW3,中途切换-1d9493,60.78,restep,ADC域,False,27696.8,0.998732,restep_k1.00,restep_only,1.3,1
84,15448.2,15364.2,15448.2,t_on+4.6~5.4s中位(=08-v6.1 P 口径),24171.5,t0+60s后中位,51.9203,-2.58941,51.9203,65.5442,65.5442,65.5442,-4.85703,,,,False,2879.18,0.888968,-37.9012,1756.25,-2879.18,151.92,34.4558,7977.13,-10070.3,SW4,中途切换-13ffca,8.41,onset,ADC域,True,32452.6,0.473434,restep_k1.00,restep_only,1.3,1
16085.4,22496.9,6411.47,22496.9,t_on+4.6~5.4s中位(=08-v6.1 P 口径),27884.7,t0+60s后中位,14.4804,-25.2495,14.4804,117.127,117.127,117.127,-69.5542,,,,False,3102.55,0.795033,-8.56288,0,-3102.55,114.48,-17.1271,928.407,-7509.57,SW4,中途切换-13ffca,18.68,restep,ADC域,False,32452.6,0.197564,restep_k1.00,restep_only,1.3,1
22912.5,24098.4,1185.96,24095.9,t_on+4.6~5.4s中位(=08-v6.1 P 口径),28247.1,t0+60s后中位,-56.5445,-56.5445,-56.5445,672.682,672.682,672.682,-406.575,,,,False,3102.55,0.287341,-112.368,0,-3102.55,43.2408,-572.896,-670.593,-7977.71,SW4,中途切换-13ffca,26.57,restep,ADC域,False,32452.6,0.0365443,restep_k1.00,restep_only,1.3,1
19465.9,24135.1,4669.26,24133.3,t_on+4.6~5.4s中位(=08-v6.1 P 口径),28278.7,t0+60s后中位,-15.163,-15.163,-15.163,144.209,144.209,144.209,-103.943,,,,False,3102.55,0.442134,-5.10672,0,-3102.55,84.7974,-44.2488,-708,-6733.49,SW4,中途切换-13ffca,27.6,restep,ADC域,False,32452.6,0.143879,restep_k1.00,restep_only,1.3,1
24634.7,21004.9,-3629.79,21002.6,t_on+4.6~5.4s中位(=08-v6.1 P 口径),31983.5,t0+60s后中位,578.617,96.0275,578.617,5.93317,5.93317,5.93317,881.14,,,,False,3829.87,-4.97259,-13.1987,0,-3829.87,-94.1305,-678.68,215.362,-21002.6,SW4,中途切换-13ffca,45.28,partial_unload,ADC域,True,32452.6,0.111849,restep_k1.00,restep_only,1.3,1
20983.1,24429.9,3446.83,24429.7,t_on+4.6~5.4s中位(=08-v6.1 P 口径),27976.3,后1/3段中位(不足60s),155.787,-97.7272,155.787,708.757,140.869,708.757,52.8916,,,,False,3829.87,0.869547,-87.9684,3760.74,-3829.87,255.78,-608.764,5369.7,-24429.7,SW4,中途切换-13ffca,61.37,restep,ADC域,False,32452.6,0.106211,restep_k1.00,restep_only,1.3,1
24442.4,79,-24363.4,78,t_on+4.6~5.4s中位(=08-v6.1 P 口径),27976.3,后1/3段中位(不足60s),0.320153,0.320153,0.320153,122.185,44.1723,122.185,114.829,,,0.01,True,3760.74,1.55688,-55.5076,3760.74,-3499.47,22.1805,-100.324,29768.3,-78,SW4,中途切换-13ffca,68.93,unload,ADC域,True,32452.6,0.750737,restep_k1.00,restep_only,1.3,1
75,27895.9,27820.9,27895.9,t_on+4.6~5.4s中位(=08-v6.1 P 口径),27976.3,后1/3段中位(不足60s),23.277,6.84185,23.277,100.067,38.3675,100.067,22.9881,,,,False,3760.74,1.10724,-54.8435,3760.74,-9.2776,123.277,-0.0670225,6475.88,-27839.6,SW4,中途切换-13ffca,88,onset,ADC域,True,32452.6,0.857278,restep_k1.00,restep_only,1.3,1
28337.8,30791.3,2453.48,30791.3,t_on+4.6~5.4s中位(=08-v6.1 P 口径),27976.3,后1/3段中位(不足60s),145.936,120.814,145.936,1252.71,14.6342,1252.71,260.671,,,,False,3542.31,1.04365,-84.5141,3542.31,0,245.936,-1152.71,3580.51,-30734.9,SW4,中途切换-13ffca,99.36,restep,ADC域,False,32452.6,0.0756019,restep_k1.00,restep_only,1.3,1
29453,32163.4,2710.38,32155.5,t_on+4.6~5.4s中位(=08-v6.1 P 口径),27976.3,后1/3段中位(不足60s),81.771,81.771,81.771,1184.31,-16.1642,1184.31,235.963,,,,False,2577.97,1.08586,-44.9436,2577.97,0,181.479,-1084.6,2216.3,-32099.1,SW4,中途切换-13ffca,104.24,restep,ADC域,True,32452.6,0.083518,restep_k1.00,restep_only,1.3,1
32462.6,81,-32381.6,83,t_on+4.6~5.4s中位(=08-v6.1 P 口径),27976.3,后1/3段中位(不足60s),0.0822885,0.0822885,0.0822885,102.677,102.677,102.677,86.2218,,,,False,1227.13,1.03091,2.75028,1227.13,0,2.68345,-100.076,33248.5,-26.6463,SW4,中途切换-13ffca,113.8,unload,ADC域,True,32452.6,0.99781,restep_k1.00,restep_only,1.3,1
0.549442,14.7073,14.1578,14.7057,t_on+4.6~5.4s中位(=08-v6.1 P 口径),1.16117,t0+60s后中位,5.13735,-0.788701,5.13735,76.7128,76.7128,76.7128,100.805,5.36,5.36,5.36,False,2.25141,0.850392,-25.053,1.70144,-2.25141,105.126,23.2759,0.727339,-10.8609,RT1,右拇指指尖/数据1,8.27,onset,显示域,False,19.5791,0.72311,restep_k1.05,restep_only,1.3,1.05
14.6375,15.8381,1.20052,15.8268,t_on+4.6~5.4s中位(=08-v6.1 P 口径),1.11186,t0+60s后中位,-32.8006,-32.8006,-32.8006,121.807,115.711,121.807,1192.91,,,,False,2.54718,-0.141274,-92.1817,-0.240574,-2.54718,66.2626,-22.7434,-0.393777,-1.46231,RT1,右拇指指尖/数据1,13.6,restep,显示域,True,19.5791,0.0613163,restep_k1.05,restep_only,1.3,1.05
20.0385,0.943245,-19.0952,0.924979,t_on+4.6~5.4s中位(=08-v6.1 P 口径),1.00147,后1/3段中位(不足60s),4.84404,4.84404,4.84404,68.3519,68.3519,68.3519,5.24462,0.03,0.03,0.03,False,5.41639,0.704422,-32.1383,0,-5.41639,-31.7438,-104.94,13.0519,-0.924979,RT1,右拇指指尖/数据1,115.37,unload,显示域,True,19.5791,0.975286,restep_k1.05,restep_only,1.3,1.05
0.290396,16.726,16.4356,16.726,t_on+4.6~5.4s中位(=08-v6.1 P 口径),19.7617,t0+60s后中位,-0.903003,-1.11299,-0.903003,90.4771,90.4771,90.4771,-19.3735,13.16,13.16,0.55,False,2.41547,0.868067,-12.9516,2.13354,-2.41547,99.097,9.52291,-0.148414,-14.8705,RT2,右拇指指尖/数据2,12.32,onset,显示域,True,22.0068,0.746843,restep_k1.05,restep_only,1.3,1.05
20.8432,22.0158,1.1726,22.0168,t_on+4.6~5.4s中位(=08-v6.1 P 口径),0.329168,t0+60s后中位,-422.213,-422.213,-422.213,1877.61,847.803,1877.61,1427.32,,,,False,6.2192,0.762284,-57.2386,0,-6.2192,-322.135,-1777.53,-4.95085,-22.0168,RT2,右拇指指尖/数据2,147.11,restep,显示域,True,22.0068,0.0532834,restep_k1.05,restep_only,1.3,1.05
22.131,0.9172,-21.2138,0.912841,t_on+4.6~5.4s中位(=08-v6.1 P 口径),0.365081,t0+60s后中位,4.30305,4.30305,4.30305,69.4751,69.4751,69.4751,1.72096,0.02,0.02,0.02,False,6.178,0.707494,-30.8666,0,-6.178,-30.5455,-104.324,14.7383,-0.912841,RT2,右拇指指尖/数据2,159.49,unload,显示域,True,22.0068,0.963968,restep_k1.05,restep_only,1.3,1.05
0.043,16.5567,16.5137,16.5389,t_on+4.6~5.4s中位(=08-v6.1 P 口径),20.5361,t0+60s后中位,13.5865,5.26309,13.5865,99.3294,99.3294,99.3294,-10.6188,,,,False,2.3674,1.00778,4.27365,2.3674,-0.177791,113.479,0.56317,2.24364,-16.4029,RT3,右拇指指尖/数据3,10.59,onset,显示域,True,21.2279,0.777921,restep_k1.05,restep_only,1.3,1.05
21.248,0.521318,-20.7267,0.518415,t_on+4.6~5.4s中位(=08-v6.1 P 口径),0.568345,后1/3段中位(不足60s),2.50119,2.50119,2.50119,64.933,64.933,64.933,2.74209,0.01,0.01,0.01,False,2.55519,0.83932,-35.8846,0,-2.55519,-35.081,-102.515,13.4585,-0.518415,RT3,右拇指指尖/数据3,135.7,unload,显示域,True,21.2279,0.976388,restep_k1.05,restep_only,1.3,1.05
0,15.2813,15.2813,15.2813,t_on+4.6~5.4s中位(=08-v6.1 P 口径),17.8094,t0+60s后中位,13.92,4.90794,13.92,100,100,100,-2.62435,,,,False,2.18736,1.01374,4.44779,2.18736,-0.0633991,113.92,0,2.12715,-15.2813,LT1,左拇指指尖/数据1,11.69,onset,显示域,True,18.1566,0.841637,restep_k1.05,restep_only,1.3,1.05
18.1567,0,-18.1567,0,t_on+4.6~5.4s中位(=08-v6.1 P 口径),0,后1/3段中位(不足60s),-0,-0,-0,80.2056,80.2056,80.2056,-0,0.13,0.13,0.13,False,1.36096,0.914532,-19.7944,0,-1.36096,-19.7944,-100,14.5627,0,LT1,左拇指指尖/数据1,147.52,unload,显示域,True,18.1566,1.00001,restep_k1.05,restep_only,1.3,1.05
0,16.1212,16.1212,16.1212,t_on+4.6~5.4s中位(=08-v6.1 P 口径),18.002,t0+60s后中位,4.41653,4.41653,4.41653,61.2823,61.2823,61.2823,-7.25037,1.96,1.96,1.96,False,2.41252,0.928446,-34.8288,2.41252,-1.10351,104.417,38.7177,0.711996,-9.87941,LT2,左拇指指尖/数据2,14.92,onset,显示域,True,18.6005,0.866705,restep_k1.05,restep_only,1.3,1.05
18.6041,0,-18.6041,0,t_on+4.6~5.4s中位(=08-v6.1 P 口径),0,后1/3段中位(不足60s),-0,-0,-0,75.2234,75.2234,75.2234,-0,0.01,0.01,0.01,False,1.91044,0.879885,-24.7766,0,-1.91044,-24.7766,-100,13.9946,0,LT2,左拇指指尖/数据2,140.92,unload,显示域,True,18.6005,1.00019,restep_k1.05,restep_only,1.3,1.05
0,17.5144,17.5144,17.5144,t_on+4.6~5.4s中位(=08-v6.1 P 口径),18.8563,t0+60s后中位,6.00244,3.74863,6.00244,66.7966,66.7966,66.7966,-1.65931,,,78.5,True,2.43854,1.00726,-30.064,2.43854,-0.0979361,106.002,33.2034,1.05129,-11.699,LT3,左拇指指尖/数据3,10.87,onset,显示域,True,19.3415,0.905531,restep_k1.05,restep_only,1.3,1.05
19.3469,0,-19.3469,0,t_on+4.6~5.4s中位(=08-v6.1 P 口径),0,t0+60s后中位,-0,-0,-0,85.7109,85.7109,85.7109,-0,0.03,0.03,0.03,False,0.912257,0.947855,-14.2891,0,-0.912257,-14.2891,-100,16.5824,0,LT3,左拇指指尖/数据3,132.59,unload,显示域,True,19.3415,1.00028,restep_k1.05,restep_only,1.3,1.05
0.064,13.3829,13.3189,13.3829,t_on+4.6~5.4s中位(=08-v6.1 P 口径),0.101758,t0+60s后中位,1.42838,-0.713968,1.42838,66.9611,66.9611,66.9611,101.145,0.5,0.5,0.5,False,2.08834,0.836811,-34.1411,1.80867,-2.08834,101.428,33.0389,0.190244,-8.91846,F41,四指指尖/数据1,10.94,onset,显示域,False,16.302,0.817011,restep_k1.05,restep_only,1.3,1.05
10.8737,13.5564,2.68271,13.5564,t_on+4.6~5.4s中位(=08-v6.1 P 口径),0.082,t0+60s后中位,0.624843,-5.30175,0.624843,15.4572,12.0927,15.4572,502.892,,,,False,2.09812,0.0223548,-100,1.26791,-2.09812,100.625,84.5428,0.0167627,-0.414672,F41,四指指尖/数据1,12.19,restep,显示域,False,16.302,0.164564,restep_k1.05,restep_only,1.3,1.05
16.4153,0.0723016,-16.343,0.0768358,t_on+4.6~5.4s中位(=08-v6.1 P 口径),0.073,后1/3段中位(不足60s),0.470146,0.470146,0.470146,54.7075,54.7075,54.7075,0.446675,0.01,0.01,0.01,False,3.01411,0.747895,-44.9918,0,-3.01411,-45.2648,-100.442,8.94083,-0.0768358,F41,四指指尖/数据1,130.75,unload,显示域,True,16.302,1.00252,restep_k1.05,restep_only,1.3,1.05
0.063,14.7479,14.6849,14.7479,t_on+4.6~5.4s中位(=08-v6.1 P 口径),9.57269,t0+60s后中位,-1.5592,-1.67035,-1.5592,92.5463,92.5463,92.5463,33.6827,0.52,0.52,0.52,False,2.06458,0.894072,-9.8187,2.06458,-1.89832,98.4408,7.45373,-0.228967,-13.5904,F42,四指指尖/数据2,11.03,onset,显示域,True,17.0396,0.861814,restep_k1.05,restep_only,1.3,1.05
17.0666,0.0910805,-16.9755,0.091,t_on+4.6~5.4s中位(=08-v6.1 P 口径),0.0823702,后1/3段中位(不足60s),0.536066,0.536066,0.536066,86.7172,86.7172,86.7172,0.485229,0.02,0.02,0.02,False,2.37296,0.861187,-13.0026,0,-2.37296,-13.2833,-100.537,14.7207,-0.091,F42,四指指尖/数据2,130.78,unload,显示域,True,17.0396,0.996243,restep_k1.05,restep_only,1.3,1.05
0.068,15.3126,15.2446,15.3126,t_on+4.6~5.4s中位(=08-v6.1 P 口径),16.9838,t0+60s后中位,5.98032,3.27744,5.98032,78.8833,78.8833,78.8833,-4.98258,33.72,33.72,33.72,False,2.21537,0.985034,-18.3292,2.21537,-0.604318,105.98,21.1167,0.911675,-12.0254,F43,四指指尖/数据3,11,onset,显示域,True,17.4353,0.874349,restep_k1.05,restep_only,1.3,1.05
17.4903,0.560628,-16.9297,0.585277,t_on+4.6~5.4s中位(=08-v6.1 P 口径),0.0956784,后1/3段中位(不足60s),3.4571,3.4571,3.4571,72.2411,72.2411,72.2411,0.565151,0.09,0.09,0.09,False,1.37426,0.902485,-24.4967,0,-1.37426,-27.6133,-103.312,12.2302,-0.585277,F43,四指指尖/数据3,140.4,unload,显示域,True,17.4353,0.971,restep_k1.05,restep_only,1.3,1.05
76,4241.75,4165.75,4241.75,t_on+4.6~5.4s中位(=08-v6.1 P 口径),22201.8,t0+60s后中位,194.206,0.763056,194.206,74.5707,74.5707,74.5707,-236.931,,,3.38,True,889.269,0.951611,-29.2666,725.647,-889.269,294.206,25.4293,8090.13,-3106.43,SW1,切换负载-快相无责,10.84,onset,ADC域,True,27937.6,0.149109,restep_k1.05,restep_only,1.3,1.05
4811.46,11606.1,6794.66,11606.1,t_on+4.6~5.4s中位(=08-v6.1 P 口径),25339.1,t0+60s后中位,10.6815,10.6815,10.6815,34.9809,34.9809,34.9809,-191.433,,,,False,1092.13,4.46888,-125.805,292.527,-1092.13,110.681,65.0191,725.77,-2376.83,SW1,切换负载-快相无责,28.63,onset,ADC域,True,27937.6,0.243208,restep_k1.05,restep_only,1.3,1.05
12297.8,16207.4,3909.6,16202.1,t_on+4.6~5.4s中位(=08-v6.1 P 口径),25571.5,t0+60s后中位,11.2175,11.2175,11.2175,313.031,313.031,313.031,-228.432,,,,False,4530.02,0.473269,-286.711,0,-4530.02,111.084,-213.164,438.558,-12238.3,SW1,切换负载-快相无责,71.67,restep,ADC域,False,27937.6,0.139941,restep_k1.05,restep_only,1.3,1.05
5447.1,18092.5,12645.4,18092.5,t_on+4.6~5.4s中位(=08-v6.1 P 口径),25607.5,t0+60s后中位,-11.4812,-11.4812,-11.4812,109.287,109.287,109.287,-70.9096,,,,False,4530.02,0.485272,-69.4172,-981.721,-4530.02,88.5188,-9.28703,-1451.85,-13819.8,SW1,切换负载-快相无责,75.89,onset,ADC域,True,27937.6,0.452632,restep_k1.05,restep_only,1.3,1.05
19384.4,25851.7,6467.25,25850.6,t_on+4.6~5.4s中位(=08-v6.1 P 口径),22087.3,t0+60s后中位,44.2506,-72.7151,44.2506,399.715,204.228,399.715,102.44,,,,False,5456.51,0.740911,31.2991,3412.48,-5456.51,144.234,-299.732,2861.8,-25850.6,SW1,切换负载-快相无责,110.45,restep,ADC域,True,27937.6,0.231489,restep_k1.05,restep_only,1.3,1.05
26333.3,25386,-947.345,25386,t_on+4.6~5.4s中位(=08-v6.1 P 口径),20401.6,t0+60s后中位,2679.7,2679.7,2679.7,361.533,197.342,361.533,2153.55,,,,False,5438.54,9.40511,2139.65,3412.48,-5438.54,261.533,-2779.7,3424.96,-25386,SW1,切换负载-快相无责,129.37,partial_unload,ADC域,False,27937.6,0.0339094,restep_k1.05,restep_only,1.3,1.05
61.0611,27163.2,27102.1,27163.8,t_on+4.6~5.4s中位(=08-v6.1 P 口径),20127.8,t0+60s后中位,6.17084,5.71397,6.17084,99.9692,99.9692,99.9692,32.1318,,,,False,3412.48,1.04095,5.10513,3412.48,-4.67081,106.173,0.0329822,1672.43,-27093.8,SW1,切换负载-快相无责,133.83,onset,ADC域,True,27937.6,0.970096,restep_k1.05,restep_only,1.3,1.05
28005.2,24408.4,-3596.88,24408.4,t_on+4.6~5.4s中位(=08-v6.1 P 口径),25340.8,t0+60s后中位,677.531,677.531,677.531,104.978,104.978,104.978,703.454,,,,False,4034.83,3.8749,656.668,4034.83,-766.455,4.97778,-777.531,3775.93,-24370,SW1,切换负载-快相无责,182.03,partial_unload,ADC域,False,27937.6,0.128747,restep_k1.05,restep_only,1.3,1.05
52.8433,25248,25195.2,25248,t_on+4.6~5.4s中位(=08-v6.1 P 口径),60.6632,t0+60s后中位,11.654,11.654,11.654,100.004,100.004,100.004,111.623,,,2.4,True,4034.83,0.976083,10.9136,4034.83,-792.104,111.654,-0.00352015,2936.26,-25196.1,SW1,切换负载-快相无责,185.97,onset,ADC域,True,27937.6,0.901839,restep_k1.05,restep_only,1.3,1.05
26086,22170.5,-3915.48,22169.8,t_on+4.6~5.4s中位(=08-v6.1 P 口径),22086.1,后1/3段中位(不足60s),495.409,145.871,495.409,25.9689,25.9689,25.9689,493.272,,,,False,2732.12,1.19357,-59.6826,0,-2732.12,-74.0494,-595.427,1016.81,-19397.7,SW1,切换负载-快相无责,202.65,partial_unload,ADC域,True,27937.6,0.140151,restep_k1.05,restep_only,1.3,1.05
22149.6,5769,-16380.6,5767.93,t_on+4.6~5.4s中位(=08-v6.1 P 口径),22086.1,后1/3段中位(不足60s),31.6335,9.31716,31.6335,113.658,93.6629,113.658,131.252,,,,False,2865.19,1.07486,2.91274,0,-2865.19,13.6511,-131.64,18617.8,-5181.77,SW1,切换负载-快相无责,212.4,partial_unload,ADC域,False,27937.6,0.58633,restep_k1.05,restep_only,1.3,1.05
5760.84,11857,6096.16,11857,t_on+4.6~5.4s中位(=08-v6.1 P 口径),22086.1,后1/3段中位(不足60s),205.519,-8.49026,205.519,184.884,116.941,184.884,37.7224,,,,False,2865.19,0.871199,-39.929,0,-2865.19,305.519,-84.8842,12528.8,-11270.8,SW1,切换负载-快相无责,217.74,restep,ADC域,True,27937.6,0.218206,restep_k1.05,restep_only,1.3,1.05
12122.3,19875.9,7753.67,19875.9,t_on+4.6~5.4s中位(=08-v6.1 P 口径),22086.1,后1/3段中位(不足60s),58.1637,-26.0894,58.1637,256.343,248.783,256.343,29.6585,,,,False,2865.19,0.77667,-146.248,0,-2865.19,158.164,-156.343,4509.82,-19875.9,SW1,切换负载-快相无责,230.64,restep,ADC域,False,27937.6,0.277535,restep_k1.05,restep_only,1.3,1.05
5210.44,20245.8,15035.4,20245.8,t_on+4.6~5.4s中位(=08-v6.1 P 口径),22086.1,后1/3段中位(不足60s),27.5345,-15.9144,27.5345,134.654,125.878,134.654,15.2947,,,,False,2865.19,0.477763,9.67191,0,-2865.19,127.534,-34.6545,4139.92,-20245.8,SW1,切换负载-快相无责,233.05,onset,ADC域,False,27937.6,0.538179,restep_k1.05,restep_only,1.3,1.05
20414.6,25671.8,5257.15,25671.8,t_on+4.6~5.4s中位(=08-v6.1 P 口径),22086.1,后1/3段中位(不足60s),-24.4625,-24.4625,-24.4625,488.321,145.679,488.321,43.7427,,,,False,2781.27,0.87731,-4.80354,0,-2781.27,75.5375,-388.321,-1286.03,-25671.8,SW1,切换负载-快相无责,240.72,restep,ADC域,True,27937.6,0.188175,restep_k1.05,restep_only,1.3,1.05
25868,55,-25813,54.9693,t_on+4.6~5.4s中位(=08-v6.1 P 口径),22086.1,后1/3段中位(不足60s),0.212952,0.212952,0.212952,70.7728,70.7728,70.7728,85.5622,,,,False,2589.24,0.875862,-29.2467,0,-2589.24,-29.2273,-100.213,18268.6,-54.9693,SW1,切换负载-快相无责,249.63,unload,ADC域,True,27937.6,0.923952,restep_k1.05,restep_only,1.3,1.05
62,14458.3,14396.3,14458.3,t_on+4.6~5.4s中位(=08-v6.1 P 口径),24133.2,后1/3段中位(不足60s),57.7471,12.8457,57.7471,100.431,55.3875,100.431,-9.45693,,,,False,2396.66,1.00123,-39.0392,2396.66,-371.314,157.747,-0.430665,8313.46,-14458.3,SW2,再切换负载,11.79,onset,ADC域,False,25866.3,0.556567,restep_k1.05,restep_only,1.3,1.05
13424.9,14858.2,1433.25,14852.5,t_on+4.6~5.4s中位(=08-v6.1 P 口径),24133.2,后1/3段中位(不足60s),561.088,101.529,561.088,1036.28,3.8833,1036.28,-86.4462,,,,False,2396.66,1.04028,-100,2396.66,-371.314,660.692,-936.677,8041.78,-14852.5,SW2,再切换负载,13.7,restep,ADC域,False,25866.3,0.0554099,restep_k1.05,restep_only,1.3,1.05
14922.6,15402.5,479.895,15402.8,t_on+4.6~5.4s中位(=08-v6.1 P 口径),24133.2,后1/3段中位(不足60s),1687.5,188.56,1687.5,3209.61,126.263,3209.61,-131.752,,,,False,2396.66,0.990165,-100,2396.66,-286.275,1787.55,-3109.55,8098.22,-15402.8,SW2,再切换负载,14.86,restep,ADC域,False,25866.3,0.0185529,restep_k1.05,restep_only,1.3,1.05
16009.1,17425.7,1416.62,17425.7,t_on+4.6~5.4s中位(=08-v6.1 P 口径),24133.2,后1/3段中位(不足60s),669.478,4.50835,669.478,1230.09,1230.09,1230.09,195.989,,,,False,3721.65,0.920553,-849.784,3721.65,-280.322,769.478,-1130.09,9483.97,-17425.7,SW2,再切换负载,31.22,restep,ADC域,False,25866.3,0.0547671,restep_k1.05,restep_only,1.3,1.05
37.3925,21643.5,21606.1,21639.1,t_on+4.6~5.4s中位(=08-v6.1 P 口径),24133.2,后1/3段中位(不足60s),26.0431,4.94649,26.0431,100.042,84.0485,100.042,14.4993,,,,False,3721.65,1,-11.5112,3721.65,-14.153,126.023,-0.0619851,5626.89,-21615.1,SW2,再切换负载,35.96,onset,ADC域,True,25866.3,0.835298,restep_k1.05,restep_only,1.3,1.05
22655,38.6558,-22616.3,38.4964,t_on+4.6~5.4s中位(=08-v6.1 P 口径),24133.2,后1/3段中位(不足60s),0.0640968,0.0640968,0.0640968,120.857,28.4329,120.857,106.601,,,,False,3721.65,1.02364,-71.5477,3721.65,0,20.8565,-100.065,27333.5,-14.4964,SW2,再切换负载,50.61,unload,ADC域,False,25866.3,0.874356,restep_k1.05,restep_only,1.3,1.05
38,25209.3,25171.3,25209.3,t_on+4.6~5.4s中位(=08-v6.1 P 口径),24133.2,后1/3段中位(不足60s),8.59178,7.23358,8.59178,97.159,97.159,97.159,12.8668,,,,False,3721.65,1.05594,3.75257,3721.65,0,108.592,2.84099,2162.66,-24456.2,SW2,再切换负载,57.3,onset,ADC域,True,25866.3,0.973132,restep_k1.05,restep_only,1.3,1.05
69.5794,17701.9,17632.3,17701.9,t_on+4.6~5.4s中位(=08-v6.1 P 口径),27305,后1/3段中位(不足60s),59.185,-12.2599,59.185,100.395,68.625,100.395,4.72135,,,,False,5673.69,1.0086,-44.2226,3863.6,-5673.69,159.185,-0.394614,10435.7,-17701.9,SW3,中途切换-1d9493,10.92,onset,ADC域,True,27696.8,0.636617,restep_k1.05,restep_only,1.3,1.05
18559.6,25621.5,7061.97,25621.5,t_on+4.6~5.4s中位(=08-v6.1 P 口径),27305,后1/3段中位(不足60s),38.1369,-62.1643,38.1369,362.81,134.24,362.81,14.298,,,,False,5673.69,1.92949,-30.5925,3863.6,-5673.69,138.137,-262.81,2693.22,-25621.5,SW3,中途切换-1d9493,20.72,restep,ADC域,True,27696.8,0.254974,restep_k1.05,restep_only,1.3,1.05
25979,52,-25927,52,t_on+4.6~5.4s中位(=08-v6.1 P 口径),27305,后1/3段中位(不足60s),0.200563,0.200563,0.200563,109.297,79.5771,109.297,105.315,,,,False,5673.69,7.69751,-20.3925,3863.6,-5673.69,9.29691,-100.201,28337.4,-52,SW3,中途切换-1d9493,30.68,unload,ADC域,True,27696.8,0.9361,restep_k1.05,restep_only,1.3,1.05
55.4942,26638.1,26582.6,26638.1,t_on+4.6~5.4s中位(=08-v6.1 P 口径),27305,后1/3段中位(不足60s),6.65576,5.64072,6.65576,100.028,85.9799,100.028,4.14672,,,,False,3863.6,1.02524,-8.79812,3863.6,0,106.656,-0.0281922,1769.27,-26590.1,SW3,中途切换-1d9493,39.08,onset,ADC域,True,27696.8,0.959769,restep_k1.05,restep_only,1.3,1.05
27714.7,53,-27661.7,53,段末帧(退化),27305,后1/3段中位(不足60s),0.0180755,0.0180755,0.0180755,102.137,102.137,102.137,98.5371,,,,False,737.457,1.01766,2.13767,737.457,0,2.13719,-100.018,28252.9,-5,SW3,中途切换-1d9493,60.78,restep,ADC域,False,27696.8,0.998732,restep_k1.05,restep_only,1.3,1.05
84,15448.2,15364.2,15448.2,t_on+4.6~5.4s中位(=08-v6.1 P 口径),24171.5,t0+60s后中位,51.9203,-2.58941,51.9203,65.5442,65.5442,65.5442,-4.85703,,,,False,2320.19,0.916339,-37.9012,1756.25,-2320.19,151.92,34.4558,7977.13,-10070.3,SW4,中途切换-13ffca,8.41,onset,ADC域,True,32452.6,0.473434,restep_k1.05,restep_only,1.3,1.05
16085.4,22496.9,6411.47,22496.9,t_on+4.6~5.4s中位(=08-v6.1 P 口径),27884.7,t0+60s后中位,14.4804,-20.6635,14.4804,117.127,117.127,117.127,-69.5542,,,,False,2563.24,0.864464,-3.99886,0,-2563.24,114.48,-17.1271,928.407,-7509.57,SW4,中途切换-13ffca,18.68,restep,ADC域,False,32452.6,0.197564,restep_k1.05,restep_only,1.3,1.05
22912.5,24098.4,1185.96,24095.9,t_on+4.6~5.4s中位(=08-v6.1 P 口径),28247.1,t0+60s后中位,-56.5445,-56.5445,-56.5445,648.508,648.508,648.508,-406.575,,,,False,2563.24,0.423421,-114.194,0,-2563.24,43.2408,-548.723,-670.593,-7691.02,SW4,中途切换-13ffca,26.57,restep,ADC域,False,32452.6,0.0365443,restep_k1.05,restep_only,1.3,1.05
19465.9,24135.1,4669.26,24133.3,t_on+4.6~5.4s中位(=08-v6.1 P 口径),28278.7,t0+60s后中位,-15.163,-15.163,-15.163,138.063,138.063,138.063,-103.943,,,,False,2563.24,0.541493,-0.405758,0,-2563.24,84.7974,-38.1025,-708,-6446.51,SW4,中途切换-13ffca,27.6,restep,ADC域,False,32452.6,0.143879,restep_k1.05,restep_only,1.3,1.05
24634.7,21004.9,-3629.79,21002.6,t_on+4.6~5.4s中位(=08-v6.1 P 口径),31983.5,t0+60s后中位,578.617,83.5716,578.617,20.7752,20.7752,20.7752,881.14,,,,False,3225.11,-6.21005,-11.1836,0,-3225.11,-79.2885,-678.68,754.095,-21002.6,SW4,中途切换-13ffca,45.28,partial_unload,ADC域,True,32452.6,0.111849,restep_k1.05,restep_only,1.3,1.05
20983.1,24429.9,3446.83,24429.7,t_on+4.6~5.4s中位(=08-v6.1 P 口径),27976.3,后1/3段中位(不足60s),155.787,-83.4157,155.787,708.757,128.276,708.757,52.8916,,,,False,3760.74,0.888105,-87.9684,3760.74,-3225.11,255.78,-608.764,5369.7,-24429.7,SW4,中途切换-13ffca,61.37,restep,ADC域,False,32452.6,0.106211,restep_k1.05,restep_only,1.3,1.05
24442.4,79,-24363.4,78,t_on+4.6~5.4s中位(=08-v6.1 P 口径),27976.3,后1/3段中位(不足60s),0.320153,0.320153,0.320153,122.185,46.3047,122.185,114.829,,,0.01,True,3760.74,1.51418,-53.3752,3760.74,-2979.95,22.1805,-100.324,29768.3,-78,SW4,中途切换-13ffca,68.93,unload,ADC域,True,32452.6,0.750737,restep_k1.05,restep_only,1.3,1.05
75,27895.9,27820.9,27895.9,t_on+4.6~5.4s中位(=08-v6.1 P 口径),27976.3,后1/3段中位(不足60s),23.277,6.84185,23.277,100.067,38.3675,100.067,22.9881,,,,False,3760.74,1.10724,-54.8435,3760.74,-9.2776,123.277,-0.0670225,6475.88,-27839.6,SW4,中途切换-13ffca,88,onset,ADC域,True,32452.6,0.857278,restep_k1.05,restep_only,1.3,1.05
28337.8,30791.3,2453.48,30791.3,t_on+4.6~5.4s中位(=08-v6.1 P 口径),27976.3,后1/3段中位(不足60s),145.936,120.814,145.936,1252.71,14.6342,1252.71,260.671,,,,False,3542.31,1.04365,-84.5141,3542.31,0,245.936,-1152.71,3580.51,-30734.9,SW4,中途切换-13ffca,99.36,restep,ADC域,False,32452.6,0.0756019,restep_k1.05,restep_only,1.3,1.05
29453,32163.4,2710.38,32155.5,t_on+4.6~5.4s中位(=08-v6.1 P 口径),27976.3,后1/3段中位(不足60s),81.771,81.771,81.771,1184.31,-16.1642,1184.31,235.963,,,,False,2577.97,1.08586,-44.9436,2577.97,0,181.479,-1084.6,2216.3,-32099.1,SW4,中途切换-13ffca,104.24,restep,ADC域,True,32452.6,0.083518,restep_k1.05,restep_only,1.3,1.05
32462.6,81,-32381.6,83,t_on+4.6~5.4s中位(=08-v6.1 P 口径),27976.3,后1/3段中位(不足60s),0.0822885,0.0822885,0.0822885,102.677,102.677,102.677,86.2218,,,,False,1227.13,1.03091,2.75028,1227.13,0,2.68345,-100.076,33248.5,-26.6463,SW4,中途切换-13ffca,113.8,unload,ADC域,True,32452.6,0.99781,restep_k1.05,restep_only,1.3,1.05
0.549442,14.7073,14.1578,14.7057,t_on+4.6~5.4s中位(=08-v6.1 P 口径),1.16117,t0+60s后中位,5.13735,-0.788701,5.13735,76.7128,76.7128,76.7128,100.805,5.36,5.36,5.36,False,2.25141,0.850392,-25.053,1.70144,-2.25141,105.126,23.2759,0.727339,-10.8609,RT1,右拇指指尖/数据1,8.27,onset,显示域,False,19.5791,0.72311,restep_k1.10,restep_only,1.3,1.1
14.6375,15.8381,1.20052,15.8268,t_on+4.6~5.4s中位(=08-v6.1 P 口径),1.11186,t0+60s后中位,-32.8006,-32.8006,-32.8006,121.807,115.711,121.807,1192.91,,,,False,2.54718,-0.141274,-92.1817,-0.240574,-2.54718,66.2626,-22.7434,-0.393777,-1.46231,RT1,右拇指指尖/数据1,13.6,restep,显示域,True,19.5791,0.0613163,restep_k1.10,restep_only,1.3,1.1
20.0385,0.943245,-19.0952,0.924979,t_on+4.6~5.4s中位(=08-v6.1 P 口径),1.00147,后1/3段中位(不足60s),4.84404,4.84404,4.84404,68.3519,68.3519,68.3519,5.24462,0.03,0.03,0.03,False,5.41639,0.704422,-32.1383,0,-5.41639,-31.7438,-104.94,13.0519,-0.924979,RT1,右拇指指尖/数据1,115.37,unload,显示域,True,19.5791,0.975286,restep_k1.10,restep_only,1.3,1.1
0.290396,16.726,16.4356,16.726,t_on+4.6~5.4s中位(=08-v6.1 P 口径),19.7617,t0+60s后中位,-0.903003,-1.11299,-0.903003,90.4771,90.4771,90.4771,-19.3735,13.16,13.16,0.55,False,2.41547,0.868067,-12.9516,2.13354,-2.41547,99.097,9.52291,-0.148414,-14.8705,RT2,右拇指指尖/数据2,12.32,onset,显示域,True,22.0068,0.746843,restep_k1.10,restep_only,1.3,1.1
20.8432,22.0158,1.1726,22.0168,t_on+4.6~5.4s中位(=08-v6.1 P 口径),0.329168,t0+60s后中位,-422.213,-422.213,-422.213,1877.61,847.803,1877.61,1427.32,,,,False,6.2192,0.762284,-57.2386,0,-6.2192,-322.135,-1777.53,-4.95085,-22.0168,RT2,右拇指指尖/数据2,147.11,restep,显示域,True,22.0068,0.0532834,restep_k1.10,restep_only,1.3,1.1
22.131,0.9172,-21.2138,0.912841,t_on+4.6~5.4s中位(=08-v6.1 P 口径),0.365081,t0+60s后中位,4.30305,4.30305,4.30305,69.4751,69.4751,69.4751,1.72096,0.02,0.02,0.02,False,6.178,0.707494,-30.8666,0,-6.178,-30.5455,-104.324,14.7383,-0.912841,RT2,右拇指指尖/数据2,159.49,unload,显示域,True,22.0068,0.963968,restep_k1.10,restep_only,1.3,1.1
0.043,16.5567,16.5137,16.5389,t_on+4.6~5.4s中位(=08-v6.1 P 口径),20.5361,t0+60s后中位,13.5865,5.26309,13.5865,99.3294,99.3294,99.3294,-10.6188,,,,False,2.3674,1.00778,4.27365,2.3674,-0.177791,113.479,0.56317,2.24364,-16.4029,RT3,右拇指指尖/数据3,10.59,onset,显示域,True,21.2279,0.777921,restep_k1.10,restep_only,1.3,1.1
21.248,0.521318,-20.7267,0.518415,t_on+4.6~5.4s中位(=08-v6.1 P 口径),0.568345,后1/3段中位(不足60s),2.50119,2.50119,2.50119,64.933,64.933,64.933,2.74209,0.01,0.01,0.01,False,2.55519,0.83932,-35.8846,0,-2.55519,-35.081,-102.515,13.4585,-0.518415,RT3,右拇指指尖/数据3,135.7,unload,显示域,True,21.2279,0.976388,restep_k1.10,restep_only,1.3,1.1
0,15.2813,15.2813,15.2813,t_on+4.6~5.4s中位(=08-v6.1 P 口径),17.8094,t0+60s后中位,13.92,4.90794,13.92,100,100,100,-2.62435,,,,False,2.18736,1.01374,4.44779,2.18736,-0.0633991,113.92,0,2.12715,-15.2813,LT1,左拇指指尖/数据1,11.69,onset,显示域,True,18.1566,0.841637,restep_k1.10,restep_only,1.3,1.1
18.1567,0,-18.1567,0,t_on+4.6~5.4s中位(=08-v6.1 P 口径),0,后1/3段中位(不足60s),-0,-0,-0,80.2056,80.2056,80.2056,-0,0.13,0.13,0.13,False,1.36096,0.914532,-19.7944,0,-1.36096,-19.7944,-100,14.5627,0,LT1,左拇指指尖/数据1,147.52,unload,显示域,True,18.1566,1.00001,restep_k1.10,restep_only,1.3,1.1
0,16.1212,16.1212,16.1212,t_on+4.6~5.4s中位(=08-v6.1 P 口径),18.002,t0+60s后中位,4.41653,4.41653,4.41653,61.2823,61.2823,61.2823,-7.25037,1.96,1.96,1.96,False,2.41252,0.928446,-34.8288,2.41252,-1.10351,104.417,38.7177,0.711996,-9.87941,LT2,左拇指指尖/数据2,14.92,onset,显示域,True,18.6005,0.866705,restep_k1.10,restep_only,1.3,1.1
18.6041,0,-18.6041,0,t_on+4.6~5.4s中位(=08-v6.1 P 口径),0,后1/3段中位(不足60s),-0,-0,-0,75.2234,75.2234,75.2234,-0,0.01,0.01,0.01,False,1.91044,0.879885,-24.7766,0,-1.91044,-24.7766,-100,13.9946,0,LT2,左拇指指尖/数据2,140.92,unload,显示域,True,18.6005,1.00019,restep_k1.10,restep_only,1.3,1.1
0,17.5144,17.5144,17.5144,t_on+4.6~5.4s中位(=08-v6.1 P 口径),18.8563,t0+60s后中位,6.00244,3.74863,6.00244,66.7966,66.7966,66.7966,-1.65931,,,78.5,True,2.43854,1.00726,-30.064,2.43854,-0.0979361,106.002,33.2034,1.05129,-11.699,LT3,左拇指指尖/数据3,10.87,onset,显示域,True,19.3415,0.905531,restep_k1.10,restep_only,1.3,1.1
19.3469,0,-19.3469,0,t_on+4.6~5.4s中位(=08-v6.1 P 口径),0,t0+60s后中位,-0,-0,-0,85.7109,85.7109,85.7109,-0,0.03,0.03,0.03,False,0.912257,0.947855,-14.2891,0,-0.912257,-14.2891,-100,16.5824,0,LT3,左拇指指尖/数据3,132.59,unload,显示域,True,19.3415,1.00028,restep_k1.10,restep_only,1.3,1.1
0.064,13.3829,13.3189,13.3829,t_on+4.6~5.4s中位(=08-v6.1 P 口径),0.101758,t0+60s后中位,1.42838,-0.713968,1.42838,66.9611,66.9611,66.9611,101.145,0.5,0.5,0.5,False,2.08834,0.836811,-34.1411,1.80867,-2.08834,101.428,33.0389,0.190244,-8.91846,F41,四指指尖/数据1,10.94,onset,显示域,False,16.302,0.817011,restep_k1.10,restep_only,1.3,1.1
10.8737,13.5564,2.68271,13.5564,t_on+4.6~5.4s中位(=08-v6.1 P 口径),0.082,t0+60s后中位,0.624843,-5.30175,0.624843,15.4572,12.0927,15.4572,502.892,,,,False,2.09812,0.0223548,-100,1.26791,-2.09812,100.625,84.5428,0.0167627,-0.414672,F41,四指指尖/数据1,12.19,restep,显示域,False,16.302,0.164564,restep_k1.10,restep_only,1.3,1.1
16.4153,0.0723016,-16.343,0.0768358,t_on+4.6~5.4s中位(=08-v6.1 P 口径),0.073,后1/3段中位(不足60s),0.470146,0.470146,0.470146,54.7075,54.7075,54.7075,0.446675,0.01,0.01,0.01,False,3.01411,0.747895,-44.9918,0,-3.01411,-45.2648,-100.442,8.94083,-0.0768358,F41,四指指尖/数据1,130.75,unload,显示域,True,16.302,1.00252,restep_k1.10,restep_only,1.3,1.1
0.063,14.7479,14.6849,14.7479,t_on+4.6~5.4s中位(=08-v6.1 P 口径),9.57269,t0+60s后中位,-1.5592,-1.67035,-1.5592,92.5463,92.5463,92.5463,33.6827,0.52,0.52,0.52,False,2.06458,0.894072,-9.8187,2.06458,-1.89832,98.4408,7.45373,-0.228967,-13.5904,F42,四指指尖/数据2,11.03,onset,显示域,True,17.0396,0.861814,restep_k1.10,restep_only,1.3,1.1
17.0666,0.0910805,-16.9755,0.091,t_on+4.6~5.4s中位(=08-v6.1 P 口径),0.0823702,后1/3段中位(不足60s),0.536066,0.536066,0.536066,86.7172,86.7172,86.7172,0.485229,0.02,0.02,0.02,False,2.37296,0.861187,-13.0026,0,-2.37296,-13.2833,-100.537,14.7207,-0.091,F42,四指指尖/数据2,130.78,unload,显示域,True,17.0396,0.996243,restep_k1.10,restep_only,1.3,1.1
0.068,15.3126,15.2446,15.3126,t_on+4.6~5.4s中位(=08-v6.1 P 口径),16.9838,t0+60s后中位,5.98032,3.27744,5.98032,78.8833,78.8833,78.8833,-4.98258,33.72,33.72,33.72,False,2.21537,0.985034,-18.3292,2.21537,-0.604318,105.98,21.1167,0.911675,-12.0254,F43,四指指尖/数据3,11,onset,显示域,True,17.4353,0.874349,restep_k1.10,restep_only,1.3,1.1
17.4903,0.560628,-16.9297,0.585277,t_on+4.6~5.4s中位(=08-v6.1 P 口径),0.0956784,后1/3段中位(不足60s),3.4571,3.4571,3.4571,72.2411,72.2411,72.2411,0.565151,0.09,0.09,0.09,False,1.37426,0.902485,-24.4967,0,-1.37426,-27.6133,-103.312,12.2302,-0.585277,F43,四指指尖/数据3,140.4,unload,显示域,True,17.4353,0.971,restep_k1.10,restep_only,1.3,1.1
76,4241.75,4165.75,4241.75,t_on+4.6~5.4s中位(=08-v6.1 P 口径),22201.8,t0+60s后中位,194.206,0.763056,194.206,74.5707,74.5707,74.5707,-236.931,,,3.38,True,889.269,0.951611,-29.2666,725.647,-889.269,294.206,25.4293,8090.13,-3106.43,SW1,切换负载-快相无责,10.84,onset,ADC域,True,27937.6,0.149109,restep_k1.10,restep_only,1.3,1.1
4811.46,11606.1,6794.66,11606.1,t_on+4.6~5.4s中位(=08-v6.1 P 口径),25339.1,t0+60s后中位,10.6815,10.6815,10.6815,34.9809,34.9809,34.9809,-191.433,,,,False,1092.13,4.46888,-125.805,292.527,-1092.13,110.681,65.0191,725.77,-2376.83,SW1,切换负载-快相无责,28.63,onset,ADC域,True,27937.6,0.243208,restep_k1.10,restep_only,1.3,1.1
12297.8,16207.4,3909.6,16202.1,t_on+4.6~5.4s中位(=08-v6.1 P 口径),25571.5,t0+60s后中位,11.2175,11.2175,11.2175,313.031,313.031,313.031,-228.432,,,,False,4530.02,0.473269,-286.711,0,-4530.02,111.084,-213.164,438.558,-12238.3,SW1,切换负载-快相无责,71.67,restep,ADC域,False,27937.6,0.139941,restep_k1.10,restep_only,1.3,1.1
5447.1,18092.5,12645.4,18092.5,t_on+4.6~5.4s中位(=08-v6.1 P 口径),25607.5,t0+60s后中位,-11.4812,-11.4812,-11.4812,109.163,109.163,109.163,-70.9096,,,,False,4530.02,0.485272,-69.4172,-966.08,-4530.02,88.5188,-9.16334,-1451.85,-13804.2,SW1,切换负载-快相无责,75.89,onset,ADC域,True,27937.6,0.452632,restep_k1.10,restep_only,1.3,1.1
19384.4,25851.7,6467.25,25850.6,t_on+4.6~5.4s中位(=08-v6.1 P 口径),22087.3,t0+60s后中位,44.2506,-72.7151,44.2506,399.715,204.228,399.715,102.44,,,,False,5456.51,0.740911,31.2991,3412.48,-5456.51,144.234,-299.732,2861.8,-25850.6,SW1,切换负载-快相无责,110.45,restep,ADC域,True,27937.6,0.231489,restep_k1.10,restep_only,1.3,1.1
26333.3,25386,-947.345,25386,t_on+4.6~5.4s中位(=08-v6.1 P 口径),20401.6,t0+60s后中位,2679.7,2679.7,2679.7,361.533,197.342,361.533,2153.55,,,,False,5438.54,9.40511,2139.65,3412.48,-5438.54,261.533,-2779.7,3424.96,-25386,SW1,切换负载-快相无责,129.37,partial_unload,ADC域,False,27937.6,0.0339094,restep_k1.10,restep_only,1.3,1.1
61.0611,27163.2,27102.1,27163.8,t_on+4.6~5.4s中位(=08-v6.1 P 口径),20127.8,t0+60s后中位,6.17084,5.71397,6.17084,99.9692,99.9692,99.9692,32.1318,,,,False,3412.48,1.04095,5.10513,3412.48,-4.67081,106.173,0.0329822,1672.43,-27093.8,SW1,切换负载-快相无责,133.83,onset,ADC域,True,27937.6,0.970096,restep_k1.10,restep_only,1.3,1.1
28005.2,24408.4,-3596.88,24408.4,t_on+4.6~5.4s中位(=08-v6.1 P 口径),25340.8,t0+60s后中位,677.531,677.531,677.531,104.978,104.978,104.978,703.454,,,,False,4034.83,3.8749,656.668,4034.83,-766.455,4.97778,-777.531,3775.93,-24370,SW1,切换负载-快相无责,182.03,partial_unload,ADC域,False,27937.6,0.128747,restep_k1.10,restep_only,1.3,1.1
52.8433,25248,25195.2,25248,t_on+4.6~5.4s中位(=08-v6.1 P 口径),60.6632,t0+60s后中位,11.654,11.654,11.654,100.004,100.004,100.004,111.623,,,2.4,True,4034.83,0.976083,10.9136,4034.83,-792.104,111.654,-0.00352015,2936.26,-25196.1,SW1,切换负载-快相无责,185.97,onset,ADC域,True,27937.6,0.901839,restep_k1.10,restep_only,1.3,1.1
26086,22170.5,-3915.48,22169.8,t_on+4.6~5.4s中位(=08-v6.1 P 口径),22086.1,后1/3段中位(不足60s),495.409,145.871,495.409,25.9689,25.9689,25.9689,493.272,,,,False,2732.12,1.19357,-59.6826,0,-2732.12,-74.0494,-595.427,1016.81,-19397.7,SW1,切换负载-快相无责,202.65,partial_unload,ADC域,True,27937.6,0.140151,restep_k1.10,restep_only,1.3,1.1
22149.6,5769,-16380.6,5767.93,t_on+4.6~5.4s中位(=08-v6.1 P 口径),22086.1,后1/3段中位(不足60s),31.6335,9.31716,31.6335,113.658,93.6629,113.658,131.252,,,,False,2865.19,1.07486,2.91274,0,-2865.19,13.6511,-131.64,18617.8,-5181.77,SW1,切换负载-快相无责,212.4,partial_unload,ADC域,False,27937.6,0.58633,restep_k1.10,restep_only,1.3,1.1
5760.84,11857,6096.16,11857,t_on+4.6~5.4s中位(=08-v6.1 P 口径),22086.1,后1/3段中位(不足60s),205.519,-8.49026,205.519,184.884,116.941,184.884,37.7224,,,,False,2865.19,0.871199,-39.929,0,-2865.19,305.519,-84.8842,12528.8,-11270.8,SW1,切换负载-快相无责,217.74,restep,ADC域,True,27937.6,0.218206,restep_k1.10,restep_only,1.3,1.1
12122.3,19875.9,7753.67,19875.9,t_on+4.6~5.4s中位(=08-v6.1 P 口径),22086.1,后1/3段中位(不足60s),58.1637,-26.0894,58.1637,256.343,248.783,256.343,29.6585,,,,False,2865.19,0.77667,-146.248,0,-2865.19,158.164,-156.343,4509.82,-19875.9,SW1,切换负载-快相无责,230.64,restep,ADC域,False,27937.6,0.277535,restep_k1.10,restep_only,1.3,1.1
5210.44,20245.8,15035.4,20245.8,t_on+4.6~5.4s中位(=08-v6.1 P 口径),22086.1,后1/3段中位(不足60s),27.5345,-15.9144,27.5345,134.654,125.878,134.654,15.2947,,,,False,2865.19,0.477763,9.67191,0,-2865.19,127.534,-34.6545,4139.92,-20245.8,SW1,切换负载-快相无责,233.05,onset,ADC域,False,27937.6,0.538179,restep_k1.10,restep_only,1.3,1.1
20414.6,25671.8,5257.15,25671.8,t_on+4.6~5.4s中位(=08-v6.1 P 口径),22086.1,后1/3段中位(不足60s),-24.4625,-24.4625,-24.4625,488.321,145.679,488.321,43.7427,,,,False,2766.13,0.87731,-1.54178,0,-2766.13,75.5375,-388.321,-1286.03,-25671.8,SW1,切换负载-快相无责,240.72,restep,ADC域,True,27937.6,0.188175,restep_k1.10,restep_only,1.3,1.1
25868,55,-25813,54.9693,t_on+4.6~5.4s中位(=08-v6.1 P 口径),22086.1,后1/3段中位(不足60s),0.212952,0.212952,0.212952,70.8239,70.8239,70.8239,85.5622,,,,False,2576.04,0.876495,-29.1956,0,-2576.04,-29.1762,-100.213,18281.8,-54.9693,SW1,切换负载-快相无责,249.63,unload,ADC域,True,27937.6,0.923952,restep_k1.10,restep_only,1.3,1.1
62,14458.3,14396.3,14458.3,t_on+4.6~5.4s中位(=08-v6.1 P 口径),24133.2,后1/3段中位(不足60s),57.7471,12.8457,57.7471,100.431,55.3875,100.431,-9.45693,,,,False,2396.66,1.00123,-39.0392,2396.66,-371.314,157.747,-0.430665,8313.46,-14458.3,SW2,再切换负载,11.79,onset,ADC域,False,25866.3,0.556567,restep_k1.10,restep_only,1.3,1.1
13424.9,14858.2,1433.25,14852.5,t_on+4.6~5.4s中位(=08-v6.1 P 口径),24133.2,后1/3段中位(不足60s),561.088,101.529,561.088,1036.28,3.8833,1036.28,-86.4462,,,,False,2396.66,1.04028,-100,2396.66,-371.314,660.692,-936.677,8041.78,-14852.5,SW2,再切换负载,13.7,restep,ADC域,False,25866.3,0.0554099,restep_k1.10,restep_only,1.3,1.1
14922.6,15402.5,479.895,15402.8,t_on+4.6~5.4s中位(=08-v6.1 P 口径),24133.2,后1/3段中位(不足60s),1687.5,188.56,1687.5,3209.61,126.263,3209.61,-131.752,,,,False,2396.66,0.990165,-100,2396.66,-286.275,1787.55,-3109.55,8098.22,-15402.8,SW2,再切换负载,14.86,restep,ADC域,False,25866.3,0.0185529,restep_k1.10,restep_only,1.3,1.1
16009.1,17425.7,1416.62,17425.7,t_on+4.6~5.4s中位(=08-v6.1 P 口径),24133.2,后1/3段中位(不足60s),669.478,4.50835,669.478,1230.09,1230.09,1230.09,195.989,,,,False,3721.65,0.920553,-849.784,3721.65,-280.322,769.478,-1130.09,9483.97,-17425.7,SW2,再切换负载,31.22,restep,ADC域,False,25866.3,0.0547671,restep_k1.10,restep_only,1.3,1.1
37.3925,21643.5,21606.1,21639.1,t_on+4.6~5.4s中位(=08-v6.1 P 口径),24133.2,后1/3段中位(不足60s),26.0431,4.94649,26.0431,100.042,84.0485,100.042,14.4993,,,,False,3721.65,1,-11.5112,3721.65,-14.153,126.023,-0.0619851,5626.89,-21615.1,SW2,再切换负载,35.96,onset,ADC域,True,25866.3,0.835298,restep_k1.10,restep_only,1.3,1.1
22655,38.6558,-22616.3,38.4964,t_on+4.6~5.4s中位(=08-v6.1 P 口径),24133.2,后1/3段中位(不足60s),0.0640968,0.0640968,0.0640968,120.857,28.4329,120.857,106.601,,,,False,3721.65,1.02364,-71.5477,3721.65,0,20.8565,-100.065,27333.5,-14.4964,SW2,再切换负载,50.61,unload,ADC域,False,25866.3,0.874356,restep_k1.10,restep_only,1.3,1.1
38,25209.3,25171.3,25209.3,t_on+4.6~5.4s中位(=08-v6.1 P 口径),24133.2,后1/3段中位(不足60s),8.59178,7.23358,8.59178,97.159,97.159,97.159,12.8668,,,,False,3721.65,1.05594,3.75257,3721.65,0,108.592,2.84099,2162.66,-24456.2,SW2,再切换负载,57.3,onset,ADC域,True,25866.3,0.973132,restep_k1.10,restep_only,1.3,1.1
69.5794,17701.9,17632.3,17701.9,t_on+4.6~5.4s中位(=08-v6.1 P 口径),27305,后1/3段中位(不足60s),59.185,-12.2599,59.185,100.395,68.625,100.395,4.72135,,,,False,5422.16,1.0086,-44.2226,3863.6,-5422.16,159.185,-0.394614,10435.7,-17701.9,SW3,中途切换-1d9493,10.92,onset,ADC域,True,27696.8,0.636617,restep_k1.10,restep_only,1.3,1.1
18559.6,25621.5,7061.97,25621.5,t_on+4.6~5.4s中位(=08-v6.1 P 口径),27305,后1/3段中位(不足60s),38.113,-58.6299,38.113,362.81,134.24,362.81,14.2741,,,,False,5422.16,1.92949,-27.155,3863.6,-5422.16,138.113,-262.81,2691.53,-25621.5,SW3,中途切换-1d9493,20.72,restep,ADC域,True,27696.8,0.254974,restep_k1.10,restep_only,1.3,1.1
25979,52,-25927,52,t_on+4.6~5.4s中位(=08-v6.1 P 口径),27305,后1/3段中位(不足60s),0.200563,0.200563,0.200563,109.294,80.5473,109.294,105.315,,,,False,5422.16,7.44123,-19.4224,3863.6,-5422.16,9.29372,-100.201,28336.6,-52,SW3,中途切换-1d9493,30.68,unload,ADC域,True,27696.8,0.9361,restep_k1.10,restep_only,1.3,1.1
55.4942,26638.1,26582.6,26638.1,t_on+4.6~5.4s中位(=08-v6.1 P 口径),27305,后1/3段中位(不足60s),6.65269,5.64072,6.65269,100.028,85.9799,100.028,4.14366,,,,False,3863.6,1.0252,-8.79812,3863.6,0,106.653,-0.0281922,1768.46,-26590.1,SW3,中途切换-1d9493,39.08,onset,ADC域,True,27696.8,0.959769,restep_k1.10,restep_only,1.3,1.1
27714.7,53,-27661.7,53,段末帧(退化),27305,后1/3段中位(不足60s),0.0180755,0.0180755,0.0180755,102.134,102.134,102.134,98.5371,,,,False,736.243,1.01763,2.13476,736.243,0,2.13427,-100.018,28252.1,-5,SW3,中途切换-1d9493,60.78,restep,ADC域,False,27696.8,0.998732,restep_k1.10,restep_only,1.3,1.1
84,15448.2,15364.2,15448.2,t_on+4.6~5.4s中位(=08-v6.1 P 口径),24171.5,t0+60s后中位,51.9203,-2.58941,51.9203,65.5442,65.5442,65.5442,-4.85703,,,,False,1913,0.936964,-37.9012,1756.25,-1913,151.92,34.4558,7977.13,-10070.3,SW4,中途切换-13ffca,8.41,onset,ADC域,True,32452.6,0.473434,restep_k1.10,restep_only,1.3,1.1
16085.4,22496.9,6411.47,22496.9,t_on+4.6~5.4s中位(=08-v6.1 P 口径),27884.7,t0+60s后中位,14.4804,-18.5891,14.4804,117.127,117.127,117.127,-69.5542,,,,False,2196.22,0.9236,-1.46197,0,-2196.22,114.48,-17.1271,928.407,-7509.57,SW4,中途切换-13ffca,18.68,restep,ADC域,False,32452.6,0.197564,restep_k1.10,restep_only,1.3,1.1
22912.5,24098.4,1185.96,24095.9,t_on+4.6~5.4s中位(=08-v6.1 P 口径),28247.1,t0+60s后中位,-56.5445,-56.5445,-56.5445,635.004,635.004,635.004,-406.575,,,,False,2265.08,0.56602,-115.048,0,-2265.08,43.2408,-535.218,-670.593,-7530.87,SW4,中途切换-13ffca,26.57,restep,ADC域,False,32452.6,0.0365443,restep_k1.10,restep_only,1.3,1.1
19465.9,24135.1,4669.26,24133.3,t_on+4.6~5.4s中位(=08-v6.1 P 口径),28278.7,t0+60s后中位,-15.163,-15.163,-15.163,134.598,134.598,134.598,-103.943,,,,False,2282.81,0.635219,4.30233,0,-2282.81,84.7974,-34.638,-708,-6284.74,SW4,中途切换-13ffca,27.6,restep,ADC域,False,32452.6,0.143879,restep_k1.10,restep_only,1.3,1.1
24634.7,21004.9,-3629.79,21002.6,t_on+4.6~5.4s中位(=08-v6.1 P 口径),31983.5,t0+60s后中位,578.617,74.6884,578.617,30.8803,30.8803,30.8803,881.14,,,,False,2931.36,-7.06619,-10.1829,0,-2931.36,-69.1833,-678.68,1120.89,-21002.6,SW4,中途切换-13ffca,45.28,partial_unload,ADC域,True,32452.6,0.111849,restep_k1.10,restep_only,1.3,1.1
20983.1,24429.9,3446.83,24429.7,t_on+4.6~5.4s中位(=08-v6.1 P 口径),27976.3,后1/3段中位(不足60s),155.787,-73.9029,155.787,708.757,119.727,708.757,52.8916,,,,False,3760.74,0.90069,-87.9684,3760.74,-2931.36,255.78,-608.764,5369.7,-24429.7,SW4,中途切换-13ffca,61.37,restep,ADC域,False,32452.6,0.106211,restep_k1.10,restep_only,1.3,1.1
24442.4,79,-24363.4,78,t_on+4.6~5.4s中位(=08-v6.1 P 口径),27976.3,后1/3段中位(不足60s),0.320153,0.320153,0.320153,122.185,47.3147,122.185,114.829,,,0.01,True,3760.74,1.49396,-52.3651,3760.74,-2733.87,22.1805,-100.324,29768.3,-78,SW4,中途切换-13ffca,68.93,unload,ADC域,True,32452.6,0.750737,restep_k1.10,restep_only,1.3,1.1
75,27895.9,27820.9,27895.9,t_on+4.6~5.4s中位(=08-v6.1 P 口径),27976.3,后1/3段中位(不足60s),23.277,6.84185,23.277,100.067,38.3675,100.067,22.9881,,,,False,3760.74,1.10724,-54.8435,3760.74,-9.2776,123.277,-0.0670225,6475.88,-27839.6,SW4,中途切换-13ffca,88,onset,ADC域,True,32452.6,0.857278,restep_k1.10,restep_only,1.3,1.1
28337.8,30791.3,2453.48,30791.3,t_on+4.6~5.4s中位(=08-v6.1 P 口径),27976.3,后1/3段中位(不足60s),145.936,120.814,145.936,1252.71,14.6342,1252.71,260.671,,,,False,3542.31,1.04365,-84.5141,3542.31,0,245.936,-1152.71,3580.51,-30734.9,SW4,中途切换-13ffca,99.36,restep,ADC域,False,32452.6,0.0756019,restep_k1.10,restep_only,1.3,1.1
29453,32163.4,2710.38,32155.5,t_on+4.6~5.4s中位(=08-v6.1 P 口径),27976.3,后1/3段中位(不足60s),81.771,81.771,81.771,1184.31,-16.1642,1184.31,235.963,,,,False,2577.97,1.08586,-44.9436,2577.97,0,181.479,-1084.6,2216.3,-32099.1,SW4,中途切换-13ffca,104.24,restep,ADC域,True,32452.6,0.083518,restep_k1.10,restep_only,1.3,1.1
32462.6,81,-32381.6,83,t_on+4.6~5.4s中位(=08-v6.1 P 口径),27976.3,后1/3段中位(不足60s),0.0822885,0.0822885,0.0822885,102.677,102.677,102.677,86.2218,,,,False,1227.13,1.03091,2.75028,1227.13,0,2.68345,-100.076,33248.5,-26.6463,SW4,中途切换-13ffca,113.8,unload,ADC域,True,32452.6,0.99781,restep_k1.10,restep_only,1.3,1.1
0.549442,14.7073,14.1578,14.7057,t_on+4.6~5.4s中位(=08-v6.1 P 口径),1.16117,t0+60s后中位,5.13735,-0.788701,5.13735,76.7128,76.7128,76.7128,100.805,5.36,5.36,5.36,False,2.25141,0.850392,-25.053,1.70144,-2.25141,105.126,23.2759,0.727339,-10.8609,RT1,右拇指指尖/数据1,8.27,onset,显示域,False,19.5791,0.72311,restep_k1.12,restep_only,1.3,1.12
14.6375,15.8381,1.20052,15.8268,t_on+4.6~5.4s中位(=08-v6.1 P 口径),1.11186,t0+60s后中位,-32.8006,-32.8006,-32.8006,121.807,115.711,121.807,1192.91,,,,False,2.54718,-0.141274,-92.1817,-0.240574,-2.54718,66.2626,-22.7434,-0.393777,-1.46231,RT1,右拇指指尖/数据1,13.6,restep,显示域,True,19.5791,0.0613163,restep_k1.12,restep_only,1.3,1.12
20.0385,0.943245,-19.0952,0.924979,t_on+4.6~5.4s中位(=08-v6.1 P 口径),1.00147,后1/3段中位(不足60s),4.84404,4.84404,4.84404,68.3519,68.3519,68.3519,5.24462,0.03,0.03,0.03,False,5.41639,0.704422,-32.1383,0,-5.41639,-31.7438,-104.94,13.0519,-0.924979,RT1,右拇指指尖/数据1,115.37,unload,显示域,True,19.5791,0.975286,restep_k1.12,restep_only,1.3,1.12
0.290396,16.726,16.4356,16.726,t_on+4.6~5.4s中位(=08-v6.1 P 口径),19.7617,t0+60s后中位,-0.903003,-1.11299,-0.903003,90.4771,90.4771,90.4771,-19.3735,13.16,13.16,0.55,False,2.41547,0.868067,-12.9516,2.13354,-2.41547,99.097,9.52291,-0.148414,-14.8705,RT2,右拇指指尖/数据2,12.32,onset,显示域,True,22.0068,0.746843,restep_k1.12,restep_only,1.3,1.12
20.8432,22.0158,1.1726,22.0168,t_on+4.6~5.4s中位(=08-v6.1 P 口径),0.329168,t0+60s后中位,-422.213,-422.213,-422.213,1877.61,847.803,1877.61,1427.32,,,,False,6.2192,0.762284,-57.2386,0,-6.2192,-322.135,-1777.53,-4.95085,-22.0168,RT2,右拇指指尖/数据2,147.11,restep,显示域,True,22.0068,0.0532834,restep_k1.12,restep_only,1.3,1.12
22.131,0.9172,-21.2138,0.912841,t_on+4.6~5.4s中位(=08-v6.1 P 口径),0.365081,t0+60s后中位,4.30305,4.30305,4.30305,69.4751,69.4751,69.4751,1.72096,0.02,0.02,0.02,False,6.178,0.707494,-30.8666,0,-6.178,-30.5455,-104.324,14.7383,-0.912841,RT2,右拇指指尖/数据2,159.49,unload,显示域,True,22.0068,0.963968,restep_k1.12,restep_only,1.3,1.12
0.043,16.5567,16.5137,16.5389,t_on+4.6~5.4s中位(=08-v6.1 P 口径),20.5361,t0+60s后中位,13.5865,5.26309,13.5865,99.3294,99.3294,99.3294,-10.6188,,,,False,2.3674,1.00778,4.27365,2.3674,-0.177791,113.479,0.56317,2.24364,-16.4029,RT3,右拇指指尖/数据3,10.59,onset,显示域,True,21.2279,0.777921,restep_k1.12,restep_only,1.3,1.12
21.248,0.521318,-20.7267,0.518415,t_on+4.6~5.4s中位(=08-v6.1 P 口径),0.568345,后1/3段中位(不足60s),2.50119,2.50119,2.50119,64.933,64.933,64.933,2.74209,0.01,0.01,0.01,False,2.55519,0.83932,-35.8846,0,-2.55519,-35.081,-102.515,13.4585,-0.518415,RT3,右拇指指尖/数据3,135.7,unload,显示域,True,21.2279,0.976388,restep_k1.12,restep_only,1.3,1.12
0,15.2813,15.2813,15.2813,t_on+4.6~5.4s中位(=08-v6.1 P 口径),17.8094,t0+60s后中位,13.92,4.90794,13.92,100,100,100,-2.62435,,,,False,2.18736,1.01374,4.44779,2.18736,-0.0633991,113.92,0,2.12715,-15.2813,LT1,左拇指指尖/数据1,11.69,onset,显示域,True,18.1566,0.841637,restep_k1.12,restep_only,1.3,1.12
18.1567,0,-18.1567,0,t_on+4.6~5.4s中位(=08-v6.1 P 口径),0,后1/3段中位(不足60s),-0,-0,-0,80.2056,80.2056,80.2056,-0,0.13,0.13,0.13,False,1.36096,0.914532,-19.7944,0,-1.36096,-19.7944,-100,14.5627,0,LT1,左拇指指尖/数据1,147.52,unload,显示域,True,18.1566,1.00001,restep_k1.12,restep_only,1.3,1.12
0,16.1212,16.1212,16.1212,t_on+4.6~5.4s中位(=08-v6.1 P 口径),18.002,t0+60s后中位,4.41653,4.41653,4.41653,61.2823,61.2823,61.2823,-7.25037,1.96,1.96,1.96,False,2.41252,0.928446,-34.8288,2.41252,-1.10351,104.417,38.7177,0.711996,-9.87941,LT2,左拇指指尖/数据2,14.92,onset,显示域,True,18.6005,0.866705,restep_k1.12,restep_only,1.3,1.12
18.6041,0,-18.6041,0,t_on+4.6~5.4s中位(=08-v6.1 P 口径),0,后1/3段中位(不足60s),-0,-0,-0,75.2234,75.2234,75.2234,-0,0.01,0.01,0.01,False,1.91044,0.879885,-24.7766,0,-1.91044,-24.7766,-100,13.9946,0,LT2,左拇指指尖/数据2,140.92,unload,显示域,True,18.6005,1.00019,restep_k1.12,restep_only,1.3,1.12
0,17.5144,17.5144,17.5144,t_on+4.6~5.4s中位(=08-v6.1 P 口径),18.8563,t0+60s后中位,6.00244,3.74863,6.00244,66.7966,66.7966,66.7966,-1.65931,,,78.5,True,2.43854,1.00726,-30.064,2.43854,-0.0979361,106.002,33.2034,1.05129,-11.699,LT3,左拇指指尖/数据3,10.87,onset,显示域,True,19.3415,0.905531,restep_k1.12,restep_only,1.3,1.12
19.3469,0,-19.3469,0,t_on+4.6~5.4s中位(=08-v6.1 P 口径),0,t0+60s后中位,-0,-0,-0,85.7109,85.7109,85.7109,-0,0.03,0.03,0.03,False,0.912257,0.947855,-14.2891,0,-0.912257,-14.2891,-100,16.5824,0,LT3,左拇指指尖/数据3,132.59,unload,显示域,True,19.3415,1.00028,restep_k1.12,restep_only,1.3,1.12
0.064,13.3829,13.3189,13.3829,t_on+4.6~5.4s中位(=08-v6.1 P 口径),0.101758,t0+60s后中位,1.42838,-0.713968,1.42838,66.9611,66.9611,66.9611,101.145,0.5,0.5,0.5,False,2.08834,0.836811,-34.1411,1.80867,-2.08834,101.428,33.0389,0.190244,-8.91846,F41,四指指尖/数据1,10.94,onset,显示域,False,16.302,0.817011,restep_k1.12,restep_only,1.3,1.12
10.8737,13.5564,2.68271,13.5564,t_on+4.6~5.4s中位(=08-v6.1 P 口径),0.082,t0+60s后中位,0.624843,-5.30175,0.624843,15.4572,12.0927,15.4572,502.892,,,,False,2.09812,0.0223548,-100,1.26791,-2.09812,100.625,84.5428,0.0167627,-0.414672,F41,四指指尖/数据1,12.19,restep,显示域,False,16.302,0.164564,restep_k1.12,restep_only,1.3,1.12
16.4153,0.0723016,-16.343,0.0768358,t_on+4.6~5.4s中位(=08-v6.1 P 口径),0.073,后1/3段中位(不足60s),0.470146,0.470146,0.470146,54.7075,54.7075,54.7075,0.446675,0.01,0.01,0.01,False,3.01411,0.747895,-44.9918,0,-3.01411,-45.2648,-100.442,8.94083,-0.0768358,F41,四指指尖/数据1,130.75,unload,显示域,True,16.302,1.00252,restep_k1.12,restep_only,1.3,1.12
0.063,14.7479,14.6849,14.7479,t_on+4.6~5.4s中位(=08-v6.1 P 口径),9.57269,t0+60s后中位,-1.5592,-1.67035,-1.5592,92.5463,92.5463,92.5463,33.6827,0.52,0.52,0.52,False,2.06458,0.894072,-9.8187,2.06458,-1.89832,98.4408,7.45373,-0.228967,-13.5904,F42,四指指尖/数据2,11.03,onset,显示域,True,17.0396,0.861814,restep_k1.12,restep_only,1.3,1.12
17.0666,0.0910805,-16.9755,0.091,t_on+4.6~5.4s中位(=08-v6.1 P 口径),0.0823702,后1/3段中位(不足60s),0.536066,0.536066,0.536066,86.7172,86.7172,86.7172,0.485229,0.02,0.02,0.02,False,2.37296,0.861187,-13.0026,0,-2.37296,-13.2833,-100.537,14.7207,-0.091,F42,四指指尖/数据2,130.78,unload,显示域,True,17.0396,0.996243,restep_k1.12,restep_only,1.3,1.12
0.068,15.3126,15.2446,15.3126,t_on+4.6~5.4s中位(=08-v6.1 P 口径),16.9838,t0+60s后中位,5.98032,3.27744,5.98032,78.8833,78.8833,78.8833,-4.98258,33.72,33.72,33.72,False,2.21537,0.985034,-18.3292,2.21537,-0.604318,105.98,21.1167,0.911675,-12.0254,F43,四指指尖/数据3,11,onset,显示域,True,17.4353,0.874349,restep_k1.12,restep_only,1.3,1.12
17.4903,0.560628,-16.9297,0.585277,t_on+4.6~5.4s中位(=08-v6.1 P 口径),0.0956784,后1/3段中位(不足60s),3.4571,3.4571,3.4571,72.2411,72.2411,72.2411,0.565151,0.09,0.09,0.09,False,1.37426,0.902485,-24.4967,0,-1.37426,-27.6133,-103.312,12.2302,-0.585277,F43,四指指尖/数据3,140.4,unload,显示域,True,17.4353,0.971,restep_k1.12,restep_only,1.3,1.12
76,4241.75,4165.75,4241.75,t_on+4.6~5.4s中位(=08-v6.1 P 口径),22201.8,t0+60s后中位,194.206,0.763056,194.206,74.5707,74.5707,74.5707,-236.931,,,3.38,True,889.269,0.951611,-29.2666,725.647,-889.269,294.206,25.4293,8090.13,-3106.43,SW1,切换负载-快相无责,10.84,onset,ADC域,True,27937.6,0.149109,restep_k1.12,restep_only,1.3,1.12
4811.46,11606.1,6794.66,11606.1,t_on+4.6~5.4s中位(=08-v6.1 P 口径),25339.1,t0+60s后中位,10.6815,10.6815,10.6815,34.9809,34.9809,34.9809,-191.433,,,,False,1092.13,4.46888,-125.805,292.527,-1092.13,110.681,65.0191,725.77,-2376.83,SW1,切换负载-快相无责,28.63,onset,ADC域,True,27937.6,0.243208,restep_k1.12,restep_only,1.3,1.12
12297.8,16207.4,3909.6,16202.1,t_on+4.6~5.4s中位(=08-v6.1 P 口径),25571.5,t0+60s后中位,11.2175,11.2175,11.2175,313.031,313.031,313.031,-228.432,,,,False,4530.02,0.473269,-286.711,0,-4530.02,111.084,-213.164,438.558,-12238.3,SW1,切换负载-快相无责,71.67,restep,ADC域,False,27937.6,0.139941,restep_k1.12,restep_only,1.3,1.12
5447.1,18092.5,12645.4,18092.5,t_on+4.6~5.4s中位(=08-v6.1 P 口径),25607.5,t0+60s后中位,-11.4812,-11.4812,-11.4812,109.114,109.114,109.114,-70.9096,,,,False,4530.02,0.485272,-69.4172,-959.824,-4530.02,88.5188,-9.11387,-1451.85,-13797.9,SW1,切换负载-快相无责,75.89,onset,ADC域,True,27937.6,0.452632,restep_k1.12,restep_only,1.3,1.12
19384.4,25851.7,6467.25,25850.6,t_on+4.6~5.4s中位(=08-v6.1 P 口径),22087.3,t0+60s后中位,44.2506,-72.7151,44.2506,399.715,204.228,399.715,102.44,,,,False,5456.51,0.740911,31.2991,3412.48,-5456.51,144.234,-299.732,2861.8,-25850.6,SW1,切换负载-快相无责,110.45,restep,ADC域,True,27937.6,0.231489,restep_k1.12,restep_only,1.3,1.12
26333.3,25386,-947.345,25386,t_on+4.6~5.4s中位(=08-v6.1 P 口径),20401.6,t0+60s后中位,2679.7,2679.7,2679.7,361.533,197.342,361.533,2153.55,,,,False,5438.54,9.40511,2139.65,3412.48,-5438.54,261.533,-2779.7,3424.96,-25386,SW1,切换负载-快相无责,129.37,partial_unload,ADC域,False,27937.6,0.0339094,restep_k1.12,restep_only,1.3,1.12
61.0611,27163.2,27102.1,27163.8,t_on+4.6~5.4s中位(=08-v6.1 P 口径),20127.8,t0+60s后中位,6.17084,5.71397,6.17084,99.9692,99.9692,99.9692,32.1318,,,,False,3412.48,1.04095,5.10513,3412.48,-4.67081,106.173,0.0329822,1672.43,-27093.8,SW1,切换负载-快相无责,133.83,onset,ADC域,True,27937.6,0.970096,restep_k1.12,restep_only,1.3,1.12
28005.2,24408.4,-3596.88,24408.4,t_on+4.6~5.4s中位(=08-v6.1 P 口径),25340.8,t0+60s后中位,677.531,677.531,677.531,104.978,104.978,104.978,703.454,,,,False,4034.83,3.8749,656.668,4034.83,-766.455,4.97778,-777.531,3775.93,-24370,SW1,切换负载-快相无责,182.03,partial_unload,ADC域,False,27937.6,0.128747,restep_k1.12,restep_only,1.3,1.12
52.8433,25248,25195.2,25248,t_on+4.6~5.4s中位(=08-v6.1 P 口径),60.6632,t0+60s后中位,11.654,11.654,11.654,100.004,100.004,100.004,111.623,,,2.4,True,4034.83,0.976083,10.9136,4034.83,-792.104,111.654,-0.00352015,2936.26,-25196.1,SW1,切换负载-快相无责,185.97,onset,ADC域,True,27937.6,0.901839,restep_k1.12,restep_only,1.3,1.12
26086,22170.5,-3915.48,22169.8,t_on+4.6~5.4s中位(=08-v6.1 P 口径),22086.1,后1/3段中位(不足60s),495.409,145.871,495.409,25.9689,25.9689,25.9689,493.272,,,,False,2732.12,1.19357,-59.6826,0,-2732.12,-74.0494,-595.427,1016.81,-19397.7,SW1,切换负载-快相无责,202.65,partial_unload,ADC域,True,27937.6,0.140151,restep_k1.12,restep_only,1.3,1.12
22149.6,5769,-16380.6,5767.93,t_on+4.6~5.4s中位(=08-v6.1 P 口径),22086.1,后1/3段中位(不足60s),31.6335,9.31716,31.6335,113.658,93.6629,113.658,131.252,,,,False,2865.19,1.07486,2.91274,0,-2865.19,13.6511,-131.64,18617.8,-5181.77,SW1,切换负载-快相无责,212.4,partial_unload,ADC域,False,27937.6,0.58633,restep_k1.12,restep_only,1.3,1.12
5760.84,11857,6096.16,11857,t_on+4.6~5.4s中位(=08-v6.1 P 口径),22086.1,后1/3段中位(不足60s),205.519,-8.49026,205.519,184.884,116.941,184.884,37.7224,,,,False,2865.19,0.871199,-39.929,0,-2865.19,305.519,-84.8842,12528.8,-11270.8,SW1,切换负载-快相无责,217.74,restep,ADC域,True,27937.6,0.218206,restep_k1.12,restep_only,1.3,1.12
12122.3,19875.9,7753.67,19875.9,t_on+4.6~5.4s中位(=08-v6.1 P 口径),22086.1,后1/3段中位(不足60s),58.1637,-26.0894,58.1637,256.343,248.783,256.343,29.6585,,,,False,2865.19,0.77667,-146.248,0,-2865.19,158.164,-156.343,4509.82,-19875.9,SW1,切换负载-快相无责,230.64,restep,ADC域,False,27937.6,0.277535,restep_k1.12,restep_only,1.3,1.12
5210.44,20245.8,15035.4,20245.8,t_on+4.6~5.4s中位(=08-v6.1 P 口径),22086.1,后1/3段中位(不足60s),27.5345,-15.9144,27.5345,134.654,125.878,134.654,15.2947,,,,False,2865.19,0.477763,9.67191,0,-2865.19,127.534,-34.6545,4139.92,-20245.8,SW1,切换负载-快相无责,233.05,onset,ADC域,False,27937.6,0.538179,restep_k1.12,restep_only,1.3,1.12
20414.6,25671.8,5257.15,25671.8,t_on+4.6~5.4s中位(=08-v6.1 P 口径),22086.1,后1/3段中位(不足60s),-24.4625,-24.4625,-24.4625,488.321,145.679,488.321,43.7427,,,,False,2766.13,0.87731,-0.0786716,0,-2766.13,75.5375,-388.321,-1286.03,-25671.8,SW1,切换负载-快相无责,240.72,restep,ADC域,True,27937.6,0.188175,restep_k1.12,restep_only,1.3,1.12
25868,55,-25813,54.9693,t_on+4.6~5.4s中位(=08-v6.1 P 口径),22086.1,后1/3段中位(不足60s),0.212952,0.212952,0.212952,70.8239,70.8239,70.8239,85.5622,,,,False,2576.04,0.876495,-29.1956,0,-2576.04,-29.1762,-100.213,18281.8,-54.9693,SW1,切换负载-快相无责,249.63,unload,ADC域,True,27937.6,0.923952,restep_k1.12,restep_only,1.3,1.12
62,14458.3,14396.3,14458.3,t_on+4.6~5.4s中位(=08-v6.1 P 口径),24133.2,后1/3段中位(不足60s),57.7471,12.8457,57.7471,100.431,55.3875,100.431,-9.45693,,,,False,2396.66,1.00123,-39.0392,2396.66,-371.314,157.747,-0.430665,8313.46,-14458.3,SW2,再切换负载,11.79,onset,ADC域,False,25866.3,0.556567,restep_k1.12,restep_only,1.3,1.12
13424.9,14858.2,1433.25,14852.5,t_on+4.6~5.4s中位(=08-v6.1 P 口径),24133.2,后1/3段中位(不足60s),561.088,101.529,561.088,1036.28,3.8833,1036.28,-86.4462,,,,False,2396.66,1.04028,-100,2396.66,-371.314,660.692,-936.677,8041.78,-14852.5,SW2,再切换负载,13.7,restep,ADC域,False,25866.3,0.0554099,restep_k1.12,restep_only,1.3,1.12
14922.6,15402.5,479.895,15402.8,t_on+4.6~5.4s中位(=08-v6.1 P 口径),24133.2,后1/3段中位(不足60s),1687.5,188.56,1687.5,3209.61,126.263,3209.61,-131.752,,,,False,2396.66,0.990165,-100,2396.66,-286.275,1787.55,-3109.55,8098.22,-15402.8,SW2,再切换负载,14.86,restep,ADC域,False,25866.3,0.0185529,restep_k1.12,restep_only,1.3,1.12
16009.1,17425.7,1416.62,17425.7,t_on+4.6~5.4s中位(=08-v6.1 P 口径),24133.2,后1/3段中位(不足60s),669.478,4.50835,669.478,1230.09,1230.09,1230.09,195.989,,,,False,3721.65,0.920553,-849.784,3721.65,-280.322,769.478,-1130.09,9483.97,-17425.7,SW2,再切换负载,31.22,restep,ADC域,False,25866.3,0.0547671,restep_k1.12,restep_only,1.3,1.12
37.3925,21643.5,21606.1,21639.1,t_on+4.6~5.4s中位(=08-v6.1 P 口径),24133.2,后1/3段中位(不足60s),26.0431,4.94649,26.0431,100.042,84.0485,100.042,14.4993,,,,False,3721.65,1,-11.5112,3721.65,-14.153,126.023,-0.0619851,5626.89,-21615.1,SW2,再切换负载,35.96,onset,ADC域,True,25866.3,0.835298,restep_k1.12,restep_only,1.3,1.12
22655,38.6558,-22616.3,38.4964,t_on+4.6~5.4s中位(=08-v6.1 P 口径),24133.2,后1/3段中位(不足60s),0.0640968,0.0640968,0.0640968,120.857,28.4329,120.857,106.601,,,,False,3721.65,1.02364,-71.5477,3721.65,0,20.8565,-100.065,27333.5,-14.4964,SW2,再切换负载,50.61,unload,ADC域,False,25866.3,0.874356,restep_k1.12,restep_only,1.3,1.12
38,25209.3,25171.3,25209.3,t_on+4.6~5.4s中位(=08-v6.1 P 口径),24133.2,后1/3段中位(不足60s),8.59178,7.23358,8.59178,97.159,97.159,97.159,12.8668,,,,False,3721.65,1.05594,3.75257,3721.65,0,108.592,2.84099,2162.66,-24456.2,SW2,再切换负载,57.3,onset,ADC域,True,25866.3,0.973132,restep_k1.12,restep_only,1.3,1.12
69.5794,17701.9,17632.3,17701.9,t_on+4.6~5.4s中位(=08-v6.1 P 口径),27305,后1/3段中位(不足60s),59.185,-12.2599,59.185,100.395,68.625,100.395,4.72135,,,,False,5351.15,1.0086,-44.2226,3863.6,-5351.15,159.185,-0.394614,10435.7,-17701.9,SW3,中途切换-1d9493,10.92,onset,ADC域,True,27696.8,0.636617,restep_k1.12,restep_only,1.3,1.12
18559.6,25621.5,7061.97,25621.5,t_on+4.6~5.4s中位(=08-v6.1 P 口径),27305,后1/3段中位(不足60s),38.1067,-57.6795,38.1067,362.81,134.24,362.81,14.2679,,,,False,5351.15,1.92949,-26.2308,3863.6,-5351.15,138.107,-262.81,2691.09,-25621.5,SW3,中途切换-1d9493,20.72,restep,ADC域,True,27696.8,0.254974,restep_k1.12,restep_only,1.3,1.12
25979,52,-25927,52,t_on+4.6~5.4s中位(=08-v6.1 P 口径),27305,后1/3段中位(不足60s),0.200563,0.200563,0.200563,109.293,80.8211,109.293,105.315,,,,False,5351.15,7.36892,-19.1485,3863.6,-5351.15,9.29289,-100.201,28336.4,-52,SW3,中途切换-1d9493,30.68,unload,ADC域,True,27696.8,0.9361,restep_k1.12,restep_only,1.3,1.12
55.4942,26638.1,26582.6,26638.1,t_on+4.6~5.4s中位(=08-v6.1 P 口径),27305,后1/3段中位(不足60s),6.65189,5.64072,6.65189,100.028,85.9799,100.028,4.14285,,,,False,3863.6,1.02519,-8.79812,3863.6,0,106.652,-0.0281922,1768.24,-26590.1,SW3,中途切换-1d9493,39.08,onset,ADC域,True,27696.8,0.959769,restep_k1.12,restep_only,1.3,1.12
27714.7,53,-27661.7,53,段末帧(退化),27305,后1/3段中位(不足60s),0.0180755,0.0180755,0.0180755,102.134,102.134,102.134,98.5371,,,,False,735.924,1.01762,2.13399,735.924,0,2.13351,-100.018,28251.9,-5,SW3,中途切换-1d9493,60.78,restep,ADC域,False,27696.8,0.998732,restep_k1.12,restep_only,1.3,1.12
84,15448.2,15364.2,15448.2,t_on+4.6~5.4s中位(=08-v6.1 P 口径),24171.5,t0+60s后中位,51.9203,-2.58941,51.9203,65.5442,65.5442,65.5442,-4.85703,,,,False,1913,0.941746,-37.9012,1756.25,-1913,151.92,34.4558,7977.13,-10070.3,SW4,中途切换-13ffca,8.41,onset,ADC域,True,32452.6,0.473434,restep_k1.12,restep_only,1.3,1.12
16085.4,22496.9,6411.47,22496.9,t_on+4.6~5.4s中位(=08-v6.1 P 口径),27884.7,t0+60s后中位,14.4804,-18.5891,14.4804,117.127,117.127,117.127,-69.5542,,,,False,2156.6,0.940843,-1.46197,0,-2156.6,114.48,-17.1271,928.407,-7509.57,SW4,中途切换-13ffca,18.68,restep,ADC域,False,32452.6,0.197564,restep_k1.12,restep_only,1.3,1.12
22912.5,24098.4,1185.96,24095.9,t_on+4.6~5.4s中位(=08-v6.1 P 口径),28247.1,t0+60s后中位,-56.5445,-56.5445,-56.5445,635.004,635.004,635.004,-406.575,,,,False,2250.22,0.604795,-115.048,0,-2250.22,43.2408,-535.218,-670.593,-7530.87,SW4,中途切换-13ffca,26.57,restep,ADC域,False,32452.6,0.0365443,restep_k1.12,restep_only,1.3,1.12
19465.9,24135.1,4669.26,24133.3,t_on+4.6~5.4s中位(=08-v6.1 P 口径),28278.7,t0+60s后中位,-15.163,-15.163,-15.163,134.598,134.598,134.598,-103.943,,,,False,2270.65,0.652179,6.19645,0,-2270.65,84.7974,-34.638,-708,-6284.74,SW4,中途切换-13ffca,27.6,restep,ADC域,False,32452.6,0.143879,restep_k1.12,restep_only,1.3,1.12
24634.7,21004.9,-3629.79,21002.6,t_on+4.6~5.4s中位(=08-v6.1 P 口径),31983.5,t0+60s后中位,578.617,73.5614,578.617,32.1478,32.1478,32.1478,881.14,,,,False,2913.91,-7.40088,-10.1058,0,-2913.91,-67.9158,-678.68,1166.9,-21002.6,SW4,中途切换-13ffca,45.28,partial_unload,ADC域,True,32452.6,0.111849,restep_k1.12,restep_only,1.3,1.12
20983.1,24429.9,3446.83,24429.7,t_on+4.6~5.4s中位(=08-v6.1 P 口径),27976.3,后1/3段中位(不足60s),155.787,-72.9638,155.787,708.757,119.21,708.757,52.8916,,,,False,3760.74,0.901438,-87.9684,3760.74,-2913.91,255.78,-608.764,5369.7,-24429.7,SW4,中途切换-13ffca,61.37,restep,ADC域,False,32452.6,0.106211,restep_k1.12,restep_only,1.3,1.12
24442.4,79,-24363.4,78,t_on+4.6~5.4s中位(=08-v6.1 P 口径),27976.3,后1/3段中位(不足60s),0.320153,0.320153,0.320153,122.185,47.3865,122.185,114.829,,,0.01,True,3760.74,1.49252,-52.2933,3760.74,-2716.37,22.1805,-100.324,29768.3,-78,SW4,中途切换-13ffca,68.93,unload,ADC域,True,32452.6,0.750737,restep_k1.12,restep_only,1.3,1.12
75,27895.9,27820.9,27895.9,t_on+4.6~5.4s中位(=08-v6.1 P 口径),27976.3,后1/3段中位(不足60s),23.277,6.84185,23.277,100.067,38.3675,100.067,22.9881,,,,False,3760.74,1.10724,-54.8435,3760.74,-9.2776,123.277,-0.0670225,6475.88,-27839.6,SW4,中途切换-13ffca,88,onset,ADC域,True,32452.6,0.857278,restep_k1.12,restep_only,1.3,1.12
28337.8,30791.3,2453.48,30791.3,t_on+4.6~5.4s中位(=08-v6.1 P 口径),27976.3,后1/3段中位(不足60s),145.936,120.814,145.936,1252.71,14.6342,1252.71,260.671,,,,False,3542.31,1.04365,-84.5141,3542.31,0,245.936,-1152.71,3580.51,-30734.9,SW4,中途切换-13ffca,99.36,restep,ADC域,False,32452.6,0.0756019,restep_k1.12,restep_only,1.3,1.12
29453,32163.4,2710.38,32155.5,t_on+4.6~5.4s中位(=08-v6.1 P 口径),27976.3,后1/3段中位(不足60s),81.771,81.771,81.771,1184.31,-16.1642,1184.31,235.963,,,,False,2577.97,1.08586,-44.9436,2577.97,0,181.479,-1084.6,2216.3,-32099.1,SW4,中途切换-13ffca,104.24,restep,ADC域,True,32452.6,0.083518,restep_k1.12,restep_only,1.3,1.12
32462.6,81,-32381.6,83,t_on+4.6~5.4s中位(=08-v6.1 P 口径),27976.3,后1/3段中位(不足60s),0.0822885,0.0822885,0.0822885,102.677,102.677,102.677,86.2218,,,,False,1227.13,1.03091,2.75028,1227.13,0,2.68345,-100.076,33248.5,-26.6463,SW4,中途切换-13ffca,113.8,unload,ADC域,True,32452.6,0.99781,restep_k1.12,restep_only,1.3,1.12
0.549442,14.7073,14.1578,14.7057,t_on+4.6~5.4s中位(=08-v6.1 P 口径),1.16117,t0+60s后中位,5.13735,-0.788701,5.13735,76.7128,76.7128,76.7128,100.805,5.36,5.36,5.36,False,2.25141,0.850392,-25.053,1.70144,-2.25141,105.126,23.2759,0.727339,-10.8609,RT1,右拇指指尖/数据1,8.27,onset,显示域,False,19.5791,0.72311,restep_k1.15,restep_only,1.3,1.15
14.6375,15.8381,1.20052,15.8268,t_on+4.6~5.4s中位(=08-v6.1 P 口径),1.11186,t0+60s后中位,-32.8006,-32.8006,-32.8006,121.807,115.711,121.807,1192.91,,,,False,2.54718,-0.141274,-92.1817,-0.240574,-2.54718,66.2626,-22.7434,-0.393777,-1.46231,RT1,右拇指指尖/数据1,13.6,restep,显示域,True,19.5791,0.0613163,restep_k1.15,restep_only,1.3,1.15
20.0385,0.943245,-19.0952,0.924979,t_on+4.6~5.4s中位(=08-v6.1 P 口径),1.00147,后1/3段中位(不足60s),4.84404,4.84404,4.84404,68.3519,68.3519,68.3519,5.24462,0.03,0.03,0.03,False,5.41639,0.704422,-32.1383,0,-5.41639,-31.7438,-104.94,13.0519,-0.924979,RT1,右拇指指尖/数据1,115.37,unload,显示域,True,19.5791,0.975286,restep_k1.15,restep_only,1.3,1.15
0.290396,16.726,16.4356,16.726,t_on+4.6~5.4s中位(=08-v6.1 P 口径),19.7617,t0+60s后中位,-0.903003,-1.11299,-0.903003,90.4771,90.4771,90.4771,-19.3735,13.16,13.16,0.55,False,2.41547,0.868067,-12.9516,2.13354,-2.41547,99.097,9.52291,-0.148414,-14.8705,RT2,右拇指指尖/数据2,12.32,onset,显示域,True,22.0068,0.746843,restep_k1.15,restep_only,1.3,1.15
20.8432,22.0158,1.1726,22.0168,t_on+4.6~5.4s中位(=08-v6.1 P 口径),0.329168,t0+60s后中位,-422.213,-422.213,-422.213,1877.61,847.803,1877.61,1427.32,,,,False,6.2192,0.762284,-57.2386,0,-6.2192,-322.135,-1777.53,-4.95085,-22.0168,RT2,右拇指指尖/数据2,147.11,restep,显示域,True,22.0068,0.0532834,restep_k1.15,restep_only,1.3,1.15
22.131,0.9172,-21.2138,0.912841,t_on+4.6~5.4s中位(=08-v6.1 P 口径),0.365081,t0+60s后中位,4.30305,4.30305,4.30305,69.4751,69.4751,69.4751,1.72096,0.02,0.02,0.02,False,6.178,0.707494,-30.8666,0,-6.178,-30.5455,-104.324,14.7383,-0.912841,RT2,右拇指指尖/数据2,159.49,unload,显示域,True,22.0068,0.963968,restep_k1.15,restep_only,1.3,1.15
0.043,16.5567,16.5137,16.5389,t_on+4.6~5.4s中位(=08-v6.1 P 口径),20.5361,t0+60s后中位,13.5865,5.26309,13.5865,99.3294,99.3294,99.3294,-10.6188,,,,False,2.3674,1.00778,4.27365,2.3674,-0.177791,113.479,0.56317,2.24364,-16.4029,RT3,右拇指指尖/数据3,10.59,onset,显示域,True,21.2279,0.777921,restep_k1.15,restep_only,1.3,1.15
21.248,0.521318,-20.7267,0.518415,t_on+4.6~5.4s中位(=08-v6.1 P 口径),0.568345,后1/3段中位(不足60s),2.50119,2.50119,2.50119,64.933,64.933,64.933,2.74209,0.01,0.01,0.01,False,2.55519,0.83932,-35.8846,0,-2.55519,-35.081,-102.515,13.4585,-0.518415,RT3,右拇指指尖/数据3,135.7,unload,显示域,True,21.2279,0.976388,restep_k1.15,restep_only,1.3,1.15
0,15.2813,15.2813,15.2813,t_on+4.6~5.4s中位(=08-v6.1 P 口径),17.8094,t0+60s后中位,13.92,4.90794,13.92,100,100,100,-2.62435,,,,False,2.18736,1.01374,4.44779,2.18736,-0.0633991,113.92,0,2.12715,-15.2813,LT1,左拇指指尖/数据1,11.69,onset,显示域,True,18.1566,0.841637,restep_k1.15,restep_only,1.3,1.15
18.1567,0,-18.1567,0,t_on+4.6~5.4s中位(=08-v6.1 P 口径),0,后1/3段中位(不足60s),-0,-0,-0,80.2056,80.2056,80.2056,-0,0.13,0.13,0.13,False,1.36096,0.914532,-19.7944,0,-1.36096,-19.7944,-100,14.5627,0,LT1,左拇指指尖/数据1,147.52,unload,显示域,True,18.1566,1.00001,restep_k1.15,restep_only,1.3,1.15
0,16.1212,16.1212,16.1212,t_on+4.6~5.4s中位(=08-v6.1 P 口径),18.002,t0+60s后中位,4.41653,4.41653,4.41653,61.2823,61.2823,61.2823,-7.25037,1.96,1.96,1.96,False,2.41252,0.928446,-34.8288,2.41252,-1.10351,104.417,38.7177,0.711996,-9.87941,LT2,左拇指指尖/数据2,14.92,onset,显示域,True,18.6005,0.866705,restep_k1.15,restep_only,1.3,1.15
18.6041,0,-18.6041,0,t_on+4.6~5.4s中位(=08-v6.1 P 口径),0,后1/3段中位(不足60s),-0,-0,-0,75.2234,75.2234,75.2234,-0,0.01,0.01,0.01,False,1.91044,0.879885,-24.7766,0,-1.91044,-24.7766,-100,13.9946,0,LT2,左拇指指尖/数据2,140.92,unload,显示域,True,18.6005,1.00019,restep_k1.15,restep_only,1.3,1.15
0,17.5144,17.5144,17.5144,t_on+4.6~5.4s中位(=08-v6.1 P 口径),18.8563,t0+60s后中位,6.00244,3.74863,6.00244,66.7966,66.7966,66.7966,-1.65931,,,78.5,True,2.43854,1.00726,-30.064,2.43854,-0.0979361,106.002,33.2034,1.05129,-11.699,LT3,左拇指指尖/数据3,10.87,onset,显示域,True,19.3415,0.905531,restep_k1.15,restep_only,1.3,1.15
19.3469,0,-19.3469,0,t_on+4.6~5.4s中位(=08-v6.1 P 口径),0,t0+60s后中位,-0,-0,-0,85.7109,85.7109,85.7109,-0,0.03,0.03,0.03,False,0.912257,0.947855,-14.2891,0,-0.912257,-14.2891,-100,16.5824,0,LT3,左拇指指尖/数据3,132.59,unload,显示域,True,19.3415,1.00028,restep_k1.15,restep_only,1.3,1.15
0.064,13.3829,13.3189,13.3829,t_on+4.6~5.4s中位(=08-v6.1 P 口径),0.101758,t0+60s后中位,1.42838,-0.713968,1.42838,66.9611,66.9611,66.9611,101.145,0.5,0.5,0.5,False,2.08834,0.836811,-34.1411,1.80867,-2.08834,101.428,33.0389,0.190244,-8.91846,F41,四指指尖/数据1,10.94,onset,显示域,False,16.302,0.817011,restep_k1.15,restep_only,1.3,1.15
10.8737,13.5564,2.68271,13.5564,t_on+4.6~5.4s中位(=08-v6.1 P 口径),0.082,t0+60s后中位,0.624843,-5.30175,0.624843,15.4572,12.0927,15.4572,502.892,,,,False,2.09812,0.0223548,-100,1.26791,-2.09812,100.625,84.5428,0.0167627,-0.414672,F41,四指指尖/数据1,12.19,restep,显示域,False,16.302,0.164564,restep_k1.15,restep_only,1.3,1.15
16.4153,0.0723016,-16.343,0.0768358,t_on+4.6~5.4s中位(=08-v6.1 P 口径),0.073,后1/3段中位(不足60s),0.470146,0.470146,0.470146,54.7075,54.7075,54.7075,0.446675,0.01,0.01,0.01,False,3.01411,0.747895,-44.9918,0,-3.01411,-45.2648,-100.442,8.94083,-0.0768358,F41,四指指尖/数据1,130.75,unload,显示域,True,16.302,1.00252,restep_k1.15,restep_only,1.3,1.15
0.063,14.7479,14.6849,14.7479,t_on+4.6~5.4s中位(=08-v6.1 P 口径),9.57269,t0+60s后中位,-1.5592,-1.67035,-1.5592,92.5463,92.5463,92.5463,33.6827,0.52,0.52,0.52,False,2.06458,0.894072,-9.8187,2.06458,-1.89832,98.4408,7.45373,-0.228967,-13.5904,F42,四指指尖/数据2,11.03,onset,显示域,True,17.0396,0.861814,restep_k1.15,restep_only,1.3,1.15
17.0666,0.0910805,-16.9755,0.091,t_on+4.6~5.4s中位(=08-v6.1 P 口径),0.0823702,后1/3段中位(不足60s),0.536066,0.536066,0.536066,86.7172,86.7172,86.7172,0.485229,0.02,0.02,0.02,False,2.37296,0.861187,-13.0026,0,-2.37296,-13.2833,-100.537,14.7207,-0.091,F42,四指指尖/数据2,130.78,unload,显示域,True,17.0396,0.996243,restep_k1.15,restep_only,1.3,1.15
0.068,15.3126,15.2446,15.3126,t_on+4.6~5.4s中位(=08-v6.1 P 口径),16.9838,t0+60s后中位,5.98032,3.27744,5.98032,78.8833,78.8833,78.8833,-4.98258,33.72,33.72,33.72,False,2.21537,0.985034,-18.3292,2.21537,-0.604318,105.98,21.1167,0.911675,-12.0254,F43,四指指尖/数据3,11,onset,显示域,True,17.4353,0.874349,restep_k1.15,restep_only,1.3,1.15
17.4903,0.560628,-16.9297,0.585277,t_on+4.6~5.4s中位(=08-v6.1 P 口径),0.0956784,后1/3段中位(不足60s),3.4571,3.4571,3.4571,72.2411,72.2411,72.2411,0.565151,0.09,0.09,0.09,False,1.37426,0.902485,-24.4967,0,-1.37426,-27.6133,-103.312,12.2302,-0.585277,F43,四指指尖/数据3,140.4,unload,显示域,True,17.4353,0.971,restep_k1.15,restep_only,1.3,1.15
76,4241.75,4165.75,4241.75,t_on+4.6~5.4s中位(=08-v6.1 P 口径),22201.8,t0+60s后中位,194.206,0.763056,194.206,74.5707,74.5707,74.5707,-236.931,,,3.38,True,889.269,0.951611,-29.2666,725.647,-889.269,294.206,25.4293,8090.13,-3106.43,SW1,切换负载-快相无责,10.84,onset,ADC域,True,27937.6,0.149109,restep_k1.15,restep_only,1.3,1.15
4811.46,11606.1,6794.66,11606.1,t_on+4.6~5.4s中位(=08-v6.1 P 口径),25339.1,t0+60s后中位,10.6815,10.6815,10.6815,34.9809,34.9809,34.9809,-191.433,,,,False,1092.13,4.46888,-125.805,292.527,-1092.13,110.681,65.0191,725.77,-2376.83,SW1,切换负载-快相无责,28.63,onset,ADC域,True,27937.6,0.243208,restep_k1.15,restep_only,1.3,1.15
12297.8,16207.4,3909.6,16202.1,t_on+4.6~5.4s中位(=08-v6.1 P 口径),25571.5,t0+60s后中位,11.2175,11.2175,11.2175,313.031,313.031,313.031,-228.432,,,,False,4530.02,0.473269,-286.711,0,-4530.02,111.084,-213.164,438.558,-12238.3,SW1,切换负载-快相无责,71.67,restep,ADC域,False,27937.6,0.139941,restep_k1.15,restep_only,1.3,1.15
5447.1,18092.5,12645.4,18092.5,t_on+4.6~5.4s中位(=08-v6.1 P 口径),25607.5,t0+60s后中位,-11.4812,-11.4812,-11.4812,109.04,109.04,109.04,-70.9096,,,,False,4530.02,0.485272,-69.4172,-950.44,-4530.02,88.5188,-9.03966,-1451.85,-13788.5,SW1,切换负载-快相无责,75.89,onset,ADC域,True,27937.6,0.452632,restep_k1.15,restep_only,1.3,1.15
19384.4,25851.7,6467.25,25850.6,t_on+4.6~5.4s中位(=08-v6.1 P 口径),22087.3,t0+60s后中位,44.2506,-72.7151,44.2506,399.715,204.228,399.715,102.44,,,,False,5456.51,0.740911,31.2991,3412.48,-5456.51,144.234,-299.732,2861.8,-25850.6,SW1,切换负载-快相无责,110.45,restep,ADC域,True,27937.6,0.231489,restep_k1.15,restep_only,1.3,1.15
26333.3,25386,-947.345,25386,t_on+4.6~5.4s中位(=08-v6.1 P 口径),20401.6,t0+60s后中位,2679.7,2679.7,2679.7,361.533,197.342,361.533,2153.55,,,,False,5438.54,9.40511,2139.65,3412.48,-5438.54,261.533,-2779.7,3424.96,-25386,SW1,切换负载-快相无责,129.37,partial_unload,ADC域,False,27937.6,0.0339094,restep_k1.15,restep_only,1.3,1.15
61.0611,27163.2,27102.1,27163.8,t_on+4.6~5.4s中位(=08-v6.1 P 口径),20127.8,t0+60s后中位,6.17084,5.71397,6.17084,99.9692,99.9692,99.9692,32.1318,,,,False,3412.48,1.04095,5.10513,3412.48,-4.67081,106.173,0.0329822,1672.43,-27093.8,SW1,切换负载-快相无责,133.83,onset,ADC域,True,27937.6,0.970096,restep_k1.15,restep_only,1.3,1.15
28005.2,24408.4,-3596.88,24408.4,t_on+4.6~5.4s中位(=08-v6.1 P 口径),25340.8,t0+60s后中位,677.531,677.531,677.531,104.978,104.978,104.978,703.454,,,,False,4034.83,3.8749,656.668,4034.83,-766.455,4.97778,-777.531,3775.93,-24370,SW1,切换负载-快相无责,182.03,partial_unload,ADC域,False,27937.6,0.128747,restep_k1.15,restep_only,1.3,1.15
52.8433,25248,25195.2,25248,t_on+4.6~5.4s中位(=08-v6.1 P 口径),60.6632,t0+60s后中位,11.654,11.654,11.654,100.004,100.004,100.004,111.623,,,2.4,True,4034.83,0.976083,10.9136,4034.83,-792.104,111.654,-0.00352015,2936.26,-25196.1,SW1,切换负载-快相无责,185.97,onset,ADC域,True,27937.6,0.901839,restep_k1.15,restep_only,1.3,1.15
26086,22170.5,-3915.48,22169.8,t_on+4.6~5.4s中位(=08-v6.1 P 口径),22086.1,后1/3段中位(不足60s),495.409,145.871,495.409,25.9689,25.9689,25.9689,493.272,,,,False,2732.12,1.19357,-59.6826,0,-2732.12,-74.0494,-595.427,1016.81,-19397.7,SW1,切换负载-快相无责,202.65,partial_unload,ADC域,True,27937.6,0.140151,restep_k1.15,restep_only,1.3,1.15
22149.6,5769,-16380.6,5767.93,t_on+4.6~5.4s中位(=08-v6.1 P 口径),22086.1,后1/3段中位(不足60s),31.6335,9.31716,31.6335,113.658,93.6629,113.658,131.252,,,,False,2865.19,1.07486,2.91274,0,-2865.19,13.6511,-131.64,18617.8,-5181.77,SW1,切换负载-快相无责,212.4,partial_unload,ADC域,False,27937.6,0.58633,restep_k1.15,restep_only,1.3,1.15
5760.84,11857,6096.16,11857,t_on+4.6~5.4s中位(=08-v6.1 P 口径),22086.1,后1/3段中位(不足60s),205.519,-8.49026,205.519,184.884,116.941,184.884,37.7224,,,,False,2865.19,0.871199,-39.9289,0,-2865.19,305.519,-84.8842,12528.8,-11270.8,SW1,切换负载-快相无责,217.74,restep,ADC域,True,27937.6,0.218206,restep_k1.15,restep_only,1.3,1.15
12122.3,19875.9,7753.67,19875.9,t_on+4.6~5.4s中位(=08-v6.1 P 口径),22086.1,后1/3段中位(不足60s),58.1637,-26.0894,58.1637,256.343,248.783,256.343,29.6585,,,,False,2865.19,0.77667,-146.248,0,-2865.19,158.164,-156.343,4509.82,-19875.9,SW1,切换负载-快相无责,230.64,restep,ADC域,False,27937.6,0.277535,restep_k1.15,restep_only,1.3,1.15
5210.44,20245.8,15035.4,20245.8,t_on+4.6~5.4s中位(=08-v6.1 P 口径),22086.1,后1/3段中位(不足60s),27.5345,-15.9144,27.5345,134.654,125.878,134.654,15.2947,,,,False,2865.19,0.477763,9.67191,0,-2865.19,127.534,-34.6545,4139.92,-20245.8,SW1,切换负载-快相无责,233.05,onset,ADC域,False,27937.6,0.538179,restep_k1.15,restep_only,1.3,1.15
20414.6,25671.8,5257.15,25671.8,t_on+4.6~5.4s中位(=08-v6.1 P 口径),22086.1,后1/3段中位(不足60s),-24.4625,-24.4625,-24.4625,488.321,145.679,488.321,43.7427,,,,False,2766.13,0.87731,-0.0786716,0,-2766.13,75.5375,-388.321,-1286.03,-25671.8,SW1,切换负载-快相无责,240.72,restep,ADC域,True,27937.6,0.188175,restep_k1.15,restep_only,1.3,1.15
25868,55,-25813,54.9693,t_on+4.6~5.4s中位(=08-v6.1 P 口径),22086.1,后1/3段中位(不足60s),0.212952,0.212952,0.212952,70.8239,70.8239,70.8239,85.5622,,,,False,2576.04,0.876495,-29.1956,0,-2576.04,-29.1762,-100.213,18281.8,-54.9693,SW1,切换负载-快相无责,249.63,unload,ADC域,True,27937.6,0.923952,restep_k1.15,restep_only,1.3,1.15
62,14458.3,14396.3,14458.3,t_on+4.6~5.4s中位(=08-v6.1 P 口径),24133.2,后1/3段中位(不足60s),57.7471,12.8457,57.7471,100.431,55.3875,100.431,-9.45693,,,,False,2396.66,1.00123,-39.0392,2396.66,-371.314,157.747,-0.430665,8313.46,-14458.3,SW2,再切换负载,11.79,onset,ADC域,False,25866.3,0.556567,restep_k1.15,restep_only,1.3,1.15
13424.9,14858.2,1433.25,14852.5,t_on+4.6~5.4s中位(=08-v6.1 P 口径),24133.2,后1/3段中位(不足60s),561.088,101.529,561.088,1036.28,3.8833,1036.28,-86.4462,,,,False,2396.66,1.04028,-100,2396.66,-371.314,660.692,-936.677,8041.78,-14852.5,SW2,再切换负载,13.7,restep,ADC域,False,25866.3,0.0554099,restep_k1.15,restep_only,1.3,1.15
14922.6,15402.5,479.895,15402.8,t_on+4.6~5.4s中位(=08-v6.1 P 口径),24133.2,后1/3段中位(不足60s),1687.5,188.56,1687.5,3209.61,126.263,3209.61,-131.752,,,,False,2396.66,0.990165,-100,2396.66,-286.275,1787.55,-3109.55,8098.22,-15402.8,SW2,再切换负载,14.86,restep,ADC域,False,25866.3,0.0185529,restep_k1.15,restep_only,1.3,1.15
16009.1,17425.7,1416.62,17425.7,t_on+4.6~5.4s中位(=08-v6.1 P 口径),24133.2,后1/3段中位(不足60s),669.478,4.50835,669.478,1230.09,1230.09,1230.09,195.989,,,,False,3721.65,0.920553,-849.784,3721.65,-280.322,769.478,-1130.09,9483.97,-17425.7,SW2,再切换负载,31.22,restep,ADC域,False,25866.3,0.0547671,restep_k1.15,restep_only,1.3,1.15
37.3925,21643.5,21606.1,21639.1,t_on+4.6~5.4s中位(=08-v6.1 P 口径),24133.2,后1/3段中位(不足60s),26.0431,4.94649,26.0431,100.042,84.0485,100.042,14.4993,,,,False,3721.65,1,-11.5112,3721.65,-14.153,126.023,-0.0619851,5626.89,-21615.1,SW2,再切换负载,35.96,onset,ADC域,True,25866.3,0.835298,restep_k1.15,restep_only,1.3,1.15
22655,38.6558,-22616.3,38.4964,t_on+4.6~5.4s中位(=08-v6.1 P 口径),24133.2,后1/3段中位(不足60s),0.0640968,0.0640968,0.0640968,120.857,28.4329,120.857,106.601,,,,False,3721.65,1.02364,-71.5477,3721.65,0,20.8565,-100.065,27333.5,-14.4964,SW2,再切换负载,50.61,unload,ADC域,False,25866.3,0.874356,restep_k1.15,restep_only,1.3,1.15
38,25209.3,25171.3,25209.3,t_on+4.6~5.4s中位(=08-v6.1 P 口径),24133.2,后1/3段中位(不足60s),8.59178,7.23358,8.59178,97.159,97.159,97.159,12.8668,,,,False,3721.65,1.05594,3.75257,3721.65,0,108.592,2.84099,2162.66,-24456.2,SW2,再切换负载,57.3,onset,ADC域,True,25866.3,0.973132,restep_k1.15,restep_only,1.3,1.15
69.5794,17701.9,17632.3,17701.9,t_on+4.6~5.4s中位(=08-v6.1 P 口径),27305,后1/3段中位(不足60s),59.185,-12.2599,59.185,100.395,68.625,100.395,4.72135,,,,False,5351.15,1.0086,-44.2226,3863.6,-5351.15,159.185,-0.394614,10435.7,-17701.9,SW3,中途切换-1d9493,10.92,onset,ADC域,True,27696.8,0.636617,restep_k1.15,restep_only,1.3,1.15
18559.6,25621.5,7061.97,25621.5,t_on+4.6~5.4s中位(=08-v6.1 P 口径),27305,后1/3段中位(不足60s),38.1067,-57.6795,38.1067,362.81,134.24,362.81,14.2679,,,,False,5351.15,1.92949,-26.2308,3863.6,-5351.15,138.107,-262.81,2691.09,-25621.5,SW3,中途切换-1d9493,20.72,restep,ADC域,True,27696.8,0.254974,restep_k1.15,restep_only,1.3,1.15
25979,52,-25927,52,t_on+4.6~5.4s中位(=08-v6.1 P 口径),27305,后1/3段中位(不足60s),0.200563,0.200563,0.200563,109.293,80.8211,109.293,105.315,,,,False,5351.15,7.36892,-19.1485,3863.6,-5351.15,9.29289,-100.201,28336.4,-52,SW3,中途切换-1d9493,30.68,unload,ADC域,True,27696.8,0.9361,restep_k1.15,restep_only,1.3,1.15
55.4942,26638.1,26582.6,26638.1,t_on+4.6~5.4s中位(=08-v6.1 P 口径),27305,后1/3段中位(不足60s),6.65189,5.64072,6.65189,100.028,85.9799,100.028,4.14285,,,,False,3863.6,1.02519,-8.79812,3863.6,0,106.652,-0.0281922,1768.24,-26590.1,SW3,中途切换-1d9493,39.08,onset,ADC域,True,27696.8,0.959769,restep_k1.15,restep_only,1.3,1.15
27714.7,53,-27661.7,53,段末帧(退化),27305,后1/3段中位(不足60s),0.0180755,0.0180755,0.0180755,102.134,102.134,102.134,98.5371,,,,False,735.924,1.01762,2.13399,735.924,0,2.13351,-100.018,28251.9,-5,SW3,中途切换-1d9493,60.78,restep,ADC域,False,27696.8,0.998732,restep_k1.15,restep_only,1.3,1.15
84,15448.2,15364.2,15448.2,t_on+4.6~5.4s中位(=08-v6.1 P 口径),24171.5,t0+60s后中位,51.9203,-2.58941,51.9203,65.5442,65.5442,65.5442,-4.85703,,,,False,1913,0.9472,-37.9012,1756.25,-1913,151.92,34.4558,7977.13,-10070.3,SW4,中途切换-13ffca,8.41,onset,ADC域,True,32452.6,0.473434,restep_k1.15,restep_only,1.3,1.15
16085.4,22496.9,6411.47,22496.9,t_on+4.6~5.4s中位(=08-v6.1 P 口径),27884.7,t0+60s后中位,14.4804,-18.5891,14.4804,117.127,117.127,117.127,-69.5542,,,,False,2093.41,0.95417,-1.46197,0,-2093.41,114.48,-17.1271,928.407,-7509.57,SW4,中途切换-13ffca,18.68,restep,ADC域,False,32452.6,0.197564,restep_k1.15,restep_only,1.3,1.15
22912.5,24098.4,1185.96,24095.9,t_on+4.6~5.4s中位(=08-v6.1 P 口径),28247.1,t0+60s后中位,-56.5445,-56.5445,-56.5445,635.004,635.004,635.004,-406.575,,,,False,2192.53,0.682685,-115.048,0,-2192.53,43.2408,-535.218,-670.593,-7530.87,SW4,中途切换-13ffca,26.57,restep,ADC域,False,32452.6,0.0365443,restep_k1.15,restep_only,1.3,1.15
19465.9,24135.1,4669.26,24133.3,t_on+4.6~5.4s中位(=08-v6.1 P 口径),28278.7,t0+60s后中位,-15.163,-15.163,-15.163,134.598,134.598,134.598,-103.943,,,,False,2207.9,0.701037,8.46587,0,-2207.9,84.7974,-34.638,-708,-6284.74,SW4,中途切换-13ffca,27.6,restep,ADC域,False,32452.6,0.143879,restep_k1.15,restep_only,1.3,1.15
24634.7,21004.9,-3629.79,21002.6,t_on+4.6~5.4s中位(=08-v6.1 P 口径),31983.5,t0+60s后中位,578.617,71.2943,578.617,34.4087,34.4087,34.4087,881.14,,,,False,2853.21,-7.65122,-10.126,0,-2853.21,-65.655,-678.68,1248.96,-21002.6,SW4,中途切换-13ffca,45.28,partial_unload,ADC域,True,32452.6,0.111849,restep_k1.15,restep_only,1.3,1.15
20983.1,24429.9,3446.83,24429.7,t_on+4.6~5.4s中位(=08-v6.1 P 口径),27976.3,后1/3段中位(不足60s),155.787,-71.0978,155.787,708.757,117.433,708.757,52.8916,,,,False,3760.74,0.904039,-87.9684,3760.74,-2853.21,255.78,-608.764,5369.7,-24429.7,SW4,中途切换-13ffca,61.37,restep,ADC域,False,32452.6,0.106211,restep_k1.15,restep_only,1.3,1.15
24442.4,79,-24363.4,78,t_on+4.6~5.4s中位(=08-v6.1 P 口径),27976.3,后1/3段中位(不足60s),0.320153,0.320153,0.320153,122.185,47.6133,122.185,114.829,,,0.01,True,3760.74,1.48798,-52.0666,3760.74,-2661.13,22.1805,-100.324,29768.3,-78,SW4,中途切换-13ffca,68.93,unload,ADC域,True,32452.6,0.750737,restep_k1.15,restep_only,1.3,1.15
75,27895.9,27820.9,27895.9,t_on+4.6~5.4s中位(=08-v6.1 P 口径),27976.3,后1/3段中位(不足60s),23.277,6.84185,23.277,100.067,38.3675,100.067,22.9881,,,,False,3760.74,1.10724,-54.8435,3760.74,-9.2776,123.277,-0.0670225,6475.88,-27839.6,SW4,中途切换-13ffca,88,onset,ADC域,True,32452.6,0.857278,restep_k1.15,restep_only,1.3,1.15
28337.8,30791.3,2453.48,30791.3,t_on+4.6~5.4s中位(=08-v6.1 P 口径),27976.3,后1/3段中位(不足60s),145.936,120.814,145.936,1252.71,14.6342,1252.71,260.671,,,,False,3542.31,1.04365,-84.5141,3542.31,0,245.936,-1152.71,3580.51,-30734.9,SW4,中途切换-13ffca,99.36,restep,ADC域,False,32452.6,0.0756019,restep_k1.15,restep_only,1.3,1.15
29453,32163.4,2710.38,32155.5,t_on+4.6~5.4s中位(=08-v6.1 P 口径),27976.3,后1/3段中位(不足60s),81.771,81.771,81.771,1184.31,-16.1642,1184.31,235.963,,,,False,2577.97,1.08586,-44.9436,2577.97,0,181.479,-1084.6,2216.3,-32099.1,SW4,中途切换-13ffca,104.24,restep,ADC域,True,32452.6,0.083518,restep_k1.15,restep_only,1.3,1.15
32462.6,81,-32381.6,83,t_on+4.6~5.4s中位(=08-v6.1 P 口径),27976.3,后1/3段中位(不足60s),0.0822885,0.0822885,0.0822885,102.677,102.677,102.677,86.2218,,,,False,1227.13,1.03091,2.75028,1227.13,0,2.68345,-100.076,33248.5,-26.6463,SW4,中途切换-13ffca,113.8,unload,ADC域,True,32452.6,0.99781,restep_k1.15,restep_only,1.3,1.15
0.549442,14.7073,14.1578,14.7057,t_on+4.6~5.4s中位(=08-v6.1 P 口径),1.16117,t0+60s后中位,5.13735,-0.788701,5.13735,76.7128,76.7128,76.7128,100.805,5.36,5.36,5.36,False,2.25141,0.850392,-25.053,1.70144,-2.25141,105.126,23.2759,0.727339,-10.8609,RT1,右拇指指尖/数据1,8.27,onset,显示域,False,19.5791,0.72311,restep_k1.20,restep_only,1.3,1.2
14.6375,15.8381,1.20052,15.8268,t_on+4.6~5.4s中位(=08-v6.1 P 口径),1.11186,t0+60s后中位,-32.8006,-32.8006,-32.8006,121.807,115.711,121.807,1192.91,,,,False,2.54718,-0.141274,-92.1817,-0.240574,-2.54718,66.2626,-22.7434,-0.393777,-1.46231,RT1,右拇指指尖/数据1,13.6,restep,显示域,True,19.5791,0.0613163,restep_k1.20,restep_only,1.3,1.2
20.0385,0.943245,-19.0952,0.924979,t_on+4.6~5.4s中位(=08-v6.1 P 口径),1.00147,后1/3段中位(不足60s),4.84404,4.84404,4.84404,68.3519,68.3519,68.3519,5.24462,0.03,0.03,0.03,False,5.41639,0.704422,-32.1383,0,-5.41639,-31.7438,-104.94,13.0519,-0.924979,RT1,右拇指指尖/数据1,115.37,unload,显示域,True,19.5791,0.975286,restep_k1.20,restep_only,1.3,1.2
0.290396,16.726,16.4356,16.726,t_on+4.6~5.4s中位(=08-v6.1 P 口径),19.7617,t0+60s后中位,-0.903003,-1.11299,-0.903003,90.4771,90.4771,90.4771,-19.3735,13.16,13.16,0.55,False,2.41547,0.868067,-12.9516,2.13354,-2.41547,99.097,9.52291,-0.148414,-14.8705,RT2,右拇指指尖/数据2,12.32,onset,显示域,True,22.0068,0.746843,restep_k1.20,restep_only,1.3,1.2
20.8432,22.0158,1.1726,22.0168,t_on+4.6~5.4s中位(=08-v6.1 P 口径),0.329168,t0+60s后中位,-422.213,-422.213,-422.213,1877.61,847.803,1877.61,1427.32,,,,False,6.2192,0.762284,-57.2386,0,-6.2192,-322.135,-1777.53,-4.95085,-22.0168,RT2,右拇指指尖/数据2,147.11,restep,显示域,True,22.0068,0.0532834,restep_k1.20,restep_only,1.3,1.2
22.131,0.9172,-21.2138,0.912841,t_on+4.6~5.4s中位(=08-v6.1 P 口径),0.365081,t0+60s后中位,4.30305,4.30305,4.30305,69.4751,69.4751,69.4751,1.72096,0.02,0.02,0.02,False,6.178,0.707494,-30.8666,0,-6.178,-30.5455,-104.324,14.7383,-0.912841,RT2,右拇指指尖/数据2,159.49,unload,显示域,True,22.0068,0.963968,restep_k1.20,restep_only,1.3,1.2
0.043,16.5567,16.5137,16.5389,t_on+4.6~5.4s中位(=08-v6.1 P 口径),20.5361,t0+60s后中位,13.5865,5.26309,13.5865,99.3294,99.3294,99.3294,-10.6188,,,,False,2.3674,1.00778,4.27365,2.3674,-0.177791,113.479,0.56317,2.24364,-16.4029,RT3,右拇指指尖/数据3,10.59,onset,显示域,True,21.2279,0.777921,restep_k1.20,restep_only,1.3,1.2
21.248,0.521318,-20.7267,0.518415,t_on+4.6~5.4s中位(=08-v6.1 P 口径),0.568345,后1/3段中位(不足60s),2.50119,2.50119,2.50119,64.933,64.933,64.933,2.74209,0.01,0.01,0.01,False,2.55519,0.83932,-35.8846,0,-2.55519,-35.081,-102.515,13.4585,-0.518415,RT3,右拇指指尖/数据3,135.7,unload,显示域,True,21.2279,0.976388,restep_k1.20,restep_only,1.3,1.2
0,15.2813,15.2813,15.2813,t_on+4.6~5.4s中位(=08-v6.1 P 口径),17.8094,t0+60s后中位,13.92,4.90794,13.92,100,100,100,-2.62435,,,,False,2.18736,1.01374,4.44779,2.18736,-0.0633991,113.92,0,2.12715,-15.2813,LT1,左拇指指尖/数据1,11.69,onset,显示域,True,18.1566,0.841637,restep_k1.20,restep_only,1.3,1.2
18.1567,0,-18.1567,0,t_on+4.6~5.4s中位(=08-v6.1 P 口径),0,后1/3段中位(不足60s),-0,-0,-0,80.2056,80.2056,80.2056,-0,0.13,0.13,0.13,False,1.36096,0.914532,-19.7944,0,-1.36096,-19.7944,-100,14.5627,0,LT1,左拇指指尖/数据1,147.52,unload,显示域,True,18.1566,1.00001,restep_k1.20,restep_only,1.3,1.2
0,16.1212,16.1212,16.1212,t_on+4.6~5.4s中位(=08-v6.1 P 口径),18.002,t0+60s后中位,4.41653,4.41653,4.41653,61.2823,61.2823,61.2823,-7.25037,1.96,1.96,1.96,False,2.41252,0.928446,-34.8288,2.41252,-1.10351,104.417,38.7177,0.711996,-9.87941,LT2,左拇指指尖/数据2,14.92,onset,显示域,True,18.6005,0.866705,restep_k1.20,restep_only,1.3,1.2
18.6041,0,-18.6041,0,t_on+4.6~5.4s中位(=08-v6.1 P 口径),0,后1/3段中位(不足60s),-0,-0,-0,75.2234,75.2234,75.2234,-0,0.01,0.01,0.01,False,1.91044,0.879885,-24.7766,0,-1.91044,-24.7766,-100,13.9946,0,LT2,左拇指指尖/数据2,140.92,unload,显示域,True,18.6005,1.00019,restep_k1.20,restep_only,1.3,1.2
0,17.5144,17.5144,17.5144,t_on+4.6~5.4s中位(=08-v6.1 P 口径),18.8563,t0+60s后中位,6.00244,3.74863,6.00244,66.7966,66.7966,66.7966,-1.65931,,,78.5,True,2.43854,1.00726,-30.064,2.43854,-0.0979361,106.002,33.2034,1.05129,-11.699,LT3,左拇指指尖/数据3,10.87,onset,显示域,True,19.3415,0.905531,restep_k1.20,restep_only,1.3,1.2
19.3469,0,-19.3469,0,t_on+4.6~5.4s中位(=08-v6.1 P 口径),0,t0+60s后中位,-0,-0,-0,85.7109,85.7109,85.7109,-0,0.03,0.03,0.03,False,0.912257,0.947855,-14.2891,0,-0.912257,-14.2891,-100,16.5824,0,LT3,左拇指指尖/数据3,132.59,unload,显示域,True,19.3415,1.00028,restep_k1.20,restep_only,1.3,1.2
0.064,13.3829,13.3189,13.3829,t_on+4.6~5.4s中位(=08-v6.1 P 口径),0.101758,t0+60s后中位,1.42838,-0.713968,1.42838,66.9611,66.9611,66.9611,101.145,0.5,0.5,0.5,False,2.08834,0.836811,-34.1411,1.80867,-2.08834,101.428,33.0389,0.190244,-8.91846,F41,四指指尖/数据1,10.94,onset,显示域,False,16.302,0.817011,restep_k1.20,restep_only,1.3,1.2
10.8737,13.5564,2.68271,13.5564,t_on+4.6~5.4s中位(=08-v6.1 P 口径),0.082,t0+60s后中位,0.624843,-5.30175,0.624843,15.4572,12.0927,15.4572,502.892,,,,False,2.09812,0.0223548,-100,1.26791,-2.09812,100.625,84.5428,0.0167627,-0.414672,F41,四指指尖/数据1,12.19,restep,显示域,False,16.302,0.164564,restep_k1.20,restep_only,1.3,1.2
16.4153,0.0723016,-16.343,0.0768358,t_on+4.6~5.4s中位(=08-v6.1 P 口径),0.073,后1/3段中位(不足60s),0.470146,0.470146,0.470146,54.7075,54.7075,54.7075,0.446675,0.01,0.01,0.01,False,3.01411,0.747895,-44.9918,0,-3.01411,-45.2648,-100.442,8.94083,-0.0768358,F41,四指指尖/数据1,130.75,unload,显示域,True,16.302,1.00252,restep_k1.20,restep_only,1.3,1.2
0.063,14.7479,14.6849,14.7479,t_on+4.6~5.4s中位(=08-v6.1 P 口径),9.57269,t0+60s后中位,-1.5592,-1.67035,-1.5592,92.5463,92.5463,92.5463,33.6827,0.52,0.52,0.52,False,2.06458,0.894072,-9.8187,2.06458,-1.89832,98.4408,7.45373,-0.228967,-13.5904,F42,四指指尖/数据2,11.03,onset,显示域,True,17.0396,0.861814,restep_k1.20,restep_only,1.3,1.2
17.0666,0.0910805,-16.9755,0.091,t_on+4.6~5.4s中位(=08-v6.1 P 口径),0.0823702,后1/3段中位(不足60s),0.536066,0.536066,0.536066,86.7172,86.7172,86.7172,0.485229,0.02,0.02,0.02,False,2.37296,0.861187,-13.0026,0,-2.37296,-13.2833,-100.537,14.7207,-0.091,F42,四指指尖/数据2,130.78,unload,显示域,True,17.0396,0.996243,restep_k1.20,restep_only,1.3,1.2
0.068,15.3126,15.2446,15.3126,t_on+4.6~5.4s中位(=08-v6.1 P 口径),16.9838,t0+60s后中位,5.98032,3.27744,5.98032,78.8833,78.8833,78.8833,-4.98258,33.72,33.72,33.72,False,2.21537,0.985034,-18.3292,2.21537,-0.604318,105.98,21.1167,0.911675,-12.0254,F43,四指指尖/数据3,11,onset,显示域,True,17.4353,0.874349,restep_k1.20,restep_only,1.3,1.2
17.4903,0.560628,-16.9297,0.585277,t_on+4.6~5.4s中位(=08-v6.1 P 口径),0.0956784,后1/3段中位(不足60s),3.4571,3.4571,3.4571,72.2411,72.2411,72.2411,0.565151,0.09,0.09,0.09,False,1.37426,0.902485,-24.4967,0,-1.37426,-27.6133,-103.312,12.2302,-0.585277,F43,四指指尖/数据3,140.4,unload,显示域,True,17.4353,0.971,restep_k1.20,restep_only,1.3,1.2
76,4241.75,4165.75,4241.75,t_on+4.6~5.4s中位(=08-v6.1 P 口径),22201.8,t0+60s后中位,194.206,0.763056,194.206,74.5707,74.5707,74.5707,-236.931,,,3.38,True,889.269,0.951611,-29.2666,725.647,-889.269,294.206,25.4293,8090.13,-3106.43,SW1,切换负载-快相无责,10.84,onset,ADC域,True,27937.6,0.149109,restep_k1.20,restep_only,1.3,1.2
4811.46,11606.1,6794.66,11606.1,t_on+4.6~5.4s中位(=08-v6.1 P 口径),25339.1,t0+60s后中位,10.6815,10.6815,10.6815,34.9809,34.9809,34.9809,-191.433,,,,False,1092.13,4.46888,-125.805,292.527,-1092.13,110.681,65.0191,725.77,-2376.83,SW1,切换负载-快相无责,28.63,onset,ADC域,True,27937.6,0.243208,restep_k1.20,restep_only,1.3,1.2
12297.8,16207.4,3909.6,16202.1,t_on+4.6~5.4s中位(=08-v6.1 P 口径),25571.5,t0+60s后中位,11.2175,11.2175,11.2175,313.031,313.031,313.031,-228.432,,,,False,4530.02,0.473269,-286.711,0,-4530.02,111.084,-213.164,438.558,-12238.3,SW1,切换负载-快相无责,71.67,restep,ADC域,False,27937.6,0.139941,restep_k1.20,restep_only,1.3,1.2
5447.1,18092.5,12645.4,18092.5,t_on+4.6~5.4s中位(=08-v6.1 P 口径),25607.5,t0+60s后中位,-11.4812,-11.4812,-11.4812,108.916,108.916,108.916,-70.9096,,,,False,4530.02,0.485272,-69.4172,-934.799,-4530.02,88.5188,-8.91597,-1451.85,-13772.9,SW1,切换负载-快相无责,75.89,onset,ADC域,True,27937.6,0.452632,restep_k1.20,restep_only,1.3,1.2
19384.4,25851.7,6467.25,25850.6,t_on+4.6~5.4s中位(=08-v6.1 P 口径),22087.3,t0+60s后中位,44.2506,-72.7151,44.2506,399.715,204.228,399.715,102.44,,,,False,5456.51,0.740911,31.2991,3412.48,-5456.51,144.234,-299.732,2861.8,-25850.6,SW1,切换负载-快相无责,110.45,restep,ADC域,True,27937.6,0.231489,restep_k1.20,restep_only,1.3,1.2
26333.3,25386,-947.345,25386,t_on+4.6~5.4s中位(=08-v6.1 P 口径),20401.6,t0+60s后中位,2679.7,2679.7,2679.7,361.533,197.342,361.533,2153.55,,,,False,5438.54,9.40511,2139.65,3412.48,-5438.54,261.533,-2779.7,3424.96,-25386,SW1,切换负载-快相无责,129.37,partial_unload,ADC域,False,27937.6,0.0339094,restep_k1.20,restep_only,1.3,1.2
61.0611,27163.2,27102.1,27163.8,t_on+4.6~5.4s中位(=08-v6.1 P 口径),20127.8,t0+60s后中位,6.17084,5.71397,6.17084,99.9692,99.9692,99.9692,32.1318,,,,False,3412.48,1.04095,5.10513,3412.48,-4.67081,106.173,0.0329822,1672.43,-27093.8,SW1,切换负载-快相无责,133.83,onset,ADC域,True,27937.6,0.970096,restep_k1.20,restep_only,1.3,1.2
28005.2,24408.4,-3596.88,24408.4,t_on+4.6~5.4s中位(=08-v6.1 P 口径),25340.8,t0+60s后中位,677.531,677.531,677.531,104.978,104.978,104.978,703.454,,,,False,4034.83,3.8749,656.668,4034.83,-766.455,4.97778,-777.531,3775.93,-24370,SW1,切换负载-快相无责,182.03,partial_unload,ADC域,False,27937.6,0.128747,restep_k1.20,restep_only,1.3,1.2
52.8433,25248,25195.2,25248,t_on+4.6~5.4s中位(=08-v6.1 P 口径),60.6632,t0+60s后中位,11.654,11.654,11.654,100.004,100.004,100.004,111.623,,,2.4,True,4034.83,0.976083,10.9136,4034.83,-792.104,111.654,-0.00352015,2936.26,-25196.1,SW1,切换负载-快相无责,185.97,onset,ADC域,True,27937.6,0.901839,restep_k1.20,restep_only,1.3,1.2
26086,22170.5,-3915.48,22169.8,t_on+4.6~5.4s中位(=08-v6.1 P 口径),22086.1,后1/3段中位(不足60s),495.409,145.871,495.409,25.9689,25.9689,25.9689,493.272,,,,False,2732.12,1.19357,-59.6826,0,-2732.12,-74.0494,-595.427,1016.81,-19397.7,SW1,切换负载-快相无责,202.65,partial_unload,ADC域,True,27937.6,0.140151,restep_k1.20,restep_only,1.3,1.2
22149.6,5769,-16380.6,5767.93,t_on+4.6~5.4s中位(=08-v6.1 P 口径),22086.1,后1/3段中位(不足60s),31.6335,9.31716,31.6335,113.658,93.6629,113.658,131.252,,,,False,2865.18,1.07486,2.91274,0,-2865.18,13.6511,-131.64,18617.8,-5181.77,SW1,切换负载-快相无责,212.4,partial_unload,ADC域,False,27937.6,0.58633,restep_k1.20,restep_only,1.3,1.2
5760.84,11857,6096.16,11857,t_on+4.6~5.4s中位(=08-v6.1 P 口径),22086.1,后1/3段中位(不足60s),205.519,-8.49026,205.519,184.884,116.941,184.884,37.7224,,,,False,2865.18,0.871199,-39.9289,0,-2865.18,305.519,-84.8842,12528.8,-11270.8,SW1,切换负载-快相无责,217.74,restep,ADC域,True,27937.6,0.218206,restep_k1.20,restep_only,1.3,1.2
12122.3,19875.9,7753.67,19875.9,t_on+4.6~5.4s中位(=08-v6.1 P 口径),22086.1,后1/3段中位(不足60s),58.1637,-26.0894,58.1637,256.343,248.783,256.343,29.6585,,,,False,2865.18,0.77667,-146.248,0,-2865.18,158.164,-156.343,4509.82,-19875.9,SW1,切换负载-快相无责,230.64,restep,ADC域,False,27937.6,0.277535,restep_k1.20,restep_only,1.3,1.2
5210.44,20245.8,15035.4,20245.8,t_on+4.6~5.4s中位(=08-v6.1 P 口径),22086.1,后1/3段中位(不足60s),27.5345,-15.9144,27.5345,134.654,125.878,134.654,15.2947,,,,False,2865.18,0.477763,9.67191,0,-2865.18,127.534,-34.6545,4139.92,-20245.8,SW1,切换负载-快相无责,233.05,onset,ADC域,False,27937.6,0.538179,restep_k1.20,restep_only,1.3,1.2
20414.6,25671.8,5257.15,25671.8,t_on+4.6~5.4s中位(=08-v6.1 P 口径),22086.1,后1/3段中位(不足60s),-24.4625,-24.4625,-24.4625,488.321,145.679,488.321,43.7427,,,,False,2766.13,0.87731,-0.0786716,0,-2766.13,75.5375,-388.321,-1286.03,-25671.8,SW1,切换负载-快相无责,240.72,restep,ADC域,True,27937.6,0.188175,restep_k1.20,restep_only,1.3,1.2
25868,55,-25813,54.9693,t_on+4.6~5.4s中位(=08-v6.1 P 口径),22086.1,后1/3段中位(不足60s),0.212952,0.212952,0.212952,70.8239,70.8239,70.8239,85.5622,,,,False,2576.04,0.876495,-29.1956,0,-2576.04,-29.1762,-100.213,18281.8,-54.9693,SW1,切换负载-快相无责,249.63,unload,ADC域,True,27937.6,0.923952,restep_k1.20,restep_only,1.3,1.2
62,14458.3,14396.3,14458.3,t_on+4.6~5.4s中位(=08-v6.1 P 口径),24133.2,后1/3段中位(不足60s),57.7471,12.8457,57.7471,100.431,55.3875,100.431,-9.45693,,,,False,2396.66,1.00123,-39.0392,2396.66,-371.314,157.747,-0.430665,8313.46,-14458.3,SW2,再切换负载,11.79,onset,ADC域,False,25866.3,0.556567,restep_k1.20,restep_only,1.3,1.2
13424.9,14858.2,1433.25,14852.5,t_on+4.6~5.4s中位(=08-v6.1 P 口径),24133.2,后1/3段中位(不足60s),561.088,101.529,561.088,1036.28,3.8833,1036.28,-86.4462,,,,False,2396.66,1.04028,-100,2396.66,-371.314,660.692,-936.677,8041.78,-14852.5,SW2,再切换负载,13.7,restep,ADC域,False,25866.3,0.0554099,restep_k1.20,restep_only,1.3,1.2
14922.6,15402.5,479.895,15402.8,t_on+4.6~5.4s中位(=08-v6.1 P 口径),24133.2,后1/3段中位(不足60s),1687.5,188.56,1687.5,3209.61,126.263,3209.61,-131.752,,,,False,2396.66,0.990165,-100,2396.66,-286.275,1787.55,-3109.55,8098.22,-15402.8,SW2,再切换负载,14.86,restep,ADC域,False,25866.3,0.0185529,restep_k1.20,restep_only,1.3,1.2
16009.1,17425.7,1416.62,17425.7,t_on+4.6~5.4s中位(=08-v6.1 P 口径),24133.2,后1/3段中位(不足60s),669.478,4.50835,669.478,1230.09,1230.09,1230.09,195.989,,,,False,3721.65,0.920553,-849.784,3721.65,-280.322,769.478,-1130.09,9483.97,-17425.7,SW2,再切换负载,31.22,restep,ADC域,False,25866.3,0.0547671,restep_k1.20,restep_only,1.3,1.2
37.3925,21643.5,21606.1,21639.1,t_on+4.6~5.4s中位(=08-v6.1 P 口径),24133.2,后1/3段中位(不足60s),26.0431,4.94649,26.0431,100.042,84.0485,100.042,14.4993,,,,False,3721.65,1,-11.5112,3721.65,-14.153,126.023,-0.0619851,5626.89,-21615.1,SW2,再切换负载,35.96,onset,ADC域,True,25866.3,0.835298,restep_k1.20,restep_only,1.3,1.2
22655,38.6558,-22616.3,38.4964,t_on+4.6~5.4s中位(=08-v6.1 P 口径),24133.2,后1/3段中位(不足60s),0.0640968,0.0640968,0.0640968,120.857,28.4329,120.857,106.601,,,,False,3721.65,1.02364,-71.5477,3721.65,0,20.8565,-100.065,27333.5,-14.4964,SW2,再切换负载,50.61,unload,ADC域,False,25866.3,0.874356,restep_k1.20,restep_only,1.3,1.2
38,25209.3,25171.3,25209.3,t_on+4.6~5.4s中位(=08-v6.1 P 口径),24133.2,后1/3段中位(不足60s),8.59178,7.23358,8.59178,97.159,97.159,97.159,12.8668,,,,False,3721.65,1.05594,3.75257,3721.65,0,108.592,2.84099,2162.66,-24456.2,SW2,再切换负载,57.3,onset,ADC域,True,25866.3,0.973132,restep_k1.20,restep_only,1.3,1.2
69.5794,17701.9,17632.3,17701.9,t_on+4.6~5.4s中位(=08-v6.1 P 口径),27305,后1/3段中位(不足60s),59.185,-12.2599,59.185,100.395,68.625,100.395,4.72135,,,,False,5351.15,1.0086,-44.2226,3863.6,-5351.15,159.185,-0.394614,10435.7,-17701.9,SW3,中途切换-1d9493,10.92,onset,ADC域,True,27696.8,0.636617,restep_k1.20,restep_only,1.3,1.2
18559.6,25621.5,7061.97,25621.5,t_on+4.6~5.4s中位(=08-v6.1 P 口径),27305,后1/3段中位(不足60s),38.1067,-57.6795,38.1067,362.81,134.24,362.81,14.2679,,,,False,5351.15,1.92949,-26.2308,3863.6,-5351.15,138.107,-262.81,2691.09,-25621.5,SW3,中途切换-1d9493,20.72,restep,ADC域,True,27696.8,0.254974,restep_k1.20,restep_only,1.3,1.2
25979,52,-25927,52,t_on+4.6~5.4s中位(=08-v6.1 P 口径),27305,后1/3段中位(不足60s),0.200563,0.200563,0.200563,109.293,80.8211,109.293,105.315,,,,False,5351.15,7.36892,-19.1485,3863.6,-5351.15,9.29289,-100.201,28336.4,-52,SW3,中途切换-1d9493,30.68,unload,ADC域,True,27696.8,0.9361,restep_k1.20,restep_only,1.3,1.2
55.4942,26638.1,26582.6,26638.1,t_on+4.6~5.4s中位(=08-v6.1 P 口径),27305,后1/3段中位(不足60s),6.65189,5.64072,6.65189,100.028,85.9799,100.028,4.14285,,,,False,3863.6,1.02519,-8.79812,3863.6,0,106.652,-0.0281922,1768.24,-26590.1,SW3,中途切换-1d9493,39.08,onset,ADC域,True,27696.8,0.959769,restep_k1.20,restep_only,1.3,1.2
27714.7,53,-27661.7,53,段末帧(退化),27305,后1/3段中位(不足60s),0.0180755,0.0180755,0.0180755,102.134,102.134,102.134,98.5371,,,,False,735.924,1.01762,2.13399,735.924,0,2.13351,-100.018,28251.9,-5,SW3,中途切换-1d9493,60.78,restep,ADC域,False,27696.8,0.998732,restep_k1.20,restep_only,1.3,1.2
84,15448.2,15364.2,15448.2,t_on+4.6~5.4s中位(=08-v6.1 P 口径),24171.5,t0+60s后中位,51.9203,-2.58941,51.9203,65.5442,65.5442,65.5442,-4.85703,,,,False,1913,0.9472,-37.9012,1756.25,-1913,151.92,34.4558,7977.13,-10070.3,SW4,中途切换-13ffca,8.41,onset,ADC域,True,32452.6,0.473434,restep_k1.20,restep_only,1.3,1.2
16085.4,22496.9,6411.47,22496.9,t_on+4.6~5.4s中位(=08-v6.1 P 口径),27884.7,t0+60s后中位,14.4804,-18.5891,14.4804,117.127,117.127,117.127,-69.5542,,,,False,2093.41,0.95417,-1.46197,0,-2093.41,114.48,-17.1271,928.407,-7509.57,SW4,中途切换-13ffca,18.68,restep,ADC域,False,32452.6,0.197564,restep_k1.20,restep_only,1.3,1.2
22912.5,24098.4,1185.96,24095.9,t_on+4.6~5.4s中位(=08-v6.1 P 口径),28247.1,t0+60s后中位,-56.5445,-56.5445,-56.5445,635.004,635.004,635.004,-406.575,,,,False,2192.53,0.682685,-115.048,0,-2192.53,43.2408,-535.218,-670.593,-7530.87,SW4,中途切换-13ffca,26.57,restep,ADC域,False,32452.6,0.0365443,restep_k1.20,restep_only,1.3,1.2
19465.9,24135.1,4669.26,24133.3,t_on+4.6~5.4s中位(=08-v6.1 P 口径),28278.7,t0+60s后中位,-15.163,-15.163,-15.163,134.598,134.598,134.598,-103.943,,,,False,2207.9,0.701037,8.46587,0,-2207.9,84.7974,-34.638,-708,-6284.74,SW4,中途切换-13ffca,27.6,restep,ADC域,False,32452.6,0.143879,restep_k1.20,restep_only,1.3,1.2
24634.7,21004.9,-3629.79,21002.6,t_on+4.6~5.4s中位(=08-v6.1 P 口径),31983.5,t0+60s后中位,578.617,71.2943,578.617,34.4087,34.4087,34.4087,881.14,,,,False,2853.21,-7.65122,-10.126,0,-2853.21,-65.655,-678.68,1248.96,-21002.6,SW4,中途切换-13ffca,45.28,partial_unload,ADC域,True,32452.6,0.111849,restep_k1.20,restep_only,1.3,1.2
20983.1,24429.9,3446.83,24429.7,t_on+4.6~5.4s中位(=08-v6.1 P 口径),27976.3,后1/3段中位(不足60s),155.787,-71.0978,155.787,708.757,117.407,708.757,52.8916,,,,False,3760.74,0.904039,-87.9684,3760.74,-2853.21,255.78,-608.764,5369.7,-24429.7,SW4,中途切换-13ffca,61.37,restep,ADC域,False,32452.6,0.106211,restep_k1.20,restep_only,1.3,1.2
24442.4,79,-24363.4,78,t_on+4.6~5.4s中位(=08-v6.1 P 口径),27976.3,后1/3段中位(不足60s),0.320153,0.320153,0.320153,122.185,47.6133,122.185,114.829,,,0.01,True,3760.74,1.48798,-52.0666,3760.74,-2661.13,22.1805,-100.324,29768.3,-78,SW4,中途切换-13ffca,68.93,unload,ADC域,True,32452.6,0.750737,restep_k1.20,restep_only,1.3,1.2
75,27895.9,27820.9,27895.9,t_on+4.6~5.4s中位(=08-v6.1 P 口径),27976.3,后1/3段中位(不足60s),23.277,6.84185,23.277,100.067,38.3675,100.067,22.9881,,,,False,3760.74,1.10724,-54.8435,3760.74,-9.2776,123.277,-0.0670225,6475.88,-27839.6,SW4,中途切换-13ffca,88,onset,ADC域,True,32452.6,0.857278,restep_k1.20,restep_only,1.3,1.2
28337.8,30791.3,2453.48,30791.3,t_on+4.6~5.4s中位(=08-v6.1 P 口径),27976.3,后1/3段中位(不足60s),145.936,120.814,145.936,1252.71,14.6342,1252.71,260.671,,,,False,3542.31,1.04365,-84.5141,3542.31,0,245.936,-1152.71,3580.51,-30734.9,SW4,中途切换-13ffca,99.36,restep,ADC域,False,32452.6,0.0756019,restep_k1.20,restep_only,1.3,1.2
29453,32163.4,2710.38,32155.5,t_on+4.6~5.4s中位(=08-v6.1 P 口径),27976.3,后1/3段中位(不足60s),81.771,81.771,81.771,1184.31,-16.1642,1184.31,235.963,,,,False,2577.97,1.08586,-44.9436,2577.97,0,181.479,-1084.6,2216.3,-32099.1,SW4,中途切换-13ffca,104.24,restep,ADC域,True,32452.6,0.083518,restep_k1.20,restep_only,1.3,1.2
32462.6,81,-32381.6,83,t_on+4.6~5.4s中位(=08-v6.1 P 口径),27976.3,后1/3段中位(不足60s),0.0822885,0.0822885,0.0822885,102.677,102.677,102.677,86.2218,,,,False,1227.13,1.03091,2.75028,1227.13,0,2.68345,-100.076,33248.5,-26.6463,SW4,中途切换-13ffca,113.8,unload,ADC域,True,32452.6,0.99781,restep_k1.20,restep_only,1.3,1.2
0.549442,14.7073,14.1578,14.7057,t_on+4.6~5.4s中位(=08-v6.1 P 口径),1.16117,t0+60s后中位,5.13735,-0.788701,5.13735,76.7128,76.7128,76.7128,100.805,5.36,5.36,5.36,False,2.25141,0.850392,-25.053,1.70144,-2.25141,105.126,23.2759,0.727339,-10.8609,RT1,右拇指指尖/数据1,8.27,onset,显示域,False,19.5791,0.72311,restep_k1.25,restep_only,1.3,1.25
14.6375,15.8381,1.20052,15.8268,t_on+4.6~5.4s中位(=08-v6.1 P 口径),1.11186,t0+60s后中位,-32.8006,-32.8006,-32.8006,121.807,115.711,121.807,1192.91,,,,False,2.54718,-0.141274,-92.1817,-0.240574,-2.54718,66.2626,-22.7434,-0.393777,-1.46231,RT1,右拇指指尖/数据1,13.6,restep,显示域,True,19.5791,0.0613163,restep_k1.25,restep_only,1.3,1.25
20.0385,0.943245,-19.0952,0.924979,t_on+4.6~5.4s中位(=08-v6.1 P 口径),1.00147,后1/3段中位(不足60s),4.84404,4.84404,4.84404,68.3519,68.3519,68.3519,5.24462,0.03,0.03,0.03,False,5.41639,0.704422,-32.1383,0,-5.41639,-31.7438,-104.94,13.0519,-0.924979,RT1,右拇指指尖/数据1,115.37,unload,显示域,True,19.5791,0.975286,restep_k1.25,restep_only,1.3,1.25
0.290396,16.726,16.4356,16.726,t_on+4.6~5.4s中位(=08-v6.1 P 口径),19.7617,t0+60s后中位,-0.903003,-1.11299,-0.903003,90.4771,90.4771,90.4771,-19.3735,13.16,13.16,0.55,False,2.41547,0.868067,-12.9516,2.13354,-2.41547,99.097,9.52291,-0.148414,-14.8705,RT2,右拇指指尖/数据2,12.32,onset,显示域,True,22.0068,0.746843,restep_k1.25,restep_only,1.3,1.25
20.8432,22.0158,1.1726,22.0168,t_on+4.6~5.4s中位(=08-v6.1 P 口径),0.329168,t0+60s后中位,-422.213,-422.213,-422.213,1877.61,847.803,1877.61,1427.32,,,,False,6.2192,0.762284,-57.2386,0,-6.2192,-322.135,-1777.53,-4.95085,-22.0168,RT2,右拇指指尖/数据2,147.11,restep,显示域,True,22.0068,0.0532834,restep_k1.25,restep_only,1.3,1.25
22.131,0.9172,-21.2138,0.912841,t_on+4.6~5.4s中位(=08-v6.1 P 口径),0.365081,t0+60s后中位,4.30305,4.30305,4.30305,69.4751,69.4751,69.4751,1.72096,0.02,0.02,0.02,False,6.178,0.707494,-30.8666,0,-6.178,-30.5455,-104.324,14.7383,-0.912841,RT2,右拇指指尖/数据2,159.49,unload,显示域,True,22.0068,0.963968,restep_k1.25,restep_only,1.3,1.25
0.043,16.5567,16.5137,16.5389,t_on+4.6~5.4s中位(=08-v6.1 P 口径),20.5361,t0+60s后中位,13.5865,5.26309,13.5865,99.3294,99.3294,99.3294,-10.6188,,,,False,2.3674,1.00778,4.27365,2.3674,-0.177791,113.479,0.56317,2.24364,-16.4029,RT3,右拇指指尖/数据3,10.59,onset,显示域,True,21.2279,0.777921,restep_k1.25,restep_only,1.3,1.25
21.248,0.521318,-20.7267,0.518415,t_on+4.6~5.4s中位(=08-v6.1 P 口径),0.568345,后1/3段中位(不足60s),2.50119,2.50119,2.50119,64.933,64.933,64.933,2.74209,0.01,0.01,0.01,False,2.55519,0.83932,-35.8846,0,-2.55519,-35.081,-102.515,13.4585,-0.518415,RT3,右拇指指尖/数据3,135.7,unload,显示域,True,21.2279,0.976388,restep_k1.25,restep_only,1.3,1.25
0,15.2813,15.2813,15.2813,t_on+4.6~5.4s中位(=08-v6.1 P 口径),17.8094,t0+60s后中位,13.92,4.90794,13.92,100,100,100,-2.62435,,,,False,2.18736,1.01374,4.44779,2.18736,-0.0633991,113.92,0,2.12715,-15.2813,LT1,左拇指指尖/数据1,11.69,onset,显示域,True,18.1566,0.841637,restep_k1.25,restep_only,1.3,1.25
18.1567,0,-18.1567,0,t_on+4.6~5.4s中位(=08-v6.1 P 口径),0,后1/3段中位(不足60s),-0,-0,-0,80.2056,80.2056,80.2056,-0,0.13,0.13,0.13,False,1.36096,0.914532,-19.7944,0,-1.36096,-19.7944,-100,14.5627,0,LT1,左拇指指尖/数据1,147.52,unload,显示域,True,18.1566,1.00001,restep_k1.25,restep_only,1.3,1.25
0,16.1212,16.1212,16.1212,t_on+4.6~5.4s中位(=08-v6.1 P 口径),18.002,t0+60s后中位,4.41653,4.41653,4.41653,61.2823,61.2823,61.2823,-7.25037,1.96,1.96,1.96,False,2.41252,0.928446,-34.8288,2.41252,-1.10351,104.417,38.7177,0.711996,-9.87941,LT2,左拇指指尖/数据2,14.92,onset,显示域,True,18.6005,0.866705,restep_k1.25,restep_only,1.3,1.25
18.6041,0,-18.6041,0,t_on+4.6~5.4s中位(=08-v6.1 P 口径),0,后1/3段中位(不足60s),-0,-0,-0,75.2234,75.2234,75.2234,-0,0.01,0.01,0.01,False,1.91044,0.879885,-24.7766,0,-1.91044,-24.7766,-100,13.9946,0,LT2,左拇指指尖/数据2,140.92,unload,显示域,True,18.6005,1.00019,restep_k1.25,restep_only,1.3,1.25
0,17.5144,17.5144,17.5144,t_on+4.6~5.4s中位(=08-v6.1 P 口径),18.8563,t0+60s后中位,6.00244,3.74863,6.00244,66.7966,66.7966,66.7966,-1.65931,,,78.5,True,2.43854,1.00726,-30.064,2.43854,-0.0979361,106.002,33.2034,1.05129,-11.699,LT3,左拇指指尖/数据3,10.87,onset,显示域,True,19.3415,0.905531,restep_k1.25,restep_only,1.3,1.25
19.3469,0,-19.3469,0,t_on+4.6~5.4s中位(=08-v6.1 P 口径),0,t0+60s后中位,-0,-0,-0,85.7109,85.7109,85.7109,-0,0.03,0.03,0.03,False,0.912257,0.947855,-14.2891,0,-0.912257,-14.2891,-100,16.5824,0,LT3,左拇指指尖/数据3,132.59,unload,显示域,True,19.3415,1.00028,restep_k1.25,restep_only,1.3,1.25
0.064,13.3829,13.3189,13.3829,t_on+4.6~5.4s中位(=08-v6.1 P 口径),0.101758,t0+60s后中位,1.42838,-0.713968,1.42838,66.9611,66.9611,66.9611,101.145,0.5,0.5,0.5,False,2.08834,0.836811,-34.1411,1.80867,-2.08834,101.428,33.0389,0.190244,-8.91846,F41,四指指尖/数据1,10.94,onset,显示域,False,16.302,0.817011,restep_k1.25,restep_only,1.3,1.25
10.8737,13.5564,2.68271,13.5564,t_on+4.6~5.4s中位(=08-v6.1 P 口径),0.082,t0+60s后中位,0.624843,-5.30175,0.624843,15.4572,12.0927,15.4572,502.892,,,,False,2.09812,0.0223548,-100,1.26791,-2.09812,100.625,84.5428,0.0167627,-0.414672,F41,四指指尖/数据1,12.19,restep,显示域,False,16.302,0.164564,restep_k1.25,restep_only,1.3,1.25
16.4153,0.0723016,-16.343,0.0768358,t_on+4.6~5.4s中位(=08-v6.1 P 口径),0.073,后1/3段中位(不足60s),0.470146,0.470146,0.470146,54.7075,54.7075,54.7075,0.446675,0.01,0.01,0.01,False,3.01411,0.747895,-44.9918,0,-3.01411,-45.2648,-100.442,8.94083,-0.0768358,F41,四指指尖/数据1,130.75,unload,显示域,True,16.302,1.00252,restep_k1.25,restep_only,1.3,1.25
0.063,14.7479,14.6849,14.7479,t_on+4.6~5.4s中位(=08-v6.1 P 口径),9.57269,t0+60s后中位,-1.5592,-1.67035,-1.5592,92.5463,92.5463,92.5463,33.6827,0.52,0.52,0.52,False,2.06458,0.894072,-9.8187,2.06458,-1.89832,98.4408,7.45373,-0.228967,-13.5904,F42,四指指尖/数据2,11.03,onset,显示域,True,17.0396,0.861814,restep_k1.25,restep_only,1.3,1.25
17.0666,0.0910805,-16.9755,0.091,t_on+4.6~5.4s中位(=08-v6.1 P 口径),0.0823702,后1/3段中位(不足60s),0.536066,0.536066,0.536066,86.7172,86.7172,86.7172,0.485229,0.02,0.02,0.02,False,2.37296,0.861187,-13.0026,0,-2.37296,-13.2833,-100.537,14.7207,-0.091,F42,四指指尖/数据2,130.78,unload,显示域,True,17.0396,0.996243,restep_k1.25,restep_only,1.3,1.25
0.068,15.3126,15.2446,15.3126,t_on+4.6~5.4s中位(=08-v6.1 P 口径),16.9838,t0+60s后中位,5.98032,3.27744,5.98032,78.8833,78.8833,78.8833,-4.98258,33.72,33.72,33.72,False,2.21537,0.985034,-18.3292,2.21537,-0.604318,105.98,21.1167,0.911675,-12.0254,F43,四指指尖/数据3,11,onset,显示域,True,17.4353,0.874349,restep_k1.25,restep_only,1.3,1.25
17.4903,0.560628,-16.9297,0.585277,t_on+4.6~5.4s中位(=08-v6.1 P 口径),0.0956784,后1/3段中位(不足60s),3.4571,3.4571,3.4571,72.2411,72.2411,72.2411,0.565151,0.09,0.09,0.09,False,1.37426,0.902485,-24.4967,0,-1.37426,-27.6133,-103.312,12.2302,-0.585277,F43,四指指尖/数据3,140.4,unload,显示域,True,17.4353,0.971,restep_k1.25,restep_only,1.3,1.25
76,4241.75,4165.75,4241.75,t_on+4.6~5.4s中位(=08-v6.1 P 口径),22201.8,t0+60s后中位,194.206,0.763056,194.206,74.5707,74.5707,74.5707,-236.931,,,3.38,True,889.269,0.951611,-29.2666,725.647,-889.269,294.206,25.4293,8090.13,-3106.43,SW1,切换负载-快相无责,10.84,onset,ADC域,True,27937.6,0.149109,restep_k1.25,restep_only,1.3,1.25
4811.46,11606.1,6794.66,11606.1,t_on+4.6~5.4s中位(=08-v6.1 P 口径),25339.1,t0+60s后中位,10.6815,10.6815,10.6815,34.9809,34.9809,34.9809,-191.433,,,,False,1092.13,4.46888,-125.805,292.527,-1092.13,110.681,65.0191,725.77,-2376.83,SW1,切换负载-快相无责,28.63,onset,ADC域,True,27937.6,0.243208,restep_k1.25,restep_only,1.3,1.25
12297.8,16207.4,3909.6,16202.1,t_on+4.6~5.4s中位(=08-v6.1 P 口径),25571.5,t0+60s后中位,11.2175,11.2175,11.2175,313.031,313.031,313.031,-228.432,,,,False,4530.02,0.473269,-286.711,0,-4530.02,111.084,-213.164,438.558,-12238.3,SW1,切换负载-快相无责,71.67,restep,ADC域,False,27937.6,0.139941,restep_k1.25,restep_only,1.3,1.25
5447.1,18092.5,12645.4,18092.5,t_on+4.6~5.4s中位(=08-v6.1 P 口径),25607.5,t0+60s后中位,-11.4812,-11.4812,-11.4812,108.792,108.792,108.792,-70.9096,,,,False,4530.02,0.485272,-69.4172,-919.158,-4530.02,88.5188,-8.79228,-1451.85,-13757.3,SW1,切换负载-快相无责,75.89,onset,ADC域,True,27937.6,0.452632,restep_k1.25,restep_only,1.3,1.25
19384.4,25851.7,6467.25,25850.6,t_on+4.6~5.4s中位(=08-v6.1 P 口径),22087.3,t0+60s后中位,44.2506,-72.7151,44.2506,399.715,204.228,399.715,102.44,,,,False,5456.51,0.740911,31.2991,3412.48,-5456.51,144.234,-299.732,2861.8,-25850.6,SW1,切换负载-快相无责,110.45,restep,ADC域,True,27937.6,0.231489,restep_k1.25,restep_only,1.3,1.25
26333.3,25386,-947.345,25386,t_on+4.6~5.4s中位(=08-v6.1 P 口径),20401.6,t0+60s后中位,2679.7,2679.7,2679.7,361.533,197.342,361.533,2153.55,,,,False,5438.54,9.40511,2139.65,3412.48,-5438.54,261.533,-2779.7,3424.96,-25386,SW1,切换负载-快相无责,129.37,partial_unload,ADC域,False,27937.6,0.0339094,restep_k1.25,restep_only,1.3,1.25
61.0611,27163.2,27102.1,27163.8,t_on+4.6~5.4s中位(=08-v6.1 P 口径),20127.8,t0+60s后中位,6.17084,5.71397,6.17084,99.9692,99.9692,99.9692,32.1318,,,,False,3412.48,1.04095,5.10513,3412.48,-4.67081,106.173,0.0329822,1672.43,-27093.8,SW1,切换负载-快相无责,133.83,onset,ADC域,True,27937.6,0.970096,restep_k1.25,restep_only,1.3,1.25
28005.2,24408.4,-3596.88,24408.4,t_on+4.6~5.4s中位(=08-v6.1 P 口径),25340.8,t0+60s后中位,677.531,677.531,677.531,104.978,104.978,104.978,703.454,,,,False,4034.83,3.8749,656.668,4034.83,-766.455,4.97778,-777.531,3775.93,-24370,SW1,切换负载-快相无责,182.03,partial_unload,ADC域,False,27937.6,0.128747,restep_k1.25,restep_only,1.3,1.25
52.8433,25248,25195.2,25248,t_on+4.6~5.4s中位(=08-v6.1 P 口径),60.6632,t0+60s后中位,11.654,11.654,11.654,100.004,100.004,100.004,111.623,,,2.4,True,4034.83,0.976083,10.9136,4034.83,-792.104,111.654,-0.00352015,2936.26,-25196.1,SW1,切换负载-快相无责,185.97,onset,ADC域,True,27937.6,0.901839,restep_k1.25,restep_only,1.3,1.25
26086,22170.5,-3915.48,22169.8,t_on+4.6~5.4s中位(=08-v6.1 P 口径),22086.1,后1/3段中位(不足60s),495.409,145.871,495.409,25.9689,25.9689,25.9689,493.272,,,,False,2732.12,1.19357,-59.6826,0,-2732.12,-74.0494,-595.427,1016.81,-19397.7,SW1,切换负载-快相无责,202.65,partial_unload,ADC域,True,27937.6,0.140151,restep_k1.25,restep_only,1.3,1.25
22149.6,5769,-16380.6,5767.93,t_on+4.6~5.4s中位(=08-v6.1 P 口径),22086.1,后1/3段中位(不足60s),31.6335,9.31716,31.6335,113.658,93.6629,113.658,131.252,,,,False,2865.18,1.07486,2.91274,0,-2865.18,13.6511,-131.64,18617.8,-5181.77,SW1,切换负载-快相无责,212.4,partial_unload,ADC域,False,27937.6,0.58633,restep_k1.25,restep_only,1.3,1.25
5760.84,11857,6096.16,11857,t_on+4.6~5.4s中位(=08-v6.1 P 口径),22086.1,后1/3段中位(不足60s),205.519,-8.49026,205.519,184.884,116.941,184.884,37.7224,,,,False,2865.18,0.871199,-39.9289,0,-2865.18,305.519,-84.8842,12528.8,-11270.8,SW1,切换负载-快相无责,217.74,restep,ADC域,True,27937.6,0.218206,restep_k1.25,restep_only,1.3,1.25
12122.3,19875.9,7753.67,19875.9,t_on+4.6~5.4s中位(=08-v6.1 P 口径),22086.1,后1/3段中位(不足60s),58.1637,-26.0894,58.1637,256.343,248.783,256.343,29.6585,,,,False,2865.18,0.77667,-146.248,0,-2865.18,158.164,-156.343,4509.82,-19875.9,SW1,切换负载-快相无责,230.64,restep,ADC域,False,27937.6,0.277535,restep_k1.25,restep_only,1.3,1.25
5210.44,20245.8,15035.4,20245.8,t_on+4.6~5.4s中位(=08-v6.1 P 口径),22086.1,后1/3段中位(不足60s),27.5345,-15.9143,27.5345,134.654,125.878,134.654,15.2947,,,,False,2865.18,0.477764,9.67191,0,-2865.18,127.534,-34.6545,4139.92,-20245.8,SW1,切换负载-快相无责,233.05,onset,ADC域,False,27937.6,0.538179,restep_k1.25,restep_only,1.3,1.25
20414.6,25671.8,5257.15,25671.8,t_on+4.6~5.4s中位(=08-v6.1 P 口径),22086.1,后1/3段中位(不足60s),-24.4625,-24.4625,-24.4625,488.321,145.679,488.321,43.7427,,,,False,2766.13,0.87731,-0.0786716,0,-2766.13,75.5375,-388.321,-1286.03,-25671.8,SW1,切换负载-快相无责,240.72,restep,ADC域,True,27937.6,0.188175,restep_k1.25,restep_only,1.3,1.25
25868,55,-25813,54.9693,t_on+4.6~5.4s中位(=08-v6.1 P 口径),22086.1,后1/3段中位(不足60s),0.212952,0.212952,0.212952,70.8239,70.8239,70.8239,85.5622,,,,False,2576.04,0.876495,-29.1956,0,-2576.04,-29.1762,-100.213,18281.8,-54.9693,SW1,切换负载-快相无责,249.63,unload,ADC域,True,27937.6,0.923952,restep_k1.25,restep_only,1.3,1.25
62,14458.3,14396.3,14458.3,t_on+4.6~5.4s中位(=08-v6.1 P 口径),24133.2,后1/3段中位(不足60s),57.7471,12.8457,57.7471,100.431,55.3875,100.431,-9.45693,,,,False,2396.66,1.00123,-39.0392,2396.66,-371.314,157.747,-0.430665,8313.46,-14458.3,SW2,再切换负载,11.79,onset,ADC域,False,25866.3,0.556567,restep_k1.25,restep_only,1.3,1.25
13424.9,14858.2,1433.25,14852.5,t_on+4.6~5.4s中位(=08-v6.1 P 口径),24133.2,后1/3段中位(不足60s),561.088,101.529,561.088,1036.28,3.8833,1036.28,-86.4462,,,,False,2396.66,1.04028,-100,2396.66,-371.314,660.692,-936.677,8041.78,-14852.5,SW2,再切换负载,13.7,restep,ADC域,False,25866.3,0.0554099,restep_k1.25,restep_only,1.3,1.25
14922.6,15402.5,479.895,15402.8,t_on+4.6~5.4s中位(=08-v6.1 P 口径),24133.2,后1/3段中位(不足60s),1687.5,188.56,1687.5,3209.61,126.263,3209.61,-131.752,,,,False,2396.66,0.990165,-100,2396.66,-286.275,1787.55,-3109.55,8098.22,-15402.8,SW2,再切换负载,14.86,restep,ADC域,False,25866.3,0.0185529,restep_k1.25,restep_only,1.3,1.25
16009.1,17425.7,1416.62,17425.7,t_on+4.6~5.4s中位(=08-v6.1 P 口径),24133.2,后1/3段中位(不足60s),669.478,4.50835,669.478,1230.09,1230.09,1230.09,195.989,,,,False,3721.65,0.920553,-849.784,3721.65,-280.322,769.478,-1130.09,9483.97,-17425.7,SW2,再切换负载,31.22,restep,ADC域,False,25866.3,0.0547671,restep_k1.25,restep_only,1.3,1.25
37.3925,21643.5,21606.1,21639.1,t_on+4.6~5.4s中位(=08-v6.1 P 口径),24133.2,后1/3段中位(不足60s),26.0431,4.94649,26.0431,100.042,84.0485,100.042,14.4993,,,,False,3721.65,1,-11.5112,3721.65,-14.153,126.023,-0.0619851,5626.89,-21615.1,SW2,再切换负载,35.96,onset,ADC域,True,25866.3,0.835298,restep_k1.25,restep_only,1.3,1.25
22655,38.6558,-22616.3,38.4964,t_on+4.6~5.4s中位(=08-v6.1 P 口径),24133.2,后1/3段中位(不足60s),0.0640968,0.0640968,0.0640968,120.857,28.4329,120.857,106.601,,,,False,3721.65,1.02364,-71.5477,3721.65,0,20.8565,-100.065,27333.5,-14.4964,SW2,再切换负载,50.61,unload,ADC域,False,25866.3,0.874356,restep_k1.25,restep_only,1.3,1.25
38,25209.3,25171.3,25209.3,t_on+4.6~5.4s中位(=08-v6.1 P 口径),24133.2,后1/3段中位(不足60s),8.59178,7.23358,8.59178,97.159,97.159,97.159,12.8668,,,,False,3721.65,1.05594,3.75257,3721.65,0,108.592,2.84099,2162.66,-24456.2,SW2,再切换负载,57.3,onset,ADC域,True,25866.3,0.973132,restep_k1.25,restep_only,1.3,1.25
69.5794,17701.9,17632.3,17701.9,t_on+4.6~5.4s中位(=08-v6.1 P 口径),27305,后1/3段中位(不足60s),59.185,-12.2599,59.185,100.395,68.625,100.395,4.72135,,,,False,5351.15,1.0086,-44.2226,3863.6,-5351.15,159.185,-0.394614,10435.7,-17701.9,SW3,中途切换-1d9493,10.92,onset,ADC域,True,27696.8,0.636617,restep_k1.25,restep_only,1.3,1.25
18559.6,25621.5,7061.97,25621.5,t_on+4.6~5.4s中位(=08-v6.1 P 口径),27305,后1/3段中位(不足60s),38.1067,-57.6795,38.1067,362.81,134.24,362.81,14.2679,,,,False,5351.15,1.92949,-26.1892,3863.6,-5351.15,138.107,-262.81,2691.09,-25621.5,SW3,中途切换-1d9493,20.72,restep,ADC域,True,27696.8,0.254974,restep_k1.25,restep_only,1.3,1.25
25979,52,-25927,52,t_on+4.6~5.4s中位(=08-v6.1 P 口径),27305,后1/3段中位(不足60s),0.200563,0.200563,0.200563,109.293,80.8211,109.293,105.315,,,,False,5351.15,7.36892,-19.1485,3863.6,-5351.15,9.29289,-100.201,28336.4,-52,SW3,中途切换-1d9493,30.68,unload,ADC域,True,27696.8,0.9361,restep_k1.25,restep_only,1.3,1.25
55.4942,26638.1,26582.6,26638.1,t_on+4.6~5.4s中位(=08-v6.1 P 口径),27305,后1/3段中位(不足60s),6.65189,5.64072,6.65189,100.028,85.9799,100.028,4.14285,,,,False,3863.6,1.02519,-8.79812,3863.6,0,106.652,-0.0281922,1768.24,-26590.1,SW3,中途切换-1d9493,39.08,onset,ADC域,True,27696.8,0.959769,restep_k1.25,restep_only,1.3,1.25
27714.7,53,-27661.7,53,段末帧(退化),27305,后1/3段中位(不足60s),0.0180755,0.0180755,0.0180755,102.134,102.134,102.134,98.5371,,,,False,735.924,1.01762,2.13399,735.924,0,2.13351,-100.018,28251.9,-5,SW3,中途切换-1d9493,60.78,restep,ADC域,False,27696.8,0.998732,restep_k1.25,restep_only,1.3,1.25
84,15448.2,15364.2,15448.2,t_on+4.6~5.4s中位(=08-v6.1 P 口径),24171.5,t0+60s后中位,51.9203,-2.58941,51.9203,65.5442,65.5442,65.5442,-4.85703,,,,False,1913,0.9472,-37.9012,1756.25,-1913,151.92,34.4558,7977.13,-10070.3,SW4,中途切换-13ffca,8.41,onset,ADC域,True,32452.6,0.473434,restep_k1.25,restep_only,1.3,1.25
16085.4,22496.9,6411.47,22496.9,t_on+4.6~5.4s中位(=08-v6.1 P 口径),27884.7,t0+60s后中位,14.4804,-18.5891,14.4804,117.127,117.127,117.127,-69.5542,,,,False,2093.41,0.95417,-1.46197,0,-2093.41,114.48,-17.1271,928.407,-7509.57,SW4,中途切换-13ffca,18.68,restep,ADC域,False,32452.6,0.197564,restep_k1.25,restep_only,1.3,1.25
22912.5,24098.4,1185.96,24095.9,t_on+4.6~5.4s中位(=08-v6.1 P 口径),28247.1,t0+60s后中位,-56.5445,-56.5445,-56.5445,635.004,635.004,635.004,-406.575,,,,False,2192.53,0.682685,-115.048,0,-2192.53,43.2408,-535.218,-670.593,-7530.87,SW4,中途切换-13ffca,26.57,restep,ADC域,False,32452.6,0.0365443,restep_k1.25,restep_only,1.3,1.25
19465.9,24135.1,4669.26,24133.3,t_on+4.6~5.4s中位(=08-v6.1 P 口径),28278.7,t0+60s后中位,-15.163,-15.163,-15.163,134.598,134.598,134.598,-103.943,,,,False,2207.9,0.701037,8.46587,0,-2207.9,84.7974,-34.638,-708,-6284.74,SW4,中途切换-13ffca,27.6,restep,ADC域,False,32452.6,0.143879,restep_k1.25,restep_only,1.3,1.25
24634.7,21004.9,-3629.79,21002.6,t_on+4.6~5.4s中位(=08-v6.1 P 口径),31983.5,t0+60s后中位,578.617,71.2943,578.617,34.4087,34.4087,34.4087,881.14,,,,False,2853.21,-7.65122,-10.126,0,-2853.21,-65.655,-678.68,1248.96,-21002.6,SW4,中途切换-13ffca,45.28,partial_unload,ADC域,True,32452.6,0.111849,restep_k1.25,restep_only,1.3,1.25
20983.1,24429.9,3446.83,24429.7,t_on+4.6~5.4s中位(=08-v6.1 P 口径),27976.3,后1/3段中位(不足60s),155.787,-71.0978,155.787,708.757,117.381,708.757,52.8916,,,,False,3760.74,0.904039,-87.9684,3760.74,-2853.21,255.78,-608.764,5369.7,-24429.7,SW4,中途切换-13ffca,61.37,restep,ADC域,False,32452.6,0.106211,restep_k1.25,restep_only,1.3,1.25
24442.4,79,-24363.4,78,t_on+4.6~5.4s中位(=08-v6.1 P 口径),27976.3,后1/3段中位(不足60s),0.320153,0.320153,0.320153,122.185,47.6133,122.185,114.829,,,0.01,True,3760.74,1.48798,-52.0666,3760.74,-2661.13,22.1805,-100.324,29768.3,-78,SW4,中途切换-13ffca,68.93,unload,ADC域,True,32452.6,0.750737,restep_k1.25,restep_only,1.3,1.25
75,27895.9,27820.9,27895.9,t_on+4.6~5.4s中位(=08-v6.1 P 口径),27976.3,后1/3段中位(不足60s),23.277,6.84185,23.277,100.067,38.3675,100.067,22.9881,,,,False,3760.74,1.10724,-54.8435,3760.74,-9.2776,123.277,-0.0670225,6475.88,-27839.6,SW4,中途切换-13ffca,88,onset,ADC域,True,32452.6,0.857278,restep_k1.25,restep_only,1.3,1.25
28337.8,30791.3,2453.48,30791.3,t_on+4.6~5.4s中位(=08-v6.1 P 口径),27976.3,后1/3段中位(不足60s),145.936,120.814,145.936,1252.71,14.6342,1252.71,260.671,,,,False,3542.31,1.04365,-84.5141,3542.31,0,245.936,-1152.71,3580.51,-30734.9,SW4,中途切换-13ffca,99.36,restep,ADC域,False,32452.6,0.0756019,restep_k1.25,restep_only,1.3,1.25
29453,32163.4,2710.38,32155.5,t_on+4.6~5.4s中位(=08-v6.1 P 口径),27976.3,后1/3段中位(不足60s),81.771,81.771,81.771,1184.31,-16.1642,1184.31,235.963,,,,False,2577.97,1.08586,-44.9436,2577.97,0,181.479,-1084.6,2216.3,-32099.1,SW4,中途切换-13ffca,104.24,restep,ADC域,True,32452.6,0.083518,restep_k1.25,restep_only,1.3,1.25
32462.6,81,-32381.6,83,t_on+4.6~5.4s中位(=08-v6.1 P 口径),27976.3,后1/3段中位(不足60s),0.0822885,0.0822885,0.0822885,102.677,102.677,102.677,86.2218,,,,False,1227.13,1.03091,2.75028,1227.13,0,2.68345,-100.076,33248.5,-26.6463,SW4,中途切换-13ffca,113.8,unload,ADC域,True,32452.6,0.99781,restep_k1.25,restep_only,1.3,1.25
0.549442,14.7073,14.1578,14.7057,t_on+4.6~5.4s中位(=08-v6.1 P 口径),1.16117,t0+60s后中位,5.13735,-0.788701,5.13735,76.7128,76.7128,76.7128,100.805,5.36,5.36,5.36,False,2.25141,0.850392,-25.053,1.70144,-2.25141,105.126,23.2759,0.727339,-10.8609,RT1,右拇指指尖/数据1,8.27,onset,显示域,False,19.5791,0.72311,restep_k1.30,restep_only,1.3,1.3
14.6375,15.8381,1.20052,15.8268,t_on+4.6~5.4s中位(=08-v6.1 P 口径),1.11186,t0+60s后中位,-32.8006,-32.8006,-32.8006,121.807,115.711,121.807,1192.91,,,,False,2.54718,-0.141274,-92.1817,-0.240574,-2.54718,66.2626,-22.7434,-0.393777,-1.46231,RT1,右拇指指尖/数据1,13.6,restep,显示域,True,19.5791,0.0613163,restep_k1.30,restep_only,1.3,1.3
20.0385,0.943245,-19.0952,0.924979,t_on+4.6~5.4s中位(=08-v6.1 P 口径),1.00147,后1/3段中位(不足60s),4.84404,4.84404,4.84404,68.3519,68.3519,68.3519,5.24462,0.03,0.03,0.03,False,5.41639,0.704422,-32.1383,0,-5.41639,-31.7438,-104.94,13.0519,-0.924979,RT1,右拇指指尖/数据1,115.37,unload,显示域,True,19.5791,0.975286,restep_k1.30,restep_only,1.3,1.3
0.290396,16.726,16.4356,16.726,t_on+4.6~5.4s中位(=08-v6.1 P 口径),19.7617,t0+60s后中位,-0.903003,-1.11299,-0.903003,90.4771,90.4771,90.4771,-19.3735,13.16,13.16,0.55,False,2.41547,0.868067,-12.9516,2.13354,-2.41547,99.097,9.52291,-0.148414,-14.8705,RT2,右拇指指尖/数据2,12.32,onset,显示域,True,22.0068,0.746843,restep_k1.30,restep_only,1.3,1.3
20.8432,22.0158,1.1726,22.0168,t_on+4.6~5.4s中位(=08-v6.1 P 口径),0.329168,t0+60s后中位,-422.213,-422.213,-422.213,1877.61,847.803,1877.61,1427.32,,,,False,6.2192,0.762284,-57.2386,0,-6.2192,-322.135,-1777.53,-4.95085,-22.0168,RT2,右拇指指尖/数据2,147.11,restep,显示域,True,22.0068,0.0532834,restep_k1.30,restep_only,1.3,1.3
22.131,0.9172,-21.2138,0.912841,t_on+4.6~5.4s中位(=08-v6.1 P 口径),0.365081,t0+60s后中位,4.30305,4.30305,4.30305,69.4751,69.4751,69.4751,1.72096,0.02,0.02,0.02,False,6.178,0.707494,-30.8666,0,-6.178,-30.5455,-104.324,14.7383,-0.912841,RT2,右拇指指尖/数据2,159.49,unload,显示域,True,22.0068,0.963968,restep_k1.30,restep_only,1.3,1.3
0.043,16.5567,16.5137,16.5389,t_on+4.6~5.4s中位(=08-v6.1 P 口径),20.5361,t0+60s后中位,13.5865,5.26309,13.5865,99.3294,99.3294,99.3294,-10.6188,,,,False,2.3674,1.00778,4.27365,2.3674,-0.177791,113.479,0.56317,2.24364,-16.4029,RT3,右拇指指尖/数据3,10.59,onset,显示域,True,21.2279,0.777921,restep_k1.30,restep_only,1.3,1.3
21.248,0.521318,-20.7267,0.518415,t_on+4.6~5.4s中位(=08-v6.1 P 口径),0.568345,后1/3段中位(不足60s),2.50119,2.50119,2.50119,64.933,64.933,64.933,2.74209,0.01,0.01,0.01,False,2.55519,0.83932,-35.8846,0,-2.55519,-35.081,-102.515,13.4585,-0.518415,RT3,右拇指指尖/数据3,135.7,unload,显示域,True,21.2279,0.976388,restep_k1.30,restep_only,1.3,1.3
0,15.2813,15.2813,15.2813,t_on+4.6~5.4s中位(=08-v6.1 P 口径),17.8094,t0+60s后中位,13.92,4.90794,13.92,100,100,100,-2.62435,,,,False,2.18736,1.01374,4.44779,2.18736,-0.0633991,113.92,0,2.12715,-15.2813,LT1,左拇指指尖/数据1,11.69,onset,显示域,True,18.1566,0.841637,restep_k1.30,restep_only,1.3,1.3
18.1567,0,-18.1567,0,t_on+4.6~5.4s中位(=08-v6.1 P 口径),0,后1/3段中位(不足60s),-0,-0,-0,80.2056,80.2056,80.2056,-0,0.13,0.13,0.13,False,1.36096,0.914532,-19.7944,0,-1.36096,-19.7944,-100,14.5627,0,LT1,左拇指指尖/数据1,147.52,unload,显示域,True,18.1566,1.00001,restep_k1.30,restep_only,1.3,1.3
0,16.1212,16.1212,16.1212,t_on+4.6~5.4s中位(=08-v6.1 P 口径),18.002,t0+60s后中位,4.41653,4.41653,4.41653,61.2823,61.2823,61.2823,-7.25037,1.96,1.96,1.96,False,2.41252,0.928446,-34.8288,2.41252,-1.10351,104.417,38.7177,0.711996,-9.87941,LT2,左拇指指尖/数据2,14.92,onset,显示域,True,18.6005,0.866705,restep_k1.30,restep_only,1.3,1.3
18.6041,0,-18.6041,0,t_on+4.6~5.4s中位(=08-v6.1 P 口径),0,后1/3段中位(不足60s),-0,-0,-0,75.2234,75.2234,75.2234,-0,0.01,0.01,0.01,False,1.91044,0.879885,-24.7766,0,-1.91044,-24.7766,-100,13.9946,0,LT2,左拇指指尖/数据2,140.92,unload,显示域,True,18.6005,1.00019,restep_k1.30,restep_only,1.3,1.3
0,17.5144,17.5144,17.5144,t_on+4.6~5.4s中位(=08-v6.1 P 口径),18.8563,t0+60s后中位,6.00244,3.74863,6.00244,66.7966,66.7966,66.7966,-1.65931,,,78.5,True,2.43854,1.00726,-30.064,2.43854,-0.0979361,106.002,33.2034,1.05129,-11.699,LT3,左拇指指尖/数据3,10.87,onset,显示域,True,19.3415,0.905531,restep_k1.30,restep_only,1.3,1.3
19.3469,0,-19.3469,0,t_on+4.6~5.4s中位(=08-v6.1 P 口径),0,t0+60s后中位,-0,-0,-0,85.7109,85.7109,85.7109,-0,0.03,0.03,0.03,False,0.912257,0.947855,-14.2891,0,-0.912257,-14.2891,-100,16.5824,0,LT3,左拇指指尖/数据3,132.59,unload,显示域,True,19.3415,1.00028,restep_k1.30,restep_only,1.3,1.3
0.064,13.3829,13.3189,13.3829,t_on+4.6~5.4s中位(=08-v6.1 P 口径),0.101758,t0+60s后中位,1.42838,-0.713968,1.42838,66.9611,66.9611,66.9611,101.145,0.5,0.5,0.5,False,2.08834,0.836811,-34.1411,1.80867,-2.08834,101.428,33.0389,0.190244,-8.91846,F41,四指指尖/数据1,10.94,onset,显示域,False,16.302,0.817011,restep_k1.30,restep_only,1.3,1.3
10.8737,13.5564,2.68271,13.5564,t_on+4.6~5.4s中位(=08-v6.1 P 口径),0.082,t0+60s后中位,0.624843,-5.30175,0.624843,15.4572,12.0927,15.4572,502.892,,,,False,2.09812,0.0223548,-100,1.26791,-2.09812,100.625,84.5428,0.0167627,-0.414672,F41,四指指尖/数据1,12.19,restep,显示域,False,16.302,0.164564,restep_k1.30,restep_only,1.3,1.3
16.4153,0.0723016,-16.343,0.0768358,t_on+4.6~5.4s中位(=08-v6.1 P 口径),0.073,后1/3段中位(不足60s),0.470146,0.470146,0.470146,54.7075,54.7075,54.7075,0.446675,0.01,0.01,0.01,False,3.01411,0.747895,-44.9918,0,-3.01411,-45.2648,-100.442,8.94083,-0.0768358,F41,四指指尖/数据1,130.75,unload,显示域,True,16.302,1.00252,restep_k1.30,restep_only,1.3,1.3
0.063,14.7479,14.6849,14.7479,t_on+4.6~5.4s中位(=08-v6.1 P 口径),9.57269,t0+60s后中位,-1.5592,-1.67035,-1.5592,92.5463,92.5463,92.5463,33.6827,0.52,0.52,0.52,False,2.06458,0.894072,-9.8187,2.06458,-1.89832,98.4408,7.45373,-0.228967,-13.5904,F42,四指指尖/数据2,11.03,onset,显示域,True,17.0396,0.861814,restep_k1.30,restep_only,1.3,1.3
17.0666,0.0910805,-16.9755,0.091,t_on+4.6~5.4s中位(=08-v6.1 P 口径),0.0823702,后1/3段中位(不足60s),0.536066,0.536066,0.536066,86.7172,86.7172,86.7172,0.485229,0.02,0.02,0.02,False,2.37296,0.861187,-13.0026,0,-2.37296,-13.2833,-100.537,14.7207,-0.091,F42,四指指尖/数据2,130.78,unload,显示域,True,17.0396,0.996243,restep_k1.30,restep_only,1.3,1.3
0.068,15.3126,15.2446,15.3126,t_on+4.6~5.4s中位(=08-v6.1 P 口径),16.9838,t0+60s后中位,5.98032,3.27744,5.98032,78.8833,78.8833,78.8833,-4.98258,33.72,33.72,33.72,False,2.21537,0.985034,-18.3292,2.21537,-0.604318,105.98,21.1167,0.911675,-12.0254,F43,四指指尖/数据3,11,onset,显示域,True,17.4353,0.874349,restep_k1.30,restep_only,1.3,1.3
17.4903,0.560628,-16.9297,0.585277,t_on+4.6~5.4s中位(=08-v6.1 P 口径),0.0956784,后1/3段中位(不足60s),3.4571,3.4571,3.4571,72.2411,72.2411,72.2411,0.565151,0.09,0.09,0.09,False,1.37426,0.902485,-24.4967,0,-1.37426,-27.6133,-103.312,12.2302,-0.585277,F43,四指指尖/数据3,140.4,unload,显示域,True,17.4353,0.971,restep_k1.30,restep_only,1.3,1.3
76,4241.75,4165.75,4241.75,t_on+4.6~5.4s中位(=08-v6.1 P 口径),22201.8,t0+60s后中位,194.206,0.763056,194.206,74.5707,74.5707,74.5707,-236.931,,,3.38,True,889.269,0.951611,-29.2666,725.647,-889.269,294.206,25.4293,8090.13,-3106.43,SW1,切换负载-快相无责,10.84,onset,ADC域,True,27937.6,0.149109,restep_k1.30,restep_only,1.3,1.3
4811.46,11606.1,6794.66,11606.1,t_on+4.6~5.4s中位(=08-v6.1 P 口径),25339.1,t0+60s后中位,10.6815,10.6815,10.6815,34.9809,34.9809,34.9809,-191.433,,,,False,1092.13,4.46888,-125.805,292.527,-1092.13,110.681,65.0191,725.77,-2376.83,SW1,切换负载-快相无责,28.63,onset,ADC域,True,27937.6,0.243208,restep_k1.30,restep_only,1.3,1.3
12297.8,16207.4,3909.6,16202.1,t_on+4.6~5.4s中位(=08-v6.1 P 口径),25571.5,t0+60s后中位,11.2175,11.2175,11.2175,313.031,313.031,313.031,-228.432,,,,False,4530.02,0.473269,-286.711,0,-4530.02,111.084,-213.164,438.558,-12238.3,SW1,切换负载-快相无责,71.67,restep,ADC域,False,27937.6,0.139941,restep_k1.30,restep_only,1.3,1.3
5447.1,18092.5,12645.4,18092.5,t_on+4.6~5.4s中位(=08-v6.1 P 口径),25607.5,t0+60s后中位,-11.4812,-11.4812,-11.4812,108.669,108.669,108.669,-70.9096,,,,False,4530.02,0.485272,-69.4172,-903.517,-4530.02,88.5188,-8.6686,-1451.85,-13741.6,SW1,切换负载-快相无责,75.89,onset,ADC域,True,27937.6,0.452632,restep_k1.30,restep_only,1.3,1.3
19384.4,25851.7,6467.25,25850.6,t_on+4.6~5.4s中位(=08-v6.1 P 口径),22087.3,t0+60s后中位,44.2506,-72.7151,44.2506,399.715,204.228,399.715,102.44,,,,False,5456.51,0.740911,31.2991,3412.48,-5456.51,144.234,-299.732,2861.8,-25850.6,SW1,切换负载-快相无责,110.45,restep,ADC域,True,27937.6,0.231489,restep_k1.30,restep_only,1.3,1.3
26333.3,25386,-947.345,25386,t_on+4.6~5.4s中位(=08-v6.1 P 口径),20401.6,t0+60s后中位,2679.7,2679.7,2679.7,361.533,197.342,361.533,2153.55,,,,False,5438.54,9.40511,2139.65,3412.48,-5438.54,261.533,-2779.7,3424.96,-25386,SW1,切换负载-快相无责,129.37,partial_unload,ADC域,False,27937.6,0.0339094,restep_k1.30,restep_only,1.3,1.3
61.0611,27163.2,27102.1,27163.8,t_on+4.6~5.4s中位(=08-v6.1 P 口径),20127.8,t0+60s后中位,6.17084,5.71397,6.17084,99.9692,99.9692,99.9692,32.1318,,,,False,3412.48,1.04095,5.10513,3412.48,-4.67081,106.173,0.0329822,1672.43,-27093.8,SW1,切换负载-快相无责,133.83,onset,ADC域,True,27937.6,0.970096,restep_k1.30,restep_only,1.3,1.3
28005.2,24408.4,-3596.88,24408.4,t_on+4.6~5.4s中位(=08-v6.1 P 口径),25340.8,t0+60s后中位,677.531,677.531,677.531,104.978,104.978,104.978,703.454,,,,False,4034.83,3.8749,656.668,4034.83,-766.455,4.97778,-777.531,3775.93,-24370,SW1,切换负载-快相无责,182.03,partial_unload,ADC域,False,27937.6,0.128747,restep_k1.30,restep_only,1.3,1.3
52.8433,25248,25195.2,25248,t_on+4.6~5.4s中位(=08-v6.1 P 口径),60.6632,t0+60s后中位,11.654,11.654,11.654,100.004,100.004,100.004,111.623,,,2.4,True,4034.83,0.976083,10.9136,4034.83,-792.104,111.654,-0.00352015,2936.26,-25196.1,SW1,切换负载-快相无责,185.97,onset,ADC域,True,27937.6,0.901839,restep_k1.30,restep_only,1.3,1.3
26086,22170.5,-3915.48,22169.8,t_on+4.6~5.4s中位(=08-v6.1 P 口径),22086.1,后1/3段中位(不足60s),495.409,145.871,495.409,25.9689,25.9689,25.9689,493.272,,,,False,2732.12,1.19357,-59.6826,0,-2732.12,-74.0494,-595.427,1016.81,-19397.7,SW1,切换负载-快相无责,202.65,partial_unload,ADC域,True,27937.6,0.140151,restep_k1.30,restep_only,1.3,1.3
22149.6,5769,-16380.6,5767.93,t_on+4.6~5.4s中位(=08-v6.1 P 口径),22086.1,后1/3段中位(不足60s),31.6335,9.31716,31.6335,113.658,93.6629,113.658,131.252,,,,False,2865.18,1.07486,2.91274,0,-2865.18,13.6511,-131.64,18617.8,-5181.77,SW1,切换负载-快相无责,212.4,partial_unload,ADC域,False,27937.6,0.58633,restep_k1.30,restep_only,1.3,1.3
5760.84,11857,6096.16,11857,t_on+4.6~5.4s中位(=08-v6.1 P 口径),22086.1,后1/3段中位(不足60s),205.519,-8.49026,205.519,184.884,116.941,184.884,37.7224,,,,False,2865.18,0.871199,-39.9289,0,-2865.18,305.519,-84.8842,12528.8,-11270.8,SW1,切换负载-快相无责,217.74,restep,ADC域,True,27937.6,0.218206,restep_k1.30,restep_only,1.3,1.3
12122.3,19875.9,7753.67,19875.9,t_on+4.6~5.4s中位(=08-v6.1 P 口径),22086.1,后1/3段中位(不足60s),58.1637,-26.0894,58.1637,256.343,248.783,256.343,29.6585,,,,False,2865.18,0.77667,-146.248,0,-2865.18,158.164,-156.343,4509.82,-19875.9,SW1,切换负载-快相无责,230.64,restep,ADC域,False,27937.6,0.277535,restep_k1.30,restep_only,1.3,1.3
5210.44,20245.8,15035.4,20245.8,t_on+4.6~5.4s中位(=08-v6.1 P 口径),22086.1,后1/3段中位(不足60s),27.5345,-15.9143,27.5345,134.654,125.878,134.654,15.2947,,,,False,2865.18,0.477764,9.67191,0,-2865.18,127.534,-34.6545,4139.92,-20245.8,SW1,切换负载-快相无责,233.05,onset,ADC域,False,27937.6,0.538179,restep_k1.30,restep_only,1.3,1.3
20414.6,25671.8,5257.15,25671.8,t_on+4.6~5.4s中位(=08-v6.1 P 口径),22086.1,后1/3段中位(不足60s),-24.4625,-24.4625,-24.4625,488.321,145.679,488.321,43.7427,,,,False,2766.13,0.87731,-0.0786716,0,-2766.13,75.5375,-388.321,-1286.03,-25671.8,SW1,切换负载-快相无责,240.72,restep,ADC域,True,27937.6,0.188175,restep_k1.30,restep_only,1.3,1.3
25868,55,-25813,54.9693,t_on+4.6~5.4s中位(=08-v6.1 P 口径),22086.1,后1/3段中位(不足60s),0.212952,0.212952,0.212952,70.8239,70.8239,70.8239,85.5622,,,,False,2576.04,0.876495,-29.1956,0,-2576.04,-29.1762,-100.213,18281.8,-54.9693,SW1,切换负载-快相无责,249.63,unload,ADC域,True,27937.6,0.923952,restep_k1.30,restep_only,1.3,1.3
62,14458.3,14396.3,14458.3,t_on+4.6~5.4s中位(=08-v6.1 P 口径),24133.2,后1/3段中位(不足60s),57.7471,12.8457,57.7471,100.431,55.3875,100.431,-9.45693,,,,False,2396.66,1.00123,-39.0392,2396.66,-371.314,157.747,-0.430665,8313.46,-14458.3,SW2,再切换负载,11.79,onset,ADC域,False,25866.3,0.556567,restep_k1.30,restep_only,1.3,1.3
13424.9,14858.2,1433.25,14852.5,t_on+4.6~5.4s中位(=08-v6.1 P 口径),24133.2,后1/3段中位(不足60s),561.088,101.529,561.088,1036.28,3.8833,1036.28,-86.4462,,,,False,2396.66,1.04028,-100,2396.66,-371.314,660.692,-936.677,8041.78,-14852.5,SW2,再切换负载,13.7,restep,ADC域,False,25866.3,0.0554099,restep_k1.30,restep_only,1.3,1.3
14922.6,15402.5,479.895,15402.8,t_on+4.6~5.4s中位(=08-v6.1 P 口径),24133.2,后1/3段中位(不足60s),1687.5,188.56,1687.5,3209.61,126.263,3209.61,-131.752,,,,False,2396.66,0.990165,-100,2396.66,-286.275,1787.55,-3109.55,8098.22,-15402.8,SW2,再切换负载,14.86,restep,ADC域,False,25866.3,0.0185529,restep_k1.30,restep_only,1.3,1.3
16009.1,17425.7,1416.62,17425.7,t_on+4.6~5.4s中位(=08-v6.1 P 口径),24133.2,后1/3段中位(不足60s),669.478,4.50835,669.478,1230.09,1230.09,1230.09,195.989,,,,False,3721.65,0.920553,-849.784,3721.65,-280.322,769.478,-1130.09,9483.97,-17425.7,SW2,再切换负载,31.22,restep,ADC域,False,25866.3,0.0547671,restep_k1.30,restep_only,1.3,1.3
37.3925,21643.5,21606.1,21639.1,t_on+4.6~5.4s中位(=08-v6.1 P 口径),24133.2,后1/3段中位(不足60s),26.0431,4.94649,26.0431,100.042,84.0485,100.042,14.4993,,,,False,3721.65,1,-11.5112,3721.65,-14.153,126.023,-0.0619851,5626.89,-21615.1,SW2,再切换负载,35.96,onset,ADC域,True,25866.3,0.835298,restep_k1.30,restep_only,1.3,1.3
22655,38.6558,-22616.3,38.4964,t_on+4.6~5.4s中位(=08-v6.1 P 口径),24133.2,后1/3段中位(不足60s),0.0640968,0.0640968,0.0640968,120.857,28.4329,120.857,106.601,,,,False,3721.65,1.02364,-71.5477,3721.65,0,20.8565,-100.065,27333.5,-14.4964,SW2,再切换负载,50.61,unload,ADC域,False,25866.3,0.874356,restep_k1.30,restep_only,1.3,1.3
38,25209.3,25171.3,25209.3,t_on+4.6~5.4s中位(=08-v6.1 P 口径),24133.2,后1/3段中位(不足60s),8.59178,7.23358,8.59178,97.159,97.159,97.159,12.8668,,,,False,3721.65,1.05594,3.75257,3721.65,0,108.592,2.84099,2162.66,-24456.2,SW2,再切换负载,57.3,onset,ADC域,True,25866.3,0.973132,restep_k1.30,restep_only,1.3,1.3
69.5794,17701.9,17632.3,17701.9,t_on+4.6~5.4s中位(=08-v6.1 P 口径),27305,后1/3段中位(不足60s),59.185,-12.2599,59.185,100.395,68.625,100.395,4.72135,,,,False,5351.15,1.0086,-44.2226,3863.6,-5351.15,159.185,-0.394614,10435.7,-17701.9,SW3,中途切换-1d9493,10.92,onset,ADC域,True,27696.8,0.636617,restep_k1.30,restep_only,1.3,1.3
18559.6,25621.5,7061.97,25621.5,t_on+4.6~5.4s中位(=08-v6.1 P 口径),27305,后1/3段中位(不足60s),38.1067,-57.6795,38.1067,362.81,134.24,362.81,14.2679,,,,False,5351.15,1.92949,-26.1892,3863.6,-5351.15,138.107,-262.81,2691.09,-25621.5,SW3,中途切换-1d9493,20.72,restep,ADC域,True,27696.8,0.254974,restep_k1.30,restep_only,1.3,1.3
25979,52,-25927,52,t_on+4.6~5.4s中位(=08-v6.1 P 口径),27305,后1/3段中位(不足60s),0.200563,0.200563,0.200563,109.293,80.8211,109.293,105.315,,,,False,5351.15,7.36892,-19.1485,3863.6,-5351.15,9.29289,-100.201,28336.4,-52,SW3,中途切换-1d9493,30.68,unload,ADC域,True,27696.8,0.9361,restep_k1.30,restep_only,1.3,1.3
55.4942,26638.1,26582.6,26638.1,t_on+4.6~5.4s中位(=08-v6.1 P 口径),27305,后1/3段中位(不足60s),6.65189,5.64072,6.65189,100.028,85.9799,100.028,4.14285,,,,False,3863.6,1.02519,-8.79812,3863.6,0,106.652,-0.0281922,1768.24,-26590.1,SW3,中途切换-1d9493,39.08,onset,ADC域,True,27696.8,0.959769,restep_k1.30,restep_only,1.3,1.3
27714.7,53,-27661.7,53,段末帧(退化),27305,后1/3段中位(不足60s),0.0180755,0.0180755,0.0180755,102.134,102.134,102.134,98.5371,,,,False,735.924,1.01762,2.13399,735.924,0,2.13351,-100.018,28251.9,-5,SW3,中途切换-1d9493,60.78,restep,ADC域,False,27696.8,0.998732,restep_k1.30,restep_only,1.3,1.3
84,15448.2,15364.2,15448.2,t_on+4.6~5.4s中位(=08-v6.1 P 口径),24171.5,t0+60s后中位,51.9203,-2.58941,51.9203,65.5442,65.5442,65.5442,-4.85703,,,,False,1913,0.9472,-37.9012,1756.25,-1913,151.92,34.4558,7977.13,-10070.3,SW4,中途切换-13ffca,8.41,onset,ADC域,True,32452.6,0.473434,restep_k1.30,restep_only,1.3,1.3
16085.4,22496.9,6411.47,22496.9,t_on+4.6~5.4s中位(=08-v6.1 P 口径),27884.7,t0+60s后中位,14.4804,-18.5891,14.4804,117.127,117.127,117.127,-69.5542,,,,False,2093.41,0.95417,-1.46197,0,-2093.41,114.48,-17.1271,928.407,-7509.57,SW4,中途切换-13ffca,18.68,restep,ADC域,False,32452.6,0.197564,restep_k1.30,restep_only,1.3,1.3
22912.5,24098.4,1185.96,24095.9,t_on+4.6~5.4s中位(=08-v6.1 P 口径),28247.1,t0+60s后中位,-56.5445,-56.5445,-56.5445,635.004,635.004,635.004,-406.575,,,,False,2192.53,0.682685,-115.048,0,-2192.53,43.2408,-535.218,-670.593,-7530.87,SW4,中途切换-13ffca,26.57,restep,ADC域,False,32452.6,0.0365443,restep_k1.30,restep_only,1.3,1.3
19465.9,24135.1,4669.26,24133.3,t_on+4.6~5.4s中位(=08-v6.1 P 口径),28278.7,t0+60s后中位,-15.163,-15.163,-15.163,134.598,134.598,134.598,-103.943,,,,False,2207.9,0.701037,8.46587,0,-2207.9,84.7974,-34.638,-708,-6284.74,SW4,中途切换-13ffca,27.6,restep,ADC域,False,32452.6,0.143879,restep_k1.30,restep_only,1.3,1.3
24634.7,21004.9,-3629.79,21002.6,t_on+4.6~5.4s中位(=08-v6.1 P 口径),31983.5,t0+60s后中位,578.617,71.2943,578.617,34.4087,34.4087,34.4087,881.14,,,,False,2853.21,-7.65122,-10.126,0,-2853.21,-65.655,-678.68,1248.96,-21002.6,SW4,中途切换-13ffca,45.28,partial_unload,ADC域,True,32452.6,0.111849,restep_k1.30,restep_only,1.3,1.3
20983.1,24429.9,3446.83,24429.7,t_on+4.6~5.4s中位(=08-v6.1 P 口径),27976.3,后1/3段中位(不足60s),155.787,-71.0978,155.787,708.757,117.354,708.757,52.8916,,,,False,3760.74,0.904039,-87.9684,3760.74,-2853.21,255.78,-608.764,5369.7,-24429.7,SW4,中途切换-13ffca,61.37,restep,ADC域,False,32452.6,0.106211,restep_k1.30,restep_only,1.3,1.3
24442.4,79,-24363.4,78,t_on+4.6~5.4s中位(=08-v6.1 P 口径),27976.3,后1/3段中位(不足60s),0.320153,0.320153,0.320153,122.185,47.6133,122.185,114.829,,,0.01,True,3760.74,1.48798,-52.0666,3760.74,-2661.13,22.1805,-100.324,29768.3,-78,SW4,中途切换-13ffca,68.93,unload,ADC域,True,32452.6,0.750737,restep_k1.30,restep_only,1.3,1.3
75,27895.9,27820.9,27895.9,t_on+4.6~5.4s中位(=08-v6.1 P 口径),27976.3,后1/3段中位(不足60s),23.277,6.84185,23.277,100.067,38.3675,100.067,22.9881,,,,False,3760.74,1.10724,-54.8435,3760.74,-9.2776,123.277,-0.0670225,6475.88,-27839.6,SW4,中途切换-13ffca,88,onset,ADC域,True,32452.6,0.857278,restep_k1.30,restep_only,1.3,1.3
28337.8,30791.3,2453.48,30791.3,t_on+4.6~5.4s中位(=08-v6.1 P 口径),27976.3,后1/3段中位(不足60s),145.936,120.814,145.936,1252.71,14.6342,1252.71,260.671,,,,False,3542.31,1.04365,-84.5141,3542.31,0,245.936,-1152.71,3580.51,-30734.9,SW4,中途切换-13ffca,99.36,restep,ADC域,False,32452.6,0.0756019,restep_k1.30,restep_only,1.3,1.3
29453,32163.4,2710.38,32155.5,t_on+4.6~5.4s中位(=08-v6.1 P 口径),27976.3,后1/3段中位(不足60s),81.771,81.771,81.771,1184.31,-16.1642,1184.31,235.963,,,,False,2577.97,1.08586,-44.9436,2577.97,0,181.479,-1084.6,2216.3,-32099.1,SW4,中途切换-13ffca,104.24,restep,ADC域,True,32452.6,0.083518,restep_k1.30,restep_only,1.3,1.3
32462.6,81,-32381.6,83,t_on+4.6~5.4s中位(=08-v6.1 P 口径),27976.3,后1/3段中位(不足60s),0.0822885,0.0822885,0.0822885,102.677,102.677,102.677,86.2218,,,,False,1227.13,1.03091,2.75028,1227.13,0,2.68345,-100.076,33248.5,-26.6463,SW4,中途切换-13ffca,113.8,unload,ADC域,True,32452.6,0.99781,restep_k1.30,restep_only,1.3,1.3
