pre,post,J,Z_final,zf_mode,Z_final_task,zf_task_mode,OS_pct,OS_pct_5s,OS_pct_30s,US_pct,US_pct_5s,US_pct_30s,OS_pct_task_literal,T_stable,T_stable30,T_stable10,T_stable_trunc,MD,G20,err_1s_pct,dev_mid_max_adc,dev_mid_min_adc,dev_pre_pct_max,dev_pre_pct_min,peak_dev_adc,trough_dev_adc,key,t_on,kind,dom,fid,family,layer,causal,extra_delay_frames,t0pf
0.549442,14.7073,14.1578,14.7057,t_on+4.6~5.4s中位(=08-v6.1 P 口径),1.16117,t0+60s后中位,5.13735,-0.788701,5.13735,76.7128,76.7128,76.7128,100.805,5.36,5.36,5.36,False,2.25141,0.850392,-25.053,1.70144,-2.25141,105.126,23.2759,0.727339,-10.8609,RT1,8.27,onset,显示域,iir_ema_tau0,iir_ema,display,True,0,8.27
14.6375,15.8381,1.20052,15.8268,t_on+4.6~5.4s中位(=08-v6.1 P 口径),1.11186,t0+60s后中位,-32.8006,-32.8006,-32.8006,121.807,115.711,121.807,1192.91,,,,False,2.54718,-0.141274,-92.1817,-0.240574,-2.54718,66.2626,-22.7434,-0.393777,-1.46231,RT1,13.6,restep,显示域,iir_ema_tau0,iir_ema,display,True,0,13.6
0.290396,16.726,16.4356,16.726,t_on+4.6~5.4s中位(=08-v6.1 P 口径),19.7617,t0+60s后中位,-0.903003,-1.11299,-0.903003,90.4771,90.4771,90.4771,-19.3735,13.16,13.16,0.55,False,2.41547,0.868067,-12.9516,2.13354,-2.41547,99.097,9.52291,-0.148414,-14.8705,RT2,12.32,onset,显示域,iir_ema_tau0,iir_ema,display,True,0,12.32
20.8432,22.0158,1.1726,22.0168,t_on+4.6~5.4s中位(=08-v6.1 P 口径),0.329168,t0+60s后中位,-422.213,-422.213,-422.213,1877.61,847.803,1877.61,1427.32,,,,False,6.2192,0.762284,-57.2386,0,-6.2192,-322.135,-1777.53,-4.95085,-22.0168,RT2,147.11,restep,显示域,iir_ema_tau0,iir_ema,display,True,0,147.11
0.043,16.5567,16.5137,16.5389,t_on+4.6~5.4s中位(=08-v6.1 P 口径),20.5361,t0+60s后中位,13.5865,5.26309,13.5865,99.3294,99.3294,99.3294,-10.6188,,,,False,2.3674,1.00778,4.27365,2.3674,-0.177791,113.479,0.56317,2.24364,-16.4029,RT3,10.59,onset,显示域,iir_ema_tau0,iir_ema,display,True,0,10.59
0,15.2813,15.2813,15.2813,t_on+4.6~5.4s中位(=08-v6.1 P 口径),17.8094,t0+60s后中位,13.92,4.90794,13.92,100,100,100,-2.62435,,,,False,2.18736,1.01374,4.44779,2.18736,-0.0633991,113.92,0,2.12715,-15.2813,LT1,11.69,onset,显示域,iir_ema_tau0,iir_ema,display,True,0,11.69
0,16.1212,16.1212,16.1212,t_on+4.6~5.4s中位(=08-v6.1 P 口径),18.002,t0+60s后中位,4.41653,4.41653,4.41653,61.2823,61.2823,61.2823,-7.25037,1.96,1.96,1.96,False,2.41252,0.928446,-34.8288,2.41252,-1.10351,104.417,38.7177,0.711996,-9.87941,LT2,14.92,onset,显示域,iir_ema_tau0,iir_ema,display,True,0,14.92
0,17.5144,17.5144,17.5144,t_on+4.6~5.4s中位(=08-v6.1 P 口径),18.8563,t0+60s后中位,6.00244,3.74863,6.00244,66.7966,66.7966,66.7966,-1.65931,,,78.5,True,2.43854,1.00726,-30.064,2.43854,-0.0979361,106.002,33.2034,1.05129,-11.699,LT3,10.87,onset,显示域,iir_ema_tau0,iir_ema,display,True,0,10.87
0.064,13.3829,13.3189,13.3829,t_on+4.6~5.4s中位(=08-v6.1 P 口径),0.101758,t0+60s后中位,1.42838,-0.713968,1.42838,66.9611,66.9611,66.9611,101.145,0.5,0.5,0.5,False,2.08834,0.836811,-34.1411,1.80867,-2.08834,101.428,33.0389,0.190244,-8.91846,F41,10.94,onset,显示域,iir_ema_tau0,iir_ema,display,True,0,10.94
10.8737,13.5564,2.68271,13.5564,t_on+4.6~5.4s中位(=08-v6.1 P 口径),0.082,t0+60s后中位,0.624843,-5.30175,0.624843,15.4572,12.0927,15.4572,502.892,,,,False,2.09812,0.0223548,-100,1.26791,-2.09812,100.625,84.5428,0.0167627,-0.414672,F41,12.19,restep,显示域,iir_ema_tau0,iir_ema,display,True,0,12.19
0.063,14.7479,14.6849,14.7479,t_on+4.6~5.4s中位(=08-v6.1 P 口径),9.57269,t0+60s后中位,-1.5592,-1.67035,-1.5592,92.5463,92.5463,92.5463,33.6827,0.52,0.52,0.52,False,2.06458,0.894072,-9.8187,2.06458,-1.89832,98.4408,7.45373,-0.228967,-13.5904,F42,11.03,onset,显示域,iir_ema_tau0,iir_ema,display,True,0,11.03
0.068,15.3126,15.2446,15.3126,t_on+4.6~5.4s中位(=08-v6.1 P 口径),16.9838,t0+60s后中位,5.98032,3.27744,5.98032,78.8833,78.8833,78.8833,-4.98258,33.72,33.72,33.72,False,2.21537,0.985034,-18.3292,2.21537,-0.604318,105.98,21.1167,0.911675,-12.0254,F43,11,onset,显示域,iir_ema_tau0,iir_ema,display,True,0,11
76,4241.75,4165.75,4241.75,t_on+4.6~5.4s中位(=08-v6.1 P 口径),22201.8,t0+60s后中位,194.206,0.763056,194.206,74.5707,74.5707,74.5707,-236.931,,,3.38,True,889.269,0.951611,-29.2666,725.647,-889.269,294.206,25.4293,8090.13,-3106.43,SW1,10.84,onset,ADC域,iir_ema_tau0,iir_ema,display,True,0,10.84
4811.46,11606.1,6794.66,11606.1,t_on+4.6~5.4s中位(=08-v6.1 P 口径),25339.1,t0+60s后中位,10.6815,10.6815,10.6815,34.9809,34.9809,34.9809,-191.433,,,,False,1092.13,4.46888,-125.805,292.527,-1092.13,110.681,65.0191,725.77,-2376.83,SW1,28.63,onset,ADC域,iir_ema_tau0,iir_ema,display,True,0,28.63
12297.8,16207.4,3909.6,16202.1,t_on+4.6~5.4s中位(=08-v6.1 P 口径),25571.5,t0+60s后中位,11.2175,11.2175,11.2175,313.031,313.031,313.031,-228.432,,,,False,4530.02,0.473269,-286.711,0,-4530.02,111.084,-213.164,438.558,-12238.3,SW1,71.67,restep,ADC域,iir_ema_tau0,iir_ema,display,True,0,71.67
5447.1,18092.5,12645.4,18092.5,t_on+4.6~5.4s中位(=08-v6.1 P 口径),25607.5,t0+60s后中位,-11.4812,-11.4812,-11.4812,109.114,109.114,109.114,-70.9096,,,,False,4530.02,0.485272,-69.4172,-959.824,-4530.02,88.5188,-9.11387,-1451.85,-13797.9,SW1,75.89,onset,ADC域,iir_ema_tau0,iir_ema,display,True,0,75.89
19384.4,25851.7,6467.25,25850.6,t_on+4.6~5.4s中位(=08-v6.1 P 口径),22087.3,t0+60s后中位,44.2506,-72.7151,44.2506,399.715,204.228,399.715,102.44,,,,False,5456.51,0.740911,31.2991,3412.48,-5456.51,144.234,-299.732,2861.8,-25850.6,SW1,110.45,restep,ADC域,iir_ema_tau0,iir_ema,display,True,0,110.45
61.0611,27163.2,27102.1,27163.8,t_on+4.6~5.4s中位(=08-v6.1 P 口径),20127.8,t0+60s后中位,6.17084,5.71397,6.17084,99.9692,99.9692,99.9692,32.1318,,,,False,3412.48,1.04095,5.10513,3412.48,-4.67081,106.173,0.0329822,1672.43,-27093.8,SW1,133.83,onset,ADC域,iir_ema_tau0,iir_ema,display,True,0,133.83
52.8433,25248,25195.2,25248,t_on+4.6~5.4s中位(=08-v6.1 P 口径),60.6632,t0+60s后中位,11.654,11.654,11.654,100.004,100.004,100.004,111.623,,,2.4,True,4034.83,0.976083,10.9136,4034.83,-792.104,111.654,-0.00352015,2936.26,-25196.1,SW1,185.97,onset,ADC域,iir_ema_tau0,iir_ema,display,True,0,185.97
5760.84,11857,6096.16,11857,t_on+4.6~5.4s中位(=08-v6.1 P 口径),22086.1,后1/3段中位(不足60s),205.519,-8.49026,205.519,184.884,116.941,184.884,37.7224,,,,False,2865.19,0.871199,-39.929,0,-2865.19,305.519,-84.8842,12528.8,-11270.8,SW1,217.74,restep,ADC域,iir_ema_tau0,iir_ema,display,True,0,217.74
12122.3,19875.9,7753.67,19875.9,t_on+4.6~5.4s中位(=08-v6.1 P 口径),22086.1,后1/3段中位(不足60s),58.1637,-26.0894,58.1637,256.343,248.783,256.343,29.6585,,,,False,2865.19,0.77667,-146.248,0,-2865.19,158.164,-156.343,4509.82,-19875.9,SW1,230.64,restep,ADC域,iir_ema_tau0,iir_ema,display,True,0,230.64
5210.44,20245.8,15035.4,20245.8,t_on+4.6~5.4s中位(=08-v6.1 P 口径),22086.1,后1/3段中位(不足60s),27.5345,-15.9144,27.5345,134.654,125.878,134.654,15.2947,,,,False,2865.19,0.477763,9.67191,0,-2865.19,127.534,-34.6545,4139.92,-20245.8,SW1,233.05,onset,ADC域,iir_ema_tau0,iir_ema,display,True,0,233.05
20414.6,25671.8,5257.15,25671.8,t_on+4.6~5.4s中位(=08-v6.1 P 口径),22086.1,后1/3段中位(不足60s),-24.4625,-24.4625,-24.4625,488.321,145.679,488.321,43.7427,,,,False,2766.13,0.87731,-0.0786716,0,-2766.13,75.5375,-388.321,-1286.03,-25671.8,SW1,240.72,restep,ADC域,iir_ema_tau0,iir_ema,display,True,0,240.72
62,14458.3,14396.3,14458.3,t_on+4.6~5.4s中位(=08-v6.1 P 口径),24133.2,后1/3段中位(不足60s),57.7471,12.8457,57.7471,100.431,55.3875,100.431,-9.45693,,,,False,2396.66,1.00123,-39.0392,2396.66,-371.314,157.747,-0.430665,8313.46,-14458.3,SW2,11.79,onset,ADC域,iir_ema_tau0,iir_ema,display,True,0,11.79
13424.9,14858.2,1433.25,14852.5,t_on+4.6~5.4s中位(=08-v6.1 P 口径),24133.2,后1/3段中位(不足60s),561.088,101.529,561.088,1036.28,3.8833,1036.28,-86.4462,,,,False,2396.66,1.04028,-100,2396.66,-371.314,660.692,-936.677,8041.78,-14852.5,SW2,13.7,restep,ADC域,iir_ema_tau0,iir_ema,display,True,0,13.7
14922.6,15402.5,479.895,15402.8,t_on+4.6~5.4s中位(=08-v6.1 P 口径),24133.2,后1/3段中位(不足60s),1687.5,188.56,1687.5,3209.61,126.263,3209.61,-131.752,,,,False,2396.66,0.990165,-100,2396.66,-286.275,1787.55,-3109.55,8098.22,-15402.8,SW2,14.86,restep,ADC域,iir_ema_tau0,iir_ema,display,True,0,14.86
16009.1,17425.7,1416.62,17425.7,t_on+4.6~5.4s中位(=08-v6.1 P 口径),24133.2,后1/3段中位(不足60s),669.478,4.50835,669.478,1230.09,1230.09,1230.09,195.989,,,,False,3721.65,0.920553,-849.784,3721.65,-280.322,769.478,-1130.09,9483.97,-17425.7,SW2,31.22,restep,ADC域,iir_ema_tau0,iir_ema,display,True,0,31.22
37.3925,21643.5,21606.1,21639.1,t_on+4.6~5.4s中位(=08-v6.1 P 口径),24133.2,后1/3段中位(不足60s),26.0431,4.94649,26.0431,100.042,84.0485,100.042,14.4993,,,,False,3721.65,1,-11.5112,3721.65,-14.153,126.023,-0.0619851,5626.89,-21615.1,SW2,35.96,onset,ADC域,iir_ema_tau0,iir_ema,display,True,0,35.96
38,25209.3,25171.3,25209.3,t_on+4.6~5.4s中位(=08-v6.1 P 口径),24133.2,后1/3段中位(不足60s),8.59178,7.23358,8.59178,97.159,97.159,97.159,12.8668,,,,False,3721.65,1.05594,3.75257,3721.65,0,108.592,2.84099,2162.66,-24456.2,SW2,57.3,onset,ADC域,iir_ema_tau0,iir_ema,display,True,0,57.3
69.5794,17701.9,17632.3,17701.9,t_on+4.6~5.4s中位(=08-v6.1 P 口径),27305,后1/3段中位(不足60s),59.185,-12.2599,59.185,100.395,68.625,100.395,4.72135,,,,False,5351.15,1.0086,-44.2226,3863.6,-5351.15,159.185,-0.394614,10435.7,-17701.9,SW3,10.92,onset,ADC域,iir_ema_tau0,iir_ema,display,True,0,10.92
18559.6,25621.5,7061.97,25621.5,t_on+4.6~5.4s中位(=08-v6.1 P 口径),27305,后1/3段中位(不足60s),38.1067,-57.6795,38.1067,362.81,134.24,362.81,14.2679,,,,False,5351.15,1.92949,-26.2308,3863.6,-5351.15,138.107,-262.81,2691.09,-25621.5,SW3,20.72,restep,ADC域,iir_ema_tau0,iir_ema,display,True,0,20.72
55.4942,26638.1,26582.6,26638.1,t_on+4.6~5.4s中位(=08-v6.1 P 口径),27305,后1/3段中位(不足60s),6.65189,5.64072,6.65189,100.028,85.9799,100.028,4.14285,,,,False,3863.6,1.02519,-8.79812,3863.6,0,106.652,-0.0281922,1768.24,-26590.1,SW3,39.08,onset,ADC域,iir_ema_tau0,iir_ema,display,True,0,39.08
27714.7,53,-27661.7,53,段末帧(退化),27305,后1/3段中位(不足60s),0.0180755,0.0180755,0.0180755,102.134,102.134,102.134,98.5371,,,,False,735.924,1.01762,2.13399,735.924,0,2.13351,-100.018,28251.9,-5,SW3,60.78,restep,ADC域,iir_ema_tau0,iir_ema,display,True,0,60.78
84,15448.2,15364.2,15448.2,t_on+4.6~5.4s中位(=08-v6.1 P 口径),24171.5,t0+60s后中位,51.9203,-2.58941,51.9203,65.5442,65.5442,65.5442,-4.85703,,,,False,1913,0.941746,-37.9012,1756.25,-1913,151.92,34.4558,7977.13,-10070.3,SW4,8.41,onset,ADC域,iir_ema_tau0,iir_ema,display,True,0,8.41
16085.4,22496.9,6411.47,22496.9,t_on+4.6~5.4s中位(=08-v6.1 P 口径),27884.7,t0+60s后中位,14.4804,-18.5891,14.4804,117.127,117.127,117.127,-69.5542,,,,False,2156.6,0.940843,-1.46197,0,-2156.6,114.48,-17.1271,928.407,-7509.57,SW4,18.68,restep,ADC域,iir_ema_tau0,iir_ema,display,True,0,18.68
22912.5,24098.4,1185.96,24095.9,t_on+4.6~5.4s中位(=08-v6.1 P 口径),28247.1,t0+60s后中位,-56.5445,-56.5445,-56.5445,635.004,635.004,635.004,-406.575,,,,False,2250.22,0.604795,-115.048,0,-2250.22,43.2408,-535.218,-670.593,-7530.87,SW4,26.57,restep,ADC域,iir_ema_tau0,iir_ema,display,True,0,26.57
19465.9,24135.1,4669.26,24133.3,t_on+4.6~5.4s中位(=08-v6.1 P 口径),28278.7,t0+60s后中位,-15.163,-15.163,-15.163,134.598,134.598,134.598,-103.943,,,,False,2270.65,0.652179,6.19645,0,-2270.65,84.7974,-34.638,-708,-6284.74,SW4,27.6,restep,ADC域,iir_ema_tau0,iir_ema,display,True,0,27.6
20983.1,24429.9,3446.83,24429.7,t_on+4.6~5.4s中位(=08-v6.1 P 口径),27976.3,后1/3段中位(不足60s),155.787,-72.9638,155.787,708.757,119.21,708.757,52.8916,,,,False,3760.74,0.901438,-87.9684,3760.74,-2913.91,255.78,-608.764,5369.7,-24429.7,SW4,61.37,restep,ADC域,iir_ema_tau0,iir_ema,display,True,0,61.37
75,27895.9,27820.9,27895.9,t_on+4.6~5.4s中位(=08-v6.1 P 口径),27976.3,后1/3段中位(不足60s),23.277,6.84185,23.277,100.067,38.3675,100.067,22.9881,,,,False,3760.74,1.10724,-54.8435,3760.74,-9.2776,123.277,-0.0670225,6475.88,-27839.6,SW4,88,onset,ADC域,iir_ema_tau0,iir_ema,display,True,0,88
28337.8,30791.3,2453.48,30791.3,t_on+4.6~5.4s中位(=08-v6.1 P 口径),27976.3,后1/3段中位(不足60s),145.936,120.814,145.936,1252.71,14.6342,1252.71,260.671,,,,False,3542.31,1.04365,-84.5141,3542.31,0,245.936,-1152.71,3580.51,-30734.9,SW4,99.36,restep,ADC域,iir_ema_tau0,iir_ema,display,True,0,99.36
29453,32163.4,2710.38,32155.5,t_on+4.6~5.4s中位(=08-v6.1 P 口径),27976.3,后1/3段中位(不足60s),81.771,81.771,81.771,1184.31,-16.1642,1184.31,235.963,,,,False,2577.97,1.08586,-44.9436,2577.97,0,181.479,-1084.6,2216.3,-32099.1,SW4,104.24,restep,ADC域,iir_ema_tau0,iir_ema,display,True,0,104.24
0.549442,14.7073,14.1578,14.7057,t_on+4.6~5.4s中位(=08-v6.1 P 口径),1.16117,t0+60s后中位,2.49188,-1.76579,2.49188,95.6971,95.6971,95.6971,98.1599,0.63,0.63,0.63,False,6.64965,1.06409,-6.11704,1.39201,-6.64965,102.481,4.2916,0.352797,-13.5487,RT1,8.27,onset,显示域,iir_ema_tau0.1,iir_ema,display,True,0,8.27
14.6375,15.8381,1.20052,15.8268,t_on+4.6~5.4s中位(=08-v6.1 P 口径),1.11186,t0+60s后中位,-63.9989,-63.9989,-63.9989,119.909,114.583,119.909,1161.72,,,,False,2.55726,-0.00872437,-76.2885,-0.0178894,-2.55726,35.0642,-20.8463,-0.768319,-1.43953,RT1,13.6,restep,显示域,iir_ema_tau0.1,iir_ema,display,True,0,13.6
0.290396,16.726,16.4356,16.726,t_on+4.6~5.4s中位(=08-v6.1 P 口径),19.7617,t0+60s后中位,-1.15723,-2.66095,-1.15723,99.1608,99.1608,99.1608,-19.6277,0.69,0.69,0.69,False,8.09022,0.954651,-3.70647,1.98184,-8.09022,98.8428,0.839155,-0.190198,-16.2977,RT2,12.32,onset,显示域,iir_ema_tau0.1,iir_ema,display,True,0,12.32
20.8432,22.0158,1.1726,22.0168,t_on+4.6~5.4s中位(=08-v6.1 P 口径),0.329168,t0+60s后中位,-442.145,-442.145,-442.145,1845.15,584.884,1845.15,1407.39,,,,False,12.0359,0.761366,-62.7622,12.0359,-6.42168,-342.066,-1745.07,-5.18457,-21.6362,RT2,147.11,restep,显示域,iir_ema_tau0.1,iir_ema,display,True,0,147.11
0.043,16.5567,16.5137,16.5389,t_on+4.6~5.4s中位(=08-v6.1 P 口径),20.5361,t0+60s后中位,12.6494,4.9598,12.6494,99.7774,99.7774,99.7774,-11.5559,,,,False,11.6662,1.01161,4.64366,2.13015,-11.6662,112.542,0.115163,2.08888,-16.4769,RT3,10.59,onset,显示域,iir_ema_tau0.1,iir_ema,display,True,0,10.59
0,15.2813,15.2813,15.2813,t_on+4.6~5.4s中位(=08-v6.1 P 口径),17.8094,t0+60s后中位,12.7933,4.44779,12.7933,100,100,100,-3.75109,,,,False,11.6759,1.01196,4.37642,1.98265,-11.6759,112.793,8.66748e-42,1.95497,-15.2813,LT1,11.69,onset,显示域,iir_ema_tau0.1,iir_ema,display,True,0,11.69
0,16.1212,16.1212,16.1212,t_on+4.6~5.4s中位(=08-v6.1 P 口径),18.002,t0+60s后中位,3.85315,3.85315,3.85315,95.1502,95.1502,95.1502,-7.81375,1.78,1.78,1.78,False,12.408,1.42736,-1.00459,2.10648,-12.408,103.853,4.84981,0.621172,-15.3393,LT2,14.92,onset,显示域,iir_ema_tau0.1,iir_ema,display,True,0,14.92
0,17.5144,17.5144,17.5144,t_on+4.6~5.4s中位(=08-v6.1 P 口径),18.8563,t0+60s后中位,5.8813,3.1394,5.8813,96.8403,96.8403,96.8403,-1.78045,,,77.2,True,11.311,1.42633,-0.0946007,2.13871,-11.311,105.881,3.15972,1.03007,-16.961,LT3,10.87,onset,显示域,iir_ema_tau0.1,iir_ema,display,True,0,10.87
0.064,13.3829,13.3189,13.3829,t_on+4.6~5.4s中位(=08-v6.1 P 口径),0.101758,t0+60s后中位,0.93866,-1.09663,0.93866,96.7906,96.7906,96.7906,100.655,0.61,0.61,0.61,False,8.54127,1.21216,-4.37052,1.6228,-8.54127,100.939,3.20939,0.125019,-12.8914,F41,10.94,onset,显示域,iir_ema_tau0.1,iir_ema,display,True,0,10.94
10.8737,13.5564,2.68271,13.5564,t_on+4.6~5.4s中位(=08-v6.1 P 口径),0.082,t0+60s后中位,-1.80646,-6.67725,-1.80646,14.6195,11.9627,14.6195,500.46,,,,False,2.12856,0.0260878,-99.976,1.26727,-2.12856,98.1935,85.3805,-0.048462,-0.392198,F41,12.19,restep,显示域,iir_ema_tau0.1,iir_ema,display,True,0,12.19
0.063,14.7479,14.6849,14.7479,t_on+4.6~5.4s中位(=08-v6.1 P 口径),9.57269,t0+60s后中位,-1.70763,-2.36497,-1.70763,99.2937,99.2937,99.2937,33.5342,0.65,0.65,0.65,False,7.02343,0.961446,-3.14024,1.74707,-7.02343,98.2924,0.706339,-0.250764,-14.5812,F42,11.03,onset,显示域,iir_ema_tau0.1,iir_ema,display,True,0,11.03
0.068,15.3126,15.2446,15.3126,t_on+4.6~5.4s中位(=08-v6.1 P 口径),16.9838,t0+60s后中位,5.78614,2.7886,5.78614,97.407,97.407,97.407,-5.17676,23.74,23.74,23.74,False,8.41657,1.20163,0.13587,1.95735,-8.41657,105.786,2.59302,0.882073,-14.8493,F43,11,onset,显示域,iir_ema_tau0.1,iir_ema,display,True,0,11
76,4241.75,4165.75,4241.75,t_on+4.6~5.4s中位(=08-v6.1 P 口径),22201.8,t0+60s后中位,166.721,0.378162,166.721,93.07,93.07,93.07,-264.415,,,3.53,True,3566.89,1.02638,-10.7853,641.679,-3566.89,266.721,6.92999,6945.17,-3877.06,SW1,10.84,onset,ADC域,iir_ema_tau0.1,iir_ema,display,True,0,10.84
4811.46,11606.1,6794.66,11606.1,t_on+4.6~5.4s中位(=08-v6.1 P 口径),25339.1,t0+60s后中位,-6.16935,-6.7256,-6.16935,41.814,41.814,41.814,-208.284,,,,False,3566.89,-7.36503,-69.868,133.093,-3566.89,93.8307,58.186,-419.186,-2841.12,SW1,28.63,onset,ADC域,iir_ema_tau0.1,iir_ema,display,True,0,28.63
12297.8,16207.4,3909.6,16202.1,t_on+4.6~5.4s中位(=08-v6.1 P 口径),25571.5,t0+60s后中位,-16.1067,-35.2392,-16.1067,305.215,305.215,305.215,-255.756,,,,False,7446.94,0.565418,-272.997,1892.26,-7446.94,83.7596,-205.348,-629.709,-11932.7,SW1,71.67,restep,ADC域,iir_ema_tau0.1,iir_ema,display,True,0,71.67
5447.1,18092.5,12645.4,18092.5,t_on+4.6~5.4s中位(=08-v6.1 P 口径),25607.5,t0+60s后中位,-19.929,-19.929,-19.929,96.2064,96.2064,96.2064,-79.3574,,,,False,7446.94,1.05883,-38.9399,1178.28,-7446.94,80.071,3.79359,-2520.11,-12165.7,SW1,75.89,onset,ADC域,iir_ema_tau0.1,iir_ema,display,True,0,75.89
19384.4,25851.7,6467.25,25850.6,t_on+4.6~5.4s中位(=08-v6.1 P 口径),22087.3,t0+60s后中位,41.8282,-72.901,41.8282,398.829,167.878,398.829,100.018,,,,False,12133,0.886524,-9.39282,8584.47,-12133,141.811,-298.846,2705.13,-25793.3,SW1,110.45,restep,ADC域,iir_ema_tau0.1,iir_ema,display,True,0,110.45
61.0611,27163.2,27102.1,27163.8,t_on+4.6~5.4s中位(=08-v6.1 P 口径),20127.8,t0+60s后中位,6.10846,5.13591,6.10846,99.9761,99.9761,99.9761,32.0694,,,,False,12133,1.04129,4.93235,3115.99,-12133,106.111,0.0260511,1655.52,-27095.7,SW1,133.83,onset,ADC域,iir_ema_tau0.1,iir_ema,display,True,0,133.83
52.8433,25248,25195.2,25248,t_on+4.6~5.4s中位(=08-v6.1 P 口径),60.6632,t0+60s后中位,10.9101,10.9101,10.9101,99.9719,99.9719,99.9719,110.879,,,2.48,True,15490,0.975949,10.832,7319.96,-15490,110.91,0.0281283,2748.83,-25188.1,SW1,185.97,onset,ADC域,iir_ema_tau0.1,iir_ema,display,True,0,185.97
5760.84,11857,6096.16,11857,t_on+4.6~5.4s中位(=08-v6.1 P 口径),22086.1,后1/3段中位(不足60s),186.536,-29.3905,186.536,159.703,107.358,159.703,18.7394,,,,False,7958.99,0.874473,-38.7596,1772.64,-7958.99,286.536,-59.7025,11371.5,-9735.72,SW1,217.74,restep,ADC域,iir_ema_tau0.1,iir_ema,display,True,0,217.74
12122.3,19875.9,7753.67,19875.9,t_on+4.6~5.4s中位(=08-v6.1 P 口径),22086.1,后1/3段中位(不足60s),45.28,-26.0894,45.28,255.757,228.984,255.757,16.7747,,,,False,20169.1,0.976414,-168.446,20169.1,-7958.99,145.28,-155.757,3510.86,-19830.5,SW1,230.64,restep,ADC域,iir_ema_tau0.1,iir_ema,display,True,0,230.64
5210.44,20245.8,15035.4,20245.8,t_on+4.6~5.4s中位(=08-v6.1 P 口径),22086.1,后1/3段中位(不足60s),20.8904,-15.9144,20.8904,134.352,120.546,134.352,8.65061,,,,False,20169.1,0.782707,1.64885,20169.1,-7958.99,120.89,-34.3522,3140.95,-20200.4,SW1,233.05,onset,ADC域,iir_ema_tau0.1,iir_ema,display,True,0,233.05
20414.6,25671.8,5257.15,25671.8,t_on+4.6~5.4s中位(=08-v6.1 P 口径),22086.1,后1/3段中位(不足60s),-43.4645,-49.5626,-43.4645,487.457,145.755,487.457,24.7407,,,,False,20169.1,0.87712,-4.65762,20169.1,-3981.29,56.5355,-387.457,-2284.99,-25626.4,SW1,240.72,restep,ADC域,iir_ema_tau0.1,iir_ema,display,True,0,240.72
62,14458.3,14396.3,14458.3,t_on+4.6~5.4s中位(=08-v6.1 P 口径),24133.2,后1/3段中位(不足60s),57.6347,7.93685,57.6347,100.244,90.0833,100.244,-9.56932,,,,False,13424,0.219407,-4.3851,13424,-9398.1,157.635,-0.244021,8297.28,-14431.5,SW2,11.79,onset,ADC域,iir_ema_tau0.1,iir_ema,display,True,0,11.79
13424.9,14858.2,1433.25,14852.5,t_on+4.6~5.4s中位(=08-v6.1 P 口径),24133.2,后1/3段中位(不足60s),554.392,52.7722,554.392,1034.41,-22.7515,1034.41,-93.1415,,,,False,13424,1.04165,-101.337,13424,-9398.1,653.996,-934.802,7945.82,-14825.6,SW2,13.7,restep,ADC域,iir_ema_tau0.1,iir_ema,display,True,0,13.7
14922.6,15402.5,479.895,15402.8,t_on+4.6~5.4s中位(=08-v6.1 P 口径),24133.2,后1/3段中位(不足60s),1679.26,132.174,1679.26,3204.01,46.7164,3204.01,-139.988,,,,False,13424,0.990557,-101.111,13424,-9398.1,1779.31,-3103.95,8058.69,-15375.9,SW2,14.86,restep,ADC域,iir_ema_tau0.1,iir_ema,display,True,0,14.86
16009.1,17425.7,1416.62,17425.7,t_on+4.6~5.4s中位(=08-v6.1 P 口径),24133.2,后1/3段中位(不足60s),666.859,-178.609,666.859,1228.19,1228.19,1228.19,193.37,,,,False,18321.2,1.30079,-1149.16,18321.2,-15460,766.859,-1128.19,9446.86,-17398.8,SW2,31.22,restep,ADC域,iir_ema_tau0.1,iir_ema,display,True,0,31.22
37.3925,21643.5,21606.1,21639.1,t_on+4.6~5.4s中位(=08-v6.1 P 口径),24133.2,后1/3段中位(不足60s),25.9759,4.56552,25.9759,100.027,95.9983,100.027,14.4322,,,,False,18321.2,0.249899,0.317129,18321.2,-15460,125.956,-0.0472496,5612.37,-21611.9,SW2,35.96,onset,ADC域,iir_ema_tau0.1,iir_ema,display,True,0,35.96
38,25209.3,25171.3,25209.3,t_on+4.6~5.4s中位(=08-v6.1 P 口径),24133.2,后1/3段中位(不足60s),8.5391,6.70297,8.5391,99.1746,99.1746,99.1746,12.8141,,,,False,15460,1.07621,5.70203,3090.79,-15460,108.539,0.825369,2149.4,-24963.6,SW2,57.3,onset,ADC域,iir_ema_tau0.1,iir_ema,display,True,0,57.3
69.5794,17701.9,17632.3,17701.9,t_on+4.6~5.4s中位(=08-v6.1 P 口径),27305,后1/3段中位(不足60s),58.5537,-12.6051,58.5537,100.2,82.7449,100.2,4.09006,,,,False,18919.7,0.218308,-30.1801,18919.7,-11247.3,158.554,-0.200018,10324.4,-17667.5,SW3,10.92,onset,ADC域,iir_ema_tau0.1,iir_ema,display,True,0,10.92
18559.6,25621.5,7061.97,25621.5,t_on+4.6~5.4s中位(=08-v6.1 P 口径),27305,后1/3段中位(不足60s),37.6921,-61.5119,37.6921,362.324,140.449,362.324,13.8533,,,,False,18919.7,2.00067,-25.7032,18919.7,-11247.3,137.692,-262.324,2661.81,-25587.2,SW3,20.72,restep,ADC域,iir_ema_tau0.1,iir_ema,display,True,0,20.72
55.4942,26638.1,26582.6,26638.1,t_on+4.6~5.4s中位(=08-v6.1 P 口径),27305,后1/3段中位(不足60s),6.44597,5.222,6.44597,100.025,96.3645,100.025,3.93693,,,,False,25565.4,1.14107,1.52753,25565.4,-11247.3,106.446,-0.024848,1713.51,-26589.2,SW3,39.08,onset,ADC域,iir_ema_tau0.1,iir_ema,display,True,0,39.08
27714.7,53,-27661.7,53,段末帧(退化),27305,后1/3段中位(不足60s),0.0148618,0.0148618,0.0148618,101.898,101.898,101.898,98.5339,,,,False,25565.4,1.01526,1.81515,25565.4,-1.92204,1.89826,-100.015,28186.8,-4.11102,SW3,60.78,restep,ADC域,iir_ema_tau0.1,iir_ema,display,True,0,60.78
84,15448.2,15364.2,15448.2,t_on+4.6~5.4s中位(=08-v6.1 P 口径),24171.5,t0+60s后中位,48.5608,-3.34437,48.5608,89.4585,89.4585,89.4585,-8.21653,,,,False,7413.16,1.13828,-14.027,1497.29,-7413.16,148.561,10.5415,7460.97,-13744.6,SW4,8.41,onset,ADC域,iir_ema_tau0.1,iir_ema,display,True,0,8.41
16085.4,22496.9,6411.47,22496.9,t_on+4.6~5.4s中位(=08-v6.1 P 口径),27884.7,t0+60s后中位,6.42986,-18.5891,6.42986,117.123,117.123,117.123,-77.6048,,,14.82,True,4373.41,0.942252,-1.71927,238.869,-4373.41,106.43,-17.1234,412.248,-7509.33,SW4,18.68,restep,ADC域,iir_ema_tau0.1,iir_ema,display,True,0,18.68
22912.5,24098.4,1185.96,24095.9,t_on+4.6~5.4s中位(=08-v6.1 P 口径),28247.1,t0+60s后中位,-100.067,-108.143,-100.067,530.175,530.175,530.175,-450.097,,,,False,4373.41,-0.0253785,-180.649,238.869,-4373.41,-0.281718,-430.39,-1186.75,-6287.65,SW4,26.57,restep,ADC域,iir_ema_tau0.1,iir_ema,display,True,0,26.57
19465.9,24135.1,4669.26,24133.3,t_on+4.6~5.4s中位(=08-v6.1 P 口径),28278.7,t0+60s后中位,-26.2174,-28.2685,-26.2174,134.489,134.489,134.489,-114.997,,,,False,4373.41,0.652442,5.93317,-293.703,-4373.41,73.743,-34.529,-1224.16,-6279.65,SW4,27.6,restep,ADC域,iir_ema_tau0.1,iir_ema,display,True,0,27.6
20983.1,24429.9,3446.83,24429.7,t_on+4.6~5.4s中位(=08-v6.1 P 口径),27976.3,后1/3段中位(不足60s),155.359,-74.7925,155.359,708.757,114.814,708.757,52.4644,,,,False,17478.5,0.875355,-70.026,17478.5,-11373.4,255.352,-608.764,5354.98,-24429.7,SW4,61.37,restep,ADC域,iir_ema_tau0.1,iir_ema,display,True,0,61.37
75,27895.9,27820.9,27895.9,t_on+4.6~5.4s中位(=08-v6.1 P 口径),27976.3,后1/3段中位(不足60s),22.5661,6.78894,22.5661,100.044,65.3074,100.044,22.2772,,,,False,21044.6,1.61526,-27.9187,21044.6,-11373.4,122.566,-0.0435481,6278.09,-27833,SW4,88,onset,ADC域,iir_ema_tau0.1,iir_ema,display,True,0,88
28337.8,30791.3,2453.48,30791.3,t_on+4.6~5.4s中位(=08-v6.1 P 口径),27976.3,后1/3段中位(不足60s),137.875,101.099,137.875,1252.44,8.61119,1252.44,252.609,,,,False,21044.6,1.0316,-68.854,21044.6,-17.8587,237.875,-1152.44,3382.72,-30728.4,SW4,99.36,restep,ADC域,iir_ema_tau0.1,iir_ema,display,True,0,99.36
29453,32163.4,2710.38,32155.5,t_on+4.6~5.4s中位(=08-v6.1 P 口径),27976.3,后1/3段中位(不足60s),74.4735,74.4735,74.4735,1184.06,-12.9228,1184.06,228.666,,,,False,21044.6,1.07978,-38.8995,21044.6,-17.8587,174.182,-1084.36,2018.51,-32092.6,SW4,104.24,restep,ADC域,iir_ema_tau0.1,iir_ema,display,True,0,104.24
0.549442,14.7073,14.1578,14.7057,t_on+4.6~5.4s中位(=08-v6.1 P 口径),1.16117,t0+60s后中位,1.1379,-1.7658,1.1379,98.6001,98.6001,98.6001,96.8059,1.17,1.17,1.17,False,8.08354,1.09643,-8.83687,0.505666,-8.08354,101.127,1.38859,0.161102,-13.9597,RT1,8.27,onset,显示域,iir_ema_tau0.3,iir_ema,display,True,0,8.27
14.6375,15.8381,1.20052,15.8268,t_on+4.6~5.4s中位(=08-v6.1 P 口径),1.11186,t0+60s后中位,-79.9666,-79.9666,-79.9666,118.654,112.903,118.654,1145.75,,,,False,2.56152,0.0107412,-73.3149,-0.246312,-2.56152,19.0965,-19.5908,-0.960014,-1.42446,RT1,13.6,restep,显示域,iir_ema_tau0.3,iir_ema,display,True,0,13.6
0.290396,16.726,16.4356,16.726,t_on+4.6~5.4s中位(=08-v6.1 P 口径),19.7617,t0+60s后中位,-1.34597,-2.79374,-1.34597,99.6374,99.6374,99.6374,-19.8164,1.3,1.3,1.3,False,9.71309,0.96027,-9.05002,1.32838,-9.71309,98.654,0.362551,-0.221219,-16.376,RT2,12.32,onset,显示域,iir_ema_tau0.3,iir_ema,display,True,0,12.32
20.8432,22.0158,1.1726,22.0168,t_on+4.6~5.4s中位(=08-v6.1 P 口径),0.329168,t0+60s后中位,-449.314,-449.314,-449.314,1838.2,548.411,1838.2,1400.22,,,,False,14.3898,0.759314,-76.0425,14.3898,-6.44486,-349.235,-1738.13,-5.26863,-21.5547,RT2,147.11,restep,显示域,iir_ema_tau0.3,iir_ema,display,True,0,147.11
0.043,16.5567,16.5137,16.5389,t_on+4.6~5.4s中位(=08-v6.1 P 口径),20.5361,t0+60s后中位,12.5767,4.94913,12.5767,99.8445,99.8445,99.8445,-11.6286,,,,False,12.4812,1.0128,-1.36651,1.68357,-12.4812,112.469,0.0480791,2.07687,-16.488,RT3,10.59,onset,显示域,iir_ema_tau0.3,iir_ema,display,True,0,10.59
0,15.2813,15.2813,15.2813,t_on+4.6~5.4s中位(=08-v6.1 P 口径),17.8094,t0+60s后中位,12.733,4.44778,12.733,100,100,100,-3.81133,,,,False,12.4808,1.01053,-1.58093,1.53194,-12.4808,112.733,1.10201e-14,1.94576,-15.2813,LT1,11.69,onset,显示域,iir_ema_tau0.3,iir_ema,display,True,0,11.69
0,16.1212,16.1212,16.1212,t_on+4.6~5.4s中位(=08-v6.1 P 口径),18.002,t0+60s后中位,2.2371,-0.404339,2.2371,98.2751,98.2751,98.2751,-9.42979,1.81,1.81,1.81,False,13.7506,1.47283,-3.29932,1.18764,-13.7506,102.237,1.72487,0.360647,-15.8431,LT2,14.92,onset,显示域,iir_ema_tau0.3,iir_ema,display,True,0,14.92
0,17.5144,17.5144,17.5144,t_on+4.6~5.4s中位(=08-v6.1 P 口径),18.8563,t0+60s后中位,5.80318,3.13939,5.80318,98.9115,98.9115,98.9115,-1.85857,,,77.24,True,12.9649,1.45497,-3.81992,1.60699,-12.9649,105.803,1.08854,1.01639,-17.3237,LT3,10.87,onset,显示域,iir_ema_tau0.3,iir_ema,display,True,0,10.87
0.064,13.3829,13.3189,13.3829,t_on+4.6~5.4s中位(=08-v6.1 P 口径),0.101758,t0+60s后中位,0.874971,-1.10219,0.874971,98.8602,98.8602,98.8602,100.591,1.11,1.11,1.11,False,9.3967,1.23863,-7.73977,1.02489,-9.3967,100.875,1.1398,0.116536,-13.1671,F41,10.94,onset,显示域,iir_ema_tau0.3,iir_ema,display,True,0,10.94
10.8737,13.5564,2.68271,13.5564,t_on+4.6~5.4s中位(=08-v6.1 P 口径),0.082,t0+60s后中位,-2.12266,-7.82923,-2.12266,23.801,23.801,23.801,500.144,,,,False,2.12869,0.12879,-88.5602,0.949678,-2.12869,97.8773,76.199,-0.0569447,-0.638511,F41,12.19,restep,显示域,iir_ema_tau0.3,iir_ema,display,True,0,12.19
0.063,14.7479,14.6849,14.7479,t_on+4.6~5.4s中位(=08-v6.1 P 口径),9.57269,t0+60s后中位,-1.80481,-2.36498,-1.80481,99.7413,99.7413,99.7413,33.437,1.24,1.24,1.24,False,8.54651,0.966084,-8.40939,0.958541,-8.54651,98.1952,0.258653,-0.265035,-14.6469,F42,11.03,onset,显示域,iir_ema_tau0.3,iir_ema,display,True,0,11.03
0.068,15.3126,15.2446,15.3126,t_on+4.6~5.4s中位(=08-v6.1 P 口径),16.9838,t0+60s后中位,5.73526,2.78784,5.73526,99.09,99.09,99.09,-5.22765,24.19,24.19,24.19,False,9.65404,1.22161,-3.98708,1.4102,-9.65404,105.735,0.910048,0.874316,-15.1058,F43,11,onset,显示域,iir_ema_tau0.3,iir_ema,display,True,0,11
76,4241.75,4165.75,4241.75,t_on+4.6~5.4s中位(=08-v6.1 P 口径),22201.8,t0+60s后中位,166.619,0.0664427,166.619,97.4005,97.4005,97.4005,-264.517,,,3.8,True,5870.03,1.04248,-10.8368,394.135,-5870.03,266.619,2.59948,6940.93,-4057.46,SW1,10.84,onset,ADC域,iir_ema_tau0.3,iir_ema,display,True,0,10.84
4811.46,11606.1,6794.66,11606.1,t_on+4.6~5.4s中位(=08-v6.1 P 口径),25339.1,t0+60s后中位,-6.2318,-7.41375,-6.2318,75.7104,75.7104,75.7104,-208.346,,,,False,5870.03,-15.0068,-36.6964,-232.987,-5870.03,93.7682,24.2896,-423.43,-5144.26,SW1,28.63,onset,ADC域,iir_ema_tau0.3,iir_ema,display,True,0,28.63
12297.8,16207.4,3909.6,16202.1,t_on+4.6~5.4s中位(=08-v6.1 P 口径),25571.5,t0+60s后中位,-27.7279,-80.6273,-27.7279,302.79,302.79,302.79,-267.378,,,,False,9632.72,0.563939,-265.24,3666.74,-9632.72,72.1384,-202.924,-1084.05,-11837.9,SW1,71.67,restep,ADC域,iir_ema_tau0.3,iir_ema,display,True,0,71.67
5447.1,18092.5,12645.4,18092.5,t_on+4.6~5.4s中位(=08-v6.1 P 口径),25607.5,t0+60s后中位,-23.5219,-23.5375,-23.5219,97.3217,97.3217,97.3217,-82.9503,,,,False,9632.72,1.26712,-35.0368,624.411,-9632.72,76.4781,2.6783,-2974.45,-12306.8,SW1,75.89,onset,ADC域,iir_ema_tau0.3,iir_ema,display,True,0,75.89
19384.4,25851.7,6467.25,25850.6,t_on+4.6~5.4s中位(=08-v6.1 P 口径),22087.3,t0+60s后中位,41.8281,-72.9165,41.8281,398.785,166.67,398.785,100.018,,,,False,15012.6,0.835912,-21.4532,15012.6,-12972.6,141.811,-298.802,2705.13,-25790.4,SW1,110.45,restep,ADC域,iir_ema_tau0.3,iir_ema,display,True,0,110.45
61.0611,27163.2,27102.1,27163.8,t_on+4.6~5.4s中位(=08-v6.1 P 口径),20127.8,t0+60s后中位,6.088,5.1359,6.088,99.9884,99.9884,99.9884,32.0489,,,,False,12972.6,1.04115,-2.77317,2009.03,-12972.6,106.09,0.0137815,1649.98,-27099,SW1,133.83,onset,ADC域,iir_ema_tau0.3,iir_ema,display,True,0,133.83
52.8433,25248,25195.2,25248,t_on+4.6~5.4s中位(=08-v6.1 P 口径),60.6632,t0+60s后中位,10.8333,10.8333,10.8333,99.9861,99.9861,99.9861,110.802,,,2.6,True,18751,0.976789,4.64219,10818.3,-18751,110.833,0.0139349,2729.48,-25191.7,SW1,185.97,onset,ADC域,iir_ema_tau0.3,iir_ema,display,True,0,185.97
5760.84,11857,6096.16,11857,t_on+4.6~5.4s中位(=08-v6.1 P 口径),22086.1,后1/3段中位(不足60s),186.268,-44.2091,186.268,154.873,107.459,154.873,18.4711,,,,False,9321.75,0.874903,-43.208,3308.46,-9321.75,286.268,-54.8731,11355.2,-9441.31,SW1,217.74,restep,ADC域,iir_ema_tau0.3,iir_ema,display,True,0,217.74
12122.3,19875.9,7753.67,19875.9,t_on+4.6~5.4s中位(=08-v6.1 P 口径),22086.1,后1/3段中位(不足60s),44.4822,-26.2845,44.4822,255.644,225.187,255.644,15.9769,,,,False,22159.2,0.987147,-177.019,22159.2,-9321.75,144.482,-155.644,3449,-19821.7,SW1,230.64,restep,ADC域,iir_ema_tau0.3,iir_ema,display,True,0,230.64
5210.44,20245.8,15035.4,20245.8,t_on+4.6~5.4s中位(=08-v6.1 P 口径),22086.1,后1/3段中位(不足60s),20.479,-15.9144,20.479,134.294,118.588,134.294,8.23919,,,,False,22159.2,0.999711,-18.6523,22159.2,-9321.75,120.479,-34.294,3079.1,-20191.7,SW1,233.05,onset,ADC域,iir_ema_tau0.3,iir_ema,display,True,0,233.05
20414.6,25671.8,5257.15,25671.8,t_on+4.6~5.4s中位(=08-v6.1 P 口径),22086.1,后1/3段中位(不足60s),-44.6411,-50.1051,-44.6411,487.291,146.233,487.291,23.564,,,,False,22159.2,0.875905,-11.5405,22159.2,-4814.5,55.3589,-387.291,-2346.85,-25617.6,SW1,240.72,restep,ADC域,iir_ema_tau0.3,iir_ema,display,True,0,240.72
62,14458.3,14396.3,14458.3,t_on+4.6~5.4s中位(=08-v6.1 P 口径),24133.2,后1/3段中位(不足60s),57.5017,6.39312,57.5017,100.219,96.3471,100.219,-9.70231,,,,False,14910,-0.270356,-3.52608,14910,-10865.5,157.502,-0.219046,8278.14,-14427.9,SW2,11.79,onset,ADC域,iir_ema_tau0.3,iir_ema,display,True,0,11.79
13424.9,14858.2,1433.25,14852.5,t_on+4.6~5.4s中位(=08-v6.1 P 口径),24133.2,后1/3段中位(不足60s),553.022,51.4768,553.022,1034.16,-26.1594,1034.16,-94.5114,,,,False,14910,1.03801,-97.9508,14910,-10826.1,652.626,-934.551,7926.18,-14822,SW2,13.7,restep,ADC域,iir_ema_tau0.3,iir_ema,display,True,0,13.7
14922.6,15402.5,479.895,15402.8,t_on+4.6~5.4s中位(=08-v6.1 P 口径),24133.2,后1/3段中位(不足60s),1667.81,116.553,1667.81,3203.26,36.5385,3203.26,-151.443,,,,False,14910,0.9903,-97.404,14910,-10826.1,1767.86,-3103.21,8003.72,-15372.3,SW2,14.86,restep,ADC域,iir_ema_tau0.3,iir_ema,display,True,0,14.86
16009.1,17425.7,1416.62,17425.7,t_on+4.6~5.4s中位(=08-v6.1 P 口径),24133.2,后1/3段中位(不足60s),666.601,-137.97,666.601,1228.07,1227.94,1228.07,193.112,,,,False,21622.3,1.08573,-1151.22,21622.3,-16651.4,766.601,-1128.07,9443.22,-17397.2,SW2,31.22,restep,ADC域,iir_ema_tau0.3,iir_ema,display,True,0,31.22
37.3925,21643.5,21606.1,21639.1,t_on+4.6~5.4s中位(=08-v6.1 P 口径),24133.2,后1/3段中位(不足60s),25.8932,4.48637,25.8932,100.021,98.499,100.021,14.3495,,,,False,21622.3,0.0928061,-3.80833,21622.3,-16651.4,125.873,-0.0410681,5594.51,-21610.6,SW2,35.96,onset,ADC域,iir_ema_tau0.3,iir_ema,display,True,0,35.96
38,25209.3,25171.3,25209.3,t_on+4.6~5.4s中位(=08-v6.1 P 口径),24133.2,后1/3段中位(不足60s),8.49101,6.63255,8.49101,99.6903,99.6903,99.6903,12.766,,,,False,16651.4,1.08185,0.174553,2634.99,-16651.4,108.491,0.3097,2137.3,-25093.4,SW2,57.3,onset,ADC域,iir_ema_tau0.3,iir_ema,display,True,0,57.3
69.5794,17701.9,17632.3,17701.9,t_on+4.6~5.4s中位(=08-v6.1 P 口径),27305,后1/3段中位(不足60s),57.9505,-12.707,57.9505,100.145,91.8938,100.145,3.48689,,,,False,20167.9,-1.41933,-25.0179,20167.9,-16538.8,157.951,-0.144563,10218,-17657.8,SW3,10.92,onset,ADC域,iir_ema_tau0.3,iir_ema,display,True,0,10.92
18559.6,25621.5,7061.97,25621.5,t_on+4.6~5.4s中位(=08-v6.1 P 口径),27305,后1/3段中位(不足60s),37.6192,-62.4704,37.6192,362.186,141.518,362.186,13.7803,,,,False,20167.9,1.9804,-31.2185,20167.9,-16538.8,137.619,-262.186,2656.66,-25577.4,SW3,20.72,restep,ADC域,iir_ema_tau0.3,iir_ema,display,True,0,20.72
55.4942,26638.1,26582.6,26638.1,t_on+4.6~5.4s中位(=08-v6.1 P 口径),27305,后1/3段中位(不足60s),6.41862,5.22199,6.41862,100.006,98.6653,100.006,3.90959,,,,False,27282.1,1.167,-2.47649,27282.1,-16538.8,106.419,-0.00609129,1706.24,-26584.2,SW3,39.08,onset,ADC域,iir_ema_tau0.3,iir_ema,display,True,0,39.08
27714.7,53,-27661.7,53,段末帧(退化),27305,后1/3段中位(不足60s),-0.0031632,-0.0031632,-0.0031632,101.875,101.875,101.875,98.5158,,,,False,27282.1,1.01501,-2.29967,27282.1,-0.076415,1.87473,-99.9968,28180.3,0.874995,SW3,60.78,restep,ADC域,iir_ema_tau0.3,iir_ema,display,True,0,60.78
84,15448.2,15364.2,15448.2,t_on+4.6~5.4s中位(=08-v6.1 P 口径),24171.5,t0+60s后中位,48.3667,-3.40698,48.3667,95.801,95.801,95.801,-8.41067,,,,False,8866.74,1.16336,-12.5368,1334.45,-8866.74,148.367,4.19902,7431.14,-14719,SW4,8.41,onset,ADC域,iir_ema_tau0.3,iir_ema,display,True,0,8.41
16085.4,22496.9,6411.47,22496.9,t_on+4.6~5.4s中位(=08-v6.1 P 口径),27884.7,t0+60s后中位,5.96463,-18.5891,5.96463,116.92,116.92,116.92,-78.07,,,14.99,True,4663.87,0.939542,-9.39413,1334.45,-4663.87,105.965,-16.92,382.42,-7496.29,SW4,18.68,restep,ADC域,iir_ema_tau0.3,iir_ema,display,True,0,18.68
22912.5,24098.4,1185.96,24095.9,t_on+4.6~5.4s中位(=08-v6.1 P 口径),28247.1,t0+60s后中位,-102.582,-108.467,-102.582,521.975,521.975,521.975,-452.612,,,,False,4663.87,-0.804402,-258.621,1334.45,-4663.87,-2.79683,-422.19,-1216.58,-6190.39,SW4,26.57,restep,ADC域,iir_ema_tau0.3,iir_ema,display,True,0,26.57
19465.9,24135.1,4669.26,24133.3,t_on+4.6~5.4s中位(=08-v6.1 P 口径),28278.7,t0+60s后中位,-26.8562,-28.3507,-26.8562,133.379,133.379,133.379,-115.636,,,,False,4663.87,0.629373,-1.19686,453.111,-4663.87,73.1041,-33.4185,-1253.99,-6227.8,SW4,27.6,restep,ADC域,iir_ema_tau0.3,iir_ema,display,True,0,27.6
20983.1,24429.9,3446.83,24429.7,t_on+4.6~5.4s中位(=08-v6.1 P 口径),27976.3,后1/3段中位(不足60s),155.347,-77.2158,155.347,708.603,138.533,708.603,52.4517,,,,False,19970.5,0.838689,-47.7034,19970.5,-16993,255.34,-608.609,5354.54,-24424.3,SW4,61.37,restep,ADC域,iir_ema_tau0.3,iir_ema,display,True,0,61.37
75,27895.9,27820.9,27895.9,t_on+4.6~5.4s中位(=08-v6.1 P 口径),27976.3,后1/3段中位(不足60s),22.2558,6.78892,22.2558,100.014,83.2773,100.014,21.9669,,,,False,22455.3,1.95331,-14.0634,22455.3,-16993,122.256,-0.0135419,6191.76,-27824.7,SW4,88,onset,ADC域,iir_ema_tau0.3,iir_ema,display,True,0,88
28337.8,30791.3,2453.48,30791.3,t_on+4.6~5.4s中位(=08-v6.1 P 口径),27976.3,后1/3段中位(不足60s),134.356,85.878,134.356,1252.1,25.2069,1252.1,249.09,,,,False,22455.3,1.01785,-38.4547,22455.3,-232.572,234.356,-1152.1,3296.4,-30720.1,SW4,99.36,restep,ADC域,iir_ema_tau0.3,iir_ema,display,True,0,99.36
29453,32163.4,2710.38,32155.5,t_on+4.6~5.4s中位(=08-v6.1 P 口径),27976.3,后1/3段中位(不足60s),71.2884,71.2884,71.2884,1183.76,-15.3464,1183.76,225.481,,,,False,22455.3,1.08199,-46.1854,22455.3,-15.7449,170.997,-1084.05,1932.18,-32084.3,SW4,104.24,restep,ADC域,iir_ema_tau0.3,iir_ema,display,True,0,104.24
0.549442,14.7073,14.1578,14.7057,t_on+4.6~5.4s中位(=08-v6.1 P 口径),1.16117,t0+60s后中位,0.500078,-1.77205,0.500078,99.1967,99.1967,99.1967,96.1681,1.83,1.83,1.83,False,8.81707,1.10271,-19.449,0.331879,-8.81707,100.489,0.792037,0.0708003,-14.0441,RT1,8.27,onset,显示域,iir_ema_tau0.5,iir_ema,display,True,0,8.27
14.6375,15.8381,1.20052,15.8268,t_on+4.6~5.4s中位(=08-v6.1 P 口径),1.11186,t0+60s后中位,-87.4885,-87.4885,-87.4885,117.747,113.396,117.747,1138.23,,,,False,2.57042,0.0160973,-74.0922,-0.314959,-2.57042,11.5747,-18.6836,-1.05032,-1.41357,RT1,13.6,restep,显示域,iir_ema_tau0.5,iir_ema,display,True,0,13.6
0.290396,16.726,16.4356,16.726,t_on+4.6~5.4s中位(=08-v6.1 P 口径),19.7617,t0+60s后中位,-1.57442,-2.79954,-1.57442,99.7409,99.7409,99.7409,-20.0449,2.02,2.02,2.02,False,10.244,0.962168,-20.1937,0.687802,-10.244,98.4256,0.259124,-0.258765,-16.393,RT2,12.32,onset,显示域,iir_ema_tau0.5,iir_ema,display,True,0,12.32
20.8432,22.0158,1.1726,22.0168,t_on+4.6~5.4s中位(=08-v6.1 P 口径),0.329168,t0+60s后中位,-454.708,-454.708,-454.708,1831.4,532.722,1831.4,1394.83,,,,False,14.9566,0.757356,-84.4966,14.9566,-6.44653,-354.629,-1731.32,-5.33189,-21.4749,RT2,147.11,restep,显示域,iir_ema_tau0.5,iir_ema,display,True,0,147.11
0.043,16.5567,16.5137,16.5389,t_on+4.6~5.4s中位(=08-v6.1 P 口径),20.5361,t0+60s后中位,12.5557,4.93621,12.5557,99.8599,99.8599,99.8599,-11.6496,,,,False,12.6512,1.0135,-13.3268,1.28536,-12.6512,112.448,0.0326286,2.07341,-16.4905,RT3,10.59,onset,显示域,iir_ema_tau0.5,iir_ema,display,True,0,10.59
0,15.2813,15.2813,15.2813,t_on+4.6~5.4s中位(=08-v6.1 P 口径),17.8094,t0+60s后中位,12.7085,4.44168,12.7085,100,100,100,-3.83586,,,,False,12.6483,1.00915,-13.4023,1.19544,-12.6483,112.708,2.19623e-09,1.94202,-15.2813,LT1,11.69,onset,显示域,iir_ema_tau0.5,iir_ema,display,True,0,11.69
0,16.1212,16.1212,16.1212,t_on+4.6~5.4s中位(=08-v6.1 P 口径),18.002,t0+60s后中位,2.20782,-0.602656,2.20782,98.951,98.951,98.951,-9.45908,2.26,2.26,2.26,False,14.042,1.48235,-14.1164,-0.0206222,-14.042,102.208,1.04896,0.355927,-15.9521,LT2,14.92,onset,显示域,iir_ema_tau0.5,iir_ema,display,True,0,14.92
0,17.5144,17.5144,17.5144,t_on+4.6~5.4s中位(=08-v6.1 P 口径),18.8563,t0+60s后中位,5.78714,3.13343,5.78714,99.3425,99.3425,99.3425,-1.87461,,,77.36,True,13.3751,1.46093,-14.9855,1.14733,-13.3751,105.787,0.657471,1.01358,-17.3992,LT3,10.87,onset,显示域,iir_ema_tau0.5,iir_ema,display,True,0,10.87
0.064,13.3829,13.3189,13.3829,t_on+4.6~5.4s中位(=08-v6.1 P 口径),0.101758,t0+60s后中位,0.809169,-1.10785,0.809169,99.2908,99.2908,99.2908,100.526,1.73,1.73,1.73,False,9.57904,1.24449,-18.3865,0.463274,-9.57904,100.809,0.709216,0.107772,-13.2244,F41,10.94,onset,显示域,iir_ema_tau0.5,iir_ema,display,True,0,10.94
10.8737,13.5564,2.68271,13.5564,t_on+4.6~5.4s中位(=08-v6.1 P 口径),0.082,t0+60s后中位,-2.44934,-8.63811,-2.44934,61.8505,61.8505,61.8505,499.818,,,,False,2.12828,0.451291,-56.8416,0.463274,-2.12828,97.5507,38.1495,-0.0657087,-1.65927,F41,12.19,restep,显示域,iir_ema_tau0.5,iir_ema,display,True,0,12.19
0.063,14.7479,14.6849,14.7479,t_on+4.6~5.4s中位(=08-v6.1 P 口径),9.57269,t0+60s后中位,-1.85629,-2.37081,-1.85629,99.8358,99.8358,99.8358,33.3856,1.94,1.94,1.94,False,9.03856,0.967193,-19.5879,0.535576,-9.03856,98.1437,0.16419,-0.272595,-14.6608,F42,11.03,onset,显示域,iir_ema_tau0.5,iir_ema,display,True,0,11.03
0.068,15.3126,15.2446,15.3126,t_on+4.6~5.4s中位(=08-v6.1 P 口径),16.9838,t0+60s后中位,5.71697,2.78168,5.71697,99.4476,99.4476,99.4476,-5.24593,24.83,24.83,24.83,False,10.0855,1.22586,-15.3505,1.15648,-10.0855,105.717,0.552357,0.871528,-15.1604,F43,11,onset,显示域,iir_ema_tau0.5,iir_ema,display,True,0,11
76,4241.75,4165.75,4241.75,t_on+4.6~5.4s中位(=08-v6.1 P 口径),22201.8,t0+60s后中位,166.534,-0.552965,166.534,98.4022,98.4022,98.4022,-264.603,,,4.03,True,6595.86,1.04055,-20.0212,87.7489,-6595.86,266.534,1.59781,6937.37,-4099.19,SW1,10.84,onset,ADC域,iir_ema_tau0.5,iir_ema,display,True,0,10.84
4811.46,11606.1,6794.66,11606.1,t_on+4.6~5.4s中位(=08-v6.1 P 口径),25339.1,t0+60s后中位,-6.2842,-7.66944,-6.2842,86.3927,86.3927,86.3927,-208.398,,,,False,6595.86,-17.4141,-34.3497,-499.013,-6595.86,93.7158,13.6073,-426.99,-5870.09,SW1,28.63,onset,ADC域,iir_ema_tau0.5,iir_ema,display,True,0,28.63
12297.8,16207.4,3909.6,16202.1,t_on+4.6~5.4s中位(=08-v6.1 P 口径),25571.5,t0+60s后中位,-27.8599,-122.937,-27.8599,302.156,302.156,302.156,-267.51,,,,False,10600.6,0.565345,-245.78,4262.34,-10600.6,72.0064,-202.289,-1089.21,-11813.1,SW1,71.67,restep,ADC域,iir_ema_tau0.5,iir_ema,display,True,0,71.67
5447.1,18092.5,12645.4,18092.5,t_on+4.6~5.4s中位(=08-v6.1 P 口径),25607.5,t0+60s后中位,-23.5628,-23.5871,-23.5628,99.9389,99.9389,99.9389,-82.9911,,,,False,10600.6,1.33732,-42.2232,224.081,-10600.6,76.4372,0.0611295,-2979.62,-12637.7,SW1,75.89,onset,ADC域,iir_ema_tau0.5,iir_ema,display,True,0,75.89
19384.4,25851.7,6467.25,25850.6,t_on+4.6~5.4s中位(=08-v6.1 P 口径),22087.3,t0+60s后中位,41.7986,-72.9268,41.7986,398.694,167.022,398.694,99.9884,,,,False,17057.2,0.707194,-34.56,17057.2,-15453.3,141.781,-298.712,2703.22,-25784.6,SW1,110.45,restep,ADC域,iir_ema_tau0.5,iir_ema,display,True,0,110.45
61.0611,27163.2,27102.1,27163.8,t_on+4.6~5.4s中位(=08-v6.1 P 口径),20127.8,t0+60s后中位,6.07935,5.12871,6.07935,99.9806,99.9806,99.9806,32.0403,,,,False,15453.3,1.04091,-15.9414,1761.48,-15453.3,106.082,0.0215652,1647.63,-27096.9,SW1,133.83,onset,ADC域,iir_ema_tau0.5,iir_ema,display,True,0,133.83
52.8433,25248,25195.2,25248,t_on+4.6~5.4s中位(=08-v6.1 P 口径),60.6632,t0+60s后中位,9.57696,9.57696,9.57696,99.9453,99.9453,99.9453,109.546,,,2.68,True,19860.9,0.976894,-7.98222,12679.8,-19860.9,109.577,0.0546817,2412.93,-25181.4,SW1,185.97,onset,ADC域,iir_ema_tau0.5,iir_ema,display,True,0,185.97
5760.84,11857,6096.16,11857,t_on+4.6~5.4s中位(=08-v6.1 P 口径),22086.1,后1/3段中位(不足60s),186.015,-44.2506,186.015,151.165,107.471,151.165,18.2189,,,,False,11083.5,0.874722,-52.2594,3817.07,-11083.5,286.015,-51.1653,11339.8,-9215.28,SW1,217.74,restep,ADC域,iir_ema_tau0.5,iir_ema,display,True,0,217.74
12122.3,19875.9,7753.67,19875.9,t_on+4.6~5.4s中位(=08-v6.1 P 口径),22086.1,后1/3段中位(不足60s),44.2504,-29.0089,44.2504,255.634,222.272,255.634,15.7452,,,,False,22578.7,0.747414,-171.335,22578.7,-11083.5,144.25,-155.634,3431.03,-19821,SW1,230.64,restep,ADC域,iir_ema_tau0.5,iir_ema,display,True,0,230.64
5210.44,20245.8,15035.4,20245.8,t_on+4.6~5.4s中位(=08-v6.1 P 口径),22086.1,后1/3段中位(不足60s),20.3595,-15.9265,20.3595,134.289,117.084,134.289,8.11969,,,,False,22578.7,1.07232,-36.0739,22578.7,-11083.5,120.359,-34.2892,3061.13,-20190.9,SW1,233.05,onset,ADC域,iir_ema_tau0.5,iir_ema,display,True,0,233.05
20414.6,25671.8,5257.15,25671.8,t_on+4.6~5.4s中位(=08-v6.1 P 口径),22086.1,后1/3段中位(不足60s),-44.9829,-50.113,-44.9829,487.277,146.713,487.277,23.2222,,,,False,22578.7,0.874657,-22.7764,22578.7,-5504.22,55.0171,-387.277,-2364.82,-25616.9,SW1,240.72,restep,ADC域,iir_ema_tau0.5,iir_ema,display,True,0,240.72
62,14458.3,14396.3,14458.3,t_on+4.6~5.4s中位(=08-v6.1 P 口径),24133.2,后1/3段中位(不足60s),57.3626,5.93105,57.3626,100.161,97.76,100.161,-9.84145,,,,False,15231.5,-0.715768,-13.7166,15231.5,-12887.3,157.363,-0.16075,8258.11,-14419.5,SW2,11.79,onset,ADC域,iir_ema_tau0.5,iir_ema,display,True,0,11.79
13424.9,14858.2,1433.25,14852.5,t_on+4.6~5.4s中位(=08-v6.1 P 口径),24133.2,后1/3段中位(不足60s),552.351,50.0472,552.351,1033.57,-1.12559,1033.57,-95.1831,,,,False,15231.5,1.00604,-76.2318,15231.5,-12887.3,651.955,-933.966,7916.56,-14813.6,SW2,13.7,restep,ADC域,iir_ema_tau0.5,iir_ema,display,True,0,13.7
14922.6,15402.5,479.895,15402.8,t_on+4.6~5.4s中位(=08-v6.1 P 口径),24133.2,后1/3段中位(不足60s),1651.06,102.302,1651.06,3201.51,40.9792,3201.51,-168.188,,,,False,15231.5,0.987176,-89.5817,15231.5,-12887.3,1751.11,-3101.46,7923.36,-15363.9,SW2,14.86,restep,ADC域,iir_ema_tau0.5,iir_ema,display,True,0,14.86
16009.1,17425.7,1416.62,17425.7,t_on+4.6~5.4s中位(=08-v6.1 P 口径),24133.2,后1/3段中位(不足60s),665.643,-129.28,665.643,1227.52,1227.34,1227.52,192.154,,,,False,22363.8,0.755739,-1050.21,22363.8,-16951.5,765.643,-1127.52,9429.65,-17389.3,SW2,31.22,restep,ADC域,iir_ema_tau0.5,iir_ema,display,True,0,31.22
37.3925,21643.5,21606.1,21639.1,t_on+4.6~5.4s中位(=08-v6.1 P 口径),24133.2,后1/3段中位(不足60s),25.8253,4.46196,25.8253,99.9845,99.0659,99.9845,14.2816,,,,False,22363.8,0.0571389,-15.649,22363.8,-16951.5,125.805,-0.00472338,5579.84,-21602.7,SW2,35.96,onset,ADC域,iir_ema_tau0.5,iir_ema,display,True,0,35.96
38,25209.3,25171.3,25209.3,t_on+4.6~5.4s中位(=08-v6.1 P 口径),24133.2,后1/3段中位(不足60s),8.45496,6.61102,8.45496,99.8091,99.8091,99.8091,12.73,,,,False,16951.5,1.08319,-11.9187,2210.56,-16951.5,108.455,0.190892,2128.22,-25123.3,SW2,57.3,onset,ADC域,iir_ema_tau0.5,iir_ema,display,True,0,57.3
69.5794,17701.9,17632.3,17701.9,t_on+4.6~5.4s中位(=08-v6.1 P 口径),27305,后1/3段中位(不足60s),53.1555,-12.7562,53.1555,100.108,94.7201,100.108,-1.30815,,,,False,20414,-2.14326,-31.2107,20414,-18099.2,153.156,-0.107505,9372.52,-17651.2,SW3,10.92,onset,ADC域,iir_ema_tau0.5,iir_ema,display,True,0,10.92
18559.6,25621.5,7061.97,25621.5,t_on+4.6~5.4s中位(=08-v6.1 P 口径),27305,后1/3段中位(不足60s),37.5554,-62.6292,37.5554,362.093,141.735,362.093,13.7165,,,,False,20414,1.78945,-40.4828,20414,-18099.2,137.555,-262.093,2652.15,-25570.9,SW3,20.72,restep,ADC域,iir_ema_tau0.5,iir_ema,display,True,0,20.72
55.4942,26638.1,26582.6,26638.1,t_on+4.6~5.4s中位(=08-v6.1 P 口径),27305,后1/3段中位(不足60s),6.4094,5.21529,6.4094,99.7723,99.1828,99.7723,3.90036,,,,False,27651.9,1.17295,-14.427,27651.9,-18099.2,106.409,0.227698,1703.78,-26522,SW3,39.08,onset,ADC域,iir_ema_tau0.5,iir_ema,display,True,0,39.08
27714.7,53,-27661.7,53,段末帧(退化),27305,后1/3段中位(不足60s),-0.227832,-0.227832,-0.227832,101.916,101.916,101.916,98.2912,,,,False,27651.9,1.01318,-12.582,27651.9,63.0222,1.91637,-99.7722,28191.8,63.0222,SW3,60.78,restep,ADC域,iir_ema_tau0.5,iir_ema,display,True,0,60.78
84,15448.2,15364.2,15448.2,t_on+4.6~5.4s中位(=08-v6.1 P 口径),24171.5,t0+60s后中位,48.2705,-3.43618,48.2705,97.3784,97.3784,97.3784,-8.50688,,,,False,9504.88,1.14084,-21.5475,1850.51,-9504.88,148.27,2.62164,7416.36,-14961.4,SW4,8.41,onset,ADC域,iir_ema_tau0.5,iir_ema,display,True,0,8.41
16085.4,22496.9,6411.47,22496.9,t_on+4.6~5.4s中位(=08-v6.1 P 口径),27884.7,t0+60s后中位,5.73408,-18.5959,5.73408,116.818,116.818,116.818,-78.3006,,,15.08,True,4669.37,0.938639,-21.8171,1850.51,-4669.37,105.734,-16.8185,367.639,-7489.78,SW4,18.68,restep,ADC域,iir_ema_tau0.5,iir_ema,display,True,0,18.68
22912.5,24098.4,1185.96,24095.9,t_on+4.6~5.4s中位(=08-v6.1 P 口径),28247.1,t0+60s后中位,-103.829,-108.655,-103.829,503.082,503.082,503.082,-453.859,,,,False,4669.37,-0.914031,-272.298,1850.51,-4669.37,-4.04321,-403.297,-1231.36,-5966.33,SW4,26.57,restep,ADC域,iir_ema_tau0.5,iir_ema,display,True,0,26.57
19465.9,24135.1,4669.26,24133.3,t_on+4.6~5.4s中位(=08-v6.1 P 口径),28278.7,t0+60s后中位,-27.1728,-28.3568,-27.1728,128.58,128.58,128.58,-115.953,,,,False,4669.37,0.510383,-17.4156,768.954,-4669.37,72.7876,-28.6199,-1268.77,-6003.74,SW4,27.6,restep,ADC域,iir_ema_tau0.5,iir_ema,display,True,0,27.6
20983.1,24429.9,3446.83,24429.7,t_on+4.6~5.4s中位(=08-v6.1 P 口径),27976.3,后1/3段中位(不足60s),154.302,-78.9447,154.302,707.228,147.732,707.228,51.4074,,,,False,20567.5,0.825156,-45.7213,20567.5,-18930.8,254.295,-607.235,5318.54,-24377,SW4,61.37,restep,ADC域,iir_ema_tau0.5,iir_ema,display,True,0,61.37
75,27895.9,27820.9,27895.9,t_on+4.6~5.4s中位(=08-v6.1 P 口径),27976.3,后1/3段中位(不足60s),22.0107,6.78158,22.0107,99.9796,89.0618,99.9796,21.7218,,,,False,25991.5,2.0633,-18.839,25991.5,-18930.8,122.011,0.0203886,6123.58,-27815.2,SW4,88,onset,ADC域,iir_ema_tau0.5,iir_ema,display,True,0,88
28337.8,30791.3,2453.48,30791.3,t_on+4.6~5.4s中位(=08-v6.1 P 口径),27976.3,后1/3段中位(不足60s),131.577,83.0214,131.577,1251.83,31.2143,1251.83,246.311,,,,False,25991.5,1.01288,-33.5344,25991.5,-610.818,231.577,-1151.83,3228.21,-30713.4,SW4,99.36,restep,ADC域,iir_ema_tau0.5,iir_ema,display,True,0,99.36
29453,32163.4,2710.38,32155.5,t_on+4.6~5.4s中位(=08-v6.1 P 口径),27976.3,后1/3段中位(不足60s),68.7726,68.7726,68.7726,1183.51,-17.5155,1183.51,222.965,,,,False,25991.5,1.08396,-55.5936,25991.5,-4.52125,168.481,-1083.8,1864,-32077.6,SW4,104.24,restep,ADC域,iir_ema_tau0.5,iir_ema,display,True,0,104.24
0.549442,14.7073,14.1578,14.7057,t_on+4.6~5.4s中位(=08-v6.1 P 口径),1.16117,t0+60s后中位,-0.0519918,-2.51081,-0.0519918,99.5684,99.5684,99.5684,95.616,3.52,3.52,3.52,False,9.53535,1.10621,-42.2406,-0.293871,-9.53535,99.9367,0.420355,-0.00736093,-14.0967,RT1,8.27,onset,显示域,iir_ema_tau1,iir_ema,display,True,0,8.27
14.6375,15.8381,1.20052,15.8268,t_on+4.6~5.4s中位(=08-v6.1 P 口径),1.11186,t0+60s后中位,-93.9991,-93.9991,-93.9991,120.004,120.004,120.004,1131.72,,,,False,2.57602,0.0693343,-75.6618,-0.441105,-2.57602,5.06404,-20.9407,-1.12848,-1.44067,RT1,13.6,restep,显示域,iir_ema_tau1,iir_ema,display,True,0,13.6
0.290396,16.726,16.4356,16.726,t_on+4.6~5.4s中位(=08-v6.1 P 口径),19.7617,t0+60s后中位,-1.93391,-3.53515,-1.93391,99.8696,99.8696,99.8696,-20.4044,3.9,3.9,3.9,False,11.0466,0.964997,-43.0338,-0.304412,-11.0466,98.0661,0.13039,-0.317849,-16.4142,RT2,12.32,onset,显示域,iir_ema_tau1,iir_ema,display,True,0,12.32
20.8432,22.0158,1.1726,22.0168,t_on+4.6~5.4s中位(=08-v6.1 P 口径),0.329168,t0+60s后中位,-465.787,-465.787,-465.787,1830.27,520.103,1830.27,1383.75,,,,False,15.4274,0.753469,-91.7307,15.4274,-6.43694,-365.709,-1730.2,-5.4618,-21.4617,RT2,147.11,restep,显示域,iir_ema_tau1,iir_ema,display,True,0,147.11
0.043,16.5567,16.5137,16.5389,t_on+4.6~5.4s中位(=08-v6.1 P 口径),20.5361,t0+60s后中位,12.5258,4.14276,12.5258,99.8751,99.8751,99.8751,-11.6795,,,,False,12.7809,1.0147,-38.0195,0.993857,-12.7809,112.418,0.0174571,2.06848,-16.493,RT3,10.59,onset,显示域,iir_ema_tau1,iir_ema,display,True,0,10.59
0,15.2813,15.2813,15.2813,t_on+4.6~5.4s中位(=08-v6.1 P 口径),17.8094,t0+60s后中位,12.6369,3.66325,12.6369,100,100,100,-3.90745,,,,False,12.7754,1.006,-37.9606,0.645761,-12.7754,112.637,1.52287e-05,1.93108,-15.2813,LT1,11.69,onset,显示域,iir_ema_tau1,iir_ema,display,True,0,11.69
0,16.1212,16.1212,16.1212,t_on+4.6~5.4s中位(=08-v6.1 P 口径),18.002,t0+60s后中位,2.10335,-1.76309,2.10335,99.4701,99.4701,99.4701,-9.56355,3.68,3.68,3.68,False,14.266,1.48982,-37.996,-0.13465,-14.266,102.103,0.529873,0.339085,-16.0357,LT2,14.92,onset,显示域,iir_ema_tau1,iir_ema,display,True,0,14.92
0,17.5144,17.5144,17.5144,t_on+4.6~5.4s中位(=08-v6.1 P 口径),18.8563,t0+60s后中位,5.7383,2.36829,5.7383,99.6696,99.6696,99.6696,-1.92344,,,77.74,True,13.6919,1.46556,-38.8732,0.483286,-13.6919,105.738,0.330379,1.00503,-17.4565,LT3,10.87,onset,显示域,iir_ema_tau1,iir_ema,display,True,0,10.87
0.064,13.3829,13.3189,13.3829,t_on+4.6~5.4s中位(=08-v6.1 P 口径),0.101758,t0+60s后中位,0.525153,-1.83845,0.525153,99.6238,99.6238,99.6238,100.242,3.33,3.33,3.33,False,9.80326,1.24969,-41.2786,-0.220181,-9.80326,100.525,0.376233,0.0699445,-13.2688,F41,10.94,onset,显示域,iir_ema_tau1,iir_ema,display,True,0,10.94
10.8737,13.5564,2.68271,13.5564,t_on+4.6~5.4s中位(=08-v6.1 P 口径),0.082,t0+60s后中位,-3.8594,-10.8084,-3.8594,165.827,165.827,165.827,498.408,,,,False,2.93852,1.33267,-2.72206,-0.220181,-2.93852,96.1406,-65.8271,-0.103536,-4.44866,F41,12.19,restep,显示域,iir_ema_tau1,iir_ema,display,True,0,12.19
0.063,14.7479,14.6849,14.7479,t_on+4.6~5.4s中位(=08-v6.1 P 口径),9.57269,t0+60s后中位,-1.93634,-3.10786,-1.93634,99.9088,99.9088,99.9088,33.3055,3.73,3.73,3.73,False,10.0447,0.968236,-42.6129,0.0901184,-10.0447,98.0637,0.0911629,-0.28435,-14.6715,F42,11.03,onset,显示域,iir_ema_tau1,iir_ema,display,True,0,11.03
0.068,15.3126,15.2446,15.3126,t_on+4.6~5.4s中位(=08-v6.1 P 口径),16.9838,t0+60s后中位,5.68548,2.01322,5.68548,99.7217,99.7217,99.7217,-5.27742,25.41,25.41,25.41,False,10.7808,1.22865,-39.3487,0.348534,-10.7808,105.685,0.278333,0.866728,-15.2021,F43,11,onset,显示域,iir_ema_tau1,iir_ema,display,True,0,11
76,4241.75,4165.75,4241.75,t_on+4.6~5.4s中位(=08-v6.1 P 口径),22201.8,t0+60s后中位,166.253,-3.52928,166.253,99.1868,99.1868,99.1868,-264.884,,,4.66,True,7231.6,0.988173,-41.6705,-47.2617,-7231.6,266.253,0.813151,6925.67,-4131.88,SW1,10.84,onset,ADC域,iir_ema_tau1,iir_ema,display,True,0,10.84
4811.46,11606.1,6794.66,11606.1,t_on+4.6~5.4s中位(=08-v6.1 P 口径),25339.1,t0+60s后中位,-6.45646,-8.98598,-6.45646,95.7493,95.7493,95.7493,-208.571,,,,False,7231.6,-19.5199,-46.5714,-556.276,-7231.6,93.5435,4.25071,-438.694,-6505.84,SW1,28.63,onset,ADC域,iir_ema_tau1,iir_ema,display,True,0,28.63
12297.8,16207.4,3909.6,16202.1,t_on+4.6~5.4s中位(=08-v6.1 P 口径),25571.5,t0+60s后中位,-29.6139,-129.52,-29.6139,296.945,296.945,296.945,-269.264,,,,False,11601.2,0.569274,-204.168,4942.02,-11601.2,70.2524,-197.079,-1157.79,-11609.4,SW1,71.67,restep,ADC域,iir_ema_tau1,iir_ema,display,True,0,71.67
5447.1,18092.5,12645.4,18092.5,t_on+4.6~5.4s中位(=08-v6.1 P 口径),25607.5,t0+60s后中位,-24.105,-24.3183,-24.105,102.77,102.77,102.77,-83.5334,,,,False,11601.2,1.39016,-58.9962,-106.511,-11601.2,75.895,-2.76954,-3048.19,-12995.7,SW1,75.89,onset,ADC域,iir_ema_tau1,iir_ema,display,True,0,75.89
19384.4,25851.7,6467.25,25850.6,t_on+4.6~5.4s中位(=08-v6.1 P 口径),22087.3,t0+60s后中位,40.256,-73.8766,40.256,394.608,167.4,394.608,98.4458,,,,False,18838.7,0.417436,-55.8934,18838.7,-18835.5,140.239,-294.625,2603.45,-25520.3,SW1,110.45,restep,ADC域,iir_ema_tau1,iir_ema,display,True,0,110.45
61.0611,27163.2,27102.1,27163.8,t_on+4.6~5.4s中位(=08-v6.1 P 口径),20127.8,t0+60s后中位,6.0664,4.28856,6.0664,99.0088,99.0088,99.0088,32.0273,,,,False,18835.5,1.03101,-41.659,1255.58,-18835.5,106.069,0.993433,1644.12,-26833.5,SW1,133.83,onset,ADC域,iir_ema_tau1,iir_ema,display,True,0,133.83
52.8433,25248,25195.2,25248,t_on+4.6~5.4s中位(=08-v6.1 P 口径),60.6632,t0+60s后中位,1.78192,-0.122035,1.78192,97.7379,97.7379,97.7379,101.751,,,2.03,True,20218.6,0.957912,-35.5288,14390.1,-20218.6,101.782,2.26207,448.957,-24625.3,SW1,185.97,onset,ADC域,iir_ema_tau1,iir_ema,display,True,0,185.97
5760.84,11857,6096.16,11857,t_on+4.6~5.4s中位(=08-v6.1 P 口径),22086.1,后1/3段中位(不足60s),185.265,-44.8931,185.265,140.367,106.258,140.367,17.4685,,,,False,12816,0.854943,-68.4453,4218.43,-12816,285.265,-40.367,11294,-8557,SW1,217.74,restep,ADC域,iir_ema_tau1,iir_ema,display,True,0,217.74
12122.3,19875.9,7753.67,19875.9,t_on+4.6~5.4s中位(=08-v6.1 P 口径),22086.1,后1/3段中位(不足60s),43.7807,-48.7472,43.7807,254.935,213.782,254.935,15.2754,,,,False,22877.3,0.140936,-153.315,22877.3,-12816,143.781,-154.935,3394.61,-19766.8,SW1,230.64,restep,ADC域,iir_ema_tau1,iir_ema,display,True,0,230.64
5210.44,20245.8,15035.4,20245.8,t_on+4.6~5.4s中位(=08-v6.1 P 口径),22086.1,后1/3段中位(不足60s),20.1172,-16.9638,20.1172,133.928,112.706,133.928,7.87744,,,,False,22877.3,1.051,-61.7919,22877.3,-12816,120.117,-33.9284,3024.71,-20136.7,SW1,233.05,onset,ADC域,iir_ema_tau1,iir_ema,display,True,0,233.05
20414.6,25671.8,5257.15,25671.8,t_on+4.6~5.4s中位(=08-v6.1 P 口径),22086.1,后1/3段中位(不足60s),-45.6757,-50.8906,-45.6757,486.245,147.734,486.245,22.5294,,,,False,22877.3,0.869385,-44.883,22877.3,-6193.62,54.3243,-386.245,-2401.24,-25562.6,SW1,240.72,restep,ADC域,iir_ema_tau1,iir_ema,display,True,0,240.72
62,14458.3,14396.3,14458.3,t_on+4.6~5.4s中位(=08-v6.1 P 口径),24133.2,后1/3段中位(不足60s),56.5804,4.84682,56.5804,99.1834,98.8601,99.1834,-10.6236,,,,False,15486,-1.34264,-37.3781,15486,-14672.6,156.58,0.816639,8145.51,-14278.8,SW2,11.79,onset,ADC域,iir_ema_tau1,iir_ema,display,True,0,11.79
13424.9,14858.2,1433.25,14852.5,t_on+4.6~5.4s中位(=08-v6.1 P 口径),24133.2,后1/3段中位(不足60s),550.25,44.9829,550.25,1023.75,140.349,1023.75,-97.2837,,,,False,15486,0.785442,6.84623,15486,-14672.6,649.854,-924.148,7886.45,-14672.9,SW2,13.7,restep,ADC域,iir_ema_tau1,iir_ema,display,True,0,13.7
14922.6,15402.5,479.895,15402.8,t_on+4.6~5.4s中位(=08-v6.1 P 口径),24133.2,后1/3段中位(不足60s),1615.76,74.4946,1615.76,3172.19,187.189,3172.19,-203.492,,,,False,15486,0.91442,2.99634,15486,-14672.6,1715.81,-3072.14,7753.94,-15223.2,SW2,14.86,restep,ADC域,iir_ema_tau1,iir_ema,display,True,0,14.86
16009.1,17425.7,1416.62,17425.7,t_on+4.6~5.4s中位(=08-v6.1 P 口径),24133.2,后1/3段中位(不足60s),624.515,-122.091,624.515,1225.23,1217.41,1225.23,151.026,,,,False,22919,0.245627,-799.299,22919,-17775.5,724.515,-1125.23,8847.01,-17356.9,SW2,31.22,restep,ADC域,iir_ema_tau1,iir_ema,display,True,0,31.22
37.3925,21643.5,21606.1,21639.1,t_on+4.6~5.4s中位(=08-v6.1 P 口径),24133.2,后1/3段中位(不足60s),25.7164,3.64582,25.7164,99.8342,98.8885,99.8342,14.1727,,,,False,22919,0.0357084,-40.3917,22919,-17775.5,125.696,0.145555,5556.3,-21570.3,SW2,35.96,onset,ADC域,iir_ema_tau1,iir_ema,display,True,0,35.96
38,25209.3,25171.3,25209.3,t_on+4.6~5.4s中位(=08-v6.1 P 口径),24133.2,后1/3段中位(不足60s),8.40506,5.80105,8.40506,99.7851,99.7851,99.7851,12.6801,,,,False,17775.5,1.08278,-37.113,1704.2,-17775.5,108.405,0.214914,2115.66,-25117.2,SW2,57.3,onset,ADC域,iir_ema_tau1,iir_ema,display,True,0,57.3
69.5794,17701.9,17632.3,17701.9,t_on+4.6~5.4s中位(=08-v6.1 P 口径),27305,后1/3段中位(不足60s),29.6577,-13.4091,29.6577,100.056,97.1829,100.056,-24.8059,,,,False,20621.4,-2.85196,-48.8809,20621.4,-19972.6,129.658,-0.0556998,5229.33,-17642.1,SW3,10.92,onset,ADC域,iir_ema_tau1,iir_ema,display,True,0,10.92
18559.6,25621.5,7061.97,25621.5,t_on+4.6~5.4s中位(=08-v6.1 P 口径),27305,后1/3段中位(不足60s),37.37,-63.4216,37.37,361.964,142.02,361.964,13.5312,,,,False,20621.4,1.01841,-58.2477,20621.4,-19972.6,137.37,-261.964,2639.06,-25561.8,SW3,20.72,restep,ADC域,iir_ema_tau1,iir_ema,display,True,0,20.72
55.4942,26638.1,26582.6,26638.1,t_on+4.6~5.4s中位(=08-v6.1 P 口径),27305,后1/3段中位(不足60s),6.39339,4.39877,6.39339,99.5691,99.5691,99.5691,3.88435,,,,False,27942.4,1.1776,-39.1645,27942.4,-19972.6,106.393,0.430911,1699.53,-26468,SW3,39.08,onset,ADC域,iir_ema_tau1,iir_ema,display,True,0,39.08
27714.7,53,-27661.7,53,段末帧(退化),27305,后1/3段中位(不足60s),-4.81376,-4.81376,-4.81376,101.983,101.983,101.983,93.7052,,,,False,27942.4,0.968158,-36.1997,27942.4,447.548,1.98316,-95.1862,28210.3,1331.57,SW3,60.78,restep,ADC域,iir_ema_tau1,iir_ema,display,True,0,60.78
84,15448.2,15364.2,15448.2,t_on+4.6~5.4s中位(=08-v6.1 P 口径),24171.5,t0+60s后中位,48.0435,-4.14169,48.0435,98.6482,98.6482,98.6482,-8.73389,,,,False,10396.1,1.10654,-42.9465,2396.4,-10396.1,148.043,1.3518,7381.48,-15156.5,SW4,8.41,onset,ADC域,iir_ema_tau1,iir_ema,display,True,0,8.41
16085.4,22496.9,6411.47,22496.9,t_on+4.6~5.4s中位(=08-v6.1 P 口径),27884.7,t0+60s后中位,5.19008,-19.3926,5.19008,116.74,116.74,116.74,-78.8446,,,15.06,True,5131.47,0.938544,-45.2836,2396.4,-5131.47,105.19,-16.7401,332.76,-7484.75,SW4,18.68,restep,ADC域,iir_ema_tau1,iir_ema,display,True,0,18.68
22912.5,24098.4,1185.96,24095.9,t_on+4.6~5.4s中位(=08-v6.1 P 口径),28247.1,t0+60s后中位,-106.77,-115.83,-106.77,454.182,445.419,454.182,-456.8,,,,False,4309.86,-0.588472,-249.952,2396.4,-4309.86,-6.98419,-354.397,-1266.24,-5386.4,SW4,26.57,restep,ADC域,iir_ema_tau1,iir_ema,display,True,0,26.57
19465.9,24135.1,4669.26,24133.3,t_on+4.6~5.4s中位(=08-v6.1 P 口径),28278.7,t0+60s后中位,-27.9198,-29.0184,-27.9198,116.499,113.934,116.499,-116.7,,,,False,4309.86,0.294337,-50.4331,1091.41,-4309.86,72.0406,-16.5387,-1303.65,-5439.64,SW4,27.6,restep,ADC域,iir_ema_tau1,iir_ema,display,True,0,27.6
20983.1,24429.9,3446.83,24429.7,t_on+4.6~5.4s中位(=08-v6.1 P 口径),27976.3,后1/3段中位(不足60s),125.509,-81.4579,125.509,706.657,156.275,706.657,22.6141,,,,False,21184.4,0.812609,-55.4297,21069.9,-21184.4,225.502,-606.664,4326.09,-24357.3,SW4,61.37,restep,ADC域,iir_ema_tau1,iir_ema,display,True,0,61.37
75,27895.9,27820.9,27895.9,t_on+4.6~5.4s中位(=08-v6.1 P 口径),27976.3,后1/3段中位(不足60s),21.5488,5.91271,21.5488,98.0729,94.1395,98.0729,21.2599,,,,False,29460,2.15982,-38.2397,29460,-21184.4,121.549,1.92711,5995.09,-27284.8,SW4,88,onset,ADC域,iir_ema_tau1,iir_ema,display,True,0,88
28337.8,30791.3,2453.48,30791.3,t_on+4.6~5.4s中位(=08-v6.1 P 口径),27976.3,后1/3段中位(不足60s),126.34,80.3488,126.34,1250,37.0276,1250,241.074,,,,False,29460,1.00353,-44.4148,29460,-1059.69,226.34,-1150,3099.72,-30668.6,SW4,99.36,restep,ADC域,iir_ema_tau1,iir_ema,display,True,0,99.36
29453,32163.4,2710.38,32155.5,t_on+4.6~5.4s中位(=08-v6.1 P 口径),27976.3,后1/3段中位(不足60s),64.032,64.032,64.032,1181.86,-18.6788,1181.86,218.224,,,,False,29460,1.08369,-69.7555,29460,37.7347,163.74,-1082.15,1735.51,-32032.8,SW4,104.24,restep,ADC域,iir_ema_tau1,iir_ema,display,True,0,104.24
0.549442,14.7073,14.1578,14.7057,t_on+4.6~5.4s中位(=08-v6.1 P 口径),1.16117,t0+60s后中位,-1.05498,-10.2648,-1.05498,99.7585,99.7585,99.7585,94.613,6.33,6.33,6.33,False,10.2449,1.1088,-64.4782,-1.25473,-10.2449,98.9337,0.230174,-0.149362,-14.1237,RT1,8.27,onset,显示域,iir_ema_tau2,iir_ema,display,True,0,8.27
14.6375,15.8381,1.20052,15.8268,t_on+4.6~5.4s中位(=08-v6.1 P 口径),1.11186,t0+60s后中位,-105.827,-113.05,-105.827,198.538,198.538,198.538,1119.89,,,,False,2.57177,0.684276,-53.4892,-1.25473,-2.57177,-6.76428,-99.4751,-1.27048,-2.38349,RT1,13.6,restep,显示域,iir_ema_tau2,iir_ema,display,True,0,13.6
0.290396,16.726,16.4356,16.726,t_on+4.6~5.4s中位(=08-v6.1 P 口径),19.7617,t0+60s后中位,-2.54844,-11.2593,-2.54844,100.025,100.025,100.025,-21.0189,7.34,7.34,7.34,False,11.8852,0.968215,-65.0201,-1.05656,-11.8852,97.4516,-0.0252443,-0.418851,-16.4397,RT2,12.32,onset,显示域,iir_ema_tau2,iir_ema,display,True,0,12.32
20.8432,22.0158,1.1726,22.0168,t_on+4.6~5.4s中位(=08-v6.1 P 口径),0.329168,t0+60s后中位,-475.996,-475.996,-475.996,1828.23,515.505,1828.23,1373.54,,,,False,15.7092,0.735074,-95.0455,15.7092,-6.39836,-375.918,-1728.15,-5.58151,-21.4377,RT2,147.11,restep,显示域,iir_ema_tau2,iir_ema,display,True,0,147.11
0.043,16.5567,16.5137,16.5389,t_on+4.6~5.4s中位(=08-v6.1 P 口径),20.5361,t0+60s后中位,12.4833,-4.14,12.4833,99.8883,99.8883,99.8883,-11.722,,,,False,12.9286,1.01524,-61.9236,0.530375,-12.9286,112.376,0.00428405,2.06146,-16.4952,RT3,10.59,onset,显示域,iir_ema_tau2,iir_ema,display,True,0,10.59
0,15.2813,15.2813,15.2813,t_on+4.6~5.4s中位(=08-v6.1 P 口径),17.8094,t0+60s后中位,12.438,-4.56833,12.438,99.9991,99.9991,99.9991,-4.1063,,,,False,12.8393,1.00189,-61.8415,0.525995,-12.8393,112.438,0.000897339,1.90069,-15.2811,LT1,11.69,onset,显示域,iir_ema_tau2,iir_ema,display,True,0,11.69
0,16.1212,16.1212,16.1212,t_on+4.6~5.4s中位(=08-v6.1 P 口径),18.002,t0+60s后中位,2.00003,-9.79496,2.00003,99.7337,99.7337,99.7337,-9.66687,6.31,6.31,6.31,False,14.3797,1.49408,-61.7083,-0.421349,-14.3797,102,0.266305,0.322428,-16.0782,LT2,14.92,onset,显示域,iir_ema_tau2,iir_ema,display,True,0,14.92
0,17.5144,17.5144,17.5144,t_on+4.6~5.4s中位(=08-v6.1 P 口径),18.8563,t0+60s后中位,5.65477,-5.74295,5.65477,99.8344,99.8344,99.8344,-2.00697,78.31,78.31,5.17,False,13.8533,1.46774,-62.3311,0.266038,-13.8533,105.655,0.165603,0.990398,-17.4854,LT3,10.87,onset,显示域,iir_ema_tau2,iir_ema,display,True,0,10.87
0.064,13.3829,13.3189,13.3829,t_on+4.6~5.4s中位(=08-v6.1 P 口径),0.101758,t0+60s后中位,-0.0577347,-9.60205,-0.0577347,99.7955,99.7955,99.7955,99.6588,6.39,6.39,6.39,False,10.1335,1.25147,-63.8,-0.595871,-10.1335,99.9423,0.20447,-0.00768962,-13.2916,F41,10.94,onset,显示域,iir_ema_tau2,iir_ema,display,True,0,10.94
10.8737,13.5564,2.68271,13.5564,t_on+4.6~5.4s中位(=08-v6.1 P 口径),0.082,t0+60s后中位,-6.75327,-33.2455,-6.75327,285.744,285.744,285.744,495.514,,,,False,6.16005,2.34807,7.73544,-0.595871,-6.16005,93.2467,-185.744,-0.181171,-7.66567,F41,12.19,restep,显示域,iir_ema_tau2,iir_ema,display,True,0,12.19
0.063,14.7479,14.6849,14.7479,t_on+4.6~5.4s中位(=08-v6.1 P 口径),9.57269,t0+60s后中位,-2.59655,-10.8501,-2.59655,99.9457,99.9457,99.9457,32.6453,7.14,7.14,7.14,False,10.6977,0.96876,-64.8039,-0.950236,-10.6977,97.4035,0.054294,-0.381301,-14.677,F42,11.03,onset,显示域,iir_ema_tau2,iir_ema,display,True,0,11.03
0.068,15.3126,15.2446,15.3126,t_on+4.6~5.4s中位(=08-v6.1 P 口径),16.9838,t0+60s后中位,5.62151,-6.10296,5.62151,99.8621,99.8621,99.8621,-5.3414,26.49,26.49,26.49,False,11.8291,1.2293,-62.715,0.0666074,-11.8291,105.622,0.137882,0.856975,-15.2236,F43,11,onset,显示域,iir_ema_tau2,iir_ema,display,True,0,11
76,4241.75,4165.75,4241.75,t_on+4.6~5.4s中位(=08-v6.1 P 口径),22201.8,t0+60s后中位,164.554,-13.3582,164.554,99.5984,99.5984,99.5984,-266.583,,,6.89,True,7592.59,0.853966,-63.7558,-240.496,-7592.59,264.554,0.401633,6854.89,-4149.02,SW1,10.84,onset,ADC域,iir_ema_tau2,iir_ema,display,True,0,10.84
4811.46,11606.1,6794.66,11606.1,t_on+4.6~5.4s中位(=08-v6.1 P 口径),25339.1,t0+60s后中位,-7.49804,-16.8658,-7.49804,101.062,101.062,101.062,-209.612,,,,False,7592.59,-20.7188,-64.8654,-724.749,-7592.59,92.502,-1.06212,-509.466,-6866.82,SW1,28.63,onset,ADC域,iir_ema_tau2,iir_ema,display,True,0,28.63
12297.8,16207.4,3909.6,16202.1,t_on+4.6~5.4s中位(=08-v6.1 P 口径),25571.5,t0+60s后中位,-36.6574,-129.893,-36.6574,276.101,276.101,276.101,-276.307,,,,False,11683.7,0.575555,-163.808,5431.18,-11683.7,63.2089,-176.234,-1433.16,-10794.4,SW1,71.67,restep,ADC域,iir_ema_tau2,iir_ema,display,True,0,71.67
5447.1,18092.5,12645.4,18092.5,t_on+4.6~5.4s中位(=08-v6.1 P 口径),25607.5,t0+60s后中位,-25.1766,-30.7535,-25.1766,99.1404,99.1404,99.1404,-84.605,,,,False,11683.7,1.32283,-77.0379,301.66,-11683.7,74.8234,0.859642,-3183.69,-12536.7,SW1,75.89,onset,ADC域,iir_ema_tau2,iir_ema,display,True,0,75.89
19384.4,25851.7,6467.25,25850.6,t_on+4.6~5.4s中位(=08-v6.1 P 口径),22087.3,t0+60s后中位,24.9503,-82.3441,24.9503,362.219,167.789,362.219,83.1401,,,,False,19816.4,0.125372,-73.826,19816.4,-19624.3,124.933,-262.236,1613.6,-23425.6,SW1,110.45,restep,ADC域,iir_ema_tau2,iir_ema,display,True,0,110.45
61.0611,27163.2,27102.1,27163.8,t_on+4.6~5.4s中位(=08-v6.1 P 口径),20127.8,t0+60s后中位,6.03427,-3.57853,6.03427,91.2799,91.2799,91.2799,31.9952,,,,False,19624.3,0.954238,-67.6546,2354.98,-19624.3,106.036,8.72227,1635.42,-24738.8,SW1,133.83,onset,ADC域,iir_ema_tau2,iir_ema,display,True,0,133.83
52.8433,25248,25195.2,25248,t_on+4.6~5.4s中位(=08-v6.1 P 口径),60.6632,t0+60s后中位,1.63213,-5.72533,1.63213,83.9899,83.9899,83.9899,101.601,,,5.26,True,17525.5,0.828098,-65.7956,15408.4,-17525.5,101.632,16.0101,411.218,-21161.4,SW1,185.97,onset,ADC域,iir_ema_tau2,iir_ema,display,True,0,185.97
5760.84,11857,6096.16,11857,t_on+4.6~5.4s中位(=08-v6.1 P 口径),22086.1,后1/3段中位(不足60s),181.702,-48.7856,181.702,116.771,89.39,116.771,13.9052,,,,False,12952.1,0.685556,-88.0367,4411.65,-12952.1,281.702,-16.7708,11076.8,-7118.53,SW1,217.74,restep,ADC域,iir_ema_tau2,iir_ema,display,True,0,217.74
12122.3,19875.9,7753.67,19875.9,t_on+4.6~5.4s中位(=08-v6.1 P 口径),22086.1,后1/3段中位(不足60s),42.1687,-85.2968,42.1687,241.334,195.23,241.334,13.6635,,,,False,22922.4,-0.490675,-133.457,22922.4,-12952.1,142.169,-141.334,3269.62,-18712.2,SW1,230.64,restep,ADC域,iir_ema_tau2,iir_ema,display,True,0,230.64
5210.44,20245.8,15035.4,20245.8,t_on+4.6~5.4s中位(=08-v6.1 P 口径),22086.1,后1/3段中位(不足60s),19.2859,-25.0648,19.2859,126.914,103.139,126.914,7.04616,,,,False,22922.4,0.309742,-82.04,22922.4,-12952.1,119.286,-26.9145,2899.72,-19082.1,SW1,233.05,onset,ADC域,iir_ema_tau2,iir_ema,display,True,0,233.05
20414.6,25671.8,5257.15,25671.8,t_on+4.6~5.4s中位(=08-v6.1 P 口径),22086.1,后1/3段中位(不足60s),-48.0532,-59.4142,-48.0532,466.185,155.027,466.185,20.152,,,,False,22922.4,0.799136,-63.5641,22922.4,-6927.66,51.9468,-366.185,-2526.23,-24508.1,SW1,240.72,restep,ADC域,iir_ema_tau2,iir_ema,display,True,0,240.72
62,14458.3,14396.3,14458.3,t_on+4.6~5.4s中位(=08-v6.1 P 口径),24133.2,后1/3段中位(不足60s),48.3419,-3.3816,48.3419,99.4224,99.4224,99.4224,-18.8621,,,,False,15614.2,-1.81449,-61.2249,15614.2,-15237.8,148.342,0.57761,6959.46,-14313.2,SW2,11.79,onset,ADC域,iir_ema_tau2,iir_ema,display,True,0,11.79
13424.9,14858.2,1433.25,14852.5,t_on+4.6~5.4s中位(=08-v6.1 P 口径),24133.2,后1/3段中位(不足60s),515.618,5.86584,515.618,929.284,393.406,929.284,-131.915,,,,False,15614.2,0.316722,66.095,15614.2,-15237.8,615.222,-829.68,7390.09,-13319,SW2,13.7,restep,ADC域,iir_ema_tau2,iir_ema,display,True,0,13.7
14922.6,15402.5,479.895,15402.8,t_on+4.6~5.4s中位(=08-v6.1 P 口径),24133.2,后1/3段中位(不足60s),1524.32,-13.3112,1524.32,2890.05,734.731,2890.05,-294.927,,,,False,15614.2,0.604784,179.617,15614.2,-15237.8,1624.37,-2790,7315.15,-13869.2,SW2,14.86,restep,ADC域,iir_ema_tau2,iir_ema,display,True,0,14.86
16009.1,17425.7,1416.62,17425.7,t_on+4.6~5.4s中位(=08-v6.1 P 口径),24133.2,后1/3段中位(不足60s),428.946,-118.518,428.946,1167.77,1121.84,1167.77,-44.5433,,,,False,23144,-0.154372,-536.723,23144,-19105.7,528.946,-1067.77,6076.54,-16542.9,SW2,31.22,restep,ADC域,iir_ema_tau2,iir_ema,display,True,0,31.22
37.3925,21643.5,21606.1,21639.1,t_on+4.6~5.4s中位(=08-v6.1 P 口径),24133.2,后1/3段中位(不足60s),23.7906,-4.17038,23.7906,96.0668,92.9608,96.0668,12.2469,,,,False,23144,-0.0321433,-65.9595,23144,-19105.7,123.77,3.91292,5140.22,-20756.3,SW2,35.96,onset,ADC域,iir_ema_tau2,iir_ema,display,True,0,35.96
38,25209.3,25171.3,25209.3,t_on+4.6~5.4s中位(=08-v6.1 P 口径),24133.2,后1/3段中位(不足60s),8.18045,-2.36154,8.18045,96.6437,96.6437,96.6437,12.4555,,,,False,19105.7,1.04921,-62.6481,1471.73,-19105.7,108.18,3.35629,2059.13,-24326.5,SW2,57.3,onset,ADC域,iir_ema_tau2,iir_ema,display,True,0,57.3
69.5794,17701.9,17632.3,17701.9,t_on+4.6~5.4s中位(=08-v6.1 P 口径),27305,后1/3段中位(不足60s),18.7339,-20.1126,18.7339,98.548,98.548,98.548,-35.7297,,,,False,20819,-3.27557,-67.9195,20747.7,-20819,118.734,1.45198,3303.22,-17376.3,SW3,10.92,onset,ADC域,iir_ema_tau2,iir_ema,display,True,0,10.92
18559.6,25621.5,7061.97,25621.5,t_on+4.6~5.4s中位(=08-v6.1 P 口径),27305,后1/3段中位(不足60s),35.6321,-70.2632,35.6321,357.565,144.041,357.565,11.7932,,,,False,20819,-0.0612708,-73.9587,20747.7,-20819,135.632,-257.565,2516.33,-25251.2,SW3,20.72,restep,ADC域,iir_ema_tau2,iir_ema,display,True,0,20.72
55.4942,26638.1,26582.6,26638.1,t_on+4.6~5.4s中位(=08-v6.1 P 口径),27305,后1/3段中位(不足60s),6.33424,-3.91094,6.33424,98.6238,98.6238,98.6238,3.8252,,,,False,28097.2,1.16735,-63.2642,28097.2,-20819,106.334,1.37617,1683.8,-26216.8,SW3,39.08,onset,ADC域,iir_ema_tau2,iir_ema,display,True,0,39.08
27714.7,53,-27661.7,53,段末帧(退化),27305,后1/3段中位(不足60s),-22.1479,-22.1479,-22.1479,102.047,102.047,102.047,76.3711,,,,False,28097.2,0.796087,-60.312,28097.2,465.288,2.0473,-77.8521,28228,6126.48,SW3,60.78,restep,ADC域,iir_ema_tau2,iir_ema,display,True,0,60.78
84,15448.2,15364.2,15448.2,t_on+4.6~5.4s中位(=08-v6.1 P 口径),24171.5,t0+60s后中位,47.0404,-11.6692,47.0404,99.3138,99.3138,99.3138,-9.73694,,,,False,11010.4,1.09624,-64.6419,2637.76,-11010.4,147.04,0.686244,7227.37,-15258.7,SW4,8.41,onset,ADC域,iir_ema_tau2,iir_ema,display,True,0,8.41
16085.4,22496.9,6411.47,22496.9,t_on+4.6~5.4s中位(=08-v6.1 P 口径),27884.7,t0+60s后中位,2.9433,-27.5532,2.9433,118.252,118.252,118.252,-81.0913,,,12.34,True,6016.5,0.950896,-66.2431,2637.76,-6016.5,102.943,-18.252,188.709,-7581.69,SW4,18.68,restep,ADC域,iir_ema_tau2,iir_ema,display,True,0,18.68
22912.5,24098.4,1185.96,24095.9,t_on+4.6~5.4s中位(=08-v6.1 P 口径),28247.1,t0+60s后中位,-118.916,-149.091,-118.916,451.797,380.358,451.797,-468.946,,,,False,3854.74,0.124728,-199.353,2637.76,-3854.74,-19.1306,-352.012,-1410.29,-5358.11,SW4,26.57,restep,ADC域,iir_ema_tau2,iir_ema,display,True,0,26.57
19465.9,24135.1,4669.26,24133.3,t_on+4.6~5.4s中位(=08-v6.1 P 口径),28278.7,t0+60s后中位,-31.0049,-34.5159,-31.0049,115.98,97.4092,115.98,-119.785,,,,False,3854.74,0.339403,-76.2436,1342.85,-3854.74,68.9555,-16.0192,-1447.7,-5415.38,SW4,27.6,restep,ADC域,iir_ema_tau2,iir_ema,display,True,0,27.6
20983.1,24429.9,3446.83,24429.7,t_on+4.6~5.4s中位(=08-v6.1 P 口径),27976.3,后1/3段中位(不足60s),-4.59462,-88.753,-4.59462,706.34,161.125,706.34,-107.49,,,,False,22451.4,0.80369,-70.5545,21271.4,-22451.4,95.3985,-606.347,-158.369,-24346.4,SW4,61.37,restep,ADC域,iir_ema_tau2,iir_ema,display,True,0,61.37
75,27895.9,27820.9,27895.9,t_on+4.6~5.4s中位(=08-v6.1 P 口径),27976.3,后1/3段中位(不足60s),20.7664,-2.09788,20.7664,96.9443,96.9443,96.9443,20.4774,,,,False,31425.2,2.20135,-60.7596,31425.2,-22451.4,120.766,3.05571,5777.39,-26970.8,SW4,88,onset,ADC域,iir_ema_tau2,iir_ema,display,True,0,88
28337.8,30791.3,2453.48,30791.3,t_on+4.6~5.4s中位(=08-v6.1 P 口径),27976.3,后1/3段中位(不足60s),117.467,68.5728,117.467,1204.18,45.0628,1204.18,232.201,,,,False,31425.2,0.929253,-61.3188,31425.2,-1543.97,217.467,-1104.18,2882.02,-29544.3,SW4,99.36,restep,ADC域,iir_ema_tau2,iir_ema,display,True,0,99.36
29453,32163.4,2710.38,32155.5,t_on+4.6~5.4s中位(=08-v6.1 P 口径),27976.3,后1/3段中位(不足60s),56,56,56,1140.38,-9.33085,1140.38,210.192,,,,False,31425.2,1.03781,-78.0236,31425.2,697.417,155.709,-1040.67,1517.81,-30908.5,SW4,104.24,restep,ADC域,iir_ema_tau2,iir_ema,display,True,0,104.24
0.549442,14.7073,14.1578,14.7057,t_on+4.6~5.4s中位(=08-v6.1 P 口径),1.16117,t0+60s后中位,-1.41603,-20.9706,-1.41603,99.8675,99.8675,99.8675,94.2519,9.61,9.61,9.61,False,10.5383,1.10951,-74.5069,-1.50412,-10.5383,98.5727,0.121171,-0.200479,-14.1391,RT1,8.27,onset,显示域,iir_ema_tau3,iir_ema,display,True,0,8.27
14.6375,15.8381,1.20052,15.8268,t_on+4.6~5.4s中位(=08-v6.1 P 口径),1.11186,t0+60s后中位,-110.085,-143.92,-110.085,316.272,316.272,316.272,1115.63,,,,False,3.62439,1.60301,-33.0004,-1.50412,-3.62439,-11.0222,-217.208,-1.32159,-3.7969,RT1,13.6,restep,显示域,iir_ema_tau3,iir_ema,display,True,0,13.6
0.290396,16.726,16.4356,16.726,t_on+4.6~5.4s中位(=08-v6.1 P 口径),19.7617,t0+60s后中位,-2.89444,-21.9017,-2.89444,100.145,100.145,100.145,-21.3649,11.19,11.19,11.19,False,12.252,0.96911,-74.903,-1.27031,-12.252,97.1056,-0.144959,-0.475718,-16.4594,RT2,12.32,onset,显示域,iir_ema_tau3,iir_ema,display,True,0,12.32
20.8432,22.0158,1.1726,22.0168,t_on+4.6~5.4s中位(=08-v6.1 P 口径),0.329168,t0+60s后中位,-481.636,-481.636,-481.636,1823.44,514.829,1823.44,1367.9,,,,False,15.8341,0.69202,-96.2509,15.8341,-6.35692,-381.557,-1723.36,-5.64764,-21.3816,RT2,147.11,restep,显示域,iir_ema_tau3,iir_ema,display,True,0,147.11
0.043,16.5567,16.5137,16.5389,t_on+4.6~5.4s中位(=08-v6.1 P 口径),20.5361,t0+60s后中位,12.4173,-15.5651,12.4173,99.8962,99.8962,99.8962,-11.788,,,,False,13.3624,1.01273,-72.695,0.414828,-13.3624,112.31,-0.00360831,2.05055,-16.4965,RT3,10.59,onset,显示域,iir_ema_tau3,iir_ema,display,True,0,10.59
0,15.2813,15.2813,15.2813,t_on+4.6~5.4s中位(=08-v6.1 P 口径),17.8094,t0+60s后中位,12.2098,-15.9355,12.2098,99.9971,99.9971,99.9971,-4.33453,,,,False,12.8604,0.997645,-72.6251,0.468301,-12.8604,112.21,0.00293327,1.86581,-15.2808,LT1,11.69,onset,显示域,iir_ema_tau3,iir_ema,display,True,0,11.69
0,16.1212,16.1212,16.1212,t_on+4.6~5.4s中位(=08-v6.1 P 口径),18.002,t0+60s后中位,1.94436,-20.5395,1.94436,99.8222,99.8222,99.8222,-9.72254,8.95,8.95,8.95,False,14.4179,1.49343,-72.4913,-0.670064,-14.4179,101.944,0.177843,0.313454,-16.0925,LT2,14.92,onset,显示域,iir_ema_tau3,iir_ema,display,True,0,14.92
0,17.5144,17.5144,17.5144,t_on+4.6~5.4s中位(=08-v6.1 P 口径),18.8563,t0+60s后中位,5.56591,-16.9575,5.56591,99.8895,99.8895,99.8895,-2.09583,78.91,78.91,7.56,False,14.0035,1.46627,-72.9583,0.120349,-14.0035,105.566,0.110494,0.974834,-17.495,LT3,10.87,onset,显示域,iir_ema_tau3,iir_ema,display,True,0,10.87
0.064,13.3829,13.3189,13.3829,t_on+4.6~5.4s中位(=08-v6.1 P 口径),0.101758,t0+60s后中位,-0.331805,-20.3458,-0.331805,99.8542,99.8542,99.8542,99.3847,9.19,9.19,9.19,False,10.3528,1.24946,-74.0094,-1.05002,-10.3528,99.6682,0.145805,-0.0441927,-13.2995,F41,10.94,onset,显示域,iir_ema_tau3,iir_ema,display,True,0,10.94
10.8737,13.5564,2.68271,13.5564,t_on+4.6~5.4s中位(=08-v6.1 P 口径),0.082,t0+60s后中位,-8.11395,-74.0168,-8.11395,344.295,344.295,344.295,494.153,,,,False,7.7378,2.83799,-5.78609,-1.05002,-7.7378,91.8861,-244.295,-0.217674,-9.23644,F41,12.19,restep,显示域,iir_ema_tau3,iir_ema,display,True,0,12.19
0.063,14.7479,14.6849,14.7479,t_on+4.6~5.4s中位(=08-v6.1 P 口径),9.57269,t0+60s后中位,-2.68989,-21.5044,-2.68989,99.9523,99.9523,99.9523,32.552,10.71,10.71,10.71,False,10.9506,0.967741,-74.7796,-1.08757,-10.9506,97.3101,0.0476937,-0.395008,-14.6779,F42,11.03,onset,显示域,iir_ema_tau3,iir_ema,display,True,0,11.03
0.068,15.3126,15.2446,15.3126,t_on+4.6~5.4s中位(=08-v6.1 P 口径),16.9838,t0+60s后中位,5.50734,-17.3013,5.50734,99.9111,99.9111,99.9111,-5.45556,27.13,27.13,7.55,False,12.2927,1.22749,-73.2582,-0.130382,-12.2927,105.507,0.08886,0.839571,-15.231,F43,11,onset,显示域,iir_ema_tau3,iir_ema,display,True,0,11
76,4241.75,4165.75,4241.75,t_on+4.6~5.4s中位(=08-v6.1 P 口径),22201.8,t0+60s后中位,161.777,-24.3457,161.777,99.7476,99.7476,99.7476,-269.36,,,,False,7737.26,0.760066,-73.9022,-364.855,-7737.26,261.777,0.252388,6739.21,-4155.24,SW1,10.84,onset,ADC域,iir_ema_tau3,iir_ema,display,True,0,10.84
4811.46,11606.1,6794.66,11606.1,t_on+4.6~5.4s中位(=08-v6.1 P 口径),25339.1,t0+60s后中位,-8.55978,-27.4313,-8.55978,103.191,103.191,103.191,-210.674,,,,False,7737.26,-21.1913,-74.1418,-924.871,-7737.26,91.4402,-3.1913,-581.608,-7011.49,SW1,28.63,onset,ADC域,iir_ema_tau3,iir_ema,display,True,0,28.63
12297.8,16207.4,3909.6,16202.1,t_on+4.6~5.4s中位(=08-v6.1 P 口径),25571.5,t0+60s后中位,-37.7526,-130.083,-37.7526,255.041,255.041,255.041,-277.402,,,,False,11167.6,0.575363,-145.678,5602.37,-11167.6,62.1138,-155.174,-1475.97,-9971.07,SW1,71.67,restep,ADC域,iir_ema_tau3,iir_ema,display,True,0,71.67
5447.1,18092.5,12645.4,18092.5,t_on+4.6~5.4s中位(=08-v6.1 P 口径),25607.5,t0+60s后中位,-25.4441,-38.1637,-25.4441,93.5217,93.5217,93.5217,-84.8725,,,,False,11167.6,1.21375,-85.4041,1011.87,-11167.6,74.5559,6.47829,-3217.53,-11826.2,SW1,75.89,onset,ADC域,iir_ema_tau3,iir_ema,display,True,0,75.89
19384.4,25851.7,6467.25,25850.6,t_on+4.6~5.4s中位(=08-v6.1 P 口径),22087.3,t0+60s后中位,-1.7326,-93.2416,-1.7326,323.305,168.155,323.305,56.4573,,,,False,20146.5,-0.00847038,-81.4012,20146.5,-18480.7,98.2503,-223.322,-112.052,-20908.9,SW1,110.45,restep,ADC域,iir_ema_tau3,iir_ema,display,True,0,110.45
61.0611,27163.2,27102.1,27163.8,t_on+4.6~5.4s中位(=08-v6.1 P 口径),20127.8,t0+60s后中位,5.99664,-12.5037,5.99664,81.994,81.994,81.994,31.9576,,,,False,18480.7,0.86113,-79.5662,4871.66,-18480.7,105.999,18.0082,1625.22,-22222.1,SW1,133.83,onset,ADC域,iir_ema_tau3,iir_ema,display,True,0,133.83
52.8433,25248,25195.2,25248,t_on+4.6~5.4s中位(=08-v6.1 P 口径),60.6632,t0+60s后中位,1.30136,-11.6131,1.30136,69.2215,69.2215,69.2215,101.27,,,7.38,True,15886.4,0.683622,-79.6755,15886.4,-14862.4,101.301,30.7785,327.88,-17440.5,SW1,185.97,onset,ADC域,iir_ema_tau3,iir_ema,display,True,0,185.97
5760.84,11857,6096.16,11857,t_on+4.6~5.4s中位(=08-v6.1 P 口径),22086.1,后1/3段中位(不足60s),173.909,-48.8595,173.909,100.116,65.5594,100.116,6.11263,,,,False,12473,0.474271,-99.2277,4459.39,-12473,273.909,-0.115644,10601.8,-6103.21,SW1,217.74,restep,ADC域,iir_ema_tau3,iir_ema,display,True,0,217.74
12122.3,19875.9,7753.67,19875.9,t_on+4.6~5.4s中位(=08-v6.1 P 口径),22086.1,后1/3段中位(不足60s),38.22,-104.057,38.22,216.825,182.135,216.825,9.71474,,,,False,22675.4,-0.765841,-124.021,22675.4,-12473,138.22,-116.825,2963.45,-16811.9,SW1,230.64,restep,ADC域,iir_ema_tau3,iir_ema,display,True,0,230.64
5210.44,20245.8,15035.4,20245.8,t_on+4.6~5.4s中位(=08-v6.1 P 口径),22086.1,后1/3段中位(不足60s),17.2496,-33.9206,17.2496,114.276,96.3862,114.276,5.00983,,,,False,22675.4,-0.496103,-89.4257,22675.4,-12473,117.25,-14.2757,2593.55,-17181.8,SW1,233.05,onset,ADC域,iir_ema_tau3,iir_ema,display,True,0,233.05
20414.6,25671.8,5257.15,25671.8,t_on+4.6~5.4s中位(=08-v6.1 P 口径),22086.1,后1/3段中位(不足60s),-53.8771,-73.6931,-53.8771,430.038,169.478,430.038,14.3281,,,,False,22675.4,0.669186,-69.8441,22675.4,-7787.57,46.1229,-330.038,-2832.4,-22607.8,SW1,240.72,restep,ADC域,iir_ema_tau3,iir_ema,display,True,0,240.72
62,14458.3,14396.3,14458.3,t_on+4.6~5.4s中位(=08-v6.1 P 口径),24133.2,后1/3段中位(不足60s),36.5369,-14.8261,36.5369,99.6101,99.6101,99.6101,-30.6671,,,,False,15629.1,-2.00004,-72.1201,15629.1,-14527.5,136.537,0.389863,5259.97,-14340.2,SW2,11.79,onset,ADC域,iir_ema_tau3,iir_ema,display,True,0,11.79
13424.9,14858.2,1433.25,14852.5,t_on+4.6~5.4s中位(=08-v6.1 P 口径),24133.2,后1/3段中位(不足60s),439.352,-70.9571,439.352,805.959,544.752,805.959,-208.181,,,,False,15629.1,0.0099068,62.567,15629.1,-14527.5,538.956,-706.356,6297.01,-11551.4,SW2,13.7,restep,ADC域,iir_ema_tau3,iir_ema,display,True,0,13.7
14922.6,15402.5,479.895,15402.8,t_on+4.6~5.4s中位(=08-v6.1 P 口径),24133.2,后1/3段中位(不足60s),1342.11,-192.62,1342.11,2521.73,1192.34,2521.73,-477.135,,,,False,15629.1,0.324036,231.166,15629.1,-14527.5,1442.17,-2421.68,6440.74,-12101.7,SW2,14.86,restep,ADC域,iir_ema_tau3,iir_ema,display,True,0,14.86
16009.1,17425.7,1416.62,17425.7,t_on+4.6~5.4s中位(=08-v6.1 P 口径),24133.2,后1/3段中位(不足60s),413.697,-119.311,413.697,1049.64,997.063,1049.64,-59.7925,,,,False,23031.9,-0.306342,-414.413,23031.9,-18378.7,513.697,-949.641,5860.52,-14869.4,SW2,31.22,restep,ADC域,iir_ema_tau3,iir_ema,display,True,0,31.22
37.3925,21643.5,21606.1,21639.1,t_on+4.6~5.4s中位(=08-v6.1 P 口径),24133.2,后1/3段中位(不足60s),18.7136,-13.3458,18.7136,88.3216,84.8716,88.3216,7.16982,,,,False,23031.9,-0.191819,-77.9564,23031.9,-18378.7,118.693,11.6581,4043.26,-19082.8,SW2,35.96,onset,ADC域,iir_ema_tau3,iir_ema,display,True,0,35.96
38,25209.3,25171.3,25209.3,t_on+4.6~5.4s中位(=08-v6.1 P 口径),24133.2,后1/3段中位(不足60s),7.09272,-12.3669,7.09272,89.9955,89.9955,89.9955,11.3677,,,,False,18378.7,0.971783,-75.1171,1803.14,-18378.7,107.093,10.0045,1785.33,-22653.1,SW2,57.3,onset,ADC域,iir_ema_tau3,iir_ema,display,True,0,57.3
69.5794,17701.9,17632.3,17701.9,t_on+4.6~5.4s中位(=08-v6.1 P 口径),27305,后1/3段中位(不足60s),17.2122,-29.4913,17.2122,99.0268,99.0268,99.0268,-37.2514,,,,False,20696.8,-3.40323,-76.8237,20640.8,-20696.8,117.212,0.973205,3034.91,-17460.7,SW3,10.92,onset,ADC域,iir_ema_tau3,iir_ema,display,True,0,10.92
18559.6,25621.5,7061.97,25621.5,t_on+4.6~5.4s中位(=08-v6.1 P 口径),27305,后1/3段中位(不足60s),28.2412,-80.6635,28.2412,344.084,151.058,344.084,4.40231,,,,False,20696.8,-0.495507,-79.4421,20640.8,-20696.8,128.241,-244.084,1994.38,-24299.1,SW3,20.72,restep,ADC域,iir_ema_tau3,iir_ema,display,True,0,20.72
55.4942,26638.1,26582.6,26638.1,t_on+4.6~5.4s中位(=08-v6.1 P 口径),27305,后1/3段中位(不足60s),6.16079,-14.6389,6.16079,95.1415,95.1415,95.1415,3.65176,,,,False,28129.7,1.12707,-74.7186,28129.7,-20696.8,106.161,4.85854,1637.7,-25291,SW3,39.08,onset,ADC域,iir_ema_tau3,iir_ema,display,True,0,39.08
27714.7,53,-27661.7,53,段末帧(退化),27305,后1/3段中位(不足60s),-36.8288,-36.8288,-36.8288,101.999,101.999,101.999,61.6902,,,,False,28129.7,0.649328,-71.4335,28129.7,451.858,1.99874,-63.1712,28214.6,10187.5,SW3,60.78,restep,ADC域,iir_ema_tau3,iir_ema,display,True,0,60.78
84,15448.2,15364.2,15448.2,t_on+4.6~5.4s中位(=08-v6.1 P 口径),24171.5,t0+60s后中位,46.5075,-22.1298,46.5075,99.541,99.541,99.541,-10.2698,,,,False,11328.3,1.08978,-74.5696,2403.34,-11328.3,146.508,0.459046,7145.5,-15293.6,SW4,8.41,onset,ADC域,iir_ema_tau3,iir_ema,display,True,0,8.41
16085.4,22496.9,6411.47,22496.9,t_on+4.6~5.4s中位(=08-v6.1 P 口径),27884.7,t0+60s后中位,2.62294,-39.804,2.62294,124.729,124.729,124.729,-81.4117,,,13.83,True,6693.01,0.996174,-74.0742,2403.34,-6693.01,102.623,-24.7293,168.169,-7996.98,SW4,18.68,restep,ADC域,iir_ema_tau3,iir_ema,display,True,0,18.68
22912.5,24098.4,1185.96,24095.9,t_on+4.6~5.4s中位(=08-v6.1 P 口径),28247.1,t0+60s后中位,-120.648,-181.679,-120.648,444.101,368.078,444.101,-470.678,,,,False,3818.78,0.807852,-165.363,2403.34,-3818.78,-20.8625,-344.316,-1430.83,-5266.85,SW4,26.57,restep,ADC域,iir_ema_tau3,iir_ema,display,True,0,26.57
19465.9,24135.1,4669.26,24133.3,t_on+4.6~5.4s中位(=08-v6.1 P 口径),28278.7,t0+60s后中位,-31.4448,-41.5423,-31.4448,114.475,94.2901,114.475,-120.225,,,,False,3818.78,0.627644,-83.9234,1434.21,-3818.78,68.5156,-14.5148,-1468.24,-5345.14,SW4,27.6,restep,ADC域,iir_ema_tau3,iir_ema,display,True,0,27.6
20983.1,24429.9,3446.83,24429.7,t_on+4.6~5.4s中位(=08-v6.1 P 口径),27976.3,后1/3段中位(不足60s),-88.563,-97.7826,-88.563,705.227,162.197,705.227,-191.458,,,,False,23125.1,0.789611,-78.5371,21191.4,-23125.1,11.4301,-605.234,-3052.62,-24308,SW4,61.37,restep,ADC域,iir_ema_tau3,iir_ema,display,True,0,61.37
75,27895.9,27820.9,27895.9,t_on+4.6~5.4s中位(=08-v6.1 P 口径),27976.3,后1/3段中位(不足60s),20.2574,-13.4305,20.2574,97.8003,97.8003,97.8003,19.9685,,,,False,32081.8,2.19569,-71.5671,32081.8,-23125.1,120.257,2.19974,5635.8,-27208.9,SW4,88,onset,ADC域,iir_ema_tau3,iir_ema,display,True,0,88
28337.8,30791.3,2453.48,30791.3,t_on+4.6~5.4s中位(=08-v6.1 P 口径),27976.3,后1/3段中位(不足60s),111.696,49.4808,111.696,1106.36,69.7016,1106.36,226.43,,,,False,32081.8,0.800458,-64.9467,32081.8,-2258.73,211.696,-1006.36,2740.43,-27144.3,SW4,99.36,restep,ADC域,iir_ema_tau3,iir_ema,display,True,0,99.36
29453,32163.4,2710.38,32155.5,t_on+4.6~5.4s中位(=08-v6.1 P 口径),27976.3,后1/3段中位(不足60s),50.7759,47.574,50.7759,1051.83,7.77849,1051.83,204.968,,,,False,32081.8,0.942437,-79.4492,32081.8,230.938,150.484,-952.12,1376.22,-28508.5,SW4,104.24,restep,ADC域,iir_ema_tau3,iir_ema,display,True,0,104.24
0.549442,14.7073,14.1578,14.7057,t_on+4.6~5.4s中位(=08-v6.1 P 口径),1.16117,t0+60s后中位,4.71719,-1.38115,4.71719,91.7284,91.7284,91.7284,100.385,0.51,0.51,0.51,False,4.66122,1.02014,-10.0373,1.67236,-4.66122,104.706,8.26027,0.667853,-12.9868,RT1,8.27,onset,显示域,med_w0.03,causal_median,display,True,0,8.27
14.6375,15.8381,1.20052,15.8268,t_on+4.6~5.4s中位(=08-v6.1 P 口径),1.11186,t0+60s后中位,-37.7556,-37.7556,-37.7556,121.322,115.245,121.322,1187.96,,,,False,2.58336,-0.0392532,-79.9566,0.139176,-2.58336,61.3076,-22.2592,-0.453263,-1.4565,RT1,13.6,restep,显示域,med_w0.03,causal_median,display,True,0,13.6
0.290396,16.726,16.4356,16.726,t_on+4.6~5.4s中位(=08-v6.1 P 口径),19.7617,t0+60s后中位,-1.01987,-2.45374,-1.01987,100.314,100.314,100.314,-19.4903,13.17,13.17,0.56,False,3.45558,0.96606,-2.47932,2.19914,-3.45558,98.9801,-0.314411,-0.167622,-16.4873,RT2,12.32,onset,显示域,med_w0.03,causal_median,display,True,0,12.32
20.8432,22.0158,1.1726,22.0168,t_on+4.6~5.4s中位(=08-v6.1 P 口径),0.329168,t0+60s后中位,-429.253,-429.253,-429.253,1877.61,746.532,1877.61,1420.29,,,,False,6.69809,0.76239,-54.4591,6.69809,-6.47674,-329.174,-1777.53,-5.0334,-22.0168,RT2,147.11,restep,显示域,med_w0.03,causal_median,display,True,0,147.11
0.043,16.5567,16.5137,16.5389,t_on+4.6~5.4s中位(=08-v6.1 P 口径),20.5361,t0+60s后中位,13.3195,5.25174,13.3195,99.3294,99.3294,99.3294,-10.8858,,,,False,12.8192,1.00776,4.27365,2.34149,-12.8192,113.212,0.56317,2.19953,-16.4029,RT3,10.59,onset,显示域,med_w0.03,causal_median,display,True,0,10.59
0,15.2813,15.2813,15.2813,t_on+4.6~5.4s中位(=08-v6.1 P 口径),17.8094,t0+60s后中位,12.9315,4.90656,12.9315,100,100,100,-3.61286,,,,False,12.9038,1.01312,4.44779,2.18736,-12.9038,112.931,0,1.97609,-15.2813,LT1,11.69,onset,显示域,med_w0.03,causal_median,display,True,0,11.69
0,16.1212,16.1212,16.1212,t_on+4.6~5.4s中位(=08-v6.1 P 口径),18.002,t0+60s后中位,4.40211,4.40211,4.40211,94.6096,94.6096,94.6096,-7.26479,1.62,1.62,1.62,False,8.25301,1.41976,-1.50151,2.39056,-8.25301,104.402,5.39043,0.709672,-15.2522,LT2,14.92,onset,显示域,med_w0.03,causal_median,display,True,0,14.92
0,17.5144,17.5144,17.5144,t_on+4.6~5.4s中位(=08-v6.1 P 口径),18.8563,t0+60s后中位,5.98289,3.408,5.98289,100,100,100,-1.67886,,,78.4,True,7.23862,1.47083,3.1394,2.43203,-7.23862,105.983,0,1.04787,-17.5144,LT3,10.87,onset,显示域,med_w0.03,causal_median,display,True,0,10.87
0.064,13.3829,13.3189,13.3829,t_on+4.6~5.4s中位(=08-v6.1 P 口径),0.101758,t0+60s后中位,1.27161,-0.716781,1.27161,99.1264,99.1264,99.1264,100.988,0.51,0.51,0.51,False,5.4666,1.24073,-1.97582,1.80186,-5.4666,101.272,0.873638,0.169364,-13.2025,F41,10.94,onset,显示域,med_w0.03,causal_median,display,True,0,10.94
10.8737,13.5564,2.68271,13.5564,t_on+4.6~5.4s中位(=08-v6.1 P 口径),0.082,t0+60s后中位,-0.153457,-6.11195,-0.153457,15.1294,11.9386,15.1294,502.113,,,,False,2.11595,0.0181977,-100,1.26791,-2.11595,99.8465,84.8706,-0.00411681,-0.405878,F41,12.19,restep,显示域,med_w0.03,causal_median,display,True,0,12.19
0.063,14.7479,14.6849,14.7479,t_on+4.6~5.4s中位(=08-v6.1 P 口径),9.57269,t0+60s后中位,-1.59325,-2.09737,-1.59325,100.007,100.007,100.007,33.6486,0.53,0.53,0.53,False,3.74093,0.968355,-2.35816,2.05467,-3.74093,98.4068,-0.0068097,-0.233968,-14.6859,F42,11.03,onset,显示域,med_w0.03,causal_median,display,True,0,11.03
0.068,15.3126,15.2446,15.3126,t_on+4.6~5.4s中位(=08-v6.1 P 口径),16.9838,t0+60s后中位,5.91351,3.2727,5.91351,93.6614,93.6614,93.6614,-5.0494,33.73,33.73,33.73,False,4.09136,1.15749,-3.5511,2.20918,-4.09136,105.914,6.33856,0.901489,-14.2783,F43,11,onset,显示域,med_w0.03,causal_median,display,True,0,11
76,4241.75,4165.75,4241.75,t_on+4.6~5.4s中位(=08-v6.1 P 口径),22201.8,t0+60s后中位,182.673,0.716364,182.673,77.8375,77.8375,77.8375,-248.463,,,3.39,True,2858.83,0.964888,-25.9998,1090.1,-2858.83,282.673,22.1625,7609.72,-3242.51,SW1,10.84,onset,ADC域,med_w0.03,causal_median,display,True,0,10.84
4811.46,11606.1,6794.66,11606.1,t_on+4.6~5.4s中位(=08-v6.1 P 口径),25339.1,t0+60s后中位,3.61105,3.61105,3.61105,34.2089,34.2089,34.2089,-198.503,,,,False,1111.26,2.88769,-118.805,1090.1,-1111.26,103.611,65.7911,245.358,-2324.38,SW1,28.63,onset,ADC域,med_w0.03,causal_median,display,True,0,28.63
12297.8,16207.4,3909.6,16202.1,t_on+4.6~5.4s中位(=08-v6.1 P 口径),25571.5,t0+60s后中位,3.83303,-28.0259,3.83303,310.827,310.827,310.827,-235.817,,,,False,6577.37,0.466184,-287.914,3471.3,-6577.37,103.699,-210.961,149.856,-12152.1,SW1,71.67,restep,ADC域,med_w0.03,causal_median,display,True,0,71.67
5447.1,18092.5,12645.4,18092.5,t_on+4.6~5.4s中位(=08-v6.1 P 口径),25607.5,t0+60s后中位,-13.7642,-13.7642,-13.7642,109.065,109.065,109.065,-73.1926,,,,False,6577.37,0.607676,-62.9698,3471.3,-6577.37,86.2358,-9.06519,-1740.55,-13791.8,SW1,75.89,onset,ADC域,med_w0.03,causal_median,display,True,0,75.89
19384.4,25851.7,6467.25,25850.6,t_on+4.6~5.4s中位(=08-v6.1 P 口径),22087.3,t0+60s后中位,41.8282,-72.7575,41.8282,399.715,182.577,399.715,100.018,,,,False,13407.1,0.854729,1.40973,3435.27,-13407.1,141.811,-299.732,2705.13,-25850.6,SW1,110.45,restep,ADC域,med_w0.03,causal_median,display,True,0,110.45
61.0611,27163.2,27102.1,27163.8,t_on+4.6~5.4s中位(=08-v6.1 P 口径),20127.8,t0+60s后中位,6.16058,5.13591,6.16058,99.9692,99.9692,99.9692,32.1215,,,,False,13407.1,1.04125,5.10513,3435.27,-13407.1,106.163,0.0329822,1669.65,-27093.8,SW1,133.83,onset,ADC域,med_w0.03,causal_median,display,True,0,133.83
52.8433,25248,25195.2,25248,t_on+4.6~5.4s中位(=08-v6.1 P 口径),60.6632,t0+60s后中位,11.6366,11.6366,11.6366,99.9835,99.9835,99.9835,111.606,,,2.41,True,17122.1,0.975688,10.8936,6269.96,-17122.1,111.637,0.0164799,2931.87,-25191,SW1,185.97,onset,ADC域,med_w0.03,causal_median,display,True,0,185.97
5760.84,11857,6096.16,11857,t_on+4.6~5.4s中位(=08-v6.1 P 口径),22086.1,后1/3段中位(不足60s),204.474,-8.54387,204.474,175.126,106.897,175.126,36.6771,,,,False,8012.71,0.872515,-39.7187,3157.09,-8012.71,304.474,-75.1256,12465,-10675.9,SW1,217.74,restep,ADC域,med_w0.03,causal_median,display,True,0,217.74
12122.3,19875.9,7753.67,19875.9,t_on+4.6~5.4s中位(=08-v6.1 P 口径),22086.1,后1/3段中位(不足60s),57.3419,-26.0894,57.3419,256.343,241.11,256.343,28.8366,,,,False,18279.5,0.776602,-146.218,18279.5,-8012.71,157.342,-156.343,4446.1,-19875.9,SW1,230.64,restep,ADC域,med_w0.03,causal_median,display,True,0,230.64
5210.44,20245.8,15035.4,20245.8,t_on+4.6~5.4s中位(=08-v6.1 P 口径),22086.1,后1/3段中位(不足60s),27.1107,-15.9144,27.1107,134.654,125.307,134.654,14.8709,,,,False,18279.5,0.510422,8.94407,18279.5,-8012.71,127.111,-34.6545,4076.2,-20245.8,SW1,233.05,onset,ADC域,med_w0.03,causal_median,display,True,0,233.05
20414.6,25671.8,5257.15,25671.8,t_on+4.6~5.4s中位(=08-v6.1 P 口径),22086.1,后1/3段中位(不足60s),-25.6746,-25.6746,-25.6746,488.321,145.708,488.321,42.5306,,,,False,18279.5,0.877235,-4.39895,18279.5,-4131.23,74.3254,-388.321,-1349.75,-25671.8,SW1,240.72,restep,ADC域,med_w0.03,causal_median,display,True,0,240.72
62,14458.3,14396.3,14458.3,t_on+4.6~5.4s中位(=08-v6.1 P 口径),24133.2,后1/3段中位(不足60s),57.7266,12.8176,57.7266,100.425,65.9697,100.425,-9.47738,,,,False,10600.6,0.764981,-28.4571,10600.6,-7804.63,157.727,-0.424947,8310.52,-14457.5,SW2,11.79,onset,ADC域,med_w0.03,causal_median,display,True,0,11.79
13424.9,14858.2,1433.25,14852.5,t_on+4.6~5.4s中位(=08-v6.1 P 口径),24133.2,后1/3段中位(不足60s),559.162,101.247,559.162,1036.22,-5.20253,1036.22,-88.3713,,,,False,10600.6,1.04035,-100,10600.6,-7804.63,658.766,-936.619,8014.19,-14851.7,SW2,13.7,restep,ADC域,med_w0.03,causal_median,display,True,0,13.7
14922.6,15402.5,479.895,15402.8,t_on+4.6~5.4s中位(=08-v6.1 P 口径),24133.2,后1/3段中位(不足60s),1685.07,187.717,1685.07,3209.43,99.1279,3209.43,-134.182,,,,False,10600.6,0.990165,-100,10600.6,-7804.63,1785.12,-3109.38,8086.56,-15401.9,SW2,14.86,restep,ADC域,med_w0.03,causal_median,display,True,0,14.86
16009.1,17425.7,1416.62,17425.7,t_on+4.6~5.4s中位(=08-v6.1 P 口径),24133.2,后1/3段中位(不足60s),669.287,-17.6863,669.287,1230.03,1230.03,1230.03,195.798,,,,False,16578.6,1.07895,-971.617,10600.6,-16578.6,769.287,-1130.03,9481.27,-17424.9,SW2,31.22,restep,ADC域,med_w0.03,causal_median,display,True,0,31.22
37.3925,21643.5,21606.1,21639.1,t_on+4.6~5.4s中位(=08-v6.1 P 口径),24133.2,后1/3段中位(不足60s),26.0327,4.93151,26.0327,100.042,86.8888,100.042,14.489,,,,False,16578.6,0.822092,-8.67087,6413.62,-16578.6,126.013,-0.0619851,5624.65,-21615.1,SW2,35.96,onset,ADC域,med_w0.03,causal_median,display,True,0,35.96
38,25209.3,25171.3,25209.3,t_on+4.6~5.4s中位(=08-v6.1 P 口径),24133.2,后1/3段中位(不足60s),8.59145,7.1642,8.59145,97.4025,97.4025,97.4025,12.8664,,,,False,16578.6,1.05835,3.9961,3650.25,-16578.6,108.591,2.59746,2162.58,-24517.5,SW2,57.3,onset,ADC域,med_w0.03,causal_median,display,True,0,57.3
69.5794,17701.9,17632.3,17701.9,t_on+4.6~5.4s中位(=08-v6.1 P 口径),27305,后1/3段中位(不足60s),59.1822,-12.4197,59.1822,100.395,69.194,100.395,4.71853,,,,False,20979.5,0.990541,-43.6536,20979.5,-5459.08,159.182,-0.394614,10435.2,-17701.9,SW3,10.92,onset,ADC域,med_w0.03,causal_median,display,True,0,10.92
18559.6,25621.5,7061.97,25621.5,t_on+4.6~5.4s中位(=08-v6.1 P 口径),27305,后1/3段中位(不足60s),38.1025,-58.2269,38.1025,362.81,136.151,362.81,14.2636,,,,False,20979.5,1.9514,-26.2243,20979.5,-5459.08,138.103,-262.81,2690.79,-25621.5,SW3,20.72,restep,ADC域,med_w0.03,causal_median,display,True,0,20.72
55.4942,26638.1,26582.6,26638.1,t_on+4.6~5.4s中位(=08-v6.1 P 口径),27305,后1/3段中位(不足60s),6.53568,5.63884,6.53568,100.028,85.9463,100.028,4.02665,,,,False,28259,1.02489,-8.83175,28259,-4249.15,106.536,-0.0281922,1737.35,-26590.1,SW3,39.08,onset,ADC域,med_w0.03,causal_median,display,True,0,39.08
27714.7,53,-27661.7,53,段末帧(退化),27305,后1/3段中位(不足60s),0.0180755,0.0180755,0.0180755,102.254,102.254,102.254,98.5371,,,,False,28259,1.01882,2.25493,28259,-2,2.25444,-100.018,28285.3,-5,SW3,60.78,restep,ADC域,med_w0.03,causal_median,display,True,0,60.78
84,15448.2,15364.2,15448.2,t_on+4.6~5.4s中位(=08-v6.1 P 口径),24171.5,t0+60s后中位,51.8794,-3.33211,51.8794,69.5875,69.5875,69.5875,-4.89797,,,,False,4661.36,0.975486,-33.8579,1742.25,-4661.36,151.879,30.4125,7970.84,-10691.5,SW4,8.41,onset,ADC域,med_w0.03,causal_median,display,True,0,8.41
16085.4,22496.9,6411.47,22496.9,t_on+4.6~5.4s中位(=08-v6.1 P 口径),27884.7,t0+60s后中位,14.3823,-18.5891,14.3823,117.038,117.038,117.038,-69.6523,,,,False,4661.36,0.944194,-1.55071,196.211,-4661.36,114.382,-17.0384,922.117,-7503.88,SW4,18.68,restep,ADC域,med_w0.03,causal_median,display,True,0,18.68
22912.5,24098.4,1185.96,24095.9,t_on+4.6~5.4s中位(=08-v6.1 P 口径),28247.1,t0+60s后中位,-57.0749,-57.0749,-57.0749,627.686,627.686,627.686,-407.105,,,,False,4661.36,0.446423,-113.013,196.211,-4661.36,42.7105,-527.901,-676.883,-7444.08,SW4,26.57,restep,ADC域,med_w0.03,causal_median,display,True,0,26.57
19465.9,24135.1,4669.26,24133.3,t_on+4.6~5.4s中位(=08-v6.1 P 口径),28278.7,t0+60s后中位,-15.2977,-15.2977,-15.2977,134.481,134.481,134.481,-104.078,,,,False,4661.36,0.649299,6.11069,196.211,-4661.36,84.6627,-34.5201,-714.289,-6279.24,SW4,27.6,restep,ADC域,med_w0.03,causal_median,display,True,0,27.6
20983.1,24429.9,3446.83,24429.7,t_on+4.6~5.4s中位(=08-v6.1 P 口径),27976.3,后1/3段中位(不足60s),155.786,-73.0262,155.786,708.757,118.236,708.757,52.8907,,,,False,11588.8,0.901262,-88.0835,11588.8,-5074.62,255.779,-608.764,5369.67,-24429.7,SW4,61.37,restep,ADC域,med_w0.03,causal_median,display,True,0,61.37
75,27895.9,27820.9,27895.9,t_on+4.6~5.4s中位(=08-v6.1 P 口径),27976.3,后1/3段中位(不足60s),23.0749,6.84175,23.0749,100.056,40.2977,100.056,22.786,,,,False,23050,1.14703,-52.9134,23050,-5074.62,123.075,-0.0562216,6419.64,-27836.6,SW4,88,onset,ADC域,med_w0.03,causal_median,display,True,0,88
28337.8,30791.3,2453.48,30791.3,t_on+4.6~5.4s中位(=08-v6.1 P 口径),27976.3,后1/3段中位(不足60s),143.644,120.796,143.644,1252.59,13.5586,1252.59,258.379,,,,False,23050,1.04402,-78.4947,23050,-19.5022,243.644,-1152.59,3524.28,-30731.9,SW4,99.36,restep,ADC域,med_w0.03,causal_median,display,True,0,99.36
29453,32163.4,2710.38,32155.5,t_on+4.6~5.4s中位(=08-v6.1 P 口径),27976.3,后1/3段中位(不足60s),79.6961,79.6961,79.6961,1184.19,-16.2393,1184.19,233.888,,,,False,23050,1.08397,-42.6978,23050,-19.5022,179.405,-1084.49,2160.06,-32096.1,SW4,104.24,restep,ADC域,med_w0.03,causal_median,display,True,0,104.24
0.549442,14.7073,14.1578,14.7057,t_on+4.6~5.4s中位(=08-v6.1 P 口径),1.16117,t0+60s后中位,4.69536,-1.4538,4.69536,91.7284,91.7284,91.7284,100.363,0.52,0.52,0.52,False,6.39427,1.01947,-10.0373,1.63966,-6.39427,104.684,8.26027,0.664762,-12.9868,RT1,8.27,onset,显示域,med_w0.05,causal_median,display,True,0,8.27
14.6375,15.8381,1.20052,15.8268,t_on+4.6~5.4s中位(=08-v6.1 P 口径),1.11186,t0+60s后中位,-38.0131,-38.0131,-38.0131,120.775,115.245,120.775,1187.7,,,,False,2.55577,-0.0233038,-78.3446,0.472773,-2.55577,61.0501,-21.7114,-0.456354,-1.44992,RT1,13.6,restep,显示域,med_w0.05,causal_median,display,True,0,13.6
0.290396,16.726,16.4356,16.726,t_on+4.6~5.4s中位(=08-v6.1 P 口径),19.7617,t0+60s后中位,-1.01987,-2.70522,-1.01987,100.048,100.048,100.048,-19.4903,0.57,0.57,0.57,False,6.91115,0.963371,-2.74563,2.20086,-6.91115,98.9801,-0.0481026,-0.167622,-16.4435,RT2,12.32,onset,显示域,med_w0.05,causal_median,display,True,0,12.32
20.8432,22.0158,1.1726,22.0168,t_on+4.6~5.4s中位(=08-v6.1 P 口径),0.329168,t0+60s后中位,-429.917,-429.917,-429.917,1877.61,739.257,1877.61,1419.62,,,,False,12.2917,0.760698,-51.7135,12.2917,-7.0111,-329.838,-1777.53,-5.04118,-22.0168,RT2,147.11,restep,显示域,med_w0.05,causal_median,display,True,0,147.11
0.043,16.5567,16.5137,16.5389,t_on+4.6~5.4s中位(=08-v6.1 P 口径),20.5361,t0+60s后中位,12.7611,5.246,12.7611,99.8925,99.8925,99.8925,-11.4442,,,,False,12.8192,1.01228,4.83682,2.32159,-12.8192,112.654,0,2.10733,-16.4959,RT3,10.59,onset,显示域,med_w0.05,causal_median,display,True,0,10.59
0,15.2813,15.2813,15.2813,t_on+4.6~5.4s中位(=08-v6.1 P 口径),17.8094,t0+60s后中位,12.9315,4.87839,12.9315,100,100,100,-3.61286,,,,False,12.9038,1.01282,4.44779,2.17958,-12.9038,112.931,0,1.97609,-15.2813,LT1,11.69,onset,显示域,med_w0.05,causal_median,display,True,0,11.69
0,16.1212,16.1212,16.1212,t_on+4.6~5.4s中位(=08-v6.1 P 口径),18.002,t0+60s后中位,4.37545,4.37545,4.37545,94.6096,94.6096,94.6096,-7.29145,1.64,1.64,1.64,False,13.6258,1.41962,-1.50151,2.3726,-13.6258,104.375,5.39043,0.705373,-15.2522,LT2,14.92,onset,显示域,med_w0.05,causal_median,display,True,0,14.92
0,17.5144,17.5144,17.5144,t_on+4.6~5.4s中位(=08-v6.1 P 口径),18.8563,t0+60s后中位,5.90778,3.3917,5.90778,100,100,100,-1.75397,,,77.76,True,13.054,1.47083,3.1394,2.42463,-13.054,105.908,0,1.03471,-17.5144,LT3,10.87,onset,显示域,med_w0.05,causal_median,display,True,0,10.87
0.064,13.3829,13.3189,13.3829,t_on+4.6~5.4s中位(=08-v6.1 P 口径),0.101758,t0+60s后中位,1.25453,-0.739516,1.25453,99.8962,99.8962,99.8962,100.971,0.52,0.52,0.52,False,9.75065,1.25039,-1.20599,1.79557,-9.75065,101.255,0.103813,0.167089,-13.3051,F41,10.94,onset,显示域,med_w0.05,causal_median,display,True,0,10.94
10.8737,13.5564,2.68271,13.5564,t_on+4.6~5.4s中位(=08-v6.1 P 口径),0.082,t0+60s后中位,-0.238247,-6.11195,-0.238247,14.9566,11.9386,14.9566,502.029,,,,False,2.12855,0.0202841,-100,1.26791,-2.12855,99.7618,85.0434,-0.00639147,-0.401242,F41,12.19,restep,显示域,med_w0.05,causal_median,display,True,0,12.19
0.063,14.7479,14.6849,14.7479,t_on+4.6~5.4s中位(=08-v6.1 P 口径),9.57269,t0+60s后中位,-1.62756,-2.12292,-1.62756,100.007,100.007,100.007,33.6143,0.54,0.54,0.54,False,6.34194,0.968498,-2.35816,2.04476,-6.34194,98.3724,-0.0068097,-0.239007,-14.6859,F42,11.03,onset,显示域,med_w0.05,causal_median,display,True,0,11.03
0.068,15.3126,15.2446,15.3126,t_on+4.6~5.4s中位(=08-v6.1 P 口径),16.9838,t0+60s后中位,5.91351,3.24046,5.91351,99.5584,99.5584,99.5584,-5.0494,32.92,32.92,32.92,False,7.13597,1.22763,2.34585,2.19436,-7.13597,105.914,0.441608,0.901489,-15.1773,F43,11,onset,显示域,med_w0.05,causal_median,display,True,0,11
76,4241.75,4165.75,4241.75,t_on+4.6~5.4s中位(=08-v6.1 P 口径),22201.8,t0+60s后中位,171.141,0.669672,171.141,81.1042,81.1042,81.1042,-259.995,,,3.4,True,2994.92,0.978196,-22.7331,824.311,-2994.92,271.141,18.8958,7129.31,-3378.6,SW1,10.84,onset,ADC域,med_w0.05,causal_median,display,True,0,10.84
4811.46,11606.1,6794.66,11606.1,t_on+4.6~5.4s中位(=08-v6.1 P 口径),25339.1,t0+60s后中位,-3.45938,-3.45938,-3.45938,33.4054,33.4054,33.4054,-205.574,,,,False,1109.6,1.2818,-111.735,824.311,-1109.6,96.5406,66.5946,-235.053,-2269.78,SW1,28.63,onset,ADC域,med_w0.05,causal_median,display,True,0,28.63
12297.8,16207.4,3909.6,16202.1,t_on+4.6~5.4s中位(=08-v6.1 P 口径),25571.5,t0+60s后中位,3.68458,-28.2347,3.68458,310.211,310.211,310.211,-235.965,,,,False,6577.37,0.465823,-287.993,2656,-6577.37,103.551,-210.345,144.052,-12128,SW1,71.67,restep,ADC域,med_w0.05,causal_median,display,True,0,71.67
5447.1,18092.5,12645.4,18092.5,t_on+4.6~5.4s中位(=08-v6.1 P 口径),25607.5,t0+60s后中位,-13.8101,-13.8101,-13.8101,109.017,109.017,109.017,-73.2385,,,,False,6577.37,0.727747,-56.5225,2656,-6577.37,86.1899,-9.01651,-1746.35,-13785.6,SW1,75.89,onset,ADC域,med_w0.05,causal_median,display,True,0,75.89
19384.4,25851.7,6467.25,25850.6,t_on+4.6~5.4s中位(=08-v6.1 P 口径),22087.3,t0+60s后中位,41.8282,-72.7998,41.8282,399.715,181.647,399.715,100.018,,,,False,13407.1,0.881261,-5.55425,3425.59,-13407.1,141.811,-299.732,2705.13,-25850.6,SW1,110.45,restep,ADC域,med_w0.05,causal_median,display,True,0,110.45
61.0611,27163.2,27102.1,27163.8,t_on+4.6~5.4s中位(=08-v6.1 P 口径),20127.8,t0+60s后中位,6.15023,5.13591,6.15023,99.9692,99.9692,99.9692,32.1112,,,,False,13407.1,1.04125,5.10513,3425.59,-13407.1,106.152,0.0329822,1666.84,-27093.8,SW1,133.83,onset,ADC域,med_w0.05,causal_median,display,True,0,133.83
52.8433,25248,25195.2,25248,t_on+4.6~5.4s中位(=08-v6.1 P 口径),60.6632,t0+60s后中位,11.6117,11.6117,11.6117,99.9635,99.9635,99.9635,111.581,,,2.42,True,17969.2,0.975625,10.8736,6229.94,-17969.2,111.612,0.03648,2925.59,-25186,SW1,185.97,onset,ADC域,med_w0.05,causal_median,display,True,0,185.97
5760.84,11857,6096.16,11857,t_on+4.6~5.4s中位(=08-v6.1 P 口径),22086.1,后1/3段中位(不足60s),196.568,-8.59749,196.568,170.101,107.207,170.101,28.7717,,,,False,8850.28,0.87383,-39.5085,3504.66,-8850.28,296.568,-70.1012,11983.1,-10369.6,SW1,217.74,restep,ADC域,med_w0.05,causal_median,display,True,0,217.74
12122.3,19875.9,7753.67,19875.9,t_on+4.6~5.4s中位(=08-v6.1 P 口径),22086.1,后1/3段中位(不足60s),51.1264,-26.0894,51.1264,256.343,237.16,256.343,22.6212,,,,False,19678.2,0.776602,-146.218,19678.2,-8850.28,151.126,-156.343,3964.17,-19875.9,SW1,230.64,restep,ADC域,med_w0.05,causal_median,display,True,0,230.64
5210.44,20245.8,15035.4,20245.8,t_on+4.6~5.4s中位(=08-v6.1 P 口径),22086.1,后1/3段中位(不足60s),23.9054,-15.9144,23.9054,134.654,124.762,134.654,11.6656,,,,False,19678.2,0.541559,8.23522,19678.2,-8850.28,123.905,-34.6545,3594.27,-20245.8,SW1,233.05,onset,ADC域,med_w0.05,causal_median,display,True,0,233.05
20414.6,25671.8,5257.15,25671.8,t_on+4.6~5.4s中位(=08-v6.1 P 口径),22086.1,后1/3段中位(不足60s),-34.8416,-34.8416,-34.8416,488.321,145.708,488.321,33.3635,,,,False,19678.2,0.877235,-4.39895,19678.2,-4191.91,65.1584,-388.321,-1831.68,-25671.8,SW1,240.72,restep,ADC域,med_w0.05,causal_median,display,True,0,240.72
62,14458.3,14396.3,14458.3,t_on+4.6~5.4s中位(=08-v6.1 P 口径),24133.2,后1/3段中位(不足60s),57.7062,12.7896,57.7062,100.424,76.5518,100.424,-9.49786,,,,False,12326.5,0.528816,-17.8749,12326.5,-8418.31,157.706,-0.424054,8307.57,-14457.4,SW2,11.79,onset,ADC域,med_w0.05,causal_median,display,True,0,11.79
13424.9,14858.2,1433.25,14852.5,t_on+4.6~5.4s中位(=08-v6.1 P 口径),24133.2,后1/3段中位(不足60s),557.239,100.965,557.239,1036.21,-14.2884,1036.21,-90.2948,,,,False,12326.5,1.04035,-100,12326.5,-8418.31,656.843,-936.61,7986.62,-14851.5,SW2,13.7,restep,ADC域,med_w0.05,causal_median,display,True,0,13.7
14922.6,15402.5,479.895,15402.8,t_on+4.6~5.4s中位(=08-v6.1 P 口径),24133.2,后1/3段中位(不足60s),1684.32,186.875,1684.32,3209.41,71.9923,3209.41,-134.924,,,,False,12326.5,0.990165,-100,12326.5,-8418.31,1784.38,-3109.36,8083,-15401.8,SW2,14.86,restep,ADC域,med_w0.05,causal_median,display,True,0,14.86
16009.1,17425.7,1416.62,17425.7,t_on+4.6~5.4s中位(=08-v6.1 P 口径),24133.2,后1/3段中位(不足60s),669.185,-22.0321,669.185,1230.02,1230.02,1230.02,195.695,,,,False,16859.7,1.23721,-1093.48,12326.5,-16859.7,769.185,-1130.02,9479.81,-17424.7,SW2,31.22,restep,ADC域,med_w0.05,causal_median,display,True,0,31.22
37.3925,21643.5,21606.1,21639.1,t_on+4.6~5.4s中位(=08-v6.1 P 口径),24133.2,后1/3段中位(不足60s),26.0224,4.89577,26.0224,100.042,89.7291,100.042,14.4787,,,,False,16859.7,0.643642,-5.83059,11311,-16859.7,126.002,-0.0619851,5622.43,-21615.1,SW2,35.96,onset,ADC域,med_w0.05,causal_median,display,True,0,35.96
38,25209.3,25171.3,25209.3,t_on+4.6~5.4s中位(=08-v6.1 P 口径),24133.2,后1/3段中位(不足60s),8.5804,6.73858,8.5804,97.6461,97.6461,97.6461,12.8554,,,,False,16859.7,1.06075,4.23963,3588.68,-16859.7,108.58,2.35392,2159.8,-24578.8,SW2,57.3,onset,ADC域,med_w0.05,causal_median,display,True,0,57.3
69.5794,17701.9,17632.3,17701.9,t_on+4.6~5.4s中位(=08-v6.1 P 口径),27305,后1/3段中位(不足60s),59.1382,-12.46,59.1382,100.395,69.7581,100.395,4.67459,,,,False,20979.4,0.972633,-43.0896,20979.4,-5500.03,159.138,-0.394614,10427.4,-17701.9,SW3,10.92,onset,ADC域,med_w0.05,causal_median,display,True,0,10.92
18559.6,25621.5,7061.97,25621.5,t_on+4.6~5.4s中位(=08-v6.1 P 口径),27305,后1/3段中位(不足60s),38.0984,-58.7742,38.0984,362.81,138.064,362.81,14.2595,,,,False,20979.4,1.97333,-24.6032,20979.4,-5500.03,138.098,-262.81,2690.5,-25621.5,SW3,20.72,restep,ADC域,med_w0.05,causal_median,display,True,0,20.72
55.4942,26638.1,26582.6,26638.1,t_on+4.6~5.4s中位(=08-v6.1 P 口径),27305,后1/3段中位(不足60s),6.52646,5.6097,6.52646,100.028,85.9799,100.028,4.01742,,,,False,28292.5,1.02533,-8.79812,28292.5,-5073.22,106.526,-0.0281922,1734.9,-26590.1,SW3,39.08,onset,ADC域,med_w0.05,causal_median,display,True,0,39.08
27714.7,53,-27661.7,53,段末帧(退化),27305,后1/3段中位(不足60s),0.0180755,0.0180755,0.0180755,102.276,102.276,102.276,98.5371,,,,False,28292.5,1.01901,2.27651,28292.5,-2,2.27646,-100.018,28291.4,-5,SW3,60.78,restep,ADC域,med_w0.05,causal_median,display,True,0,60.78
84,15448.2,15364.2,15448.2,t_on+4.6~5.4s中位(=08-v6.1 P 口径),24171.5,t0+60s后中位,51.8384,-3.36292,51.8384,73.6308,73.6308,73.6308,-4.93891,,,,False,5139.8,1.00886,-29.8146,1732.86,-5139.8,151.838,26.3692,7964.55,-11312.8,SW4,8.41,onset,ADC域,med_w0.05,causal_median,display,True,0,8.41
16085.4,22496.9,6411.47,22496.9,t_on+4.6~5.4s中位(=08-v6.1 P 口径),27884.7,t0+60s后中位,14.2842,-18.5891,14.2842,117.038,117.038,117.038,-69.7504,,,,False,4655.83,0.944208,-1.55071,229.7,-4655.83,114.284,-17.0384,915.827,-7503.88,SW4,18.68,restep,ADC域,med_w0.05,causal_median,display,True,0,18.68
22912.5,24098.4,1185.96,24095.9,t_on+4.6~5.4s中位(=08-v6.1 P 口径),28247.1,t0+60s后中位,-57.6052,-57.6052,-57.6052,620.367,620.367,620.367,-407.635,,,,False,4655.83,0.584399,-113.013,229.7,-4655.83,42.1801,-520.581,-683.173,-7357.28,SW4,26.57,restep,ADC域,med_w0.05,causal_median,display,True,0,26.57
19465.9,24135.1,4669.26,24133.3,t_on+4.6~5.4s中位(=08-v6.1 P 口径),28278.7,t0+60s后中位,-15.4324,-15.4324,-15.4324,134.481,134.481,134.481,-104.212,,,,False,4655.83,0.650218,6.11069,229.7,-4655.83,84.5279,-34.5201,-720.579,-6279.24,SW4,27.6,restep,ADC域,med_w0.05,causal_median,display,True,0,27.6
20983.1,24429.9,3446.83,24429.7,t_on+4.6~5.4s中位(=08-v6.1 P 口径),27976.3,后1/3段中位(不足60s),155.777,-73.0681,155.777,708.757,117.256,708.757,52.8817,,,,False,14107,0.901811,-88.0835,14107,-5611.6,255.77,-608.764,5369.36,-24429.7,SW4,61.37,restep,ADC域,med_w0.05,causal_median,display,True,0,61.37
75,27895.9,27820.9,27895.9,t_on+4.6~5.4s中位(=08-v6.1 P 口径),27976.3,后1/3段中位(不足60s),22.8939,6.84063,22.8939,100.055,42.2278,100.055,22.605,,,,False,23126.2,1.18309,-50.9833,23126.2,-5611.6,122.894,-0.0554737,6369.29,-27836.4,SW4,88,onset,ADC域,med_w0.05,causal_median,display,True,0,88
28337.8,30791.3,2453.48,30791.3,t_on+4.6~5.4s中位(=08-v6.1 P 口径),27976.3,后1/3段中位(不足60s),141.592,120.782,141.592,1252.58,12.4831,1252.58,256.326,,,,False,23126.2,1.04362,-79.2569,23126.2,-19.2193,241.592,-1152.58,3473.93,-30731.7,SW4,99.36,restep,ADC域,med_w0.05,causal_median,display,True,0,99.36
29453,32163.4,2710.38,32155.5,t_on+4.6~5.4s中位(=08-v6.1 P 口径),27976.3,后1/3段中位(不足60s),77.8384,77.8384,77.8384,1184.19,-16.3146,1184.19,232.031,,,,False,23126.2,1.08397,-42.6978,23126.2,-19.2193,177.547,-1084.48,2109.72,-32095.9,SW4,104.24,restep,ADC域,med_w0.05,causal_median,display,True,0,104.24
0.549442,14.7073,14.1578,14.7057,t_on+4.6~5.4s中位(=08-v6.1 P 口径),1.16117,t0+60s后中位,4.33717,-1.76579,4.33717,97.4285,97.4285,97.4285,100.005,0.55,0.55,0.55,False,7.69686,1.08392,-4.33731,1.5596,-7.69686,104.326,2.56023,0.614049,-13.7938,RT1,8.27,onset,显示域,med_w0.1,causal_median,display,True,0,8.27
14.6375,15.8381,1.20052,15.8268,t_on+4.6~5.4s中位(=08-v6.1 P 口径),1.11186,t0+60s后中位,-42.2373,-42.2373,-42.2373,120.484,114.995,120.484,1183.48,,,,False,2.56119,0.00979934,-73.9826,0.428375,-2.56119,56.8259,-21.4206,-0.507066,-1.44643,RT1,13.6,restep,显示域,med_w0.1,causal_median,display,True,0,13.6
0.290396,16.726,16.4356,16.726,t_on+4.6~5.4s中位(=08-v6.1 P 口径),19.7617,t0+60s后中位,-1.0633,-2.72541,-1.0633,100.026,100.026,100.026,-19.5338,0.6,0.6,0.6,False,10.2955,0.963108,-2.76753,2.20097,-10.2955,98.9367,-0.0262106,-0.174759,-16.4399,RT2,12.32,onset,显示域,med_w0.1,causal_median,display,True,0,12.32
20.8432,22.0158,1.1726,22.0168,t_on+4.6~5.4s中位(=08-v6.1 P 口径),0.329168,t0+60s后中位,-431.488,-431.488,-431.488,1877.61,620.073,1877.61,1418.05,,,,False,15.589,0.760377,-51.3511,15.589,-6.75938,-331.409,-1777.53,-5.05961,-22.0168,RT2,147.11,restep,显示域,med_w0.1,causal_median,display,True,0,147.11
0.043,16.5567,16.5137,16.5389,t_on+4.6~5.4s中位(=08-v6.1 P 口径),20.5361,t0+60s后中位,12.6668,5.19711,12.6668,99.8683,99.8683,99.8683,-11.5385,,,,False,12.9081,1.01244,4.8126,2.32032,-12.9081,112.559,0.0242224,2.09176,-16.4919,RT3,10.59,onset,显示域,med_w0.1,causal_median,display,True,0,10.59
0,15.2813,15.2813,15.2813,t_on+4.6~5.4s中位(=08-v6.1 P 口径),17.8094,t0+60s后中位,12.8415,4.83507,12.8415,100,100,100,-3.70288,,,,False,12.9038,1.01265,4.44779,2.16576,-12.9038,112.841,0,1.96234,-15.2813,LT1,11.69,onset,显示域,med_w0.1,causal_median,display,True,0,11.69
0,16.1212,16.1212,16.1212,t_on+4.6~5.4s中位(=08-v6.1 P 口径),18.002,t0+60s后中位,4.31547,4.31547,4.31547,99.7361,99.7361,99.7361,-7.35143,1.68,1.68,1.68,False,14.1692,1.49502,3.62504,2.31999,-14.1692,104.315,0.263883,0.695703,-16.0786,LT2,14.92,onset,显示域,med_w0.1,causal_median,display,True,0,14.92
0,17.5144,17.5144,17.5144,t_on+4.6~5.4s中位(=08-v6.1 P 口径),18.8563,t0+60s后中位,5.90402,3.35867,5.90402,100,100,100,-1.75772,,,77.81,True,14.0291,1.47072,3.1394,2.41731,-14.0291,105.904,0,1.03405,-17.5144,LT3,10.87,onset,显示域,med_w0.1,causal_median,display,True,0,10.87
0.064,13.3829,13.3189,13.3829,t_on+4.6~5.4s中位(=08-v6.1 P 口径),0.101758,t0+60s后中位,1.0978,-0.780834,1.0978,99.9726,99.9726,99.9726,100.814,0.54,0.54,0.54,False,9.87341,1.25147,-1.12957,1.79007,-9.87341,101.098,0.0273863,0.146215,-13.3152,F41,10.94,onset,显示域,med_w0.1,causal_median,display,True,0,10.94
10.8737,13.5564,2.68271,13.5564,t_on+4.6~5.4s中位(=08-v6.1 P 口径),0.082,t0+60s后中位,-1.01635,-6.51961,-1.01635,14.8159,11.9386,14.8159,501.251,,,,False,2.13792,0.0244608,-100,1.26791,-2.13792,98.9837,85.1841,-0.0272657,-0.397468,F41,12.19,restep,显示域,med_w0.1,causal_median,display,True,0,12.19
0.063,14.7479,14.6849,14.7479,t_on+4.6~5.4s中位(=08-v6.1 P 口径),9.57269,t0+60s后中位,-1.66391,-2.15846,-1.66391,100.005,100.005,100.005,33.5779,0.56,0.56,0.56,False,8.98658,0.968408,-2.36002,1.9968,-8.98658,98.3361,-0.00495141,-0.244345,-14.6857,F42,11.03,onset,显示域,med_w0.1,causal_median,display,True,0,11.03
0.068,15.3126,15.2446,15.3126,t_on+4.6~5.4s中位(=08-v6.1 P 口径),16.9838,t0+60s后中位,5.8546,3.18385,5.8546,99.9934,99.9934,99.9934,-5.1083,32.84,32.84,32.84,False,10.321,1.2315,2.7809,2.18265,-10.321,105.855,0.00655971,0.892509,-15.2436,F43,11,onset,显示域,med_w0.1,causal_median,display,True,0,11
76,4241.75,4165.75,4241.75,t_on+4.6~5.4s中位(=08-v6.1 P 口径),22201.8,t0+60s后中位,166.784,0.514351,166.784,99.7951,99.7951,99.7951,-264.352,,,3.43,True,3589.67,1.05449,-4.04218,996.402,-3589.67,266.784,0.204884,6947.82,-4157.22,SW1,10.84,onset,ADC域,med_w0.1,causal_median,display,True,0,10.84
4811.46,11606.1,6794.66,11606.1,t_on+4.6~5.4s中位(=08-v6.1 P 口径),25339.1,t0+60s后中位,-6.13049,-6.62688,-6.13049,31.2807,31.2807,31.2807,-208.245,,,,False,2851.19,-4.98789,-83.0719,996.402,-2851.19,93.8695,68.7193,-416.546,-2125.42,SW1,28.63,onset,ADC域,med_w0.1,causal_median,display,True,0,28.63
12297.8,16207.4,3909.6,16202.1,t_on+4.6~5.4s中位(=08-v6.1 P 口径),25571.5,t0+60s后中位,-18.7477,-28.2347,-18.7477,307.47,307.47,307.47,-258.397,,,,False,7140.64,0.652541,-259.879,1023.9,-7140.64,81.1186,-207.603,-732.96,-12020.8,SW1,71.67,restep,ADC域,med_w0.1,causal_median,display,True,0,71.67
5447.1,18092.5,12645.4,18092.5,t_on+4.6~5.4s中位(=08-v6.1 P 口径),25607.5,t0+60s后中位,-20.7455,-20.7455,-20.7455,94.5357,94.5357,94.5357,-80.1739,,,,False,7140.64,1.14228,-34.287,883.656,-7140.64,79.2545,5.46435,-2623.36,-11954.5,SW1,75.89,onset,ADC域,med_w0.1,causal_median,display,True,0,75.89
19384.4,25851.7,6467.25,25850.6,t_on+4.6~5.4s中位(=08-v6.1 P 口径),22087.3,t0+60s后中位,41.8282,-72.909,41.8282,399.715,180.253,399.715,100.018,,,,False,14058.3,0.881263,-5.55112,5272.52,-14058.3,141.811,-299.732,2705.13,-25850.6,SW1,110.45,restep,ADC域,med_w0.1,causal_median,display,True,0,110.45
61.0611,27163.2,27102.1,27163.8,t_on+4.6~5.4s中位(=08-v6.1 P 口径),20127.8,t0+60s后中位,6.13239,5.13591,6.13239,99.9692,99.9692,99.9692,32.0933,,,,False,14058.3,1.04121,5.10513,3389.97,-14058.3,106.135,0.0329822,1662.01,-27093.8,SW1,133.83,onset,ADC域,med_w0.1,causal_median,display,True,0,133.83
52.8433,25248,25195.2,25248,t_on+4.6~5.4s中位(=08-v6.1 P 口径),60.6632,t0+60s后中位,11.5274,11.5274,11.5274,99.9471,99.9471,99.9471,111.496,,,2.45,True,19663.5,0.975176,10.8572,7594.67,-19663.5,111.527,0.0529062,2904.34,-25181.9,SW1,185.97,onset,ADC域,med_w0.1,causal_median,display,True,0,185.97
5760.84,11857,6096.16,11857,t_on+4.6~5.4s中位(=08-v6.1 P 口径),22086.1,后1/3段中位(不足60s),186.622,-23.0815,186.622,169.428,107.516,169.428,18.8257,,,,False,10517.2,0.875146,-39.5368,1274.45,-10517.2,286.622,-69.4275,11376.8,-10328.6,SW1,217.74,restep,ADC域,med_w0.1,causal_median,display,True,0,217.74
12122.3,19875.9,7753.67,19875.9,t_on+4.6~5.4s中位(=08-v6.1 P 口径),22086.1,后1/3段中位(不足60s),45.2946,-26.0894,45.2946,256.343,236.63,256.343,16.7894,,,,False,23173.2,0.877466,-157.445,23173.2,-10517.2,145.295,-156.343,3511.99,-19875.9,SW1,230.64,restep,ADC域,med_w0.1,causal_median,display,True,0,230.64
5210.44,20245.8,15035.4,20245.8,t_on+4.6~5.4s中位(=08-v6.1 P 口径),22086.1,后1/3段中位(不足60s),20.898,-15.9144,20.898,134.654,124.489,134.654,8.65818,,,,False,23173.2,0.557173,7.5087,23173.2,-10517.2,120.898,-34.6545,3142.09,-20245.8,SW1,233.05,onset,ADC域,med_w0.1,causal_median,display,True,0,233.05
20414.6,25671.8,5257.15,25671.8,t_on+4.6~5.4s中位(=08-v6.1 P 口径),22086.1,后1/3段中位(不足60s),-43.4428,-49.6013,-43.4428,488.321,145.722,488.321,24.7623,,,,False,23173.2,0.877198,-4.56436,23173.2,-4377.22,56.5572,-388.321,-2283.85,-25671.8,SW1,240.72,restep,ADC域,med_w0.1,causal_median,display,True,0,240.72
62,14458.3,14396.3,14458.3,t_on+4.6~5.4s中位(=08-v6.1 P 口径),24133.2,后1/3段中位(不足60s),57.6951,5.9553,57.6951,100.421,99.8813,100.421,-9.50888,,,,False,15694.6,0.00833528,5.45459,15694.6,-10821.8,157.695,-0.420581,8305.98,-14456.9,SW2,11.79,onset,ADC域,med_w0.1,causal_median,display,True,0,11.79
13424.9,14858.2,1433.25,14852.5,t_on+4.6~5.4s中位(=08-v6.1 P 口径),24133.2,后1/3段中位(不足60s),554.837,53.3004,554.837,1036.18,-22.0544,1036.18,-92.697,,,,False,15694.6,1.04035,-100,15694.6,-10436.4,654.441,-936.576,7952.19,-14851,SW2,13.7,restep,ADC域,med_w0.1,causal_median,display,True,0,13.7
14922.6,15402.5,479.895,15402.8,t_on+4.6~5.4s中位(=08-v6.1 P 口径),24133.2,后1/3段中位(不足60s),1681.95,138.01,1681.95,3209.3,48.7983,3209.3,-137.299,,,,False,15694.6,0.990165,-100,15694.6,-10436.4,1782,-3109.25,8071.6,-15401.3,SW2,14.86,restep,ADC域,med_w0.1,causal_median,display,True,0,14.86
16009.1,17425.7,1416.62,17425.7,t_on+4.6~5.4s中位(=08-v6.1 P 口径),24133.2,后1/3段中位(不足60s),668.857,-22.8096,668.857,1229.99,1229.99,1229.99,195.368,,,,False,22383.9,1.38673,-1210.3,22383.9,-17452.4,768.857,-1129.99,9475.17,-17424.2,SW2,31.22,restep,ADC域,med_w0.1,causal_median,display,True,0,31.22
37.3925,21643.5,21606.1,21639.1,t_on+4.6~5.4s中位(=08-v6.1 P 口径),24133.2,后1/3段中位(不足60s),26.0003,4.44033,26.0003,100.039,99.8946,100.039,14.4565,,,,False,22383.9,0.00486545,4.33497,22383.9,-17452.4,125.98,-0.059299,5617.64,-21614.5,SW2,35.96,onset,ADC域,med_w0.1,causal_median,display,True,0,35.96
38,25209.3,25171.3,25209.3,t_on+4.6~5.4s中位(=08-v6.1 P 口径),24133.2,后1/3段中位(不足60s),8.56382,6.72013,8.56382,100.001,100.001,100.001,12.8388,,,,False,17452.4,1.0843,6.59452,3460.54,-17452.4,108.564,-0.000965955,2155.63,-25171.6,SW2,57.3,onset,ADC域,med_w0.1,causal_median,display,True,0,57.3
69.5794,17701.9,17632.3,17701.9,t_on+4.6~5.4s中位(=08-v6.1 P 口径),27305,后1/3段中位(不足60s),59.0726,-12.5049,59.0726,100.395,80.1465,100.395,4.60895,,,,False,20976.7,0.642827,-32.7011,20976.7,-9595,159.073,-0.394614,10415.8,-17701.9,SW3,10.92,onset,ADC域,med_w0.1,causal_median,display,True,0,10.92
18559.6,25621.5,7061.97,25621.5,t_on+4.6~5.4s中位(=08-v6.1 P 口径),27305,后1/3段中位(不足60s),37.7461,-60.0661,37.7461,362.81,141.979,362.81,13.9072,,,,False,20976.7,2.01821,-21.142,20976.7,-9595,137.746,-262.81,2665.62,-25621.5,SW3,20.72,restep,ADC域,med_w0.1,causal_median,display,True,0,20.72
55.4942,26638.1,26582.6,26638.1,t_on+4.6~5.4s中位(=08-v6.1 P 口径),27305,后1/3段中位(不足60s),6.46377,5.56617,6.46377,100.028,100.009,100.028,3.95473,,,,False,28304.6,1.18153,5.23138,28304.6,-9595,106.464,-0.0281922,1718.24,-26590.1,SW3,39.08,onset,ADC域,med_w0.1,causal_median,display,True,0,39.08
27714.7,53,-27661.7,53,段末帧(退化),27305,后1/3段中位(不足60s),0.0180755,0.0180755,0.0180755,102.266,102.266,102.266,98.5371,,,,False,28304.6,1.01891,2.26834,28304.6,-2,2.26629,-100.018,28288.6,-5,SW3,60.78,restep,ADC域,med_w0.1,causal_median,display,True,0,60.78
84,15448.2,15364.2,15448.2,t_on+4.6~5.4s中位(=08-v6.1 P 口径),24171.5,t0+60s后中位,51.118,-3.39108,51.118,90.7855,90.7855,90.7855,-5.65932,,,,False,7374.51,1.15092,-12.6599,1699.49,-7374.51,151.118,9.21449,7853.86,-13948.4,SW4,8.41,onset,ADC域,med_w0.1,causal_median,display,True,0,8.41
16085.4,22496.9,6411.47,22496.9,t_on+4.6~5.4s中位(=08-v6.1 P 口径),27884.7,t0+60s后中位,12.5578,-18.5891,12.5578,117.287,117.287,117.287,-71.4768,,,,False,4662.41,0.943429,-1.30192,165.083,-4662.41,112.558,-17.2871,805.142,-7519.83,SW4,18.68,restep,ADC域,med_w0.1,causal_median,display,True,0,18.68
22912.5,24098.4,1185.96,24095.9,t_on+4.6~5.4s中位(=08-v6.1 P 口径),28247.1,t0+60s后中位,-66.9382,-66.9382,-66.9382,559.96,559.96,559.96,-416.968,,,,False,4662.41,0.353967,-152.13,165.083,-4662.41,32.8471,-460.174,-793.858,-6640.88,SW4,26.57,restep,ADC域,med_w0.1,causal_median,display,True,0,26.57
19465.9,24135.1,4669.26,24133.3,t_on+4.6~5.4s中位(=08-v6.1 P 口径),28278.7,t0+60s后中位,-17.8029,-17.8029,-17.8029,134.527,134.527,134.527,-106.583,,,,False,4662.41,0.651268,5.94574,165.083,-4662.41,82.1574,-34.5667,-831.265,-6281.41,SW4,27.6,restep,ADC域,med_w0.1,causal_median,display,True,0,27.6
20983.1,24429.9,3446.83,24429.7,t_on+4.6~5.4s中位(=08-v6.1 P 口径),27976.3,后1/3段中位(不足60s),155.754,-73.3907,155.754,708.757,101.631,708.757,52.8587,,,,False,20286.7,0.898812,-86.0956,20286.7,-9841.8,255.747,-608.764,5368.57,-24429.7,SW4,61.37,restep,ADC域,med_w0.1,causal_median,display,True,0,61.37
75,27895.9,27820.9,27895.9,t_on+4.6~5.4s中位(=08-v6.1 P 口径),27976.3,后1/3段中位(不足60s),22.8676,6.83779,22.8676,100.054,56.8395,100.054,22.5787,,,,False,23279.9,1.45677,-36.3715,23279.9,-9841.8,122.868,-0.053947,6361.98,-27835.9,SW4,88,onset,ADC域,med_w0.1,causal_median,display,True,0,88
28337.8,30791.3,2453.48,30791.3,t_on+4.6~5.4s中位(=08-v6.1 P 口径),27976.3,后1/3段中位(不足60s),141.294,116.737,141.294,1252.56,11.1725,1252.56,256.028,,,,False,23279.9,1.04019,-75.4341,23279.9,-18.9227,241.294,-1152.56,3466.62,-30731.3,SW4,99.36,restep,ADC域,med_w0.1,causal_median,display,True,0,99.36
29453,32163.4,2710.38,32155.5,t_on+4.6~5.4s中位(=08-v6.1 P 口径),27976.3,后1/3段中位(不足60s),77.5687,77.5687,77.5687,1184.17,-14.4454,1184.17,231.761,,,,False,23279.9,1.08113,-41.4253,23279.9,-18.9227,177.277,-1084.46,2102.4,-32095.5,SW4,104.24,restep,ADC域,med_w0.1,causal_median,display,True,0,104.24
0.549442,14.7073,14.1578,14.7057,t_on+4.6~5.4s中位(=08-v6.1 P 口径),1.16117,t0+60s后中位,2.74561,-1.76579,2.74561,100.515,100.515,100.515,98.4136,0.6,0.6,0.6,False,9.23635,1.1182,-1.25129,1.53459,-9.23635,102.734,-0.525785,0.38872,-14.2307,RT1,8.27,onset,显示域,med_w0.2,causal_median,display,True,0,8.27
14.6375,15.8381,1.20052,15.8268,t_on+4.6~5.4s中位(=08-v6.1 P 口径),1.11186,t0+60s后中位,-61.0066,-61.0066,-61.0066,119.695,114.845,119.695,1164.71,,,,False,2.56082,0.0126651,-73.7418,-0.270742,-2.56082,38.0565,-20.6319,-0.732396,-1.43696,RT1,13.6,restep,显示域,med_w0.2,causal_median,display,True,0,13.6
0.290396,16.726,16.4356,16.726,t_on+4.6~5.4s中位(=08-v6.1 P 口径),19.7617,t0+60s后中位,-1.0786,-2.73293,-1.0786,100.053,100.053,100.053,-19.5491,0.65,0.65,0.65,False,11.1604,0.963529,-2.741,2.19573,-11.1604,98.9214,-0.0527385,-0.177274,-16.4443,RT2,12.32,onset,显示域,med_w0.2,causal_median,display,True,0,12.32
20.8432,22.0158,1.1726,22.0168,t_on+4.6~5.4s中位(=08-v6.1 P 口径),0.329168,t0+60s后中位,-439.758,-439.758,-439.758,1877.61,601.33,1877.61,1409.78,,,,False,15.6568,0.760968,-66.0883,15.6568,-6.65742,-339.679,-1777.53,-5.15658,-22.0168,RT2,147.11,restep,显示域,med_w0.2,causal_median,display,True,0,147.11
0.043,16.5567,16.5137,16.5389,t_on+4.6~5.4s中位(=08-v6.1 P 口径),20.5361,t0+60s后中位,12.6133,5.09344,12.6133,99.8683,99.8683,99.8683,-11.592,,,,False,12.9082,1.01246,4.8126,2.28265,-12.9082,112.506,0.0242224,2.08291,-16.4919,RT3,10.59,onset,显示域,med_w0.2,causal_median,display,True,0,10.59
0,15.2813,15.2813,15.2813,t_on+4.6~5.4s中位(=08-v6.1 P 口径),17.8094,t0+60s后中位,12.7976,4.71204,12.7976,100,100,100,-3.74674,,,,False,12.9038,1.01231,4.44779,2.14254,-12.9038,112.798,0,1.95563,-15.2813,LT1,11.69,onset,显示域,med_w0.2,causal_median,display,True,0,11.69
0,16.1212,16.1212,16.1212,t_on+4.6~5.4s中位(=08-v6.1 P 口径),18.002,t0+60s后中位,4.17703,4.17703,4.17703,100,100,100,-7.48987,1.73,1.73,1.73,False,14.4948,1.49881,3.88892,2.27062,-14.4948,104.177,0,0.673385,-16.1212,LT2,14.92,onset,显示域,med_w0.2,causal_median,display,True,0,14.92
0,17.5144,17.5144,17.5144,t_on+4.6~5.4s中位(=08-v6.1 P 口径),18.8563,t0+60s后中位,5.88385,3.26886,5.88385,100,100,100,-1.7779,,,77.2,True,14.3751,1.47044,3.1394,2.33881,-14.3751,105.884,0,1.03052,-17.5144,LT3,10.87,onset,显示域,med_w0.2,causal_median,display,True,0,10.87
0.064,13.3829,13.3189,13.3829,t_on+4.6~5.4s中位(=08-v6.1 P 口径),0.101758,t0+60s后中位,0.954905,-0.88564,0.954905,100.008,100.008,100.008,100.671,0.59,0.59,0.59,False,10.441,1.25324,-1.09467,1.74045,-10.441,100.955,-0.00750814,0.127183,-13.3199,F41,10.94,onset,显示域,med_w0.2,causal_median,display,True,0,10.94
10.8737,13.5564,2.68271,13.5564,t_on+4.6~5.4s中位(=08-v6.1 P 口径),0.082,t0+60s后中位,-1.7258,-6.54784,-1.7258,14.6314,11.9386,14.6314,500.541,,,,False,2.12786,0.0274488,-100,1.26791,-2.12786,98.2742,85.3686,-0.0462983,-0.392519,F41,12.19,restep,显示域,med_w0.2,causal_median,display,True,0,12.19
0.063,14.7479,14.6849,14.7479,t_on+4.6~5.4s中位(=08-v6.1 P 口径),9.57269,t0+60s后中位,-1.69074,-2.25297,-1.69074,100.005,100.005,100.005,33.5511,0.62,0.62,0.62,False,9.92558,0.96848,-2.36002,1.93697,-9.92558,98.3093,-0.00495141,-0.248284,-14.6857,F42,11.03,onset,显示域,med_w0.2,causal_median,display,True,0,11.03
0.068,15.3126,15.2446,15.3126,t_on+4.6~5.4s中位(=08-v6.1 P 口径),16.9838,t0+60s后中位,5.8152,3.03543,5.8152,99.9934,99.9934,99.9934,-5.1477,23.67,23.67,23.67,False,11.377,1.23132,2.7809,2.13681,-11.377,105.815,0.00655971,0.886503,-15.2436,F43,11,onset,显示域,med_w0.2,causal_median,display,True,0,11
76,4241.75,4165.75,4241.75,t_on+4.6~5.4s中位(=08-v6.1 P 口径),22201.8,t0+60s后中位,166.746,0.270912,166.746,99.9478,99.9478,99.9478,-264.39,,,3.48,True,4419.81,1.05444,-3.88949,692.357,-4419.81,266.746,0.0521931,6946.22,-4163.58,SW1,10.84,onset,ADC域,med_w0.2,causal_median,display,True,0,10.84
4811.46,11606.1,6794.66,11606.1,t_on+4.6~5.4s中位(=08-v6.1 P 口径),25339.1,t0+60s后中位,-6.15396,-6.62688,-6.15396,45.027,45.027,45.027,-208.268,,,,False,3785.2,-8.09837,-65.2871,163.377,-3785.2,93.846,54.973,-418.14,-3059.43,SW1,28.63,onset,ADC域,med_w0.2,causal_median,display,True,0,28.63
12297.8,16207.4,3909.6,16202.1,t_on+4.6~5.4s中位(=08-v6.1 P 口径),25571.5,t0+60s后中位,-24.5549,-32.4119,-24.5549,306.334,306.334,306.334,-264.205,,,,False,8229.61,0.550522,-275.407,2347.56,-8229.61,75.3114,-206.467,-959.999,-11976.4,SW1,71.67,restep,ADC域,med_w0.2,causal_median,display,True,0,71.67
5447.1,18092.5,12645.4,18092.5,t_on+4.6~5.4s中位(=08-v6.1 P 口径),25607.5,t0+60s后中位,-22.5409,-22.5409,-22.5409,93.3014,93.3014,93.3014,-81.9693,,,,False,8229.61,1.17463,-32.5017,1245.25,-8229.61,77.4591,6.6986,-2850.4,-11798.4,SW1,75.89,onset,ADC域,med_w0.2,causal_median,display,True,0,75.89
19384.4,25851.7,6467.25,25850.6,t_on+4.6~5.4s中位(=08-v6.1 P 口径),22087.3,t0+60s后中位,41.8282,-72.9104,41.8282,399.715,168.467,399.715,100.018,,,,False,14063.8,0.881277,-6.57661,11050.6,-14063.8,141.811,-299.732,2705.13,-25850.6,SW1,110.45,restep,ADC域,med_w0.2,causal_median,display,True,0,110.45
61.0611,27163.2,27102.1,27163.8,t_on+4.6~5.4s中位(=08-v6.1 P 口径),20127.8,t0+60s后中位,6.11252,5.13591,6.11252,99.9692,99.9692,99.9692,32.0735,,,,False,14063.8,1.04124,5.10513,3310.64,-14063.8,106.115,0.0329822,1656.62,-27093.8,SW1,133.83,onset,ADC域,med_w0.2,causal_median,display,True,0,133.83
52.8433,25248,25195.2,25248,t_on+4.6~5.4s中位(=08-v6.1 P 口径),60.6632,t0+60s后中位,11.3549,11.3549,11.3549,99.9862,99.9862,99.9862,111.324,,,2.5,True,21996.9,0.976239,10.8964,10361.7,-21996.9,111.355,0.0137559,2860.88,-25191.7,SW1,185.97,onset,ADC域,med_w0.2,causal_median,display,True,0,185.97
5760.84,11857,6096.16,11857,t_on+4.6~5.4s中位(=08-v6.1 P 口径),22086.1,后1/3段中位(不足60s),186.574,-26.9,186.574,160.473,107.516,160.473,18.7774,,,,False,10518.1,0.875146,-39.6904,3167.53,-10518.1,286.574,-60.4734,11373.8,-9782.72,SW1,217.74,restep,ADC域,med_w0.2,causal_median,display,True,0,217.74
12122.3,19875.9,7753.67,19875.9,t_on+4.6~5.4s中位(=08-v6.1 P 口径),22086.1,后1/3段中位(不足60s),44.6757,-26.0894,44.6757,256.343,229.59,256.343,16.1704,,,,False,23239.9,1.11279,-183.595,23239.9,-10518.1,144.676,-156.343,3464,-19875.9,SW1,230.64,restep,ADC域,med_w0.2,causal_median,display,True,0,230.64
5210.44,20245.8,15035.4,20245.8,t_on+4.6~5.4s中位(=08-v6.1 P 口径),22086.1,后1/3段中位(不足60s),20.5788,-15.9144,20.5788,134.654,120.858,134.654,8.33897,,,,False,23239.9,1.15311,-4.05878,23239.9,-10518.1,120.579,-34.6545,3094.1,-20245.8,SW1,233.05,onset,ADC域,med_w0.2,causal_median,display,True,0,233.05
20414.6,25671.8,5257.15,25671.8,t_on+4.6~5.4s中位(=08-v6.1 P 口径),22086.1,后1/3段中位(不足60s),-44.3558,-50.1068,-44.3558,488.321,145.701,488.321,23.8494,,,,False,23239.9,0.877252,-4.84269,23239.9,-4787.46,55.6442,-388.321,-2331.85,-25671.8,SW1,240.72,restep,ADC域,med_w0.2,causal_median,display,True,0,240.72
62,14458.3,14396.3,14458.3,t_on+4.6~5.4s中位(=08-v6.1 P 口径),24133.2,后1/3段中位(不足60s),57.6702,5.82253,57.6702,100.404,99.9931,100.404,-9.53378,,,,False,15726.3,0.00580262,5.56633,15726.3,-12825.4,157.67,-0.40377,8302.4,-14454.5,SW2,11.79,onset,ADC域,med_w0.2,causal_median,display,True,0,11.79
13424.9,14858.2,1433.25,14852.5,t_on+4.6~5.4s中位(=08-v6.1 P 口径),24133.2,后1/3段中位(不足60s),554.782,52.8448,554.782,1036.01,-28.4808,1036.01,-92.7521,,,,False,15726.3,1.04035,-100,15726.3,-12825.4,654.386,-936.407,7951.4,-14848.6,SW2,13.7,restep,ADC域,med_w0.2,causal_median,display,True,0,13.7
14922.6,15402.5,479.895,15402.8,t_on+4.6~5.4s中位(=08-v6.1 P 口径),24133.2,后1/3段中位(不足60s),1678.38,137.096,1678.38,3208.8,29.6055,3208.8,-140.864,,,,False,15726.3,0.990193,-100,15726.3,-12825.4,1778.44,-3108.75,8054.49,-15398.9,SW2,14.86,restep,ADC域,med_w0.2,causal_median,display,True,0,14.86
16009.1,17425.7,1416.62,17425.7,t_on+4.6~5.4s中位(=08-v6.1 P 口径),24133.2,后1/3段中位(不足60s),668.276,-116.15,668.276,1229.81,1229.81,1229.81,194.786,,,,False,23497.6,1.3883,-1211.61,23497.6,-18700.4,768.276,-1129.81,9466.94,-17421.8,SW2,31.22,restep,ADC域,med_w0.2,causal_median,display,True,0,31.22
37.3925,21643.5,21606.1,21639.1,t_on+4.6~5.4s中位(=08-v6.1 P 口径),24133.2,后1/3段中位(不足60s),25.9686,4.44033,25.9686,100.023,99.9631,100.023,14.4249,,,,False,23497.6,0.0010012,4.40341,23497.6,-18700.4,125.948,-0.0434718,5610.8,-21611.1,SW2,35.96,onset,ADC域,med_w0.2,causal_median,display,True,0,35.96
38,25209.3,25171.3,25209.3,t_on+4.6~5.4s中位(=08-v6.1 P 口径),24133.2,后1/3段中位(不足60s),8.5519,6.68742,8.5519,100,100,100,12.8269,,,,False,18700.4,1.0844,6.59356,3335.55,-18700.4,108.552,0,2152.63,-25171.3,SW2,57.3,onset,ADC域,med_w0.2,causal_median,display,True,0,57.3
69.5794,17701.9,17632.3,17701.9,t_on+4.6~5.4s中位(=08-v6.1 P 口径),27305,后1/3段中位(不足60s),58.9084,-12.5975,58.9084,100.395,85.5843,100.395,4.44475,,,,False,20874,0.470191,-27.2634,20874,-12810.4,158.908,-0.394614,10386.9,-17701.9,SW3,10.92,onset,ADC域,med_w0.2,causal_median,display,True,0,10.92
18559.6,25621.5,7061.97,25621.5,t_on+4.6~5.4s中位(=08-v6.1 P 口径),27305,后1/3段中位(不足60s),37.7309,-60.7431,37.7309,362.81,142.194,362.81,13.892,,,,False,20874,2.02068,-25.0144,20874,-12810.4,137.731,-262.81,2664.54,-25621.5,SW3,20.72,restep,ADC域,med_w0.2,causal_median,display,True,0,20.72
55.4942,26638.1,26582.6,26638.1,t_on+4.6~5.4s中位(=08-v6.1 P 口径),27305,后1/3段中位(不足60s),6.42758,5.45725,6.42758,100.021,100.006,100.021,3.91854,,,,False,28275.8,1.18157,5.22762,28275.8,-12810.4,106.428,-0.0206685,1708.62,-26588.1,SW3,39.08,onset,ADC域,med_w0.2,causal_median,display,True,0,39.08
27714.7,53,-27661.7,53,段末帧(退化),27305,后1/3段中位(不足60s),0.0108453,0.0108453,0.0108453,102.259,102.259,102.259,98.5298,,,,False,28275.8,1.01885,2.26104,28275.8,-2.33185,2.25935,-100.011,28286.7,-3,SW3,60.78,restep,ADC域,med_w0.2,causal_median,display,True,0,60.78
84,15448.2,15364.2,15448.2,t_on+4.6~5.4s中位(=08-v6.1 P 口径),24171.5,t0+60s后中位,48.6808,-3.44539,48.6808,100.044,100.044,100.044,-8.0966,,,,False,9842.17,1.22771,-3.40175,1588.88,-9842.17,148.681,-0.0436437,7479.39,-15370.9,SW4,8.41,onset,ADC域,med_w0.2,causal_median,display,True,0,8.41
16085.4,22496.9,6411.47,22496.9,t_on+4.6~5.4s中位(=08-v6.1 P 口径),27884.7,t0+60s后中位,6.71724,-18.5891,6.71724,117.173,117.173,117.173,-77.3174,,,14.82,True,5240.21,0.942086,-1.41602,413.117,-5240.21,106.717,-17.173,430.674,-7512.51,SW4,18.68,restep,ADC域,med_w0.2,causal_median,display,True,0,18.68
22912.5,24098.4,1185.96,24095.9,t_on+4.6~5.4s中位(=08-v6.1 P 口径),28247.1,t0+60s后中位,-98.5134,-108.274,-98.5134,537.116,537.116,537.116,-448.544,,,,False,5240.21,0.374062,-156.454,413.117,-5240.21,1.27192,-437.331,-1168.33,-6369.96,SW4,26.57,restep,ADC域,med_w0.2,causal_median,display,True,0,26.57
19465.9,24135.1,4669.26,24133.3,t_on+4.6~5.4s中位(=08-v6.1 P 口径),28278.7,t0+60s后中位,-25.8228,-28.302,-25.8228,134.503,134.503,134.503,-114.603,,,,False,5240.21,0.651261,6.14934,-29.9543,-5240.21,74.1376,-34.5427,-1205.73,-6280.29,SW4,27.6,restep,ADC域,med_w0.2,causal_median,display,True,0,27.6
20983.1,24429.9,3446.83,24429.7,t_on+4.6~5.4s中位(=08-v6.1 P 口径),27976.3,后1/3段中位(不足60s),155.687,-73.593,155.687,708.757,108.383,708.757,52.7923,,,,False,21385.6,0.88326,-75.5095,21385.6,-14703.6,255.68,-608.764,5366.28,-24429.7,SW4,61.37,restep,ADC域,med_w0.2,causal_median,display,True,0,61.37
75,27895.9,27820.9,27895.9,t_on+4.6~5.4s中位(=08-v6.1 P 口径),27976.3,后1/3段中位(不足60s),22.6358,6.82956,22.6358,100.054,74.3343,100.054,22.3469,,,,False,25691.3,1.78438,-18.8768,25691.3,-14703.6,122.636,-0.0539163,6297.5,-27835.9,SW4,88,onset,ADC域,med_w0.2,causal_median,display,True,0,88
28337.8,30791.3,2453.48,30791.3,t_on+4.6~5.4s中位(=08-v6.1 P 口径),27976.3,后1/3段中位(不足60s),138.666,107.171,138.666,1252.56,4.62515,1252.56,253.4,,,,False,25691.3,1.03491,-77.7455,25691.3,-19.5359,238.666,-1152.56,3402.13,-30731.3,SW4,99.36,restep,ADC域,med_w0.2,causal_median,display,True,0,99.36
29453,32163.4,2710.38,32155.5,t_on+4.6~5.4s中位(=08-v6.1 P 口径),27976.3,后1/3段中位(不足60s),75.1895,75.1895,75.1895,1184.17,-14.4454,1184.17,229.382,,,,False,25691.3,1.08115,-39.7445,25691.3,-19.5359,174.898,-1084.46,2037.92,-32095.5,SW4,104.24,restep,ADC域,med_w0.2,causal_median,display,True,0,104.24
0.549442,14.7073,14.1578,14.7057,t_on+4.6~5.4s中位(=08-v6.1 P 口径),1.16117,t0+60s后中位,2.71942,-1.76579,2.71942,100.426,100.426,100.426,98.3874,0.65,0.65,0.65,False,10.3875,1.11719,-1.33932,1.46966,-10.3875,102.708,-0.437752,0.385011,-14.2182,RT1,8.27,onset,显示域,med_w0.3,causal_median,display,True,0,8.27
14.6375,15.8381,1.20052,15.8268,t_on+4.6~5.4s中位(=08-v6.1 P 口径),1.11186,t0+60s后中位,-61.3156,-61.3156,-61.3156,119.436,114.533,119.436,1164.4,,,,False,2.5591,0.0150005,-73.5379,-0.292332,-2.5591,37.7476,-20.3729,-0.736105,-1.43385,RT1,13.6,restep,显示域,med_w0.3,causal_median,display,True,0,13.6
0.290396,16.726,16.4356,16.726,t_on+4.6~5.4s中位(=08-v6.1 P 口径),19.7617,t0+60s后中位,-1.11155,-2.78038,-1.11155,100.052,100.052,100.052,-19.582,0.7,0.7,0.7,False,12.3435,0.963606,-2.742,2.08102,-12.3435,98.8885,-0.0517356,-0.18269,-16.4441,RT2,12.32,onset,显示域,med_w0.3,causal_median,display,True,0,12.32
20.8432,22.0158,1.1726,22.0168,t_on+4.6~5.4s中位(=08-v6.1 P 口径),0.329168,t0+60s后中位,-442.577,-442.577,-442.577,1877.61,574.5,1877.61,1406.96,,,,False,15.6379,0.762055,-65.6273,15.6379,-6.52246,-342.498,-1777.53,-5.18964,-22.0168,RT2,147.11,restep,显示域,med_w0.3,causal_median,display,True,0,147.11
0.043,16.5567,16.5137,16.5389,t_on+4.6~5.4s中位(=08-v6.1 P 口径),20.5361,t0+60s后中位,12.5908,5.01324,12.5908,99.869,99.869,99.869,-11.6145,,,,False,13.5684,1.0127,4.81324,2.19415,-13.5684,112.483,0.0235766,2.07921,-16.492,RT3,10.59,onset,显示域,med_w0.3,causal_median,display,True,0,10.59
0,15.2813,15.2813,15.2813,t_on+4.6~5.4s中位(=08-v6.1 P 口径),17.8094,t0+60s后中位,12.7895,4.58237,12.7895,100,100,100,-3.75485,,,,False,12.9038,1.01192,4.44779,2.09909,-12.9038,112.79,0,1.9544,-15.2813,LT1,11.69,onset,显示域,med_w0.3,causal_median,display,True,0,11.69
0,16.1212,16.1212,16.1212,t_on+4.6~5.4s中位(=08-v6.1 P 口径),18.002,t0+60s后中位,4.04329,4.04329,4.04329,100,100,100,-7.62361,1.79,1.79,1.79,False,14.4948,1.49869,3.88892,2.23738,-14.4948,104.043,0,0.651825,-16.1212,LT2,14.92,onset,显示域,med_w0.3,causal_median,display,True,0,14.92
0,17.5144,17.5144,17.5144,t_on+4.6~5.4s中位(=08-v6.1 P 口径),18.8563,t0+60s后中位,5.86473,3.20113,5.86473,100,100,100,-1.79702,,,77.25,True,14.5042,1.47043,3.1394,2.25055,-14.5042,105.865,0,1.02717,-17.5144,LT3,10.87,onset,显示域,med_w0.3,causal_median,display,True,0,10.87
0.064,13.3829,13.3189,13.3829,t_on+4.6~5.4s中位(=08-v6.1 P 口径),0.101758,t0+60s后中位,0.92536,-1.00509,0.92536,100.006,100.006,100.006,100.642,0.64,0.64,0.64,False,10.7443,1.25298,-1.09623,1.70383,-10.7443,100.925,-0.00594755,0.123248,-13.3197,F41,10.94,onset,显示域,med_w0.3,causal_median,display,True,0,10.94
10.8737,13.5564,2.68271,13.5564,t_on+4.6~5.4s中位(=08-v6.1 P 口径),0.082,t0+60s后中位,-1.87248,-6.66651,-1.87248,14.5737,11.9386,14.5737,500.394,,,,False,2.12794,0.0299509,-100,1.26791,-2.12794,98.1275,85.4263,-0.0502333,-0.390971,F41,12.19,restep,显示域,med_w0.3,causal_median,display,True,0,12.19
0.063,14.7479,14.6849,14.7479,t_on+4.6~5.4s中位(=08-v6.1 P 口径),9.57269,t0+60s后中位,-1.7099,-2.35054,-1.7099,100.001,100.001,100.001,33.532,0.67,0.67,0.67,False,10.739,0.968449,-2.36374,1.85911,-10.739,98.2901,-0.00122992,-0.251098,-14.6851,F42,11.03,onset,显示域,med_w0.3,causal_median,display,True,0,11.03
0.068,15.3126,15.2446,15.3126,t_on+4.6~5.4s中位(=08-v6.1 P 口径),16.9838,t0+60s后中位,5.76802,2.89346,5.76802,99.9949,99.9949,99.9949,-5.19488,23.72,23.72,23.72,False,11.9332,1.23139,2.78239,2.08729,-11.9332,105.768,0.00506539,0.87931,-15.2438,F43,11,onset,显示域,med_w0.3,causal_median,display,True,0,11
76,4241.75,4165.75,4241.75,t_on+4.6~5.4s中位(=08-v6.1 P 口径),22201.8,t0+60s后中位,166.705,0.239963,166.705,100,100,100,-264.431,,,3.53,True,6142.15,1.05398,-3.8373,620.657,-6142.15,266.705,0,6944.52,-4165.75,SW1,10.84,onset,ADC域,med_w0.3,causal_median,display,True,0,10.84
4811.46,11606.1,6794.66,11606.1,t_on+4.6~5.4s中位(=08-v6.1 P 口径),25339.1,t0+60s后中位,-6.17893,-6.62688,-6.17893,79.7153,79.7153,79.7153,-208.293,,,,False,6142.15,-15.9049,-27.292,153.192,-6142.15,93.8211,20.2847,-419.837,-5416.38,SW1,28.63,onset,ADC域,med_w0.3,causal_median,display,True,0,28.63
12297.8,16207.4,3909.6,16202.1,t_on+4.6~5.4s中位(=08-v6.1 P 口径),25571.5,t0+60s后中位,-27.4769,-33.7383,-27.4769,304.502,304.502,304.502,-267.127,,,,False,8311.92,0.567272,-272.819,3339.49,-8311.92,72.3894,-204.635,-1074.24,-11904.8,SW1,71.67,restep,ADC域,med_w0.3,causal_median,display,True,0,71.67
5447.1,18092.5,12645.4,18092.5,t_on+4.6~5.4s中位(=08-v6.1 P 口径),25607.5,t0+60s后中位,-23.4443,-23.4443,-23.4443,99.9726,99.9726,99.9726,-82.8727,,,,False,8311.92,1.33851,-23.7061,962.139,-8311.92,76.5557,0.0274295,-2964.64,-12642,SW1,75.89,onset,ADC域,med_w0.3,causal_median,display,True,0,75.89
19384.4,25851.7,6467.25,25850.6,t_on+4.6~5.4s中位(=08-v6.1 P 口径),22087.3,t0+60s后中位,41.8282,-72.9159,41.8282,399.715,167.393,399.715,100.018,,,,False,16269.4,0.881314,-6.94151,16269.4,-15067,141.811,-299.732,2705.13,-25850.6,SW1,110.45,restep,ADC域,med_w0.3,causal_median,display,True,0,110.45
61.0611,27163.2,27102.1,27163.8,t_on+4.6~5.4s中位(=08-v6.1 P 口径),20127.8,t0+60s后中位,6.07883,5.13591,6.07883,99.9864,99.9864,99.9864,32.0398,,,,False,15067,1.04135,5.12227,3216.5,-15067,106.081,0.0158374,1647.49,-27098.4,SW1,133.83,onset,ADC域,med_w0.3,causal_median,display,True,0,133.83
52.8433,25248,25195.2,25248,t_on+4.6~5.4s中位(=08-v6.1 P 口径),60.6632,t0+60s后中位,11.1522,11.1522,11.1522,99.9972,99.9972,99.9972,111.121,,,2.55,True,22005.2,0.976532,10.9073,10590.6,-22005.2,111.152,0.00282155,2809.82,-25194.5,SW1,185.97,onset,ADC域,med_w0.3,causal_median,display,True,0,185.97
5760.84,11857,6096.16,11857,t_on+4.6~5.4s中位(=08-v6.1 P 口径),22086.1,后1/3段中位(不足60s),186.433,-30.6026,186.433,159.467,107.516,159.467,18.6362,,,,False,10521.2,0.875146,-39.631,4485.99,-10521.2,286.433,-59.4673,11365.2,-9721.38,SW1,217.74,restep,ADC域,med_w0.3,causal_median,display,True,0,217.74
12122.3,19875.9,7753.67,19875.9,t_on+4.6~5.4s中位(=08-v6.1 P 口径),22086.1,后1/3段中位(不足60s),44.4965,-26.0894,44.4965,256.343,228.799,256.343,15.9912,,,,False,23269.4,1.14666,-187.385,23269.4,-10521.2,144.496,-156.343,3450.11,-19875.9,SW1,230.64,restep,ADC域,med_w0.3,causal_median,display,True,0,230.64
5210.44,20245.8,15035.4,20245.8,t_on+4.6~5.4s中位(=08-v6.1 P 口径),22086.1,后1/3段中位(不足60s),20.4863,-15.9144,20.4863,134.654,120.451,134.654,8.24657,,,,False,23269.4,1.15462,-5.63618,23269.4,-10521.2,120.486,-34.6545,3080.21,-20245.8,SW1,233.05,onset,ADC域,med_w0.3,causal_median,display,True,0,233.05
20414.6,25671.8,5257.15,25671.8,t_on+4.6~5.4s中位(=08-v6.1 P 口径),22086.1,后1/3段中位(不足60s),-44.62,-50.1068,-44.62,488.321,145.777,488.321,23.5851,,,,False,23269.4,0.877056,-4.93489,23269.4,-5079.68,55.38,-388.321,-2345.74,-25671.8,SW1,240.72,restep,ADC域,med_w0.3,causal_median,display,True,0,240.72
62,14458.3,14396.3,14458.3,t_on+4.6~5.4s中位(=08-v6.1 P 口径),24133.2,后1/3段中位(不足60s),57.652,5.70336,57.652,100.393,99.9792,100.393,-9.55199,,,,False,15713,0.00613861,5.55243,15713,-13074.7,157.652,-0.392562,8299.78,-14452.8,SW2,11.79,onset,ADC域,med_w0.3,causal_median,display,True,0,11.79
13424.9,14858.2,1433.25,14852.5,t_on+4.6~5.4s中位(=08-v6.1 P 口径),24133.2,后1/3段中位(不足60s),553.842,52.4926,553.842,1035.9,-28.4808,1035.9,-93.6914,,,,False,15713,1.04035,-100,15713,-13074.7,653.446,-936.294,7937.94,-14847,SW2,13.7,restep,ADC域,med_w0.3,causal_median,display,True,0,13.7
14922.6,15402.5,479.895,15402.8,t_on+4.6~5.4s中位(=08-v6.1 P 口径),24133.2,后1/3段中位(不足60s),1677.42,136.417,1677.42,3208.46,29.6055,3208.46,-141.826,,,,False,15713,0.990167,-100,15713,-13074.7,1777.47,-3108.41,8049.87,-15397.3,SW2,14.86,restep,ADC域,med_w0.3,causal_median,display,True,0,14.86
16009.1,17425.7,1416.62,17425.7,t_on+4.6~5.4s中位(=08-v6.1 P 口径),24133.2,后1/3段中位(不足60s),667.378,-117.085,667.378,1229.7,1229.7,1229.7,193.889,,,,False,23553.2,1.38704,-1210.67,23553.2,-18952.8,767.378,-1129.7,9454.22,-17420.2,SW2,31.22,restep,ADC域,med_w0.3,causal_median,display,True,0,31.22
37.3925,21643.5,21606.1,21639.1,t_on+4.6~5.4s中位(=08-v6.1 P 口径),24133.2,后1/3段中位(不足60s),25.9675,4.44033,25.9675,100.023,99.9723,100.023,14.4237,,,,False,23553.2,0.000290908,4.41266,23553.2,-18952.8,125.947,-0.0434718,5610.55,-21611.1,SW2,35.96,onset,ADC域,med_w0.3,causal_median,display,True,0,35.96
38,25209.3,25171.3,25209.3,t_on+4.6~5.4s中位(=08-v6.1 P 口径),24133.2,后1/3段中位(不足60s),8.54649,6.63692,8.54649,100,100,100,12.8215,,,,False,18952.8,1.08454,6.59356,3305.63,-18952.8,108.546,0,2151.26,-25171.3,SW2,57.3,onset,ADC域,med_w0.3,causal_median,display,True,0,57.3
69.5794,17701.9,17632.3,17701.9,t_on+4.6~5.4s中位(=08-v6.1 P 口径),27305,后1/3段中位(不足60s),58.7149,-12.6391,58.7149,100.395,91.9612,100.395,4.25121,,,,False,20886.2,0.267739,-20.8864,20886.2,-19040.6,158.715,-0.394614,10352.8,-17701.9,SW3,10.92,onset,ADC域,med_w0.3,causal_median,display,True,0,10.92
18559.6,25621.5,7061.97,25621.5,t_on+4.6~5.4s中位(=08-v6.1 P 口径),27305,后1/3段中位(不足60s),37.704,-62.0439,37.704,362.81,142.2,362.81,13.8651,,,,False,20886.2,2.02075,-25.0083,20886.2,-19040.6,137.704,-262.81,2662.64,-25621.5,SW3,20.72,restep,ADC域,med_w0.3,causal_median,display,True,0,20.72
55.4942,26638.1,26582.6,26638.1,t_on+4.6~5.4s中位(=08-v6.1 P 口径),27305,后1/3段中位(不足60s),6.42069,5.32887,6.42069,100.021,100.006,100.021,3.91165,,,,False,28313,1.1816,5.22754,28313,-19040.6,106.421,-0.0206685,1706.78,-26588.1,SW3,39.08,onset,ADC域,med_w0.3,causal_median,display,True,0,39.08
27714.7,53,-27661.7,53,段末帧(退化),27305,后1/3段中位(不足60s),0.0108453,0.0108453,0.0108453,102.194,102.194,102.194,98.5298,,,,False,28313,1.01822,2.19329,28313,-3,2.19397,-100.011,28268.6,-3,SW3,60.78,restep,ADC域,med_w0.3,causal_median,display,True,0,60.78
84,15448.2,15364.2,15448.2,t_on+4.6~5.4s中位(=08-v6.1 P 口径),24171.5,t0+60s后中位,48.6455,-3.44539,48.6455,100.013,100.013,100.013,-8.13184,,,,False,10944.5,1.2263,-3.43238,1565.33,-10944.5,148.646,-0.0130173,7473.98,-15366.2,SW4,8.41,onset,ADC域,med_w0.3,causal_median,display,True,0,8.41
16085.4,22496.9,6411.47,22496.9,t_on+4.6~5.4s中位(=08-v6.1 P 口径),27884.7,t0+60s后中位,6.6328,-18.5891,6.6328,116.968,116.968,116.968,-77.4018,,,14.87,True,5265.94,0.939853,-1.62061,843.141,-5265.94,106.633,-16.9685,425.26,-7499.39,SW4,18.68,restep,ADC域,med_w0.3,causal_median,display,True,0,18.68
22912.5,24098.4,1185.96,24095.9,t_on+4.6~5.4s中位(=08-v6.1 P 口径),28247.1,t0+60s后中位,-98.9699,-108.466,-98.9699,533.309,533.309,533.309,-449,,,,False,5265.94,-0.504142,-234.837,843.141,-5265.94,0.815419,-433.524,-1173.74,-6324.82,SW4,26.57,restep,ADC域,med_w0.3,causal_median,display,True,0,26.57
19465.9,24135.1,4669.26,24133.3,t_on+4.6~5.4s中位(=08-v6.1 P 口径),28278.7,t0+60s后中位,-25.9387,-28.3507,-25.9387,134.51,134.51,134.51,-114.719,,,,False,5265.94,0.652669,6.11542,252.109,-5265.94,74.0216,-34.5496,-1211.15,-6280.62,SW4,27.6,restep,ADC域,med_w0.3,causal_median,display,True,0,27.6
20983.1,24429.9,3446.83,24429.7,t_on+4.6~5.4s中位(=08-v6.1 P 口径),27976.3,后1/3段中位(不足60s),155.479,-73.864,155.479,708.757,129.79,708.757,52.5845,,,,False,21375.5,0.851641,-54.1057,21375.5,-16826.5,255.472,-608.764,5359.12,-24429.7,SW4,61.37,restep,ADC域,med_w0.3,causal_median,display,True,0,61.37
75,27895.9,27820.9,27895.9,t_on+4.6~5.4s中位(=08-v6.1 P 口径),27976.3,后1/3段中位(不足60s),22.6514,6.8038,22.6514,100.054,80.537,100.054,22.3624,,,,False,31429.7,1.90086,-12.674,31429.7,-16826.5,122.651,-0.0539163,6301.82,-27835.9,SW4,88,onset,ADC域,med_w0.3,causal_median,display,True,0,88
28337.8,30791.3,2453.48,30791.3,t_on+4.6~5.4s中位(=08-v6.1 P 口径),27976.3,后1/3段中位(不足60s),138.842,82.6109,138.842,1252.56,23.9634,1252.56,253.576,,,,False,31429.7,1.01886,-54.3378,31429.7,-19.9089,238.842,-1152.56,3406.45,-30731.3,SW4,99.36,restep,ADC域,med_w0.3,causal_median,display,True,0,99.36
29453,32163.4,2710.38,32155.5,t_on+4.6~5.4s中位(=08-v6.1 P 口径),27976.3,后1/3段中位(不足60s),75.3488,75.3488,75.3488,1184.17,-17.7158,1184.17,229.541,,,,False,31429.7,1.08412,-42.9576,31429.7,-19.9089,175.057,-1084.46,2042.24,-32095.5,SW4,104.24,restep,ADC域,med_w0.3,causal_median,display,True,0,104.24
0.549442,14.7073,14.1578,14.7057,t_on+4.6~5.4s中位(=08-v6.1 P 口径),1.16117,t0+60s后中位,1.95675,-1.76579,1.95675,100.388,100.388,100.388,97.6247,0.75,0.75,0.75,False,11.189,1.11666,-1.38625,1.35929,-11.189,101.945,-0.39934,0.277033,-14.2128,RT1,8.27,onset,显示域,med_w0.5,causal_median,display,True,0,8.27
14.6375,15.8381,1.20052,15.8268,t_on+4.6~5.4s中位(=08-v6.1 P 口径),1.11186,t0+60s后中位,-70.3098,-70.3098,-70.3098,119.07,114.153,119.07,1155.41,,,,False,2.56865,0.0191433,-72.8407,-0.347935,-2.56865,28.7533,-20.0069,-0.844082,-1.42946,RT1,13.6,restep,显示域,med_w0.5,causal_median,display,True,0,13.6
0.290396,16.726,16.4356,16.726,t_on+4.6~5.4s中位(=08-v6.1 P 口径),19.7617,t0+60s后中位,-1.16517,-2.79374,-1.16517,99.8984,99.8984,99.8984,-19.6356,0.8,0.8,0.8,False,13.0334,0.962423,-2.89536,1.77736,-13.0334,98.8348,0.101626,-0.191503,-16.4189,RT2,12.32,onset,显示域,med_w0.5,causal_median,display,True,0,12.32
20.8432,22.0158,1.1726,22.0168,t_on+4.6~5.4s中位(=08-v6.1 P 口径),0.329168,t0+60s后中位,-445.142,-445.142,-445.142,1875.07,519.037,1875.07,1404.4,,,,False,15.7252,0.760644,-67.9606,15.7252,-6.4608,-345.064,-1774.99,-5.21972,-21.987,RT2,147.11,restep,显示域,med_w0.5,causal_median,display,True,0,147.11
0.043,16.5567,16.5137,16.5389,t_on+4.6~5.4s中位(=08-v6.1 P 口径),20.5361,t0+60s后中位,12.5797,4.94427,12.5797,99.8925,99.8925,99.8925,-11.6256,,,,False,14.2891,1.01295,4.83682,2.18009,-14.2891,112.472,0,2.07736,-16.4959,RT3,10.59,onset,显示域,med_w0.5,causal_median,display,True,0,10.59
0,15.2813,15.2813,15.2813,t_on+4.6~5.4s中位(=08-v6.1 P 口径),17.8094,t0+60s后中位,12.7678,4.44779,12.7678,100,100,100,-3.77659,,,,False,13.1178,1.01178,4.44779,2.02251,-13.1178,112.768,0,1.95107,-15.2813,LT1,11.69,onset,显示域,med_w0.5,causal_median,display,True,0,11.69
0,16.1212,16.1212,16.1212,t_on+4.6~5.4s中位(=08-v6.1 P 口径),18.002,t0+60s后中位,3.88892,3.88892,3.88892,100,100,100,-7.77798,1.89,1.89,1.89,False,14.4948,1.49852,3.88892,2.1104,-14.4948,103.889,0,0.62694,-16.1212,LT2,14.92,onset,显示域,med_w0.5,causal_median,display,True,0,14.92
0,17.5144,17.5144,17.5144,t_on+4.6~5.4s中位(=08-v6.1 P 口径),18.8563,t0+60s后中位,5.82093,3.1394,5.82093,100,100,100,-1.84082,,,76.99,True,14.6946,1.47034,3.1394,2.18191,-14.6946,105.821,0,1.0195,-17.5144,LT3,10.87,onset,显示域,med_w0.5,causal_median,display,True,0,10.87
0.064,13.3829,13.3189,13.3829,t_on+4.6~5.4s中位(=08-v6.1 P 口径),0.101758,t0+60s后中位,0.915561,-1.10218,0.915561,100,100,100,100.632,0.74,0.74,0.74,False,10.8155,1.25311,-1.10218,1.64448,-10.8155,100.916,0,0.121943,-13.3189,F41,10.94,onset,显示域,med_w0.5,causal_median,display,True,0,10.94
10.8737,13.5564,2.68271,13.5564,t_on+4.6~5.4s中位(=08-v6.1 P 口径),0.082,t0+60s后中位,-1.92113,-7.84879,-1.92113,14.4324,11.9386,14.4324,500.346,,,,False,2.13083,0.0300068,-100,1.26791,-2.13083,98.0789,85.5676,-0.0515384,-0.387181,F41,12.19,restep,显示域,med_w0.5,causal_median,display,True,0,12.19
0.063,14.7479,14.6849,14.7479,t_on+4.6~5.4s中位(=08-v6.1 P 口径),9.57269,t0+60s后中位,-1.76366,-2.36497,-1.76366,100,100,100,33.4782,0.77,0.77,0.77,False,11.5705,0.968572,-2.36497,1.54664,-11.5705,98.2363,0,-0.258993,-14.6849,F42,11.03,onset,显示域,med_w0.5,causal_median,display,True,0,11.03
0.068,15.3126,15.2446,15.3126,t_on+4.6~5.4s中位(=08-v6.1 P 口径),16.9838,t0+60s后中位,5.76194,2.78745,5.76194,99.9959,99.9959,99.9959,-5.20096,23.82,23.82,23.82,False,12.4952,1.23212,2.7834,1.97048,-12.4952,105.762,0.00405639,0.878384,-15.244,F43,11,onset,显示域,med_w0.5,causal_median,display,True,0,11
76,4241.75,4165.75,4241.75,t_on+4.6~5.4s中位(=08-v6.1 P 口径),22201.8,t0+60s后中位,166.707,0.175867,166.707,100,100,100,-264.43,,,3.63,True,7954.21,1.05341,-3.82683,561.334,-7954.21,266.707,0,6944.58,-4165.75,SW1,10.84,onset,ADC域,med_w0.5,causal_median,display,True,0,10.84
4811.46,11606.1,6794.66,11606.1,t_on+4.6~5.4s中位(=08-v6.1 P 口径),25339.1,t0+60s后中位,-6.17813,-6.62688,-6.17813,106.384,106.384,106.384,-208.292,,,,False,7954.21,-21.9187,-0.242739,134.691,-7954.21,93.8219,-6.38414,-419.782,-7228.44,SW1,28.63,onset,ADC域,med_w0.5,causal_median,display,True,0,28.63
12297.8,16207.4,3909.6,16202.1,t_on+4.6~5.4s中位(=08-v6.1 P 口径),25571.5,t0+60s后中位,-27.6008,-44.3953,-27.6008,302.996,302.996,302.996,-267.25,,,,False,9743.19,0.566227,-272.764,5346.19,-9743.19,72.2656,-203.13,-1079.08,-11845.9,SW1,71.67,restep,ADC域,med_w0.5,causal_median,display,True,0,71.67
5447.1,18092.5,12645.4,18092.5,t_on+4.6~5.4s中位(=08-v6.1 P 口径),25607.5,t0+60s后中位,-23.4826,-23.5719,-23.4826,103.13,103.13,103.13,-82.911,,,,False,9743.19,1.3971,-20.5488,139.708,-9743.19,76.5174,-3.12981,-2969.48,-13041.2,SW1,75.89,onset,ADC域,med_w0.5,causal_median,display,True,0,75.89
19384.4,25851.7,6467.25,25850.6,t_on+4.6~5.4s中位(=08-v6.1 P 口径),22087.3,t0+60s后中位,41.8282,-72.9164,41.8282,399.304,167.395,399.304,100.018,,,,False,20813.3,0.881562,-11.0656,20813.3,-18088.2,141.811,-299.322,2705.13,-25824,SW1,110.45,restep,ADC域,med_w0.5,causal_median,display,True,0,110.45
61.0611,27163.2,27102.1,27163.8,t_on+4.6~5.4s中位(=08-v6.1 P 口径),20127.8,t0+60s后中位,6.07916,5.13591,6.07916,99.995,99.995,99.995,32.0401,,,,False,18088.2,1.04136,4.94887,2703.85,-18088.2,106.081,0.00715392,1647.58,-27100.8,SW1,133.83,onset,ADC域,med_w0.5,causal_median,display,True,0,133.83
52.8433,25248,25195.2,25248,t_on+4.6~5.4s中位(=08-v6.1 P 口径),60.6632,t0+60s后中位,10.9101,10.9101,10.9101,99.9976,99.9976,99.9976,110.879,,,2.65,True,22955.4,0.976761,10.9077,16376,-22955.4,110.91,0.00240158,2748.83,-25194.6,SW1,185.97,onset,ADC域,med_w0.5,causal_median,display,True,0,185.97
5760.84,11857,6096.16,11857,t_on+4.6~5.4s中位(=08-v6.1 P 口径),22086.1,后1/3段中位(不足60s),186.323,-44.1706,186.323,159.148,107.516,159.148,18.5266,,,,False,10947.2,0.875146,-39.0501,4893.14,-10947.2,286.323,-59.148,11358.6,-9701.92,SW1,217.74,restep,ADC域,med_w0.5,causal_median,display,True,0,217.74
12122.3,19875.9,7753.67,19875.9,t_on+4.6~5.4s中位(=08-v6.1 P 口径),22086.1,后1/3段中位(不足60s),44.3077,-26.0894,44.3077,256.343,228.548,256.343,15.8024,,,,False,23283.2,1.14841,-187.641,23283.2,-10947.2,144.308,-156.343,3435.47,-19875.9,SW1,230.64,restep,ADC域,med_w0.5,causal_median,display,True,0,230.64
5210.44,20245.8,15035.4,20245.8,t_on+4.6~5.4s中位(=08-v6.1 P 口径),22086.1,后1/3段中位(不足60s),20.389,-15.9144,20.389,134.654,120.321,134.654,8.1492,,,,False,23283.2,1.15952,-8.21252,23283.2,-10947.2,120.389,-34.6545,3065.57,-20245.8,SW1,233.05,onset,ADC域,med_w0.5,causal_median,display,True,0,233.05
20414.6,25671.8,5257.15,25671.8,t_on+4.6~5.4s中位(=08-v6.1 P 口径),22086.1,后1/3段中位(不足60s),-44.8985,-50.1068,-44.8985,488.321,145.997,488.321,23.3066,,,,False,23283.2,0.876524,-5.98689,23283.2,-6341.53,55.1015,-388.321,-2360.38,-25671.8,SW1,240.72,restep,ADC域,med_w0.5,causal_median,display,True,0,240.72
62,14458.3,14396.3,14458.3,t_on+4.6~5.4s中位(=08-v6.1 P 口径),24133.2,后1/3段中位(不足60s),57.6048,5.57327,57.6048,100.339,99.9792,100.339,-9.59922,,,,False,17083.8,0.00651154,5.55243,15700.2,-17083.8,157.605,-0.33883,8292.98,-14445.1,SW2,11.79,onset,ADC域,med_w0.5,causal_median,display,True,0,11.79
13424.9,14858.2,1433.25,14852.5,t_on+4.6~5.4s中位(=08-v6.1 P 口径),24133.2,后1/3段中位(不足60s),551.833,52.0006,551.833,1035.36,-28.4808,1035.36,-95.7004,,,,False,17083.8,1.04032,-100,15700.2,-17083.8,651.437,-935.754,7909.14,-14839.3,SW2,13.7,restep,ADC域,med_w0.5,causal_median,display,True,0,13.7
14922.6,15402.5,479.895,15402.8,t_on+4.6~5.4s中位(=08-v6.1 P 口径),24133.2,后1/3段中位(不足60s),1672.65,132.344,1672.65,3206.85,29.6055,3206.85,-146.599,,,,False,17083.8,0.990019,-100,15700.2,-17083.8,1772.7,-3106.8,8026.97,-15389.5,SW2,14.86,restep,ADC域,med_w0.5,causal_median,display,True,0,14.86
16009.1,17425.7,1416.62,17425.7,t_on+4.6~5.4s中位(=08-v6.1 P 口径),24133.2,后1/3段中位(不足60s),666.608,-117.99,666.608,1229.15,1229.15,1229.15,193.119,,,,False,23584,1.38517,-1210.03,23584,-21165.8,766.608,-1129.15,9443.31,-17412.5,SW2,31.22,restep,ADC域,med_w0.5,causal_median,display,True,0,31.22
37.3925,21643.5,21606.1,21639.1,t_on+4.6~5.4s中位(=08-v6.1 P 口径),24133.2,后1/3段中位(不足60s),25.9339,4.44033,25.9339,100.023,99.977,100.023,14.3901,,,,False,23584,-0,4.39276,23584,-21165.8,125.914,-0.0434718,5603.29,-21611.1,SW2,35.96,onset,ADC域,med_w0.5,causal_median,display,True,0,35.96
38,25209.3,25171.3,25209.3,t_on+4.6~5.4s中位(=08-v6.1 P 口径),24133.2,后1/3段中位(不足60s),8.52125,6.59356,8.52125,100,100,100,12.7963,,,,False,21165.8,1.08501,6.59356,3162.59,-21165.8,108.521,0,2144.91,-25171.3,SW2,57.3,onset,ADC域,med_w0.5,causal_median,display,True,0,57.3
69.5794,17701.9,17632.3,17701.9,t_on+4.6~5.4s中位(=08-v6.1 P 口径),27305,后1/3段中位(不足60s),58.5537,-12.8476,58.5537,100.395,99.9976,100.395,4.09009,,,,False,22698.1,-3.74086,-12.85,20858.1,-22698.1,158.554,-0.394614,10324.4,-17701.9,SW3,10.92,onset,ADC域,med_w0.5,causal_median,display,True,0,10.92
18559.6,25621.5,7061.97,25621.5,t_on+4.6~5.4s中位(=08-v6.1 P 口径),27305,后1/3段中位(不足60s),37.6517,-62.8679,37.6517,362.81,142.196,362.81,13.8128,,,,False,22698.1,2.0207,-25.0832,20858.1,-22698.1,137.652,-262.81,2658.95,-25621.5,SW3,20.72,restep,ADC域,med_w0.5,causal_median,display,True,0,20.72
55.4942,26638.1,26582.6,26638.1,t_on+4.6~5.4s中位(=08-v6.1 P 口径),27305,后1/3段中位(不足60s),6.4122,5.222,6.4122,100.021,99.9981,100.021,3.90317,,,,False,28242.7,1.18185,5.2201,28242.7,-22698.1,106.412,-0.0206685,1704.53,-26588.1,SW3,39.08,onset,ADC域,med_w0.5,causal_median,display,True,0,39.08
27714.7,53,-27661.7,53,段末帧(退化),27305,后1/3段中位(不足60s),0.0108453,0.0108453,0.0108453,101.983,101.983,101.983,98.5298,,,,False,28242.7,1.01611,1.97895,28242.7,-3,1.98257,-100.011,28210.1,-3,SW3,60.78,restep,ADC域,med_w0.5,causal_median,display,True,0,60.78
84,15448.2,15364.2,15448.2,t_on+4.6~5.4s中位(=08-v6.1 P 口径),24171.5,t0+60s后中位,48.5354,-3.44539,48.5354,100.008,100.008,100.008,-8.24191,,,,False,11956.6,1.22248,-3.43768,2388.78,-11956.6,148.535,-0.00771317,7457.07,-15365.4,SW4,8.41,onset,ADC域,med_w0.5,causal_median,display,True,0,8.41
16085.4,22496.9,6411.47,22496.9,t_on+4.6~5.4s中位(=08-v6.1 P 口径),27884.7,t0+60s后中位,6.36902,-18.5891,6.36902,116.825,116.825,116.825,-77.6656,,,14.97,True,5561.08,0.9382,-2.22511,2388.78,-5561.08,106.369,-16.8247,408.348,-7490.17,SW4,18.68,restep,ADC域,med_w0.5,causal_median,display,True,0,18.68
22912.5,24098.4,1185.96,24095.9,t_on+4.6~5.4s中位(=08-v6.1 P 口径),28247.1,t0+60s后中位,-100.396,-108.466,-100.396,529.686,529.686,529.686,-450.426,,,,False,5561.08,-1.62362,-335.242,2388.78,-5561.08,-0.61061,-429.9,-1190.65,-6281.84,SW4,26.57,restep,ADC域,med_w0.5,causal_median,display,True,0,26.57
19465.9,24135.1,4669.26,24133.3,t_on+4.6~5.4s中位(=08-v6.1 P 口径),28278.7,t0+60s后中位,-26.301,-28.3507,-26.301,134.612,134.612,134.612,-115.081,,,,False,5561.08,0.664519,6.03088,1488.12,-5561.08,73.6594,-34.6518,-1228.06,-6285.39,SW4,27.6,restep,ADC域,med_w0.5,causal_median,display,True,0,27.6
20983.1,24429.9,3446.83,24429.7,t_on+4.6~5.4s中位(=08-v6.1 P 口径),27976.3,后1/3段中位(不足60s),155.359,-74.6348,155.359,708.757,159.085,708.757,52.4644,,,,False,22700.7,0.808245,-24.8486,21382.7,-22700.7,255.352,-608.764,5354.98,-24429.7,SW4,61.37,restep,ADC域,med_w0.5,causal_median,display,True,0,61.37
75,27895.9,27820.9,27895.9,t_on+4.6~5.4s中位(=08-v6.1 P 口径),27976.3,后1/3段中位(不足60s),22.6003,6.78894,22.6003,100.05,99.9595,100.05,22.3114,,,,False,33331.7,2.26507,6.74843,33331.7,-22700.7,122.6,-0.0503218,6287.61,-27834.9,SW4,88,onset,ADC域,med_w0.5,causal_median,display,True,0,88
28337.8,30791.3,2453.48,30791.3,t_on+4.6~5.4s中位(=08-v6.1 P 口径),27976.3,后1/3段中位(不足60s),138.262,82.6109,138.262,1252.52,39.0173,1252.52,252.997,,,,False,33331.7,1.00637,-21.6294,33331.7,-556.898,238.262,-1152.52,3392.24,-30730.3,SW4,99.36,restep,ADC域,med_w0.5,causal_median,display,True,0,99.36
29453,32163.4,2710.38,32155.5,t_on+4.6~5.4s中位(=08-v6.1 P 口径),27976.3,后1/3段中位(不足60s),74.8245,74.8245,74.8245,1184.13,-18.2081,1184.13,229.017,,,,False,33331.7,1.08457,-43.5072,33331.7,-19.9089,174.533,-1084.43,2028.03,-32094.5,SW4,104.24,restep,ADC域,med_w0.5,causal_median,display,True,0,104.24
0.549442,14.7073,14.1578,14.7057,t_on+4.6~5.4s中位(=08-v6.1 P 口径),1.16117,t0+60s后中位,4.77478,-1.43105,4.77478,88.7891,88.7891,88.7891,100.443,0.52,0.52,0.52,False,5.00257,0.986397,-12.9766,1.6329,-5.00257,104.763,11.1996,0.676006,-12.5706,RT1,8.27,onset,显示域,mean_w0.05,causal_mean,display,True,0,8.27
14.6375,15.8381,1.20052,15.8268,t_on+4.6~5.4s中位(=08-v6.1 P 口径),1.11186,t0+60s后中位,-37.0765,-37.0765,-37.0765,120.974,115.248,120.974,1188.64,,,,False,2.55573,-0.0408247,-80.3031,0.251363,-2.55573,61.9867,-21.9111,-0.44511,-1.45232,RT1,13.6,restep,显示域,mean_w0.05,causal_mean,display,True,0,13.6
0.290396,16.726,16.4356,16.726,t_on+4.6~5.4s中位(=08-v6.1 P 口径),19.7617,t0+60s后中位,-1.00319,-2.45759,-1.00319,98.2629,98.2629,98.2629,-19.4737,0.58,0.58,0.58,False,5.48854,0.945456,-4.54741,2.1871,-5.48854,98.9968,1.73705,-0.16488,-16.1501,RT2,12.32,onset,显示域,mean_w0.05,causal_mean,display,True,0,12.32
20.8432,22.0158,1.1726,22.0168,t_on+4.6~5.4s中位(=08-v6.1 P 口径),0.329168,t0+60s后中位,-431.037,-431.037,-431.037,1877.61,710.253,1877.61,1418.5,,,,False,7.36119,0.761045,-53.5365,7.36119,-7.01919,-330.958,-1777.53,-5.05432,-22.0168,RT2,147.11,restep,显示域,mean_w0.05,causal_mean,display,True,0,147.11
0.043,16.5567,16.5137,16.5389,t_on+4.6~5.4s中位(=08-v6.1 P 口径),20.5361,t0+60s后中位,12.7754,5.23844,12.7754,99.6673,99.6673,99.6673,-11.4299,,,,False,10.2926,1.01037,4.61155,2.32121,-10.2926,112.668,0.225268,2.10969,-16.4587,RT3,10.59,onset,显示域,mean_w0.05,causal_mean,display,True,0,10.59
0,15.2813,15.2813,15.2813,t_on+4.6~5.4s中位(=08-v6.1 P 口径),17.8094,t0+60s后中位,13.0518,4.87963,13.0518,100,100,100,-3.49254,,,,False,10.3231,1.01285,4.44779,2.17551,-10.3231,113.052,0,1.99448,-15.2813,LT1,11.69,onset,显示域,mean_w0.05,causal_mean,display,True,0,11.69
0,16.1212,16.1212,16.1212,t_on+4.6~5.4s中位(=08-v6.1 P 口径),18.002,t0+60s后中位,4.37881,4.37881,4.37881,89.2925,89.2925,89.2925,-7.28809,1.7,1.7,1.7,False,9.88665,1.34111,-6.81859,2.36442,-9.88665,104.379,10.7075,0.705915,-14.395,LT2,14.92,onset,显示域,mean_w0.05,causal_mean,display,True,0,14.92
0,17.5144,17.5144,17.5144,t_on+4.6~5.4s中位(=08-v6.1 P 口径),18.8563,t0+60s后中位,5.92313,3.39529,5.92313,93.3593,93.3593,93.3593,-1.73861,,,77.8,True,9.28011,1.3779,-3.50128,2.42343,-9.28011,105.923,6.64068,1.0374,-16.3513,LT3,10.87,onset,显示域,mean_w0.05,causal_mean,display,True,0,10.87
0.064,13.3829,13.3189,13.3829,t_on+4.6~5.4s中位(=08-v6.1 P 口径),0.101758,t0+60s后中位,1.22555,-0.740816,1.22555,93.2738,93.2738,93.2738,100.942,0.52,0.52,0.52,False,7.00052,1.16739,-7.8284,1.79471,-7.00052,101.226,6.72622,0.16323,-12.423,F41,10.94,onset,显示域,mean_w0.05,causal_mean,display,True,0,10.94
10.8737,13.5564,2.68271,13.5564,t_on+4.6~5.4s中位(=08-v6.1 P 口径),0.082,t0+60s后中位,-0.382113,-6.15203,-0.382113,14.9985,11.944,14.9985,501.885,,,,False,2.12357,0.0210416,-100,1.26791,-2.12357,99.6179,85.0015,-0.010251,-0.402366,F41,12.19,restep,显示域,mean_w0.05,causal_mean,display,True,0,12.19
0.063,14.7479,14.6849,14.7479,t_on+4.6~5.4s中位(=08-v6.1 P 口径),9.57269,t0+60s后中位,-1.63854,-2.11498,-1.63854,98.5436,98.5436,98.5436,33.6033,0.54,0.54,0.54,False,4.76662,0.954018,-3.82139,2.03777,-4.76662,98.3615,1.45642,-0.240618,-14.4711,F42,11.03,onset,显示域,mean_w0.05,causal_mean,display,True,0,11.03
0.068,15.3126,15.2446,15.3126,t_on+4.6~5.4s中位(=08-v6.1 P 口径),16.9838,t0+60s后中位,5.88628,3.24611,5.88628,94.418,94.418,94.418,-5.07662,32.93,32.93,32.93,False,5.97144,1.16739,-2.79454,2.18994,-5.97144,105.886,5.58199,0.897339,-14.3936,F43,11,onset,显示域,mean_w0.05,causal_mean,display,True,0,11
76,4241.75,4165.75,4241.75,t_on+4.6~5.4s中位(=08-v6.1 P 口径),22201.8,t0+60s后中位,172.827,0.673909,172.827,83.5956,83.5956,83.5956,-258.31,,,3.41,True,2450.37,0.988403,-20.3159,832.593,-2450.37,272.827,16.4044,7199.53,-3482.38,SW1,10.84,onset,ADC域,mean_w0.05,causal_mean,display,True,0,10.84
4811.46,11606.1,6794.66,11606.1,t_on+4.6~5.4s中位(=08-v6.1 P 口径),25339.1,t0+60s后中位,-2.42583,-2.42583,-2.42583,31.8749,31.8749,31.8749,-204.54,,,,False,1138.91,0.693602,-109.013,832.593,-1138.91,97.5742,68.1251,-164.826,-2165.79,SW1,28.63,onset,ADC域,mean_w0.05,causal_mean,display,True,0,28.63
12297.8,16207.4,3909.6,16202.1,t_on+4.6~5.4s中位(=08-v6.1 P 口径),25571.5,t0+60s后中位,-0.966021,-28.2347,-0.966021,309.935,309.935,309.935,-240.616,,,,False,5576.87,0.530294,-278.24,2228.79,-5576.87,98.9003,-210.069,-37.7676,-12117.2,SW1,71.67,restep,ADC域,mean_w0.05,causal_mean,display,True,0,71.67
5447.1,18092.5,12645.4,18092.5,t_on+4.6~5.4s中位(=08-v6.1 P 口径),25607.5,t0+60s后中位,-15.248,-15.248,-15.248,105.984,105.984,105.984,-74.6763,,,,False,5576.87,0.770509,-54.2384,2228.79,-5576.87,84.752,-5.98416,-1928.17,-13402.2,SW1,75.89,onset,ADC域,mean_w0.05,causal_mean,display,True,0,75.89
19384.4,25851.7,6467.25,25850.6,t_on+4.6~5.4s中位(=08-v6.1 P 口径),22087.3,t0+60s后中位,42.3126,-72.8062,42.3126,399.715,181.647,399.715,100.503,,,,False,10725.7,0.905768,-11.9446,3376.66,-10725.7,142.296,-299.732,2736.47,-25850.6,SW1,110.45,restep,ADC域,mean_w0.05,causal_mean,display,True,0,110.45
61.0611,27163.2,27102.1,27163.8,t_on+4.6~5.4s中位(=08-v6.1 P 口径),20127.8,t0+60s后中位,6.15055,5.25153,6.15055,99.9692,99.9692,99.9692,32.1115,,,,False,10725.7,1.04134,5.10513,3376.66,-10725.7,106.153,0.0329822,1666.93,-27093.8,SW1,133.83,onset,ADC域,mean_w0.05,causal_mean,display,True,0,133.83
52.8433,25248,25195.2,25248,t_on+4.6~5.4s中位(=08-v6.1 P 口径),60.6632,t0+60s后中位,11.606,11.606,11.606,99.9636,99.9636,99.9636,111.575,,,2.42,True,13695.6,0.975606,10.8737,4917.7,-13695.6,111.606,0.0363906,2924.15,-25186,SW1,185.97,onset,ADC域,mean_w0.05,causal_mean,display,True,0,185.97
5760.84,11857,6096.16,11857,t_on+4.6~5.4s中位(=08-v6.1 P 口径),22086.1,后1/3段中位(不足60s),199.106,-13.7158,199.106,172.443,107.145,172.443,31.3098,,,,False,6805.41,0.873567,-39.5964,2358.31,-6805.41,299.106,-72.4428,12137.8,-10512.4,SW1,217.74,restep,ADC域,mean_w0.05,causal_mean,display,True,0,217.74
12122.3,19875.9,7753.67,19875.9,t_on+4.6~5.4s中位(=08-v6.1 P 口径),22086.1,后1/3段中位(不足60s),53.122,-26.0894,53.122,256.343,239.001,256.343,24.6167,,,,False,16432,0.800786,-148.916,16432,-6805.41,153.122,-156.343,4118.9,-19875.9,SW1,230.64,restep,ADC域,mean_w0.05,causal_mean,display,True,0,230.64
5210.44,20245.8,15035.4,20245.8,t_on+4.6~5.4s中位(=08-v6.1 P 口径),22086.1,后1/3段中位(不足60s),24.9345,-15.9144,24.9345,134.654,124.766,134.654,12.6947,,,,False,16432,0.541327,8.22974,16432,-6805.41,124.934,-34.6545,3749,-20245.8,SW1,233.05,onset,ADC域,mean_w0.05,causal_mean,display,True,0,233.05
20414.6,25671.8,5257.15,25671.8,t_on+4.6~5.4s中位(=08-v6.1 P 口径),22086.1,后1/3段中位(不足60s),-31.8985,-31.8985,-31.8985,488.321,145.707,488.321,36.3067,,,,False,16432,0.877237,-3.70524,16432,-3810.26,68.1015,-388.321,-1676.95,-25671.8,SW1,240.72,restep,ADC域,mean_w0.05,causal_mean,display,True,0,240.72
62,14458.3,14396.3,14458.3,t_on+4.6~5.4s中位(=08-v6.1 P 口径),24133.2,后1/3段中位(不足60s),57.7076,11.3575,57.7076,100.424,76.9759,100.424,-9.49641,,,,False,10541.1,0.519394,-17.4508,10541.1,-6980.12,157.708,-0.424054,8307.78,-14457.4,SW2,11.79,onset,ADC域,mean_w0.05,causal_mean,display,True,0,11.79
13424.9,14858.2,1433.25,14852.5,t_on+4.6~5.4s中位(=08-v6.1 P 口径),24133.2,后1/3段中位(不足60s),557.411,86.581,557.411,1036.21,-11.9433,1036.21,-90.1225,,,,False,10541.1,1.04381,-103.543,10541.1,-6980.12,657.015,-936.61,7989.09,-14851.5,SW2,13.7,restep,ADC域,mean_w0.05,causal_mean,display,True,0,13.7
14922.6,15402.5,479.895,15402.8,t_on+4.6~5.4s中位(=08-v6.1 P 口径),24133.2,后1/3段中位(不足60s),1683.82,143.916,1683.82,3209.41,78.9961,3209.41,-135.429,,,,False,10541.1,0.991336,-103.73,10541.1,-6980.12,1783.87,-3109.36,8080.57,-15401.8,SW2,14.86,restep,ADC域,mean_w0.05,causal_mean,display,True,0,14.86
16009.1,17425.7,1416.62,17425.7,t_on+4.6~5.4s中位(=08-v6.1 P 口径),24133.2,后1/3段中位(不足60s),669.191,-17.7309,669.191,1230.02,1230.02,1230.02,195.702,,,,False,13336.5,1.20374,-1068.42,11229.3,-13336.5,769.191,-1130.02,9479.9,-17424.7,SW2,31.22,restep,ADC域,mean_w0.05,causal_mean,display,True,0,31.22
37.3925,21643.5,21606.1,21639.1,t_on+4.6~5.4s中位(=08-v6.1 P 口径),24133.2,后1/3段中位(不足60s),26.0223,4.73089,26.0223,100.042,90.6313,100.042,14.4786,,,,False,13336.5,0.586828,-4.9284,11229.3,-13336.5,126.002,-0.0619781,5622.4,-21615.1,SW2,35.96,onset,ADC域,mean_w0.05,causal_mean,display,True,0,35.96
38,25209.3,25171.3,25209.3,t_on+4.6~5.4s中位(=08-v6.1 P 口径),24133.2,后1/3段中位(不足60s),8.57993,6.83569,8.57993,98.0195,98.0195,98.0195,12.8549,,,,False,13336.5,1.06448,4.6131,3577.11,-13336.5,108.58,1.98046,2159.68,-24672.8,SW2,57.3,onset,ADC域,mean_w0.05,causal_mean,display,True,0,57.3
69.5794,17701.9,17632.3,17701.9,t_on+4.6~5.4s中位(=08-v6.1 P 口径),27305,后1/3段中位(不足60s),59.1411,-12.4706,59.1411,100.395,71.554,100.395,4.67748,,,,False,16778.1,0.915616,-41.2936,16778.1,-5470.42,159.141,-0.394614,10427.9,-17701.9,SW3,10.92,onset,ADC域,mean_w0.05,causal_mean,display,True,0,10.92
18559.6,25621.5,7061.97,25621.5,t_on+4.6~5.4s中位(=08-v6.1 P 口径),27305,后1/3段中位(不足60s),37.8813,-58.746,37.8813,362.81,138.177,362.81,14.0424,,,,False,16778.1,1.97463,-24.1443,16778.1,-5470.42,137.881,-262.81,2675.17,-25621.5,SW3,20.72,restep,ADC域,mean_w0.05,causal_mean,display,True,0,20.72
55.4942,26638.1,26582.6,26638.1,t_on+4.6~5.4s中位(=08-v6.1 P 口径),27305,后1/3段中位(不足60s),6.50194,5.61162,6.50194,100.028,91.5715,100.028,3.9929,,,,False,22762,1.08756,-3.2065,22762,-4936.1,106.502,-0.0281922,1728.38,-26590.1,SW3,39.08,onset,ADC域,mean_w0.05,causal_mean,display,True,0,39.08
27714.7,53,-27661.7,53,段末帧(退化),27305,后1/3段中位(不足60s),0.0180755,0.0180755,0.0180755,102.308,102.308,102.308,98.5371,,,,False,22762,1.01934,2.30815,22762,-1.6,2.30839,-100.018,28300.2,-5,SW3,60.78,restep,ADC域,mean_w0.05,causal_mean,display,True,0,60.78
84,15448.2,15364.2,15448.2,t_on+4.6~5.4s中位(=08-v6.1 P 口径),24171.5,t0+60s后中位,51.8384,-3.17663,51.8384,77.3198,77.3198,77.3198,-4.93891,,,,False,4360.33,1.03951,-26.1256,1726.98,-4360.33,151.838,22.6802,7964.55,-11879.5,SW4,8.41,onset,ADC域,mean_w0.05,causal_mean,display,True,0,8.41
16085.4,22496.9,6411.47,22496.9,t_on+4.6~5.4s中位(=08-v6.1 P 口径),27884.7,t0+60s后中位,14.2842,-18.5891,14.2842,117.133,117.133,117.133,-69.7504,,,,False,4053.18,0.944147,-1.4561,164.517,-4053.18,114.284,-17.133,915.827,-7509.94,SW4,18.68,restep,ADC域,mean_w0.05,causal_mean,display,True,0,18.68
22912.5,24098.4,1185.96,24095.9,t_on+4.6~5.4s中位(=08-v6.1 P 口径),28247.1,t0+60s后中位,-57.6052,-57.6052,-57.6052,611.792,611.792,611.792,-407.635,,,,False,4053.18,0.461767,-119.891,164.517,-4053.18,42.1801,-512.006,-683.173,-7255.58,SW4,26.57,restep,ADC域,mean_w0.05,causal_mean,display,True,0,26.57
19465.9,24135.1,4669.26,24133.3,t_on+4.6~5.4s中位(=08-v6.1 P 口径),28278.7,t0+60s后中位,-15.4324,-15.4324,-15.4324,134.469,134.469,134.469,-104.212,,,,False,4053.18,0.649871,6.07,164.517,-4053.18,84.5279,-34.509,-720.579,-6278.72,SW4,27.6,restep,ADC域,mean_w0.05,causal_mean,display,True,0,27.6
20983.1,24429.9,3446.83,24429.7,t_on+4.6~5.4s中位(=08-v6.1 P 口径),27976.3,后1/3段中位(不足60s),155.777,-73.1945,155.777,708.757,112.376,708.757,52.882,,,,False,12309.6,0.901618,-88.1866,12309.6,-5298.13,255.77,-608.764,5369.37,-24429.7,SW4,61.37,restep,ADC域,mean_w0.05,causal_mean,display,True,0,61.37
75,27895.9,27820.9,27895.9,t_on+4.6~5.4s中位(=08-v6.1 P 口径),27976.3,后1/3段中位(不足60s),22.9829,6.84066,22.9829,100.055,46.3797,100.055,22.694,,,,False,18653.9,1.26003,-46.8314,18653.9,-5298.13,122.983,-0.0554737,6394.06,-27836.4,SW4,88,onset,ADC域,mean_w0.05,causal_mean,display,True,0,88
28337.8,30791.3,2453.48,30791.3,t_on+4.6~5.4s中位(=08-v6.1 P 口径),27976.3,后1/3段中位(不足60s),142.601,119.003,142.601,1252.58,12.6933,1252.58,257.336,,,,False,18653.9,1.03948,-74.8146,18653.9,-15.4886,242.601,-1152.58,3498.69,-30731.7,SW4,99.36,restep,ADC域,mean_w0.05,causal_mean,display,True,0,99.36
29453,32163.4,2710.38,32155.5,t_on+4.6~5.4s中位(=08-v6.1 P 口径),27976.3,后1/3段中位(不足60s),78.752,78.752,78.752,1184.19,-16.8763,1184.19,232.944,,,,False,18653.9,1.08332,-42.4249,18653.9,-15.4886,178.461,-1084.48,2134.48,-32095.9,SW4,104.24,restep,ADC域,mean_w0.05,causal_mean,display,True,0,104.24
0.549442,14.7073,14.1578,14.7057,t_on+4.6~5.4s中位(=08-v6.1 P 口径),1.16117,t0+60s后中位,2.88755,-1.59842,2.88755,94.6935,94.6935,94.6935,98.5555,0.55,0.55,0.55,False,6.4036,1.0531,-7.07229,1.55552,-6.4036,102.876,5.29522,0.408814,-13.4066,RT1,8.27,onset,显示域,mean_w0.1,causal_mean,display,True,0,8.27
14.6375,15.8381,1.20052,15.8268,t_on+4.6~5.4s中位(=08-v6.1 P 口径),1.11186,t0+60s后中位,-59.3328,-59.3328,-59.3328,120.333,114.987,120.333,1166.38,,,,False,2.55764,-0.0137979,-76.8414,0.210855,-2.55764,39.7303,-21.2695,-0.712301,-1.44462,RT1,13.6,restep,显示域,mean_w0.1,causal_mean,display,True,0,13.6
0.290396,16.726,16.4356,16.726,t_on+4.6~5.4s中位(=08-v6.1 P 口径),19.7617,t0+60s后中位,-1.09567,-2.56302,-1.09567,99.1204,99.1204,99.1204,-19.5661,0.6,0.6,0.6,False,7.77202,0.954056,-3.68164,2.19483,-7.77202,98.9043,0.879595,-0.18008,-16.291,RT2,12.32,onset,显示域,mean_w0.1,causal_mean,display,True,0,12.32
20.8432,22.0158,1.1726,22.0168,t_on+4.6~5.4s中位(=08-v6.1 P 口径),0.329168,t0+60s后中位,-434.372,-434.372,-434.372,1877.61,607.815,1877.61,1415.17,,,,False,11.5015,0.761068,-55.8508,11.5015,-6.56204,-334.293,-1777.53,-5.09343,-22.0168,RT2,147.11,restep,显示域,mean_w0.1,causal_mean,display,True,0,147.11
0.043,16.5567,16.5137,16.5389,t_on+4.6~5.4s中位(=08-v6.1 P 口径),20.5361,t0+60s后中位,12.6751,5.19513,12.6751,99.7666,99.7666,99.7666,-11.5302,,,,False,11.6006,1.01135,4.71082,2.31595,-11.6006,112.568,0.125996,2.09312,-16.4751,RT3,10.59,onset,显示域,mean_w0.1,causal_mean,display,True,0,10.59
0,15.2813,15.2813,15.2813,t_on+4.6~5.4s中位(=08-v6.1 P 口径),17.8094,t0+60s后中位,12.8447,4.82454,12.8447,100,100,100,-3.69961,,,,False,11.6134,1.0126,4.44779,2.16162,-11.6134,112.845,0,1.96284,-15.2813,LT1,11.69,onset,显示域,mean_w0.1,causal_mean,display,True,0,11.69
0,16.1212,16.1212,16.1212,t_on+4.6~5.4s中位(=08-v6.1 P 口径),18.002,t0+60s后中位,4.31582,4.31582,4.31582,94.6462,94.6462,94.6462,-7.35108,1.68,1.68,1.68,False,12.1822,1.41992,-1.46483,2.31286,-12.1822,104.316,5.35376,0.69576,-15.2581,LT2,14.92,onset,显示域,mean_w0.1,causal_mean,display,True,0,14.92
0,17.5144,17.5144,17.5144,t_on+4.6~5.4s中位(=08-v6.1 P 口径),18.8563,t0+60s后中位,5.91218,3.39058,5.91218,96.6797,96.6797,96.6797,-1.74956,,,77.8,True,11.167,1.42432,-0.180936,2.40589,-11.167,105.912,3.32034,1.03548,-16.9328,LT3,10.87,onset,显示域,mean_w0.1,causal_mean,display,True,0,10.87
0.064,13.3829,13.3189,13.3829,t_on+4.6~5.4s中位(=08-v6.1 P 口径),0.101758,t0+60s后中位,1.11282,-0.79091,1.11282,96.6217,96.6217,96.6217,100.829,0.54,0.54,0.54,False,8.43026,1.20966,-4.48051,1.77549,-8.43026,101.113,3.37833,0.148215,-12.8689,F41,10.94,onset,显示域,mean_w0.1,causal_mean,display,True,0,10.94
10.8737,13.5564,2.68271,13.5564,t_on+4.6~5.4s中位(=08-v6.1 P 口径),0.082,t0+60s后中位,-0.941809,-6.35754,-0.941809,14.7697,11.9413,14.7697,501.325,,,,False,2.13338,0.0239473,-100,1.26791,-2.13338,99.0582,85.2303,-0.025266,-0.396229,F41,12.19,restep,显示域,mean_w0.1,causal_mean,display,True,0,12.19
0.063,14.7479,14.6849,14.7479,t_on+4.6~5.4s中位(=08-v6.1 P 口径),9.57269,t0+60s后中位,-1.65931,-2.166,-1.65931,99.2552,99.2552,99.2552,33.5825,0.57,0.57,0.57,False,6.74215,0.960997,-3.10974,1.9946,-6.74215,98.3407,0.744766,-0.243669,-14.5756,F42,11.03,onset,显示域,mean_w0.1,causal_mean,display,True,0,11.03
0.068,15.3126,15.2446,15.3126,t_on+4.6~5.4s中位(=08-v6.1 P 口径),16.9838,t0+60s后中位,5.80192,3.18045,5.80192,97.2075,97.2075,97.2075,-5.16098,23.65,23.65,23.65,False,8.16291,1.1994,-0.00502279,2.16891,-8.16291,105.802,2.79248,0.884478,-14.8189,F43,11,onset,显示域,mean_w0.1,causal_mean,display,True,0,11
76,4241.75,4165.75,4241.75,t_on+4.6~5.4s中位(=08-v6.1 P 口径),22201.8,t0+60s后中位,166.785,0.459338,166.785,91.7811,91.7811,91.7811,-264.351,,,3.44,True,3185.08,1.02162,-12.0933,1080.37,-3185.08,266.785,8.21894,6947.86,-3823.37,SW1,10.84,onset,ADC域,mean_w0.1,causal_mean,display,True,0,10.84
4811.46,11606.1,6794.66,11606.1,t_on+4.6~5.4s中位(=08-v6.1 P 口径),25339.1,t0+60s后中位,-6.12977,-6.62688,-6.12977,29.6576,29.6576,29.6576,-208.244,,,,False,2185.82,-2.77952,-92.1684,1080.37,-2185.82,93.8702,70.3424,-416.497,-2015.13,SW1,28.63,onset,ADC域,mean_w0.1,causal_mean,display,True,0,28.63
12297.8,16207.4,3909.6,16202.1,t_on+4.6~5.4s中位(=08-v6.1 P 口径),25571.5,t0+60s后中位,-10.5943,-28.8273,-10.5943,308.371,308.371,308.371,-250.244,,,,False,6536.96,0.619198,-264.875,1203.11,-6536.96,89.272,-208.505,-414.197,-12056.1,SW1,71.67,restep,ADC域,mean_w0.1,causal_mean,display,True,0,71.67
5447.1,18092.5,12645.4,18092.5,t_on+4.6~5.4s中位(=08-v6.1 P 口径),25607.5,t0+60s后中位,-18.2247,-18.2247,-18.2247,99.6938,99.6938,99.6938,-77.6531,,,,False,6536.96,0.967243,-43.6595,1203.11,-6536.96,81.7753,0.30621,-2304.6,-12606.7,SW1,75.89,onset,ADC域,mean_w0.1,causal_mean,display,True,0,75.89
19384.4,25851.7,6467.25,25850.6,t_on+4.6~5.4s中位(=08-v6.1 P 口径),22087.3,t0+60s后中位,42.0704,-72.8672,42.0704,399.715,173.76,399.715,100.26,,,,False,12066.4,0.89372,-8.92816,4421.41,-12066.4,142.053,-299.732,2720.8,-25850.6,SW1,110.45,restep,ADC域,mean_w0.1,causal_mean,display,True,0,110.45
61.0611,27163.2,27102.1,27163.8,t_on+4.6~5.4s中位(=08-v6.1 P 口径),20127.8,t0+60s后中位,6.13164,5.19372,6.13164,99.9692,99.9692,99.9692,32.0926,,,,False,12066.4,1.04132,5.10513,3368.96,-12066.4,106.134,0.0329822,1661.8,-27093.8,SW1,133.83,onset,ADC域,mean_w0.1,causal_mean,display,True,0,133.83
52.8433,25248,25195.2,25248,t_on+4.6~5.4s中位(=08-v6.1 P 口径),60.6632,t0+60s后中位,11.5237,11.5237,11.5237,99.9504,99.9504,99.9504,111.493,,,2.45,True,15402,0.975362,10.8605,7130.22,-15402,111.524,0.049595,2903.43,-25182.7,SW1,185.97,onset,ADC域,mean_w0.1,causal_mean,display,True,0,185.97
5760.84,11857,6096.16,11857,t_on+4.6~5.4s中位(=08-v6.1 P 口径),22086.1,后1/3段中位(不足60s),186.642,-19.934,186.642,169.231,107.339,169.231,18.8454,,,,False,7455.15,0.874391,-39.6367,1250.7,-7455.15,286.642,-69.2313,11378,-10316.6,SW1,217.74,restep,ADC域,mean_w0.1,causal_mean,display,True,0,217.74
12122.3,19875.9,7753.67,19875.9,t_on+4.6~5.4s中位(=08-v6.1 P 口径),22086.1,后1/3段中位(不足60s),45.6436,-26.0894,45.6436,256.343,236.476,256.343,17.1384,,,,False,19821.7,0.89791,-159.717,19821.7,-7455.15,145.644,-156.343,3539.05,-19875.9,SW1,230.64,restep,ADC域,mean_w0.1,causal_mean,display,True,0,230.64
5210.44,20245.8,15035.4,20245.8,t_on+4.6~5.4s中位(=08-v6.1 P 口径),22086.1,后1/3段中位(不足60s),21.0779,-15.9144,21.0779,134.654,124.409,134.654,8.83815,,,,False,19821.7,0.591226,6.86966,19821.7,-7455.15,121.078,-34.6545,3169.15,-20245.8,SW1,233.05,onset,ADC域,mean_w0.1,causal_mean,display,True,0,233.05
20414.6,25671.8,5257.15,25671.8,t_on+4.6~5.4s中位(=08-v6.1 P 口径),22086.1,后1/3段中位(不足60s),-42.9281,-48.7661,-42.9281,488.321,145.736,488.321,25.277,,,,False,19821.7,0.877161,-4.19423,19821.7,-3972.79,57.0719,-388.321,-2256.8,-25671.8,SW1,240.72,restep,ADC域,mean_w0.1,causal_mean,display,True,0,240.72
62,14458.3,14396.3,14458.3,t_on+4.6~5.4s中位(=08-v6.1 P 口径),24133.2,后1/3段中位(不足60s),57.6919,8.4654,57.6919,100.419,88.4921,100.419,-9.51208,,,,False,13126.5,0.262492,-5.9346,13126.5,-9107.19,157.692,-0.419346,8305.52,-14456.7,SW2,11.79,onset,ADC域,mean_w0.1,causal_mean,display,True,0,11.79
13424.9,14858.2,1433.25,14852.5,t_on+4.6~5.4s中位(=08-v6.1 P 口径),24133.2,后1/3段中位(不足60s),555.759,57.5309,555.759,1036.17,-19.2966,1036.17,-91.775,,,,False,13126.5,1.04226,-101.956,13126.5,-9107.19,655.363,-936.563,7965.4,-14850.8,SW2,13.7,restep,ADC域,mean_w0.1,causal_mean,display,True,0,13.7
14922.6,15402.5,479.895,15402.8,t_on+4.6~5.4s中位(=08-v6.1 P 口径),24133.2,后1/3段中位(不足60s),1682,138.278,1682,3209.27,57.0347,3209.27,-137.247,,,,False,13126.5,0.990752,-101.865,13126.5,-9107.19,1782.05,-3109.21,8071.85,-15401.1,SW2,14.86,restep,ADC域,mean_w0.1,causal_mean,display,True,0,14.86
16009.1,17425.7,1416.62,17425.7,t_on+4.6~5.4s中位(=08-v6.1 P 口径),24133.2,后1/3段中位(不足60s),668.893,-54.6587,668.893,1229.97,1229.97,1229.97,195.404,,,,False,17423.3,1.29517,-1139.33,17423.3,-15315.4,768.893,-1129.97,9475.68,-17424.1,SW2,31.22,restep,ADC域,mean_w0.1,causal_mean,display,True,0,31.22
37.3925,21643.5,21606.1,21639.1,t_on+4.6~5.4s中位(=08-v6.1 P 口径),24133.2,后1/3段中位(不足60s),25.9998,4.58561,25.9998,100.034,95.2833,100.034,14.4561,,,,False,17423.3,0.294746,-0.276389,17423.3,-15315.4,125.98,-0.0539532,5617.54,-21613.4,SW2,35.96,onset,ADC域,mean_w0.1,causal_mean,display,True,0,35.96
38,25209.3,25171.3,25209.3,t_on+4.6~5.4s中位(=08-v6.1 P 口径),24133.2,后1/3段中位(不足60s),8.55576,6.72216,8.55576,99.0113,99.0113,99.0113,12.8308,,,,False,15315.4,1.07436,5.60486,3421.66,-15315.4,108.556,0.988697,2153.6,-24922.4,SW2,57.3,onset,ADC域,mean_w0.1,causal_mean,display,True,0,57.3
69.5794,17701.9,17632.3,17701.9,t_on+4.6~5.4s中位(=08-v6.1 P 口径),27305,后1/3段中位(不足60s),59.0615,-12.5138,59.0615,100.395,77.157,100.395,4.59788,,,,False,18851.2,0.737735,-35.6775,18851.2,-8009.8,159.062,-0.394614,10413.9,-17701.9,SW3,10.92,onset,ADC域,mean_w0.1,causal_mean,display,True,0,10.92
18559.6,25621.5,7061.97,25621.5,t_on+4.6~5.4s中位(=08-v6.1 P 口径),27305,后1/3段中位(不足60s),37.735,-60.1497,37.735,362.81,140.149,362.81,13.8961,,,,False,18851.2,1.99723,-22.9758,18851.2,-8009.8,137.735,-262.81,2664.83,-25621.5,SW3,20.72,restep,ADC域,mean_w0.1,causal_mean,display,True,0,20.72
55.4942,26638.1,26582.6,26638.1,t_on+4.6~5.4s中位(=08-v6.1 P 口径),27305,后1/3段中位(不足60s),6.45318,5.55882,6.45318,100.027,95.795,100.027,3.94414,,,,False,25482.3,1.13463,1.01696,25482.3,-8009.8,106.453,-0.0266875,1715.42,-26589.7,SW3,39.08,onset,ADC域,mean_w0.1,causal_mean,display,True,0,39.08
27714.7,53,-27661.7,53,段末帧(退化),27305,后1/3段中位(不足60s),0.0166295,0.0166295,0.0166295,101.943,101.943,101.943,98.5356,,,,False,25482.3,1.01569,1.94396,25482.3,-1.6,1.94254,-100.017,28199,-4.6,SW3,60.78,restep,ADC域,mean_w0.1,causal_mean,display,True,0,60.78
84,15448.2,15364.2,15448.2,t_on+4.6~5.4s中位(=08-v6.1 P 口径),24171.5,t0+60s后中位,49.4086,-3.31101,49.4086,86.847,86.847,86.847,-7.36876,,,,False,6948.92,1.11839,-16.5984,1675.49,-6948.92,149.409,13.153,7591.22,-13343.3,SW4,8.41,onset,ADC域,mean_w0.1,causal_mean,display,True,0,8.41
16085.4,22496.9,6411.47,22496.9,t_on+4.6~5.4s中位(=08-v6.1 P 口径),27884.7,t0+60s后中位,8.46142,-18.5891,8.46142,117.257,117.257,117.257,-75.5732,,,,False,4359.03,0.94388,-1.33163,-21.4934,-4359.03,108.461,-17.2574,542.501,-7517.92,SW4,18.68,restep,ADC域,mean_w0.1,causal_mean,display,True,0,18.68
22912.5,24098.4,1185.96,24095.9,t_on+4.6~5.4s中位(=08-v6.1 P 口径),28247.1,t0+60s后中位,-89.0841,-89.0841,-89.0841,577.938,577.938,577.938,-439.114,,,,False,4359.03,0.426704,-137.639,-219.399,-4359.03,10.7012,-478.152,-1056.5,-6854.09,SW4,26.57,restep,ADC域,mean_w0.1,causal_mean,display,True,0,26.57
19465.9,24135.1,4669.26,24133.3,t_on+4.6~5.4s中位(=08-v6.1 P 口径),28278.7,t0+60s后中位,-23.4278,-23.4278,-23.4278,134.499,134.499,134.499,-112.208,,,,False,4359.03,0.650575,5.94908,-219.399,-4359.03,76.5325,-34.5389,-1093.91,-6280.11,SW4,27.6,restep,ADC域,mean_w0.1,causal_mean,display,True,0,27.6
20983.1,24429.9,3446.83,24429.7,t_on+4.6~5.4s中位(=08-v6.1 P 口径),27976.3,后1/3段中位(不足60s),155.749,-73.3884,155.749,708.757,104.869,708.757,52.8541,,,,False,16850.7,0.894857,-83.0505,16850.7,-8334.81,255.742,-608.764,5368.41,-24429.7,SW4,61.37,restep,ADC域,mean_w0.1,causal_mean,display,True,0,61.37
75,27895.9,27820.9,27895.9,t_on+4.6~5.4s中位(=08-v6.1 P 口径),27976.3,后1/3段中位(不足60s),22.851,6.83722,22.851,100.055,55.4389,100.055,22.562,,,,False,20947.4,1.43024,-37.7722,20947.4,-8334.81,122.851,-0.054695,6357.35,-27836.1,SW4,88,onset,ADC域,mean_w0.1,causal_mean,display,True,0,88
28337.8,30791.3,2453.48,30791.3,t_on+4.6~5.4s中位(=08-v6.1 P 口径),27976.3,后1/3段中位(不足60s),141.105,115.594,141.105,1252.57,7.52832,1252.57,255.84,,,,False,20947.4,1.03943,-74.7372,20947.4,-17.29,241.105,-1152.57,3461.98,-30731.5,SW4,99.36,restep,ADC域,mean_w0.1,causal_mean,display,True,0,99.36
29453,32163.4,2710.38,32155.5,t_on+4.6~5.4s中位(=08-v6.1 P 口径),27976.3,后1/3段中位(不足60s),77.3978,77.3978,77.3978,1184.18,-11.2065,1184.18,231.59,,,,False,20947.4,1.07821,-37.6082,20947.4,-17.29,177.106,-1084.47,2097.77,-32095.7,SW4,104.24,restep,ADC域,mean_w0.1,causal_mean,display,True,0,104.24
0.549442,14.7073,14.1578,14.7057,t_on+4.6~5.4s中位(=08-v6.1 P 口径),1.16117,t0+60s后中位,2.59767,-1.6821,2.59767,97.6407,97.6407,97.6407,98.2656,0.61,0.61,0.61,False,7.45848,1.08582,-4.04143,1.4863,-7.45848,102.586,2.34804,0.367775,-13.8238,RT1,8.27,onset,显示域,mean_w0.2,causal_mean,display,True,0,8.27
14.6375,15.8381,1.20052,15.8268,t_on+4.6~5.4s中位(=08-v6.1 P 口径),1.11186,t0+60s后中位,-62.7513,-62.7513,-62.7513,119.782,114.842,119.782,1162.96,,,,False,2.55899,0.00156655,-75.0184,-0.101587,-2.55899,36.3118,-20.7191,-0.753341,-1.43801,RT1,13.6,restep,显示域,mean_w0.2,causal_mean,display,True,0,13.6
0.290396,16.726,16.4356,16.726,t_on+4.6~5.4s中位(=08-v6.1 P 口径),19.7617,t0+60s后中位,-1.1325,-2.689,-1.1325,99.5994,99.5994,99.5994,-19.603,0.66,0.66,0.66,False,9.0539,0.958971,-3.13502,2.12648,-9.0539,98.8675,0.400583,-0.186134,-16.3698,RT2,12.32,onset,显示域,mean_w0.2,causal_mean,display,True,0,12.32
20.8432,22.0158,1.1726,22.0168,t_on+4.6~5.4s中位(=08-v6.1 P 口径),0.329168,t0+60s后中位,-441.26,-441.26,-441.26,1877.61,603.657,1877.61,1408.28,,,,False,13.6042,0.76149,-68.5582,13.6042,-6.52668,-341.181,-1777.53,-5.17419,-22.0168,RT2,147.11,restep,显示域,mean_w0.2,causal_mean,display,True,0,147.11
0.043,16.5567,16.5137,16.5389,t_on+4.6~5.4s中位(=08-v6.1 P 口径),20.5361,t0+60s后中位,12.6304,5.10368,12.6304,99.8164,99.8164,99.8164,-11.5749,,,,False,12.2542,1.01196,4.76062,2.20623,-12.2542,112.523,0.0761966,2.08575,-16.4833,RT3,10.59,onset,显示域,mean_w0.2,causal_mean,display,True,0,10.59
0,15.2813,15.2813,15.2813,t_on+4.6~5.4s中位(=08-v6.1 P 口径),17.8094,t0+60s后中位,12.8029,4.69842,12.8029,100,100,100,-3.74145,,,,False,12.2586,1.0125,4.44779,2.10134,-12.2586,112.803,0,1.95644,-15.2813,LT1,11.69,onset,显示域,mean_w0.2,causal_mean,display,True,0,11.69
0,16.1212,16.1212,16.1212,t_on+4.6~5.4s中位(=08-v6.1 P 口径),18.002,t0+60s后中位,4.17945,4.17945,4.17945,97.3231,97.3231,97.3231,-7.48745,1.74,1.74,1.74,False,13.3385,1.45937,1.21205,2.24692,-13.3385,104.179,2.67688,0.673775,-15.6896,LT2,14.92,onset,显示域,mean_w0.2,causal_mean,display,True,0,14.92
0,17.5144,17.5144,17.5144,t_on+4.6~5.4s中位(=08-v6.1 P 口径),18.8563,t0+60s后中位,5.8823,3.29493,5.8823,98.3398,98.3398,98.3398,-1.77945,,,77.22,True,12.3724,1.44714,1.47923,2.25898,-12.3724,105.882,1.66017,1.03025,-17.2236,LT3,10.87,onset,显示域,mean_w0.2,causal_mean,display,True,0,10.87
0.064,13.3829,13.3189,13.3829,t_on+4.6~5.4s中位(=08-v6.1 P 口径),0.101758,t0+60s后中位,0.965092,-0.895447,0.965092,98.3256,98.3256,98.3256,100.682,0.6,0.6,0.6,False,9.14949,1.23173,-2.77656,1.71138,-9.14949,100.965,1.67438,0.128539,-13.0959,F41,10.94,onset,显示域,mean_w0.2,causal_mean,display,True,0,10.94
10.8737,13.5564,2.68271,13.5564,t_on+4.6~5.4s中位(=08-v6.1 P 口径),0.082,t0+60s后中位,-1.67523,-6.48918,-1.67523,14.6582,11.94,14.6582,500.592,,,,False,2.12887,0.0271724,-100,1.26791,-2.12887,98.3248,85.3418,-0.0449415,-0.393238,F41,12.19,restep,显示域,mean_w0.2,causal_mean,display,True,0,12.19
0.063,14.7479,14.6849,14.7479,t_on+4.6~5.4s中位(=08-v6.1 P 口径),9.57269,t0+60s后中位,-1.68326,-2.22112,-1.68326,99.6451,99.6451,99.6451,33.5586,0.64,0.64,0.64,False,7.93816,0.964922,-2.71992,1.8693,-7.93816,98.3167,0.354948,-0.247186,-14.6328,F42,11.03,onset,显示域,mean_w0.2,causal_mean,display,True,0,11.03
0.068,15.3126,15.2446,15.3126,t_on+4.6~5.4s中位(=08-v6.1 P 口径),16.9838,t0+60s后中位,5.78039,3.04003,5.78039,98.6011,98.6011,98.6011,-5.18251,23.73,23.73,23.73,False,9.25865,1.21539,1.38852,2.09272,-9.25865,105.78,1.39894,0.881196,-15.0313,F43,11,onset,显示域,mean_w0.2,causal_mean,display,True,0,11
76,4241.75,4165.75,4241.75,t_on+4.6~5.4s中位(=08-v6.1 P 口径),22201.8,t0+60s后中位,166.718,0.343153,166.718,95.8394,95.8394,95.8394,-264.418,,,3.5,True,4084.01,1.03761,-8.0164,666.372,-4084.01,266.718,4.16055,6945.06,-3992.43,SW1,10.84,onset,ADC域,mean_w0.2,causal_mean,display,True,0,10.84
4811.46,11606.1,6794.66,11606.1,t_on+4.6~5.4s中位(=08-v6.1 P 口径),25339.1,t0+60s后中位,-6.17107,-6.62688,-6.17107,49.4247,49.4247,49.4247,-208.285,,,,False,4084.01,-9.08711,-61.2416,157.508,-4084.01,93.8289,50.5753,-419.303,-3358.24,SW1,28.63,onset,ADC域,mean_w0.2,causal_mean,display,True,0,28.63
12297.8,16207.4,3909.6,16202.1,t_on+4.6~5.4s中位(=08-v6.1 P 口径),25571.5,t0+60s后中位,-19.3087,-33.224,-19.3087,306.353,306.353,306.353,-258.958,,,,False,7609.09,0.554768,-274.724,2329.25,-7609.09,80.5576,-206.487,-754.893,-11977.2,SW1,71.67,restep,ADC域,mean_w0.2,causal_mean,display,True,0,71.67
5447.1,18092.5,12645.4,18092.5,t_on+4.6~5.4s中位(=08-v6.1 P 口径),25607.5,t0+60s后中位,-20.919,-20.919,-20.919,90.4722,90.4722,90.4722,-80.3473,,,,False,7609.09,1.14402,-34.1545,1723.1,-7609.09,79.081,9.52778,-2645.3,-11440.6,SW1,75.89,onset,ADC域,mean_w0.2,causal_mean,display,True,0,75.89
19384.4,25851.7,6467.25,25850.6,t_on+4.6~5.4s中位(=08-v6.1 P 口径),22087.3,t0+60s后中位,41.9493,-72.8859,41.9493,399.671,165.75,399.671,100.139,,,,False,12738.6,0.887455,-9.0835,10038.2,-12738.6,141.932,-299.688,2712.97,-25847.8,SW1,110.45,restep,ADC域,mean_w0.2,causal_mean,display,True,0,110.45
61.0611,27163.2,27102.1,27163.8,t_on+4.6~5.4s中位(=08-v6.1 P 口径),20127.8,t0+60s后中位,6.10317,5.16482,6.10317,99.9771,99.9771,99.9771,32.0641,,,,False,12738.6,1.04137,5.13598,3292.27,-12738.6,106.105,0.0250916,1654.09,-27095.9,SW1,133.83,onset,ADC域,mean_w0.2,causal_mean,display,True,0,133.83
52.8433,25248,25195.2,25248,t_on+4.6~5.4s中位(=08-v6.1 P 口径),60.6632,t0+60s后中位,11.337,11.337,11.337,99.9726,99.9726,99.9726,111.306,,,2.5,True,16919.2,0.975972,10.8827,7991.24,-16919.2,111.337,0.0274098,2856.37,-25188.3,SW1,185.97,onset,ADC域,mean_w0.2,causal_mean,display,True,0,185.97
5760.84,11857,6096.16,11857,t_on+4.6~5.4s中位(=08-v6.1 P 口径),22086.1,后1/3段中位(不足60s),186.477,-25.489,186.477,163.993,107.439,163.993,18.6801,,,,False,8988.1,0.874819,-40.2666,2404.18,-8988.1,286.477,-63.9933,11367.9,-9997.29,SW1,217.74,restep,ADC域,mean_w0.2,causal_mean,display,True,0,217.74
12122.3,19875.9,7753.67,19875.9,t_on+4.6~5.4s中位(=08-v6.1 P 口径),22086.1,后1/3段中位(不足60s),45.0605,-26.0894,45.0605,256.343,232.358,256.343,16.5552,,,,False,21542.7,1.037,-175.153,21542.7,-8988.1,145.06,-156.343,3493.84,-19875.9,SW1,230.64,restep,ADC域,mean_w0.2,causal_mean,display,True,0,230.64
5210.44,20245.8,15035.4,20245.8,t_on+4.6~5.4s中位(=08-v6.1 P 口径),22086.1,后1/3段中位(不足60s),20.7772,-15.9144,20.7772,134.654,122.286,134.654,8.53743,,,,False,21542.7,0.875314,0.556885,21542.7,-8988.1,120.777,-34.6545,3123.94,-20245.8,SW1,233.05,onset,ADC域,mean_w0.2,causal_mean,display,True,0,233.05
20414.6,25671.8,5257.15,25671.8,t_on+4.6~5.4s中位(=08-v6.1 P 口径),22086.1,后1/3段中位(不足60s),-43.7882,-49.4365,-43.7882,488.321,145.639,488.321,24.417,,,,False,21542.7,0.877421,-4.65772,21542.7,-4064.9,56.2118,-388.321,-2302.01,-25671.8,SW1,240.72,restep,ADC域,mean_w0.2,causal_mean,display,True,0,240.72
62,14458.3,14396.3,14458.3,t_on+4.6~5.4s中位(=08-v6.1 P 口径),24133.2,后1/3段中位(不足60s),57.6386,7.01934,57.6386,100.382,94.2547,100.382,-9.56545,,,,False,14506.5,0.133629,-0.172021,14506.5,-10344.7,157.639,-0.382022,8297.84,-14451.3,SW2,11.79,onset,ADC域,mean_w0.2,causal_mean,display,True,0,11.79
13424.9,14858.2,1433.25,14852.5,t_on+4.6~5.4s中位(=08-v6.1 P 口径),24133.2,后1/3段中位(不足60s),554.961,52.9581,554.961,1035.79,-23.8814,1035.79,-92.5723,,,,False,14506.5,1.04128,-100.883,14506.5,-10176.5,654.565,-936.188,7953.97,-14845.5,SW2,13.7,restep,ADC域,mean_w0.2,causal_mean,display,True,0,13.7
14922.6,15402.5,479.895,15402.8,t_on+4.6~5.4s中位(=08-v6.1 P 口径),24133.2,后1/3段中位(不足60s),1679.69,136.661,1679.69,3208.15,43.342,3208.15,-139.561,,,,False,14506.5,0.990451,-100.843,14506.5,-10176.5,1779.74,-3108.09,8060.74,-15395.7,SW2,14.86,restep,ADC域,mean_w0.2,causal_mean,display,True,0,14.86
16009.1,17425.7,1416.62,17425.7,t_on+4.6~5.4s中位(=08-v6.1 P 口径),24133.2,后1/3段中位(不足60s),668.133,-146.695,668.133,1229.59,1229.59,1229.59,194.644,,,,False,20465.6,1.34899,-1181.07,20465.6,-16304.6,768.133,-1129.59,9464.92,-17418.7,SW2,31.22,restep,ADC域,mean_w0.2,causal_mean,display,True,0,31.22
37.3925,21643.5,21606.1,21639.1,t_on+4.6~5.4s中位(=08-v6.1 P 口径),24133.2,后1/3段中位(不足60s),25.9727,4.51297,25.9727,100.026,97.629,100.026,14.429,,,,False,20465.6,0.147656,2.06929,20465.6,-16304.6,125.952,-0.0466163,5611.68,-21611.8,SW2,35.96,onset,ADC域,mean_w0.2,causal_mean,display,True,0,35.96
38,25209.3,25171.3,25209.3,t_on+4.6~5.4s中位(=08-v6.1 P 口径),24133.2,后1/3段中位(不足60s),8.54337,6.6794,8.54337,99.5057,99.5057,99.5057,12.8184,,,,False,16304.6,1.07946,6.09921,3299.09,-16304.6,108.543,0.494348,2150.48,-25046.9,SW2,57.3,onset,ADC域,mean_w0.2,causal_mean,display,True,0,57.3
69.5794,17701.9,17632.3,17701.9,t_on+4.6~5.4s中位(=08-v6.1 P 口径),27305,后1/3段中位(不足60s),58.8891,-12.5631,58.8891,100.395,85.842,100.395,4.42543,,,,False,19845.1,0.462008,-26.999,19845.1,-13094.6,158.889,-0.394614,10383.5,-17701.9,SW3,10.92,onset,ADC域,mean_w0.2,causal_mean,display,True,0,10.92
18559.6,25621.5,7061.97,25621.5,t_on+4.6~5.4s中位(=08-v6.1 P 口径),27305,后1/3段中位(不足60s),37.6992,-60.917,37.6992,362.81,141.199,362.81,13.8603,,,,False,19845.1,2.00927,-27.3979,19845.1,-13094.6,137.699,-262.81,2662.31,-25621.5,SW3,20.72,restep,ADC域,mean_w0.2,causal_mean,display,True,0,20.72
55.4942,26638.1,26582.6,26638.1,t_on+4.6~5.4s中位(=08-v6.1 P 口径),27305,后1/3段中位(不足60s),6.431,5.44443,6.431,100.024,97.8998,100.024,3.92196,,,,False,26781.9,1.15819,3.12178,26781.9,-13094.6,106.431,-0.023678,1709.53,-26588.9,SW3,39.08,onset,ADC域,mean_w0.2,causal_mean,display,True,0,39.08
27714.7,53,-27661.7,53,段末帧(退化),27305,后1/3段中位(不足60s),0.0137374,0.0137374,0.0137374,101.805,101.805,101.805,98.5327,,,,False,26781.9,1.01433,1.80588,26781.9,-2.18939,1.80488,-100.014,28161,-3.8,SW3,60.78,restep,ADC域,mean_w0.2,causal_mean,display,True,0,60.78
84,15448.2,15364.2,15448.2,t_on+4.6~5.4s中位(=08-v6.1 P 口径),24171.5,t0+60s后中位,48.6892,-3.3782,48.6892,93.0132,93.0132,93.0132,-8.0882,,,,False,8248.25,1.16902,-10.4322,1584.64,-8248.25,148.689,6.98677,7480.68,-14290.7,SW4,8.41,onset,ADC域,mean_w0.2,causal_mean,display,True,0,8.41
16085.4,22496.9,6411.47,22496.9,t_on+4.6~5.4s中位(=08-v6.1 P 口径),27884.7,t0+60s后中位,6.73737,-18.5891,6.73737,117.147,117.147,117.147,-77.2973,,,14.82,True,4509.79,0.942258,-1.44789,331.505,-4509.79,106.737,-17.1474,431.964,-7510.87,SW4,18.68,restep,ADC域,mean_w0.2,causal_mean,display,True,0,18.68
22912.5,24098.4,1185.96,24095.9,t_on+4.6~5.4s中位(=08-v6.1 P 口径),28247.1,t0+60s后中位,-98.4046,-107.961,-98.4046,556.09,556.09,556.09,-448.435,,,,False,4509.79,-0.0545912,-187.35,331.505,-4509.79,1.38074,-456.305,-1167.04,-6594.99,SW4,26.57,restep,ADC域,mean_w0.2,causal_mean,display,True,0,26.57
19465.9,24135.1,4669.26,24133.3,t_on+4.6~5.4s中位(=08-v6.1 P 口径),28278.7,t0+60s后中位,-25.7952,-28.2223,-25.7952,134.445,134.445,134.445,-114.575,,,,False,4509.79,0.648283,6.01589,-181.183,-4509.79,74.1652,-34.4846,-1204.44,-6277.58,SW4,27.6,restep,ADC域,mean_w0.2,causal_mean,display,True,0,27.6
20983.1,24429.9,3446.83,24429.7,t_on+4.6~5.4s中位(=08-v6.1 P 口径),27976.3,后1/3段中位(不足60s),155.622,-73.5772,155.622,708.757,114.483,708.757,52.727,,,,False,19147.8,0.874179,-69.1254,19147.8,-12493.7,255.615,-608.764,5364.03,-24429.7,SW4,61.37,restep,ADC域,mean_w0.2,causal_mean,display,True,0,61.37
75,27895.9,27820.9,27895.9,t_on+4.6~5.4s中位(=08-v6.1 P 口径),27976.3,后1/3段中位(不足60s),22.5978,6.82146,22.5978,100.054,68.6215,100.054,22.3089,,,,False,22034.2,1.67746,-24.5896,22034.2,-12493.7,122.598,-0.0541759,6286.92,-27836,SW4,88,onset,ADC域,mean_w0.2,causal_mean,display,True,0,88
28337.8,30791.3,2453.48,30791.3,t_on+4.6~5.4s中位(=08-v6.1 P 口径),27976.3,后1/3段中位(不足60s),138.234,94.7033,138.234,1252.56,9.97462,1252.56,252.969,,,,False,22034.2,1.03047,-78.4082,22034.2,-18.5108,238.234,-1152.56,3391.55,-30731.4,SW4,99.36,restep,ADC域,mean_w0.2,causal_mean,display,True,0,99.36
29453,32163.4,2710.38,32155.5,t_on+4.6~5.4s中位(=08-v6.1 P 口径),27976.3,后1/3段中位(不足60s),74.7991,74.7991,74.7991,1184.17,-12.0228,1184.17,228.991,,,,False,22034.2,1.07896,-37.7534,22034.2,-18.5108,174.508,-1084.46,2027.34,-32095.6,SW4,104.24,restep,ADC域,mean_w0.2,causal_mean,display,True,0,104.24
0.549442,14.7073,14.1578,14.7057,t_on+4.6~5.4s中位(=08-v6.1 P 口径),1.16117,t0+60s后中位,1.90996,-1.73232,1.90996,99.2838,99.2838,99.2838,97.5779,0.83,0.83,0.83,False,8.69701,1.10418,-2.76333,0.995626,-8.69701,101.899,0.704909,0.270409,-14.0564,RT1,8.27,onset,显示域,mean_w0.5,causal_mean,display,True,0,8.27
14.6375,15.8381,1.20052,15.8268,t_on+4.6~5.4s中位(=08-v6.1 P 口径),1.11186,t0+60s后中位,-70.8616,-70.8616,-70.8616,119.055,113.664,119.055,1154.85,,,,False,2.56659,0.0133843,-73.8654,-0.302617,-2.56659,28.2015,-19.9918,-0.850707,-1.42928,RT1,13.6,restep,显示域,mean_w0.5,causal_mean,display,True,0,13.6
0.290396,16.726,16.4356,16.726,t_on+4.6~5.4s中位(=08-v6.1 P 口径),19.7617,t0+60s后中位,-1.1644,-2.74281,-1.1644,99.7108,99.7108,99.7108,-19.6349,0.89,0.89,0.89,False,10.2034,0.960675,-3.49025,1.59327,-10.2034,98.8356,0.289212,-0.191376,-16.3881,RT2,12.32,onset,显示域,mean_w0.5,causal_mean,display,True,0,12.32
20.8432,22.0158,1.1726,22.0168,t_on+4.6~5.4s中位(=08-v6.1 P 口径),0.329168,t0+60s后中位,-444.096,-444.096,-444.096,1866.12,549.004,1866.12,1405.44,,,,False,14.861,0.75981,-68.3862,14.861,-6.45259,-344.018,-1766.04,-5.20745,-21.8821,RT2,147.11,restep,显示域,mean_w0.5,causal_mean,display,True,0,147.11
0.043,16.5567,16.5137,16.5389,t_on+4.6~5.4s中位(=08-v6.1 P 口径),20.5361,t0+60s后中位,12.589,5.00804,12.589,99.8619,99.8619,99.8619,-11.6162,,,,False,12.6489,1.01293,4.47798,2.02009,-12.6489,112.482,0.0306382,2.07891,-16.4909,RT3,10.59,onset,显示域,mean_w0.5,causal_mean,display,True,0,10.59
0,15.2813,15.2813,15.2813,t_on+4.6~5.4s中位(=08-v6.1 P 口径),17.8094,t0+60s后中位,12.7561,4.54804,12.7561,100,100,100,-3.78828,,,,False,12.6458,1.01142,4.13656,1.88038,-12.6458,112.756,0,1.94929,-15.2813,LT1,11.69,onset,显示域,mean_w0.5,causal_mean,display,True,0,11.69
0,16.1212,16.1212,16.1212,t_on+4.6~5.4s中位(=08-v6.1 P 口径),18.002,t0+60s后中位,3.96381,3.96381,3.96381,98.9292,98.9292,98.9292,-7.70309,1.93,1.93,1.93,False,14.0322,1.48262,2.81663,1.99531,-14.0322,103.964,1.07075,0.639012,-15.9485,LT2,14.92,onset,显示域,mean_w0.5,causal_mean,display,True,0,14.92
0,17.5144,17.5144,17.5144,t_on+4.6~5.4s中位(=08-v6.1 P 口径),18.8563,t0+60s后中位,5.82159,3.20161,5.82159,99.3359,99.3359,99.3359,-1.84016,,,77.17,True,13.359,1.461,2.1675,2.06146,-13.359,105.822,0.664068,1.01961,-17.3981,LT3,10.87,onset,显示域,mean_w0.5,causal_mean,display,True,0,10.87
0.064,13.3829,13.3189,13.3829,t_on+4.6~5.4s中位(=08-v6.1 P 口径),0.101758,t0+60s后中位,0.899757,-1.01949,0.899757,99.2922,99.2922,99.2922,100.616,0.81,0.81,0.81,False,9.57535,1.24403,-1.97982,1.53768,-9.57535,100.9,0.707849,0.119838,-13.2246,F41,10.94,onset,显示域,mean_w0.5,causal_mean,display,True,0,10.94
10.8737,13.5564,2.68271,13.5564,t_on+4.6~5.4s中位(=08-v6.1 P 口径),0.082,t0+60s后中位,-1.9996,-7.76372,-1.9996,14.493,11.9392,14.493,500.267,,,,False,2.12987,0.0297455,-100.016,1.26834,-2.12987,98.0004,85.507,-0.0536434,-0.388804,F41,12.19,restep,显示域,mean_w0.5,causal_mean,display,True,0,12.19
0.063,14.7479,14.6849,14.7479,t_on+4.6~5.4s中位(=08-v6.1 P 口径),9.57269,t0+60s后中位,-1.79472,-2.30743,-1.79472,99.8253,99.8253,99.8253,33.4471,0.86,0.86,0.86,False,8.99906,0.966823,-2.76265,1.42065,-8.99906,98.2053,0.174729,-0.263553,-14.6593,F42,11.03,onset,显示域,mean_w0.5,causal_mean,display,True,0,11.03
0.068,15.3126,15.2446,15.3126,t_on+4.6~5.4s中位(=08-v6.1 P 口径),16.9838,t0+60s后中位,5.74217,2.88849,5.74217,99.4389,99.4389,99.4389,-5.22073,23.98,23.98,23.98,False,10.0309,1.22583,2.09097,1.78677,-10.0309,105.742,0.561108,0.875369,-15.159,F43,11,onset,显示域,mean_w0.5,causal_mean,display,True,0,11
76,4241.75,4165.75,4241.75,t_on+4.6~5.4s中位(=08-v6.1 P 口径),22201.8,t0+60s后中位,166.685,0.24875,166.685,98.3481,98.3481,98.3481,-264.451,,,3.75,True,6412.65,1.04668,-5.21217,573.232,-6412.65,266.685,1.65186,6943.68,-4096.94,SW1,10.84,onset,ADC域,mean_w0.5,causal_mean,display,True,0,10.84
4811.46,11606.1,6794.66,11606.1,t_on+4.6~5.4s中位(=08-v6.1 P 口径),25339.1,t0+60s后中位,-6.1914,-6.97913,-6.1914,83.6964,83.6964,83.6964,-208.306,,,,False,6412.65,-16.8087,-24.587,100.469,-6412.65,93.8086,16.3036,-420.685,-5686.88,SW1,28.63,onset,ADC域,mean_w0.5,causal_mean,display,True,0,28.63
12297.8,16207.4,3909.6,16202.1,t_on+4.6~5.4s中位(=08-v6.1 P 口径),25571.5,t0+60s后中位,-24.9545,-56.5083,-24.9545,303.763,303.763,303.763,-264.604,,,,False,9746.33,0.561883,-273.339,4129.73,-9746.33,74.9118,-203.897,-975.621,-11875.9,SW1,71.67,restep,ADC域,mean_w0.5,causal_mean,display,True,0,71.67
5447.1,18092.5,12645.4,18092.5,t_on+4.6~5.4s中位(=08-v6.1 P 口径),25607.5,t0+60s后中位,-22.6645,-22.6645,-22.6645,98.1247,98.1247,98.1247,-82.0929,,,,False,9746.33,1.30356,-26.7048,677.849,-9746.33,77.3355,1.87528,-2866.02,-12408.3,SW1,75.89,onset,ADC域,mean_w0.5,causal_mean,display,True,0,75.89
19384.4,25851.7,6467.25,25850.6,t_on+4.6~5.4s中位(=08-v6.1 P 口径),22087.3,t0+60s后中位,41.8766,-72.9042,41.8766,399.37,166.836,399.37,100.066,,,,False,16502.2,0.88374,-16.267,16502.2,-13144.6,141.86,-299.387,2708.27,-25828.3,SW1,110.45,restep,ADC域,mean_w0.5,causal_mean,display,True,0,110.45
61.0611,27163.2,27102.1,27163.8,t_on+4.6~5.4s中位(=08-v6.1 P 口径),20127.8,t0+60s后中位,6.08497,5.14748,6.08497,99.9904,99.9904,99.9904,32.0459,,,,False,13144.6,1.04121,4.1292,2417.49,-13144.6,106.087,0.0117857,1649.15,-27099.5,SW1,133.83,onset,ADC域,mean_w0.5,causal_mean,display,True,0,133.83
52.8433,25248,25195.2,25248,t_on+4.6~5.4s中位(=08-v6.1 P 口径),60.6632,t0+60s后中位,11.0809,11.0809,11.0809,99.9953,99.9953,99.9953,111.05,,,2.64,True,19784.6,0.97695,10.7898,11978,-19784.6,111.081,0.00467561,2791.84,-25194,SW1,185.97,onset,ADC域,mean_w0.5,causal_mean,display,True,0,185.97
5760.84,11857,6096.16,11857,t_on+4.6~5.4s中位(=08-v6.1 P 口径),22086.1,后1/3段中位(不足60s),186.383,-38.3249,186.383,155.173,107.48,155.173,18.5862,,,,False,9731.37,0.874993,-31.469,3785.63,-9731.37,286.383,-55.1732,11362.2,-9459.61,SW1,217.74,restep,ADC域,mean_w0.5,causal_mean,display,True,0,217.74
12122.3,19875.9,7753.67,19875.9,t_on+4.6~5.4s中位(=08-v6.1 P 口径),22086.1,后1/3段中位(不足60s),44.5449,-26.0894,44.5449,256.284,225.423,256.284,16.0397,,,,False,22588.7,1.10577,-182.768,22588.7,-9731.37,144.545,-156.284,3453.87,-19871.4,SW1,230.64,restep,ADC域,mean_w0.5,causal_mean,display,True,0,230.64
5210.44,20245.8,15035.4,20245.8,t_on+4.6~5.4s中位(=08-v6.1 P 口径),22086.1,后1/3段中位(不足60s),20.5113,-15.9144,20.5113,134.624,118.709,134.624,8.27157,,,,False,22588.7,1.04668,-10.3337,22588.7,-9731.37,120.511,-34.6243,3083.96,-20241.3,SW1,233.05,onset,ADC域,mean_w0.5,causal_mean,display,True,0,233.05
20414.6,25671.8,5257.15,25671.8,t_on+4.6~5.4s中位(=08-v6.1 P 口径),22086.1,后1/3段中位(不足60s),-44.5485,-49.8279,-44.5485,488.235,146.096,488.235,23.6566,,,,False,22588.7,0.876273,-6.82828,22588.7,-5142.64,55.4515,-388.235,-2341.98,-25667.3,SW1,240.72,restep,ADC域,mean_w0.5,causal_mean,display,True,0,240.72
62,14458.3,14396.3,14458.3,t_on+4.6~5.4s中位(=08-v6.1 P 口径),24133.2,后1/3段中位(不足60s),57.5913,6.12178,57.5913,100.327,97.6851,100.327,-9.61276,,,,False,15220.6,0.058479,3.28502,15220.6,-12099.9,157.591,-0.326629,8291.03,-14443.4,SW2,11.79,onset,ADC域,mean_w0.5,causal_mean,display,True,0,11.79
13424.9,14858.2,1433.25,14852.5,t_on+4.6~5.4s中位(=08-v6.1 P 口径),24133.2,后1/3段中位(不足60s),552.607,51.8928,552.607,1035.24,-26.7539,1035.24,-94.9266,,,,False,15220.6,1.04067,-100.357,15220.6,-12099.9,652.211,-935.632,7920.23,-14837.5,SW2,13.7,restep,ADC域,mean_w0.5,causal_mean,display,True,0,13.7
14922.6,15402.5,479.895,15402.8,t_on+4.6~5.4s中位(=08-v6.1 P 口径),24133.2,后1/3段中位(不足60s),1672.62,132.956,1672.62,3206.48,34.7629,3206.48,-146.633,,,,False,15220.6,0.990209,-100.451,15220.6,-12099.9,1772.67,-3106.43,8026.81,-15387.8,SW2,14.86,restep,ADC域,mean_w0.5,causal_mean,display,True,0,14.86
16009.1,17425.7,1416.62,17425.7,t_on+4.6~5.4s中位(=08-v6.1 P 口径),24133.2,后1/3段中位(不足60s),667.218,-129.613,667.218,1229.03,1229.03,1229.03,193.729,,,,False,22346.1,1.34754,-1198.42,22346.1,-16898.1,767.218,-1129.03,9451.95,-17410.7,SW2,31.22,restep,ADC域,mean_w0.5,causal_mean,display,True,0,31.22
37.3925,21643.5,21606.1,21639.1,t_on+4.6~5.4s中位(=08-v6.1 P 口径),24133.2,后1/3段中位(不足60s),25.9397,4.46939,25.9397,100.025,99.0378,100.025,14.396,,,,False,22346.1,0.0589988,2.89138,22346.1,-16898.1,125.92,-0.044906,5604.56,-21611.4,SW2,35.96,onset,ADC域,mean_w0.5,causal_mean,display,True,0,35.96
38,25209.3,25171.3,25209.3,t_on+4.6~5.4s中位(=08-v6.1 P 口径),24133.2,后1/3段中位(不足60s),8.51476,6.62789,8.51476,99.8024,99.8024,99.8024,12.7898,,,,False,16898.1,1.08298,6.22907,3037.37,-16898.1,108.515,0.197618,2143.28,-25121.6,SW2,57.3,onset,ADC域,mean_w0.5,causal_mean,display,True,0,57.3
69.5794,17701.9,17632.3,17701.9,t_on+4.6~5.4s中位(=08-v6.1 P 口径),27305,后1/3段中位(不足60s),58.6879,-12.7301,58.6879,100.37,93.9568,100.37,4.22422,,,,False,20442.6,-1.75515,-19.4634,20442.6,-17780.4,158.688,-0.370243,10348,-17697.6,SW3,10.92,onset,ADC域,mean_w0.5,causal_mean,display,True,0,10.92
18559.6,25621.5,7061.97,25621.5,t_on+4.6~5.4s中位(=08-v6.1 P 口径),27305,后1/3段中位(不足60s),37.6117,-61.9405,37.6117,362.749,141.791,362.749,13.7728,,,,False,20442.6,2.01605,-26.2083,20442.6,-17780.4,137.612,-262.749,2656.12,-25617.2,SW3,20.72,restep,ADC域,mean_w0.5,causal_mean,display,True,0,20.72
55.4942,26638.1,26582.6,26638.1,t_on+4.6~5.4s中位(=08-v6.1 P 口径),27305,后1/3段中位(不足60s),6.41761,5.31097,6.41761,100.022,99.1583,100.022,3.90858,,,,False,27624.5,1.17252,4.25978,27624.5,-17780.4,106.418,-0.0223803,1705.97,-26588.5,SW3,39.08,onset,ADC域,mean_w0.5,causal_mean,display,True,0,39.08
27714.7,53,-27661.7,53,段末帧(退化),27305,后1/3段中位(不足60s),0.0124904,0.0124904,0.0124904,101.841,101.841,101.841,98.5315,,,,False,27624.5,1.0147,1.27904,27624.5,-2.77802,1.84137,-100.012,28171.1,-3.45505,SW3,60.78,restep,ADC域,mean_w0.5,causal_mean,display,True,0,60.78
84,15448.2,15364.2,15448.2,t_on+4.6~5.4s中位(=08-v6.1 P 口径),24171.5,t0+60s后中位,48.5231,-3.41852,48.5231,97.2088,97.2088,97.2088,-8.25421,,,,False,9392.7,1.19299,-6.32499,1591.11,-9392.7,148.523,2.79117,7455.18,-14935.3,SW4,8.41,onset,ADC域,mean_w0.5,causal_mean,display,True,0,8.41
16085.4,22496.9,6411.47,22496.9,t_on+4.6~5.4s中位(=08-v6.1 P 口径),27884.7,t0+60s后中位,6.33955,-18.5891,6.33955,116.883,116.883,116.883,-77.6951,,,14.97,True,4869.45,0.938841,-3.20937,1591.11,-4869.45,106.34,-16.8833,406.458,-7493.93,SW4,18.68,restep,ADC域,mean_w0.5,causal_mean,display,True,0,18.68
22912.5,24098.4,1185.96,24095.9,t_on+4.6~5.4s中位(=08-v6.1 P 口径),28247.1,t0+60s后中位,-100.555,-108.398,-100.555,538.357,538.357,538.357,-450.586,,,,False,4869.45,-1.03566,-280.233,1591.11,-4869.45,-0.76995,-438.572,-1192.54,-6384.68,SW4,26.57,restep,ADC域,mean_w0.5,causal_mean,display,True,0,26.57
19465.9,24135.1,4669.26,24133.3,t_on+4.6~5.4s中位(=08-v6.1 P 口径),28278.7,t0+60s后中位,-26.3414,-28.3333,-26.3414,134.626,134.626,134.626,-115.121,,,,False,4869.45,0.66863,5.61725,662.197,-4869.45,73.6189,-34.6659,-1229.95,-6286.04,SW4,27.6,restep,ADC域,mean_w0.5,causal_mean,display,True,0,27.6
20983.1,24429.9,3446.83,24429.7,t_on+4.6~5.4s中位(=08-v6.1 P 口径),27976.3,后1/3段中位(不足60s),155.464,-76.8517,155.464,708.757,144.122,708.757,52.5695,,,,False,20426.1,0.830436,-39.7649,20426.1,-18283.2,255.458,-608.764,5358.6,-24429.7,SW4,61.37,restep,ADC域,mean_w0.5,causal_mean,display,True,0,61.37
75,27895.9,27820.9,27895.9,t_on+4.6~5.4s中位(=08-v6.1 P 口径),27976.3,后1/3段中位(不足60s),22.5653,6.80195,22.5653,100.051,87.4425,100.051,22.2763,,,,False,24882.9,2.03059,-5.7617,24882.9,-18283.2,122.565,-0.0509289,6277.86,-27835.1,SW4,88,onset,ADC域,mean_w0.5,causal_mean,display,True,0,88
28337.8,30791.3,2453.48,30791.3,t_on+4.6~5.4s中位(=08-v6.1 P 口径),27976.3,后1/3段中位(不足60s),137.865,83.3443,137.865,1252.53,28.8286,1252.53,252.6,,,,False,24882.9,1.01482,-26.1047,24882.9,-343.205,237.865,-1152.53,3382.5,-30730.5,SW4,99.36,restep,ADC域,mean_w0.5,causal_mean,display,True,0,99.36
29453,32163.4,2710.38,32155.5,t_on+4.6~5.4s中位(=08-v6.1 P 口径),27976.3,后1/3段中位(不足60s),74.465,74.465,74.465,1184.14,-14.2418,1184.14,228.657,,,,False,24882.9,1.08099,-40.2896,24882.9,-20.5286,174.174,-1084.43,2018.28,-32094.7,SW4,104.24,restep,ADC域,mean_w0.5,causal_mean,display,True,0,104.24
0.549442,14.7073,14.1578,14.7057,t_on+4.6~5.4s中位(=08-v6.1 P 口径),1.16117,t0+60s后中位,-0.660528,-65.7192,-0.660528,100.223,100.223,100.223,95.0074,13.78,13.78,13.78,False,12.2,1.11616,-93.0854,-1.56943,-12.2,99.3282,-0.234248,-0.0935165,-14.1894,RT1,8.27,onset,显示域,ratelimit_0.05,rate_limit,display,True,0,8.27
14.6375,15.8381,1.20052,15.8268,t_on+4.6~5.4s中位(=08-v6.1 P 口径),1.11186,t0+60s后中位,-101.176,-433.789,-101.176,840.695,840.695,840.695,1124.54,,,,False,9.9227,5.6892,-18.4557,-1.56943,-9.9227,-2.11249,-741.632,-1.21463,-10.0927,RT1,13.6,restep,显示域,ratelimit_0.05,rate_limit,display,True,0,13.6
0.290396,16.726,16.4356,16.726,t_on+4.6~5.4s中位(=08-v6.1 P 口径),19.7617,t0+60s后中位,-2.22596,-66.6985,-2.22596,100.106,100.106,100.106,-20.6964,14.21,14.21,14.21,False,13.6815,0.964138,-93.3052,-1.58253,-13.6815,97.774,-0.105779,-0.365851,-16.453,RT2,12.32,onset,显示域,ratelimit_0.05,rate_limit,display,True,0,12.32
20.8432,22.0158,1.1726,22.0168,t_on+4.6~5.4s中位(=08-v6.1 P 口径),0.329168,t0+60s后中位,-442.493,-442.493,-442.493,1836.28,496.783,1836.28,1407.04,,,,False,15.6951,0.445742,-76.3811,15.6951,-6.41684,-342.415,-1736.2,-5.18866,-21.5321,RT2,147.11,restep,显示域,ratelimit_0.05,rate_limit,display,True,0,147.11
0.043,16.5567,16.5137,16.5389,t_on+4.6~5.4s中位(=08-v6.1 P 口径),20.5361,t0+60s后中位,12.7922,-67.6913,12.7922,99.764,99.764,99.764,-11.4131,,,,False,14.407,1.01173,-93.5726,0.528711,-14.407,112.685,0.128548,2.11246,-16.4747,RT3,10.59,onset,显示域,ratelimit_0.05,rate_limit,display,True,0,10.59
0,15.2813,15.2813,15.2813,t_on+4.6~5.4s中位(=08-v6.1 P 口径),17.8094,t0+60s后中位,12.879,-70.3554,12.879,100,100,100,-3.66536,,,,False,13.3037,1.01361,-94.0592,0.671393,-13.3037,112.879,0,1.96807,-15.2813,LT1,11.69,onset,显示域,ratelimit_0.05,rate_limit,display,True,0,11.69
0,16.1212,16.1212,16.1212,t_on+4.6~5.4s中位(=08-v6.1 P 口径),18.002,t0+60s后中位,2.38795,-70.9244,2.38795,99.7116,99.7116,99.7116,-9.27895,16.42,16.42,16.42,False,14.439,1.49498,-94.231,-0.720464,-14.439,102.388,0.288449,0.384965,-16.0747,LT2,14.92,onset,显示域,ratelimit_0.05,rate_limit,display,True,0,14.92
0,17.5144,17.5144,17.5144,t_on+4.6~5.4s中位(=08-v6.1 P 口径),18.8563,t0+60s后中位,5.963,-72.3919,5.963,99.9448,99.9448,99.9448,-1.69875,,,77.88,True,15.2658,1.47038,-94.4784,0.120981,-15.2658,105.963,0.0552162,1.04438,-17.5047,LT3,10.87,onset,显示域,ratelimit_0.05,rate_limit,display,True,0,10.87
0.064,13.3829,13.3189,13.3829,t_on+4.6~5.4s中位(=08-v6.1 P 口径),0.101758,t0+60s后中位,1.12918,-69.358,1.12918,99.8962,99.8962,99.8962,100.846,15.51,15.51,15.51,False,11.0694,1.25031,-93.8801,-1.24191,-11.0694,101.129,0.103813,0.150394,-13.3051,F41,10.94,onset,显示域,ratelimit_0.05,rate_limit,display,True,0,10.94
10.8737,13.5564,2.68271,13.5564,t_on+4.6~5.4s中位(=08-v6.1 P 口径),0.082,t0+60s后中位,-0.860572,-312.83,-0.860572,464.443,464.443,464.443,501.406,,,,False,11.0694,3.84369,-69.6166,-1.24191,-11.0694,99.1394,-364.443,-0.0230866,-12.4597,F41,12.19,restep,显示域,ratelimit_0.05,rate_limit,display,True,0,12.19
0.063,14.7479,14.6849,14.7479,t_on+4.6~5.4s中位(=08-v6.1 P 口径),9.57269,t0+60s后中位,-2.32421,-71.0563,-2.32421,100.007,100.007,100.007,32.9176,16.38,16.38,16.38,False,12.2312,0.968355,-94.1983,-1.09558,-12.2312,97.6758,-0.0068097,-0.341309,-14.6859,F42,11.03,onset,显示域,ratelimit_0.05,rate_limit,display,True,0,11.03
0.068,15.3126,15.2446,15.3126,t_on+4.6~5.4s中位(=08-v6.1 P 口径),16.9838,t0+60s后中位,5.87079,-71.2864,5.87079,99.8219,99.8219,99.8219,-5.09212,33.47,33.47,33.47,False,13.073,1.23021,-94.2815,-0.129783,-13.073,105.871,0.178116,0.894976,-15.2174,F43,11,onset,显示域,ratelimit_0.05,rate_limit,display,True,0,11
76,4241.75,4165.75,4241.75,t_on+4.6~5.4s中位(=08-v6.1 P 口径),22201.8,t0+60s后中位,166.869,0.716364,166.869,98.7534,98.7534,98.7534,-264.268,,,3.58,True,7674.54,0.749585,-66.4675,115.717,-7674.54,266.869,1.2466,6951.33,-4113.82,SW1,10.84,onset,ADC域,ratelimit_0.05,rate_limit,display,True,0,10.84
4811.46,11606.1,6794.66,11606.1,t_on+4.6~5.4s中位(=08-v6.1 P 口径),25339.1,t0+60s后中位,-6.07878,-7.1712,-6.07878,102.268,102.268,102.268,-208.193,,,,False,7674.54,-20.9878,-79.4415,-467.659,-7674.54,93.9212,-2.26817,-413.032,-6948.77,SW1,28.63,onset,ADC域,ratelimit_0.05,rate_limit,display,True,0,28.63
12297.8,16207.4,3909.6,16202.1,t_on+4.6~5.4s中位(=08-v6.1 P 口径),25571.5,t0+60s后中位,-33.8422,-128.174,-33.8422,272.521,272.521,272.521,-273.492,,,,False,11626.7,0.56018,-135.729,5701.07,-11626.7,66.0241,-172.655,-1323.09,-10654.5,SW1,71.67,restep,ADC域,ratelimit_0.05,rate_limit,display,True,0,71.67
5447.1,18092.5,12645.4,18092.5,t_on+4.6~5.4s中位(=08-v6.1 P 口径),25607.5,t0+60s后中位,-24.584,-43.641,-24.584,97.8793,97.8793,97.8793,-84.0124,,,,False,11626.7,1.3019,-89.8372,516.712,-11626.7,75.416,2.1207,-3108.76,-12377.3,SW1,75.89,onset,ADC域,ratelimit_0.05,rate_limit,display,True,0,75.89
19384.4,25851.7,6467.25,25850.6,t_on+4.6~5.4s中位(=08-v6.1 P 口径),22087.3,t0+60s后中位,-32.9926,-72.9164,-32.9926,173.388,168.231,173.388,25.1973,,,,False,20682.2,-0.264242,-81.8566,20682.2,-10439,66.9903,-73.4049,-2133.72,-11213.4,SW1,110.45,restep,ADC域,ratelimit_0.05,rate_limit,display,True,0,110.45
61.0611,27163.2,27102.1,27163.8,t_on+4.6~5.4s中位(=08-v6.1 P 口径),20127.8,t0+60s后中位,6.17084,-21.0679,6.17084,46.2201,46.2201,46.2201,32.1318,,,,False,14720.8,0.506028,-95.9798,14720.8,-10439,106.173,53.7821,1672.43,-12526.6,SW1,133.83,onset,ADC域,ratelimit_0.05,rate_limit,display,True,0,133.83
52.8433,25248,25195.2,25248,t_on+4.6~5.4s中位(=08-v6.1 P 口径),60.6632,t0+60s后中位,2.70086,2.70086,2.70086,34.7983,9.27467,34.7983,102.67,,,1.04,True,23153,-0.0754861,-97.0628,23153,-1342.53,102.701,65.2017,680.488,-8767.49,SW1,185.97,onset,ADC域,ratelimit_0.05,rate_limit,display,True,0,185.97
5760.84,11857,6096.16,11857,t_on+4.6~5.4s中位(=08-v6.1 P 口径),22086.1,后1/3段中位(不足60s),186.777,35.0564,186.777,92.5912,44.7054,92.5912,18.9809,,,,False,12271.7,-0.115006,-122.914,8749.16,-12271.7,286.777,7.40882,11386.2,-5644.51,SW1,217.74,restep,ADC域,ratelimit_0.05,rate_limit,display,True,0,217.74
12122.3,19875.9,7753.67,19875.9,t_on+4.6~5.4s中位(=08-v6.1 P 口径),22086.1,后1/3段中位(不足60s),45.2002,-128.838,45.2002,176.219,176.219,176.219,16.695,,,,False,23120.9,-1.38067,-118.016,23120.9,-12271.7,145.2,-76.2192,3504.68,-13663.4,SW1,230.64,restep,ADC域,ratelimit_0.05,rate_limit,display,True,0,230.64
5210.44,20245.8,15035.4,20245.8,t_on+4.6~5.4s中位(=08-v6.1 P 口径),22086.1,后1/3段中位(不足60s),20.8493,-49.7624,20.8493,93.3353,93.3353,93.3353,8.6095,,,,False,23120.9,-4.52259,-95.5405,23120.9,-12271.7,120.849,6.66466,3134.77,-14033.3,SW1,233.05,onset,ADC域,ratelimit_0.05,rate_limit,display,True,0,233.05
20414.6,25671.8,5257.15,25671.8,t_on+4.6~5.4s中位(=08-v6.1 P 口径),22086.1,后1/3段中位(不足60s),-43.582,-50.1068,-43.582,208.454,174.321,208.454,24.6231,,,,False,23120.9,0.0876644,-73.429,23120.9,-8056.16,56.418,-108.454,-2291.17,-10958.8,SW1,240.72,restep,ADC域,ratelimit_0.05,rate_limit,display,True,0,240.72
62,14458.3,14396.3,14458.3,t_on+4.6~5.4s中位(=08-v6.1 P 口径),24133.2,后1/3段中位(不足60s),18.725,-54.649,18.725,99.4774,99.4774,99.4774,-48.479,,,,False,15690.3,-2.30793,-91.0164,15690.3,-12414.7,118.725,0.52262,2695.72,-14321.1,SW2,11.79,onset,ADC域,ratelimit_0.05,rate_limit,display,True,0,11.79
13424.9,14858.2,1433.25,14852.5,t_on+4.6~5.4s中位(=08-v6.1 P 口径),24133.2,后1/3段中位(不足60s),332.936,-404.073,332.936,854.353,854.353,854.353,-314.597,,,,False,15690.3,-0.679039,-9.76335,15690.3,-12414.7,432.54,-754.75,4771.8,-12245,SW2,13.7,restep,ADC域,ratelimit_0.05,rate_limit,display,True,0,13.7
14922.6,15402.5,479.895,15402.8,t_on+4.6~5.4s中位(=08-v6.1 P 口径),24133.2,后1/3段中位(不足60s),1192.3,-1008.84,1192.3,2353.64,2353.64,2353.64,-626.953,,,,False,15690.3,-0.45153,169.499,15690.3,-11304.2,1292.35,-2253.59,5721.77,-11295,SW2,14.86,restep,ADC域,ratelimit_0.05,rate_limit,display,True,0,14.86
16009.1,17425.7,1416.62,17425.7,t_on+4.6~5.4s中位(=08-v6.1 P 口径),24133.2,后1/3段中位(不足60s),442.521,-117.775,442.521,550.517,550.517,550.517,-30.9684,,,,False,23495.4,-0.644162,-191.296,23495.4,-10022.1,542.521,-450.517,6268.84,-7798.74,SW2,31.22,restep,ADC域,ratelimit_0.05,rate_limit,display,True,0,31.22
37.3925,21643.5,21606.1,21639.1,t_on+4.6~5.4s中位(=08-v6.1 P 口径),24133.2,后1/3段中位(不足60s),20.6401,-25.7266,20.6401,55.5961,55.5961,55.5961,9.09641,,,,False,23495.4,-2.04146,-94.0141,23495.4,-10022.1,120.62,44.3836,4459.52,-12012.1,SW2,35.96,onset,ADC域,ratelimit_0.05,rate_limit,display,True,0,35.96
38,25209.3,25171.3,25209.3,t_on+4.6~5.4s中位(=08-v6.1 P 口径),24133.2,后1/3段中位(不足60s),8.59178,-15.2723,8.59178,40.9111,40.9111,40.9111,12.8668,,,,False,14158.3,0.492944,-94.8619,14158.3,-7806.8,108.592,59.0889,2162.66,-10297.9,SW2,57.3,onset,ADC域,ratelimit_0.05,rate_limit,display,True,0,57.3
69.5794,17701.9,17632.3,17701.9,t_on+4.6~5.4s中位(=08-v6.1 P 口径),27305,后1/3段中位(不足60s),20.7102,-59.4381,20.7102,98.6297,98.6297,98.6297,-33.7534,,,,False,20957.9,-3.66502,-92.146,20957.9,-14356.4,120.71,1.37033,3651.69,-17390.7,SW3,10.92,onset,ADC域,ratelimit_0.05,rate_limit,display,True,0,10.92
18559.6,25621.5,7061.97,25621.5,t_on+4.6~5.4s中位(=08-v6.1 P 口径),27305,后1/3段中位(不足60s),-3.68896,-68.3737,-3.68896,230.967,166.227,230.967,-27.5278,,,,False,20957.9,-0.38253,-80.3901,20957.9,-14356.4,96.311,-130.967,-260.513,-16310.8,SW3,20.72,restep,ADC域,ratelimit_0.05,rate_limit,display,True,0,20.72
55.4942,26638.1,26582.6,26638.1,t_on+4.6~5.4s中位(=08-v6.1 P 口径),27305,后1/3段中位(不足60s),6.54486,-39.3957,6.54486,65.1831,65.1831,65.1831,4.03582,,,,False,28174.7,0.791447,-95.2072,28174.7,-14356.4,106.545,34.8169,1739.79,-17327.4,SW3,39.08,onset,ADC域,ratelimit_0.05,rate_limit,display,True,0,39.08
27714.7,53,-27661.7,53,段末帧(退化),27305,后1/3段中位(不足60s),-86.509,-86.509,-86.509,101.879,101.879,101.879,12.0099,,,,False,28174.7,0.153136,-94.9936,28174.7,418.608,1.87854,-13.491,28181.3,23929.9,SW3,60.78,restep,ADC域,ratelimit_0.05,rate_limit,display,True,0,60.78
84,15448.2,15364.2,15448.2,t_on+4.6~5.4s中位(=08-v6.1 P 口径),24171.5,t0+60s后中位,48.6985,-47.0384,48.6985,99.7384,99.7384,99.7384,-8.07882,,,,False,12230.1,1.0703,-89.4389,2159.86,-12230.1,148.699,0.261561,7482.13,-15324,SW4,8.41,onset,ADC域,ratelimit_0.05,rate_limit,display,True,0,8.41
16085.4,22496.9,6411.47,22496.9,t_on+4.6~5.4s中位(=08-v6.1 P 口径),27884.7,t0+60s后中位,6.75985,-18.5891,6.75985,117.127,117.127,117.127,-77.2748,,,14.82,True,6147.59,0.942898,-74.6917,2159.86,-6147.59,106.76,-17.1271,433.406,-7509.57,SW4,18.68,restep,ADC域,ratelimit_0.05,rate_limit,display,True,0,18.68
22912.5,24098.4,1185.96,24095.9,t_on+4.6~5.4s中位(=08-v6.1 P 口径),28247.1,t0+60s后中位,-98.2831,-108.027,-98.2831,461.385,461.385,461.385,-448.313,,,,False,4616.37,0.123244,-236.82,2159.86,-4616.37,1.50228,-361.599,-1165.59,-5471.82,SW4,26.57,restep,ADC域,ratelimit_0.05,rate_limit,display,True,0,26.57
19465.9,24135.1,4669.26,24133.3,t_on+4.6~5.4s中位(=08-v6.1 P 口径),28278.7,t0+60s后中位,-25.7643,-28.2391,-25.7643,117.989,117.989,117.989,-114.544,,,,False,4616.37,0.112895,-65.2486,1174.82,-4616.37,74.1961,-18.029,-1203,-5509.23,SW4,27.6,restep,ADC域,ratelimit_0.05,rate_limit,display,True,0,27.6
20983.1,24429.9,3446.83,24429.7,t_on+4.6~5.4s中位(=08-v6.1 P 口径),27976.3,后1/3段中位(不足60s),-74.1283,-74.1283,-74.1283,706.893,155.169,706.893,-177.023,,,,False,25004.4,0.769013,-52.924,21267,-25004.4,25.8648,-606.9,-2555.08,-24365.4,SW4,61.37,restep,ADC域,ratelimit_0.05,rate_limit,display,True,0,61.37
75,27895.9,27820.9,27895.9,t_on+4.6~5.4s中位(=08-v6.1 P 口径),27976.3,后1/3段中位(不足60s),20.9399,-69.6872,20.9399,98.791,98.791,98.791,20.6509,,,,False,33160.4,2.18176,-94.1676,33160.4,-25004.4,120.94,1.20902,5825.66,-27484.6,SW4,88,onset,ADC域,ratelimit_0.05,rate_limit,display,True,0,88
28337.8,30791.3,2453.48,30791.3,t_on+4.6~5.4s中位(=08-v6.1 P 口径),27976.3,后1/3段中位(不足60s),119.434,-156.917,119.434,486.935,486.935,486.935,234.169,,,,False,33160.4,-0.189035,-33.8641,33160.4,-12194,219.434,-386.935,2930.29,-11946.8,SW4,99.36,restep,ADC域,ratelimit_0.05,rate_limit,display,True,0,99.36
29453,32163.4,2710.38,32155.5,t_on+4.6~5.4s中位(=08-v6.1 P 口径),27976.3,后1/3段中位(不足60s),57.7809,57.7809,57.7809,357.371,198.962,357.371,211.973,,,,False,33160.4,0.142992,-40.1327,33160.4,-4586.2,157.489,-257.662,1566.08,-9686.1,SW4,104.24,restep,ADC域,ratelimit_0.05,rate_limit,display,True,0,104.24
0.549442,14.7073,14.1578,14.7057,t_on+4.6~5.4s中位(=08-v6.1 P 口径),1.16117,t0+60s后中位,-0.409618,-31.0081,-0.409618,100.016,100.016,100.016,95.2584,6.88,6.88,6.88,False,11.2738,1.11382,-86.1709,-0.950783,-11.2738,99.5791,-0.0268104,-0.0579931,-14.16,RT1,8.27,onset,显示域,ratelimit_0.1,rate_limit,display,True,0,8.27
14.6375,15.8381,1.20052,15.8268,t_on+4.6~5.4s中位(=08-v6.1 P 口径),1.11186,t0+60s后中位,-98.2166,-98.9895,-98.2166,403.618,403.618,403.618,1127.5,,,,False,4.65593,2.27241,63.0886,-0.950783,-4.65593,0.846517,-304.554,-1.17911,-4.8455,RT1,13.6,restep,显示域,ratelimit_0.1,rate_limit,display,True,0,13.6
0.290396,16.726,16.4356,16.726,t_on+4.6~5.4s中位(=08-v6.1 P 口径),19.7617,t0+60s后中位,-1.01484,-33.3582,-1.01484,100.173,100.173,100.173,-19.4853,7.11,7.11,7.11,False,12.8239,0.964806,-86.6103,-0.674052,-12.8239,98.9852,-0.172728,-0.166796,-16.464,RT2,12.32,onset,显示域,ratelimit_0.1,rate_limit,display,True,0,12.32
20.8432,22.0158,1.1726,22.0168,t_on+4.6~5.4s中位(=08-v6.1 P 口径),0.329168,t0+60s后中位,-440.427,-440.427,-440.427,1837.56,507.034,1837.56,1409.11,,,,False,15.62,0.762284,-62.8717,15.62,-6.37982,-340.348,-1737.48,-5.16442,-21.5471,RT2,147.11,restep,显示域,ratelimit_0.1,rate_limit,display,True,0,147.11
0.043,16.5567,16.5137,16.5389,t_on+4.6~5.4s中位(=08-v6.1 P 口径),20.5361,t0+60s后中位,12.8363,-35.4901,12.8363,99.6355,99.6355,99.6355,-11.369,,,,False,13.9506,1.01056,-87.1452,0.810166,-13.9506,112.729,0.257095,2.11974,-16.4535,RT3,10.59,onset,显示域,ratelimit_0.1,rate_limit,display,True,0,10.59
0,15.2813,15.2813,15.2813,t_on+4.6~5.4s中位(=08-v6.1 P 口径),17.8094,t0+60s后中位,12.9006,-40.7107,12.9006,100,100,100,-3.6437,,,,False,12.8857,1.01374,-88.1184,0.718842,-12.8857,112.901,0,1.97138,-15.2813,LT1,11.69,onset,显示域,ratelimit_0.1,rate_limit,display,True,0,11.69
0,16.1212,16.1212,16.1212,t_on+4.6~5.4s中位(=08-v6.1 P 口径),18.002,t0+60s后中位,2.40757,-41.8487,2.40757,99.4231,99.4231,99.4231,-9.25933,8.19,8.19,8.19,False,14.3832,1.49073,-88.462,-0.157386,-14.3832,102.408,0.576898,0.388129,-16.0282,LT2,14.92,onset,显示域,ratelimit_0.1,rate_limit,display,True,0,14.92
0,17.5144,17.5144,17.5144,t_on+4.6~5.4s中位(=08-v6.1 P 口径),18.8563,t0+60s后中位,5.98289,-44.7838,5.98289,99.8896,99.8896,99.8896,-1.67886,,,78.39,True,14.5789,1.46998,-88.9568,0.414582,-14.5789,105.983,0.110432,1.04787,-17.495,LT3,10.87,onset,显示域,ratelimit_0.1,rate_limit,display,True,0,10.87
0.064,13.3829,13.3189,13.3829,t_on+4.6~5.4s中位(=08-v6.1 P 口径),0.101758,t0+60s后中位,1.29149,-38.8199,1.29149,99.8962,99.8962,99.8962,101.008,7.76,7.76,7.76,False,10.5842,1.25031,-87.7603,-0.453327,-10.5842,101.291,0.103813,0.172012,-13.3051,F41,10.94,onset,显示域,ratelimit_0.1,rate_limit,display,True,0,10.94
10.8737,13.5564,2.68271,13.5564,t_on+4.6~5.4s中位(=08-v6.1 P 口径),0.082,t0+60s后中位,-0.0547604,-123.238,-0.0547604,426.464,426.464,426.464,502.212,,,,False,9.95557,3.52296,-39.2332,-0.453327,-9.95557,99.9452,-326.464,-0.00146906,-11.4408,F41,12.19,restep,显示域,ratelimit_0.1,rate_limit,display,True,0,12.19
0.063,14.7479,14.6849,14.7479,t_on+4.6~5.4s中位(=08-v6.1 P 口径),9.57269,t0+60s后中位,-1.61093,-42.0927,-1.61093,99.9938,99.9938,99.9938,33.6309,8.19,8.19,8.19,False,11.7692,0.968226,-88.3966,-0.789633,-11.7692,98.3891,0.00618125,-0.236563,-14.684,F42,11.03,onset,显示域,ratelimit_0.1,rate_limit,display,True,0,11.03
0.068,15.3126,15.2446,15.3126,t_on+4.6~5.4s中位(=08-v6.1 P 口径),16.9838,t0+60s后中位,5.90965,-42.5793,5.90965,99.6503,99.6503,99.6503,-5.05325,33.72,33.72,33.72,False,12.7723,1.22725,-88.5629,0.21565,-12.7723,105.91,0.349672,0.900901,-15.1913,F43,11,onset,显示域,ratelimit_0.1,rate_limit,display,True,0,11
76,4241.75,4165.75,4241.75,t_on+4.6~5.4s中位(=08-v6.1 P 口径),22201.8,t0+60s后中位,166.985,0.763056,166.985,97.4121,97.4121,97.4121,-264.151,,,3.45,True,7395.16,1.04526,-32.9351,119.205,-7395.16,266.985,2.5879,6956.18,-4057.95,SW1,10.84,onset,ADC域,ratelimit_0.1,rate_limit,display,True,0,10.84
4811.46,11606.1,6794.66,11606.1,t_on+4.6~5.4s中位(=08-v6.1 P 口径),25339.1,t0+60s后中位,-6.00731,-7.12554,-6.00731,98.1565,98.1565,98.1565,-208.122,,,,False,7395.16,-20.0611,-58.883,-460.88,-7395.16,93.9927,1.84353,-408.176,-6669.39,SW1,28.63,onset,ADC域,ratelimit_0.1,rate_limit,display,True,0,28.63
12297.8,16207.4,3909.6,16202.1,t_on+4.6~5.4s中位(=08-v6.1 P 口径),25571.5,t0+60s后中位,-26.6074,-127.102,-26.6074,303.4,303.4,303.4,-266.257,,,,False,11755.3,0.553083,-171.459,5393.76,-11755.3,73.259,-203.534,-1040.24,-11861.7,SW1,71.67,restep,ADC域,ratelimit_0.1,rate_limit,display,True,0,71.67
5447.1,18092.5,12645.4,18092.5,t_on+4.6~5.4s中位(=08-v6.1 P 口径),25607.5,t0+60s后中位,-23.1755,-23.1755,-23.1755,101.657,101.657,101.657,-82.6039,,,,False,11755.3,1.37235,-79.6744,115.54,-11755.3,76.8245,-1.65716,-2930.64,-12855,SW1,75.89,onset,ADC域,ratelimit_0.1,rate_limit,display,True,0,75.89
19384.4,25851.7,6467.25,25850.6,t_on+4.6~5.4s中位(=08-v6.1 P 口径),22087.3,t0+60s后中位,19.037,-72.8517,19.037,266.505,169.095,266.505,77.2269,,,,False,20443.2,-0.17857,-63.7132,20443.2,-15494.9,119.02,-166.522,1231.17,-17235.6,SW1,110.45,restep,ADC域,ratelimit_0.1,rate_limit,display,True,0,110.45
61.0611,27163.2,27102.1,27163.8,t_on+4.6~5.4s中位(=08-v6.1 P 口径),20127.8,t0+60s后中位,6.17084,-17.002,6.17084,68.4402,68.4402,68.4402,32.1318,,,,False,15494.9,0.730445,-89.6917,8545.02,-15494.9,106.173,31.5619,1672.43,-18548.8,SW1,133.83,onset,ADC域,ratelimit_0.1,rate_limit,display,True,0,133.83
52.8433,25248,25195.2,25248,t_on+4.6~5.4s中位(=08-v6.1 P 口径),60.6632,t0+60s后中位,2.44098,-0.0425315,2.44098,54.3781,30.3969,54.3781,102.41,,,2.31,True,17565.4,0.17829,-89.1333,17565.4,-5571.86,102.441,45.6219,615.008,-13700.7,SW1,185.97,onset,ADC域,ratelimit_0.1,rate_limit,display,True,0,185.97
5760.84,11857,6096.16,11857,t_on+4.6~5.4s中位(=08-v6.1 P 口径),22086.1,后1/3段中位(不足60s),186.777,-43.2568,186.777,154.192,89.4028,154.192,18.9809,,,,False,15256.6,0.583702,-75.2528,4503.79,-15256.6,286.777,-54.1919,11386.2,-9399.78,SW1,217.74,restep,ADC域,ratelimit_0.1,rate_limit,display,True,0,217.74
12122.3,19875.9,7753.67,19875.9,t_on+4.6~5.4s中位(=08-v6.1 P 口径),22086.1,后1/3段中位(不足60s),45.9209,-129.889,45.9209,224.651,224.651,224.651,17.4156,,,,False,23054.6,-1.22029,-136.031,23054.6,-15256.6,145.921,-124.651,3560.55,-17418.7,SW1,230.64,restep,ADC域,ratelimit_0.1,rate_limit,display,True,0,230.64
5210.44,20245.8,15035.4,20245.8,t_on+4.6~5.4s中位(=08-v6.1 P 口径),22086.1,后1/3段中位(不足60s),21.2209,-29.6793,21.2209,118.312,118.312,118.312,8.98113,,,,False,23054.6,-3.99723,-89.5945,23054.6,-15256.6,121.221,-18.3116,3190.65,-17788.6,SW1,233.05,onset,ADC域,ratelimit_0.1,rate_limit,display,True,0,233.05
20414.6,25671.8,5257.15,25671.8,t_on+4.6~5.4s中位(=08-v6.1 P 口径),22086.1,后1/3段中位(不足60s),-42.5192,-49.7411,-42.5192,370.737,145.679,370.737,25.6859,,,,False,23054.6,0.57801,-46.8579,23054.6,-6120.4,57.4808,-270.737,-2235.3,-19490.2,SW1,240.72,restep,ADC域,ratelimit_0.1,rate_limit,display,True,0,240.72
62,14458.3,14396.3,14458.3,t_on+4.6~5.4s中位(=08-v6.1 P 口径),24133.2,后1/3段中位(不足60s),28.3084,-9.46126,28.3084,99.118,99.118,99.118,-38.8956,,,,False,15651.5,-2.18158,-82.0327,15651.5,-15406.5,128.308,0.881966,4075.37,-14269.4,SW2,11.79,onset,ADC域,ratelimit_0.1,rate_limit,display,True,0,11.79
13424.9,14858.2,1433.25,14852.5,t_on+4.6~5.4s中位(=08-v6.1 P 口径),24133.2,后1/3段中位(不足60s),557.239,54.4074,557.239,793.51,678.392,793.51,-90.2948,,,,False,15651.5,-0.28597,80.4733,15651.5,-15406.5,656.843,-693.906,7986.62,-11373,SW2,13.7,restep,ADC域,ratelimit_0.1,rate_limit,display,True,0,13.7
14922.6,15402.5,479.895,15402.8,t_on+4.6~5.4s中位(=08-v6.1 P 口径),24133.2,后1/3段中位(不足60s),1685.81,141.799,1685.81,2484.55,1515.5,2484.55,-133.439,,,,False,15651.5,0.117981,438.999,15651.5,-15406.5,1785.86,-2384.5,8090.12,-11923.2,SW2,14.86,restep,ADC域,ratelimit_0.1,rate_limit,display,True,0,14.86
16009.1,17425.7,1416.62,17425.7,t_on+4.6~5.4s中位(=08-v6.1 P 口径),24133.2,后1/3段中位(不足60s),442.831,-119.601,442.831,984.467,984.467,984.467,-30.6578,,,,False,23512.4,-0.576861,-282.591,23512.4,-15847.2,542.831,-884.467,6273.24,-13946.2,SW2,31.22,restep,ADC域,ratelimit_0.1,rate_limit,display,True,0,31.22
37.3925,21643.5,21606.1,21639.1,t_on+4.6~5.4s中位(=08-v6.1 P 口径),24133.2,后1/3段中位(不足60s),25.993,-24.3094,25.993,84.0485,84.0485,84.0485,14.4492,,,,False,23512.4,-1.82563,-88.0282,23512.4,-15847.2,125.973,15.9313,5616.06,-18159.6,SW2,35.96,onset,ADC域,ratelimit_0.1,rate_limit,display,True,0,35.96
38,25209.3,25171.3,25209.3,t_on+4.6~5.4s中位(=08-v6.1 P 口径),24133.2,后1/3段中位(不足60s),8.59178,-23.8882,8.59178,75.166,75.166,75.166,12.8668,,,,False,15847.2,0.83581,-89.7239,5535.93,-15847.2,108.592,24.834,2162.66,-18920.3,SW2,57.3,onset,ADC域,ratelimit_0.1,rate_limit,display,True,0,57.3
69.5794,17701.9,17632.3,17701.9,t_on+4.6~5.4s中位(=08-v6.1 P 口径),27305,后1/3段中位(不足60s),21.2591,-18.9899,21.2591,100.117,97.373,100.117,-33.2046,,,,False,22977.1,-3.56667,-84.292,20951.8,-22977.1,121.259,-0.116714,3748.46,-17652.9,SW3,10.92,onset,ADC域,ratelimit_0.1,rate_limit,display,True,0,10.92
18559.6,25621.5,7061.97,25621.5,t_on+4.6~5.4s中位(=08-v6.1 P 口径),27305,后1/3段中位(不足60s),38.0984,-61.6913,38.0984,362.116,140.865,362.116,14.2595,,,,False,22977.1,-1.7851,-60.7803,20951.8,-22977.1,138.098,-262.116,2690.5,-25572.5,SW3,20.72,restep,ADC域,ratelimit_0.1,rate_limit,display,True,0,20.72
55.4942,26638.1,26582.6,26638.1,t_on+4.6~5.4s中位(=08-v6.1 P 口径),27305,后1/3段中位(不足60s),6.54486,-47.7051,6.54486,99.6968,99.6968,99.6968,4.03582,,,,False,28186.7,1.17783,-89.5808,28186.7,-22977.1,106.545,0.303192,1739.79,-26502,SW3,39.08,onset,ADC域,ratelimit_0.1,rate_limit,display,True,0,39.08
27714.7,53,-27661.7,53,段末帧(退化),27305,后1/3段中位(不足60s),-71.2331,-71.2331,-71.2331,101.972,101.972,101.972,27.2859,,,,False,28186.7,0.306271,-89.9873,28186.7,444.493,1.97212,-28.7669,28207.2,19704.3,SW3,60.78,restep,ADC域,ratelimit_0.1,rate_limit,display,True,0,60.78
84,15448.2,15364.2,15448.2,t_on+4.6~5.4s中位(=08-v6.1 P 口径),24171.5,t0+60s后中位,48.8006,-3.18819,48.8006,99.3174,99.3174,99.3174,-7.97681,,,,False,11376.3,1.09591,-78.8777,1647.03,-11376.3,148.801,0.6826,7497.8,-15259.3,SW4,8.41,onset,ADC域,ratelimit_0.1,rate_limit,display,True,0,8.41
16085.4,22496.9,6411.47,22496.9,t_on+4.6~5.4s中位(=08-v6.1 P 口径),27884.7,t0+60s后中位,7.00432,-18.5891,7.00432,117.127,117.127,117.127,-77.0303,,,,False,5287.6,0.940902,-49.3835,1647.03,-5287.6,107.004,-17.1271,449.08,-7509.57,SW4,18.68,restep,ADC域,ratelimit_0.1,rate_limit,display,True,0,18.68
22912.5,24098.4,1185.96,24095.9,t_on+4.6~5.4s中位(=08-v6.1 P 口径),28247.1,t0+60s后中位,-96.9615,-105.508,-96.9615,530.145,530.145,530.145,-446.992,,,,False,5025.05,-1.03325,-267.148,1647.03,-5025.05,2.82389,-430.36,-1149.92,-6287.29,SW4,26.57,restep,ADC域,ratelimit_0.1,rate_limit,display,True,0,26.57
19465.9,24135.1,4669.26,24133.3,t_on+4.6~5.4s中位(=08-v6.1 P 口径),28278.7,t0+60s后中位,-25.4286,-27.5993,-25.4286,134.598,134.598,134.598,-114.209,,,,False,5025.05,0.652179,-30.4972,801.611,-5025.05,74.5318,-34.638,-1187.33,-6284.74,SW4,27.6,restep,ADC域,ratelimit_0.1,rate_limit,display,True,0,27.6
20983.1,24429.9,3446.83,24429.7,t_on+4.6~5.4s中位(=08-v6.1 P 口径),27976.3,后1/3段中位(不足60s),-73.3853,-73.3853,-73.3853,707.123,143.496,707.123,-176.28,,,,False,24206.7,0.830842,-40.1629,21232.6,-24206.7,26.6078,-607.13,-2529.47,-24373.4,SW4,61.37,restep,ADC域,ratelimit_0.1,rate_limit,display,True,0,61.37
75,27895.9,27820.9,27895.9,t_on+4.6~5.4s中位(=08-v6.1 P 口径),27976.3,后1/3段中位(不足60s),22.7561,-39.417,22.7561,97.6245,97.6245,97.6245,22.4672,,,,False,32864.7,2.21711,-88.3352,32864.7,-24206.7,122.756,2.3755,6330.96,-27160,SW4,88,onset,ADC域,ratelimit_0.1,rate_limit,display,True,0,88
28337.8,30791.3,2453.48,30791.3,t_on+4.6~5.4s中位(=08-v6.1 P 口径),27976.3,后1/3段中位(不足60s),140.029,86.7882,140.029,787.74,16.5803,787.74,254.764,,,,False,32864.7,0.507178,-54.6314,32864.7,-248.539,240.029,-687.74,3435.59,-19327,SW4,99.36,restep,ADC域,ratelimit_0.1,rate_limit,display,True,0,99.36
29453,32163.4,2710.38,32155.5,t_on+4.6~5.4s中位(=08-v6.1 P 口径),27976.3,后1/3段中位(不足60s),76.424,76.424,76.424,763.408,-15.0584,763.408,230.616,,,,False,32864.7,0.702702,-40.316,32864.7,820.577,176.132,-663.7,2071.38,-20691.2,SW4,104.24,restep,ADC域,ratelimit_0.1,rate_limit,display,True,0,104.24
0.549442,14.7073,14.1578,14.7057,t_on+4.6~5.4s中位(=08-v6.1 P 口径),1.16117,t0+60s后中位,2.94483,-1.76579,2.94483,99.5052,99.5052,99.5052,98.6128,3.42,3.42,3.42,False,10.3653,1.10805,-72.3417,0.141371,-10.3653,102.934,0.483482,0.416925,-14.0878,RT1,8.27,onset,显示域,ratelimit_0.2,rate_limit,display,True,0,8.27
14.6375,15.8381,1.20052,15.8268,t_on+4.6~5.4s中位(=08-v6.1 P 口径),1.11186,t0+60s后中位,-58.6572,-58.6572,-58.6572,121.807,115.711,121.807,1167.06,,,,False,2.5612,-0.0695038,-83.0008,-0.0786242,-2.5612,40.4059,-22.7434,-0.704191,-1.46231,RT1,13.6,restep,显示域,ratelimit_0.2,rate_limit,display,True,0,13.6
0.290396,16.726,16.4356,16.726,t_on+4.6~5.4s中位(=08-v6.1 P 口径),19.7617,t0+60s后中位,-0.903003,-2.79374,-0.903003,100.169,100.169,100.169,-19.3735,3.56,3.56,3.56,False,12.1066,0.964763,-73.2206,0.112485,-12.1066,99.097,-0.168511,-0.148414,-16.4633,RT2,12.32,onset,显示域,ratelimit_0.2,rate_limit,display,True,0,12.32
20.8432,22.0158,1.1726,22.0168,t_on+4.6~5.4s中位(=08-v6.1 P 口径),0.329168,t0+60s后中位,-430.598,-430.598,-430.598,1837.83,526.351,1837.83,1418.94,,,,False,15.5089,0.762284,-56.7964,15.5089,-6.32818,-330.519,-1737.75,-5.04917,-21.5503,RT2,147.11,restep,显示域,ratelimit_0.2,rate_limit,display,True,0,147.11
0.043,16.5567,16.5137,16.5389,t_on+4.6~5.4s中位(=08-v6.1 P 口径),20.5361,t0+60s后中位,12.8363,5.06844,12.8363,99.3784,99.3784,99.3784,-11.369,,,,False,13.2775,1.00823,-74.2905,1.07751,-13.2775,112.729,0.514191,2.11974,-16.411,RT3,10.59,onset,显示域,ratelimit_0.2,rate_limit,display,True,0,10.59
0,15.2813,15.2813,15.2813,t_on+4.6~5.4s中位(=08-v6.1 P 口径),17.8094,t0+60s后中位,12.9515,4.44779,12.9515,100,100,100,-3.59287,,,,False,12.8675,1.01374,-76.2368,0.740119,-12.8675,112.951,0,1.97915,-15.2813,LT1,11.69,onset,显示域,ratelimit_0.2,rate_limit,display,True,0,11.69
0,16.1212,16.1212,16.1212,t_on+4.6~5.4s中位(=08-v6.1 P 口径),18.002,t0+60s后中位,2.40757,-0.170504,2.40757,98.8462,98.8462,98.8462,-9.25933,4.07,4.07,4.07,False,14.2716,1.48222,-76.9241,0.0278925,-14.2716,102.408,1.1538,0.388129,-15.9352,LT2,14.92,onset,显示域,ratelimit_0.2,rate_limit,display,True,0,14.92
0,17.5144,17.5144,17.5144,t_on+4.6~5.4s中位(=08-v6.1 P 口径),18.8563,t0+60s后中位,6.00244,3.1394,6.00244,99.7791,99.7791,99.7791,-1.65931,,,78.39,True,14.0341,1.46844,-77.9135,0.628257,-14.0341,106.002,0.220865,1.05129,-17.4757,LT3,10.87,onset,显示域,ratelimit_0.2,rate_limit,display,True,0,10.87
0.064,13.3829,13.3189,13.3829,t_on+4.6~5.4s中位(=08-v6.1 P 口径),0.101758,t0+60s后中位,1.42838,-1.10218,1.42838,99.8019,99.8019,99.8019,101.145,3.88,3.88,3.88,False,10.3597,1.24912,-75.5205,-0.0269707,-10.3597,101.428,0.198115,0.190244,-13.2925,F41,10.94,onset,显示域,ratelimit_0.2,rate_limit,display,True,0,10.94
10.8737,13.5564,2.68271,13.5564,t_on+4.6~5.4s中位(=08-v6.1 P 口径),0.082,t0+60s后中位,0.624843,-5.30175,0.624843,350.037,350.037,350.037,502.892,,,,False,7.88896,2.87755,21.5336,-0.0269707,-7.88896,100.625,-250.037,0.0167627,-9.39048,F41,12.19,restep,显示域,ratelimit_0.2,rate_limit,display,True,0,12.19
0.063,14.7479,14.6849,14.7479,t_on+4.6~5.4s中位(=08-v6.1 P 口径),9.57269,t0+60s后中位,-1.59325,-2.36497,-1.59325,99.8778,99.8778,99.8778,33.6486,4.09,4.09,4.09,False,10.9375,0.96707,-76.7931,0.174948,-10.9375,98.4068,0.122216,-0.233968,-14.667,F42,11.03,onset,显示域,ratelimit_0.2,rate_limit,display,True,0,11.03
0.068,15.3126,15.2446,15.3126,t_on+4.6~5.4s中位(=08-v6.1 P 口径),16.9838,t0+60s后中位,5.98032,2.79952,5.98032,99.3072,99.3072,99.3072,-4.98258,33.72,33.72,33.72,False,12.2666,1.22324,-77.1258,0.490226,-12.2666,105.98,0.692785,0.911675,-15.139,F43,11,onset,显示域,ratelimit_0.2,rate_limit,display,True,0,11
76,4241.75,4165.75,4241.75,t_on+4.6~5.4s中位(=08-v6.1 P 口径),22201.8,t0+60s后中位,166.985,0.763056,166.985,94.7295,94.7295,94.7295,-264.151,,,3.4,True,6836.41,1.03426,-9.1078,584.71,-6836.41,266.985,5.2705,6956.18,-3946.19,SW1,10.84,onset,ADC域,ratelimit_0.2,rate_limit,display,True,0,10.84
4811.46,11606.1,6794.66,11606.1,t_on+4.6~5.4s中位(=08-v6.1 P 口径),25339.1,t0+60s后中位,-6.00731,-7.03893,-6.00731,89.9331,89.9331,89.9331,-208.122,,,,False,6836.41,-18.2077,-25.1903,-327.999,-6836.41,93.9927,10.0669,-408.176,-6110.64,SW1,28.63,onset,ADC域,ratelimit_0.2,rate_limit,display,True,0,28.63
12297.8,16207.4,3909.6,16202.1,t_on+4.6~5.4s中位(=08-v6.1 P 口径),25571.5,t0+60s后中位,-25.9658,-124.959,-25.9658,309.005,309.005,309.005,-265.616,,,,False,10504.9,0.538888,-242.918,4779.13,-10504.9,73.9005,-209.139,-1015.16,-12080.9,SW1,71.67,restep,ADC域,ratelimit_0.2,rate_limit,display,True,0,71.67
5447.1,18092.5,12645.4,18092.5,t_on+4.6~5.4s中位(=08-v6.1 P 口径),25607.5,t0+60s后中位,-22.9771,-22.9771,-22.9771,96.4469,96.4469,96.4469,-82.4055,,,,False,10504.9,1.26897,-60.5073,863.061,-10504.9,77.0229,3.55312,-2905.56,-12196.1,SW1,75.89,onset,ADC域,ratelimit_0.2,rate_limit,display,True,0,75.89
19384.4,25851.7,6467.25,25850.6,t_on+4.6~5.4s中位(=08-v6.1 P 口径),22087.3,t0+60s后中位,41.2991,-72.7539,41.2991,398.799,169.959,398.799,99.489,,,,False,22810.6,-0.00872052,-26.1665,19990.4,-22810.6,141.282,-298.817,2670.92,-25791.4,SW1,110.45,restep,ADC域,ratelimit_0.2,rate_limit,display,True,0,110.45
61.0611,27163.2,27102.1,27163.8,t_on+4.6~5.4s中位(=08-v6.1 P 口径),20127.8,t0+60s后中位,6.17084,2.90725,6.17084,99.9692,99.9692,99.9692,32.1318,,,,False,22810.6,1.04095,-79.3835,1285.32,-22810.6,106.173,0.0329822,1672.43,-27093.8,SW1,133.83,onset,ADC域,ratelimit_0.2,rate_limit,display,True,0,133.83
52.8433,25248,25195.2,25248,t_on+4.6~5.4s中位(=08-v6.1 P 口径),60.6632,t0+60s后中位,2.88451,-0.0425315,2.88451,79.1974,74.6399,79.1974,102.853,,,3.15,True,15908.8,0.685841,-77.8231,15369.1,-15908.8,102.885,20.8026,726.759,-19953.9,SW1,185.97,onset,ADC域,ratelimit_0.2,rate_limit,display,True,0,185.97
5760.84,11857,6096.16,11857,t_on+4.6~5.4s中位(=08-v6.1 P 口径),22086.1,后1/3段中位(不足60s),186.777,-42.2908,186.777,159.675,107.27,159.675,18.9809,,,,False,14330.5,0.871199,-40.9053,4220.66,-14330.5,286.777,-59.6754,11386.2,-9734.06,SW1,217.74,restep,ADC域,ratelimit_0.2,rate_limit,display,True,0,217.74
12122.3,19875.9,7753.67,19875.9,t_on+4.6~5.4s中位(=08-v6.1 P 口径),22086.1,后1/3段中位(不足60s),47.1587,-58.6476,47.1587,255.672,228.963,255.672,18.6534,,,,False,22942.8,-0.89969,-172.063,22942.8,-14330.5,147.159,-155.672,3656.52,-19823.9,SW1,230.64,restep,ADC域,ratelimit_0.2,rate_limit,display,True,0,230.64
5210.44,20245.8,15035.4,20245.8,t_on+4.6~5.4s中位(=08-v6.1 P 口径),22086.1,后1/3段中位(不足60s),21.8592,-15.9144,21.8592,134.309,120.535,134.309,9.61945,,,,False,22942.8,-0.51517,-74.0033,22942.8,-14330.5,121.859,-34.3086,3286.62,-20193.8,SW1,233.05,onset,ADC域,ratelimit_0.2,rate_limit,display,True,0,233.05
20414.6,25671.8,5257.15,25671.8,t_on+4.6~5.4s中位(=08-v6.1 P 口径),22086.1,后1/3段中位(不足60s),-40.6936,-47.0875,-40.6936,487.332,145.679,487.332,27.5115,,,,False,22942.8,0.87731,-3.36541,22942.8,-5338.15,59.3064,-387.332,-2139.32,-25619.8,SW1,240.72,restep,ADC域,ratelimit_0.2,rate_limit,display,True,0,240.72
62,14458.3,14396.3,14458.3,t_on+4.6~5.4s中位(=08-v6.1 P 口径),24133.2,后1/3段中位(不足60s),57.7471,7.01065,57.7471,100.194,98.3993,100.194,-9.45693,,,,False,17154.5,-1.92868,-64.0654,15572.7,-17154.5,157.747,-0.193638,8313.46,-14424.2,SW2,11.79,onset,ADC域,ratelimit_0.2,rate_limit,display,True,0,11.79
13424.9,14858.2,1433.25,14852.5,t_on+4.6~5.4s中位(=08-v6.1 P 口径),24133.2,后1/3段中位(不足60s),559.162,54.4074,559.162,1033.9,326.469,1033.9,-88.3713,,,,False,17154.5,0.500254,254.95,15572.7,-17154.5,658.766,-934.296,8014.19,-14818.4,SW2,13.7,restep,ADC域,ratelimit_0.2,rate_limit,display,True,0,13.7
14922.6,15402.5,479.895,15402.8,t_on+4.6~5.4s中位(=08-v6.1 P 口径),24133.2,后1/3段中位(不足60s),1687.5,142.428,1687.5,3202.49,61.9455,3202.49,-131.752,,,,False,17154.5,0.990165,-100,15572.7,-17154.5,1787.55,-3102.44,8098.22,-15368.6,SW2,14.86,restep,ADC域,ratelimit_0.2,rate_limit,display,True,0,14.86
16009.1,17425.7,1416.62,17425.7,t_on+4.6~5.4s中位(=08-v6.1 P 口径),24133.2,后1/3段中位(不足60s),442.831,-123.341,442.831,1227.68,1227.68,1227.68,-30.6578,,,,False,23383,-0.427392,-465.183,23383,-20797.5,542.831,-1127.68,6273.24,-17391.6,SW2,31.22,restep,ADC域,ratelimit_0.2,rate_limit,display,True,0,31.22
37.3925,21643.5,21606.1,21639.1,t_on+4.6~5.4s中位(=08-v6.1 P 口径),24133.2,后1/3段中位(不足60s),26.0431,4.9192,26.0431,99.99,98.9628,99.99,14.4993,,,,False,23383,0.0625784,-76.0565,23383,-20797.5,126.023,-0.0102436,5626.89,-21603.9,SW2,35.96,onset,ADC域,ratelimit_0.2,rate_limit,display,True,0,35.96
38,25209.3,25171.3,25209.3,t_on+4.6~5.4s中位(=08-v6.1 P 口径),24133.2,后1/3段中位(不足60s),8.59178,3.37712,8.59178,99.1784,99.1784,99.1784,12.8668,,,,False,20797.5,1.07616,-79.4478,1806.91,-20797.5,108.592,0.82162,2162.66,-24964.5,SW2,57.3,onset,ADC域,ratelimit_0.2,rate_limit,display,True,0,57.3
69.5794,17701.9,17632.3,17701.9,t_on+4.6~5.4s中位(=08-v6.1 P 口径),27305,后1/3段中位(不足60s),21.3504,-12.3749,21.3504,100.128,94.8597,100.128,-33.1133,,,,False,21896.9,-3.3672,-68.5839,20924.1,-21896.9,121.35,-0.128057,3764.56,-17654.9,SW3,10.92,onset,ADC域,ratelimit_0.2,rate_limit,display,True,0,10.92
18559.6,25621.5,7061.97,25621.5,t_on+4.6~5.4s中位(=08-v6.1 P 口径),27305,后1/3段中位(不足60s),38.1025,-60.2981,38.1025,362.145,139.296,362.145,14.2636,,,,False,21896.9,-1.05216,-27.8357,20924.1,-21896.9,138.103,-262.145,2690.79,-25574.5,SW3,20.72,restep,ADC域,ratelimit_0.2,rate_limit,display,True,0,20.72
55.4942,26638.1,26582.6,26638.1,t_on+4.6~5.4s中位(=08-v6.1 P 口径),27305,后1/3段中位(不足60s),6.58447,4.59909,6.58447,99.3842,99.3842,99.3842,4.07544,,,,False,28203.6,1.17436,-79.1617,28203.6,-21896.9,106.584,0.615767,1750.32,-26418.9,SW3,39.08,onset,ADC域,ratelimit_0.2,rate_limit,display,True,0,39.08
27714.7,53,-27661.7,53,段末帧(退化),27305,后1/3段中位(不足60s),-40.6555,-40.6555,-40.6555,102.134,102.134,102.134,57.8635,,,,False,28203.6,0.612543,-79.9746,28203.6,489.135,2.13351,-59.3445,28251.9,11246,SW3,60.78,restep,ADC域,ratelimit_0.2,rate_limit,display,True,0,60.78
84,15448.2,15364.2,15448.2,t_on+4.6~5.4s中位(=08-v6.1 P 口径),24171.5,t0+60s后中位,48.8006,-3.02295,48.8006,98.4725,98.4725,98.4725,-7.97681,,,,False,10713.6,1.21503,-57.7555,888.732,-10713.6,148.801,1.52749,7497.8,-15129.5,SW4,8.41,onset,ADC域,ratelimit_0.2,rate_limit,display,True,0,8.41
16085.4,22496.9,6411.47,22496.9,t_on+4.6~5.4s中位(=08-v6.1 P 口径),27884.7,t0+60s后中位,7.38004,-18.5891,7.38004,117.127,117.127,117.127,-76.6546,,,,False,4669.87,0.940843,-1.46197,888.732,-4669.87,107.38,-17.1271,473.169,-7509.57,SW4,18.68,restep,ADC域,ratelimit_0.2,rate_limit,display,True,0,18.68
22912.5,24098.4,1185.96,24095.9,t_on+4.6~5.4s中位(=08-v6.1 P 口径),28247.1,t0+60s后中位,-94.9303,-102.993,-94.9303,531.279,531.279,531.279,-444.96,,,,False,4669.87,-0.507377,-214.154,888.732,-4669.87,4.85509,-431.494,-1125.83,-6300.74,SW4,26.57,restep,ADC域,ratelimit_0.2,rate_limit,display,True,0,26.57
19465.9,24135.1,4669.26,24133.3,t_on+4.6~5.4s中位(=08-v6.1 P 口径),28278.7,t0+60s后中位,-24.9127,-26.9606,-24.9127,134.598,134.598,134.598,-113.693,,,,False,4669.87,0.652179,6.19645,167.849,-4669.87,75.0477,-34.638,-1163.24,-6284.74,SW4,27.6,restep,ADC域,ratelimit_0.2,rate_limit,display,True,0,27.6
20983.1,24429.9,3446.83,24429.7,t_on+4.6~5.4s中位(=08-v6.1 P 口径),27976.3,后1/3段中位(不足60s),-35.8762,-73.0884,-35.8762,707.232,119.723,707.232,-138.771,,,,False,22746.3,0.865948,-63.9356,21023.6,-22746.3,64.1169,-607.238,-1236.59,-24377.1,SW4,61.37,restep,ADC域,ratelimit_0.2,rate_limit,display,True,0,61.37
75,27895.9,27820.9,27895.9,t_on+4.6~5.4s中位(=08-v6.1 P 口径),27976.3,后1/3段中位(不足60s),22.8051,6.78894,22.8051,95.2915,95.2915,95.2915,22.5162,,,,False,32209.8,2.17193,-76.6704,32209.8,-22746.3,122.805,4.70846,6344.58,-26511,SW4,88,onset,ADC域,ratelimit_0.2,rate_limit,display,True,0,88
28337.8,30791.3,2453.48,30791.3,t_on+4.6~5.4s中位(=08-v6.1 P 口径),27976.3,后1/3段中位(不足60s),140.585,101.633,140.585,1251.7,0.105036,1251.7,255.319,,,,False,32209.8,1.03869,-73.4049,32209.8,0,240.585,-1151.7,3449.22,-30710.3,SW4,99.36,restep,ADC域,ratelimit_0.2,rate_limit,display,True,0,99.36
29453,32163.4,2710.38,32155.5,t_on+4.6~5.4s中位(=08-v6.1 P 口径),27976.3,后1/3段中位(不足60s),76.9267,76.9267,76.9267,1183.4,-15.3249,1183.4,231.119,,,,False,32209.8,1.08192,-40.5825,32209.8,0,176.635,-1083.69,2085,-32074.5,SW4,104.24,restep,ADC域,ratelimit_0.2,rate_limit,display,True,0,104.24
0.549442,14.7073,14.1578,14.7057,t_on+4.6~5.4s中位(=08-v6.1 P 口径),1.16117,t0+60s后中位,2.94483,-1.76579,2.94483,98.1223,98.1223,98.1223,98.6128,1.69,1.69,1.69,False,9.47276,1.09242,-44.6834,0.483027,-9.47276,102.934,1.8664,0.416925,-13.892,RT1,8.27,onset,显示域,ratelimit_0.4,rate_limit,display,True,0,8.27
14.6375,15.8381,1.20052,15.8268,t_on+4.6~5.4s中位(=08-v6.1 P 口径),1.11186,t0+60s后中位,-58.6572,-58.6572,-58.6572,121.807,115.711,121.807,1167.06,,,,False,2.54718,-0.0950023,-86.2626,0.0388504,-2.54718,40.4059,-22.7434,-0.704191,-1.46231,RT1,13.6,restep,显示域,ratelimit_0.4,rate_limit,display,True,0,13.6
0.290396,16.726,16.4356,16.726,t_on+4.6~5.4s中位(=08-v6.1 P 口径),19.7617,t0+60s后中位,-0.903003,-2.26832,-0.903003,99.9007,99.9007,99.9007,-19.3735,1.78,1.78,1.78,False,11.2217,0.962092,-46.4412,0.940411,-11.2217,99.097,0.0992831,-0.148414,-16.4193,RT2,12.32,onset,显示域,ratelimit_0.4,rate_limit,display,True,0,12.32
20.8432,22.0158,1.1726,22.0168,t_on+4.6~5.4s中位(=08-v6.1 P 口径),0.329168,t0+60s后中位,-428.593,-428.593,-428.593,1848.12,567.639,1848.12,1420.94,,,,False,15.3768,0.762284,-57.2386,15.3768,-6.36289,-328.515,-1748.04,-5.02567,-21.671,RT2,147.11,restep,显示域,ratelimit_0.4,rate_limit,display,True,0,147.11
0.043,16.5567,16.5137,16.5389,t_on+4.6~5.4s中位(=08-v6.1 P 口径),20.5361,t0+60s后中位,13.1331,5.19312,13.1331,99.3294,99.3294,99.3294,-11.0722,,,,False,12.7343,1.00778,-48.5809,1.49952,-12.7343,113.026,0.56317,2.16876,-16.4029,RT3,10.59,onset,显示域,ratelimit_0.4,rate_limit,display,True,0,10.59
0,15.2813,15.2813,15.2813,t_on+4.6~5.4s中位(=08-v6.1 P 口径),17.8094,t0+60s后中位,12.9533,4.44779,12.9533,100,100,100,-3.59104,,,,False,12.8312,1.01374,-52.4735,1.39402,-12.8312,112.953,0,1.97943,-15.2813,LT1,11.69,onset,显示域,ratelimit_0.4,rate_limit,display,True,0,11.69
0,16.1212,16.1212,16.1212,t_on+4.6~5.4s中位(=08-v6.1 P 口径),18.002,t0+60s后中位,2.40757,-0.170504,2.40757,97.6924,97.6924,97.6924,-9.25933,2.01,2.01,2.01,False,14.0483,1.46521,-53.8482,0.204978,-14.0483,102.408,2.30759,0.388129,-15.7491,LT2,14.92,onset,显示域,ratelimit_0.4,rate_limit,display,True,0,14.92
0,17.5144,17.5144,17.5144,t_on+4.6~5.4s中位(=08-v6.1 P 口径),18.8563,t0+60s后中位,6.00244,3.1394,6.00244,99.5583,99.5583,99.5583,-1.65931,,,78.5,True,13.7846,1.46535,-55.827,1.23784,-13.7846,106.002,0.44173,1.05129,-17.437,LT3,10.87,onset,显示域,ratelimit_0.4,rate_limit,display,True,0,10.87
0.064,13.3829,13.3189,13.3829,t_on+4.6~5.4s中位(=08-v6.1 P 口径),0.101758,t0+60s后中位,1.42838,-1.10218,1.42838,99.3123,99.3123,99.3123,101.145,1.93,1.93,1.93,False,9.95175,1.24298,-51.0411,0.664976,-9.95175,101.428,0.687704,0.190244,-13.2273,F41,10.94,onset,显示域,ratelimit_0.4,rate_limit,display,True,0,10.94
10.8737,13.5564,2.68271,13.5564,t_on+4.6~5.4s中位(=08-v6.1 P 口径),0.082,t0+60s后中位,0.624843,-5.30175,0.624843,195.69,195.69,195.69,502.892,,,,False,3.71566,1.57411,83.7511,0.664976,-3.71566,100.625,-95.6898,0.0167627,-5.24979,F41,12.19,restep,显示域,ratelimit_0.4,rate_limit,display,True,0,12.19
0.063,14.7479,14.6849,14.7479,t_on+4.6~5.4s中位(=08-v6.1 P 口径),9.57269,t0+60s后中位,-1.5592,-2.36497,-1.5592,99.6457,99.6457,99.6457,33.6827,2.04,2.04,2.04,False,10.3299,0.96476,-53.5863,0.751471,-10.3299,98.4408,0.354284,-0.228967,-14.6329,F42,11.03,onset,显示域,ratelimit_0.4,rate_limit,display,True,0,11.03
0.068,15.3126,15.2446,15.3126,t_on+4.6~5.4s中位(=08-v6.1 P 口径),16.9838,t0+60s后中位,5.98032,2.79952,5.98032,98.6434,98.6434,98.6434,-4.98258,33.72,33.72,33.72,False,11.2588,1.2155,-54.2517,1.35961,-11.2588,105.98,1.35657,0.911675,-15.0378,F43,11,onset,显示域,ratelimit_0.4,rate_limit,display,True,0,11
76,4241.75,4165.75,4241.75,t_on+4.6~5.4s中位(=08-v6.1 P 口径),22201.8,t0+60s后中位,166.985,0.763056,166.985,89.3643,89.3643,89.3643,-264.151,,,3.39,True,5718.91,1.01226,-14.473,725.647,-5718.91,266.985,10.6357,6956.18,-3722.69,SW1,10.84,onset,ADC域,ratelimit_0.4,rate_limit,display,True,0,10.84
4811.46,11606.1,6794.66,11606.1,t_on+4.6~5.4s中位(=08-v6.1 P 口径),25339.1,t0+60s后中位,-6.00731,-6.62688,-6.00731,73.4863,73.4863,73.4863,-208.122,,,,False,5718.91,-14.5009,-41.6371,292.527,-5718.91,93.9927,26.5137,-408.176,-4993.14,SW1,28.63,onset,ADC域,ratelimit_0.4,rate_limit,display,True,0,28.63
12297.8,16207.4,3909.6,16202.1,t_on+4.6~5.4s中位(=08-v6.1 P 口径),25571.5,t0+60s后中位,-9.27105,-80.5419,-9.27105,310.959,310.959,310.959,-248.921,,,,False,9554.98,0.529844,-278.166,3698.64,-9554.98,90.5953,-211.093,-362.461,-12157.3,SW1,71.67,restep,ADC域,ratelimit_0.4,rate_limit,display,True,0,71.67
5447.1,18092.5,12645.4,18092.5,t_on+4.6~5.4s中位(=08-v6.1 P 口径),25607.5,t0+60s后中位,-17.8156,-17.8156,-17.8156,97.2923,97.2923,97.2923,-77.244,,,,False,9554.98,1.17067,-32.7967,807.186,-9554.98,82.1844,2.70771,-2252.86,-12303,SW1,75.89,onset,ADC域,ratelimit_0.4,rate_limit,display,True,0,75.89
19384.4,25851.7,6467.25,25850.6,t_on+4.6~5.4s中位(=08-v6.1 P 口径),22087.3,t0+60s后中位,41.8282,-72.7151,41.8282,398.818,172.006,398.818,100.018,,,,False,20352.1,0.342438,-5.56161,18890.3,-20352.1,141.811,-298.835,2705.13,-25792.6,SW1,110.45,restep,ADC域,ratelimit_0.4,rate_limit,display,True,0,110.45
61.0611,27163.2,27102.1,27163.8,t_on+4.6~5.4s中位(=08-v6.1 P 口径),20127.8,t0+60s后中位,6.17084,5.13591,6.17084,99.9692,99.9692,99.9692,32.1318,,,,False,20352.1,1.04095,-58.767,1870.28,-20352.1,106.173,0.0329822,1672.43,-27093.8,SW1,133.83,onset,ADC域,ratelimit_0.4,rate_limit,display,True,0,133.83
52.8433,25248,25195.2,25248,t_on+4.6~5.4s中位(=08-v6.1 P 口径),60.6632,t0+60s后中位,5.55859,5.55859,5.55859,100.004,100.004,100.004,105.528,,,2.41,True,21133.6,0.976083,-55.6462,14191.7,-21133.6,105.559,-0.00352015,1400.5,-25196.1,SW1,185.97,onset,ADC域,ratelimit_0.4,rate_limit,display,True,0,185.97
5760.84,11857,6096.16,11857,t_on+4.6~5.4s中位(=08-v6.1 P 口径),22086.1,后1/3段中位(不足60s),186.777,-41.402,186.777,161.378,107.999,161.378,18.9809,,,,False,11872,0.871199,-39.929,3359.23,-11872,286.777,-61.3782,11386.2,-9837.87,SW1,217.74,restep,ADC域,ratelimit_0.4,rate_limit,display,True,0,217.74
12122.3,19875.9,7753.67,19875.9,t_on+4.6~5.4s中位(=08-v6.1 P 口径),22086.1,后1/3段中位(不足60s),47.3621,-26.0894,47.3621,255.672,230.302,255.672,18.8569,,,,False,22719.3,-0.292753,-176.273,22719.3,-11872,147.362,-155.672,3672.3,-19823.9,SW1,230.64,restep,ADC域,ratelimit_0.4,rate_limit,display,True,0,230.64
5210.44,20245.8,15035.4,20245.8,t_on+4.6~5.4s中位(=08-v6.1 P 口径),22086.1,后1/3段中位(不足60s),21.9642,-15.9144,21.9642,134.309,121.225,134.309,9.72438,,,,False,22719.3,0.770208,-41.672,22719.3,-11872,121.964,-34.3086,3302.4,-20193.8,SW1,233.05,onset,ADC域,ratelimit_0.4,rate_limit,display,True,0,233.05
20414.6,25671.8,5257.15,25671.8,t_on+4.6~5.4s中位(=08-v6.1 P 口径),22086.1,后1/3段中位(不足60s),-40.3935,-46.4224,-40.3935,487.332,145.679,487.332,27.8116,,,,False,22719.3,0.87731,-2.30257,22719.3,-4019.48,59.6065,-387.332,-2123.55,-25619.8,SW1,240.72,restep,ADC域,ratelimit_0.4,rate_limit,display,True,0,240.72
62,14458.3,14396.3,14458.3,t_on+4.6~5.4s中位(=08-v6.1 P 口径),24133.2,后1/3段中位(不足60s),57.7471,8.44804,57.7471,100.271,96.962,100.271,-9.45693,,,,False,15365.8,-1.41525,-28.1308,15365.8,-15025.7,157.747,-0.270894,8313.46,-14435.3,SW2,11.79,onset,ADC域,ratelimit_0.4,rate_limit,display,True,0,11.79
13424.9,14858.2,1433.25,14852.5,t_on+4.6~5.4s中位(=08-v6.1 P 口径),24133.2,后1/3段中位(不足60s),560.124,57.3565,560.124,1034.68,-14.0429,1034.68,-87.4098,,,,False,15365.8,1.04028,-100,15365.8,-15025.7,659.728,-935.072,8027.97,-14829.5,SW2,13.7,restep,ADC域,ratelimit_0.4,rate_limit,display,True,0,13.7
14922.6,15402.5,479.895,15402.8,t_on+4.6~5.4s中位(=08-v6.1 P 口径),24133.2,后1/3段中位(不足60s),1687.5,142.428,1687.5,3204.81,72.7254,3204.81,-131.752,,,,False,15365.8,0.990165,-100,15365.8,-15025.7,1787.55,-3104.76,8098.22,-15379.7,SW2,14.86,restep,ADC域,ratelimit_0.4,rate_limit,display,True,0,14.86
16009.1,17425.7,1416.62,17425.7,t_on+4.6~5.4s中位(=08-v6.1 P 口径),24133.2,后1/3段中位(不足60s),666.608,-134.296,666.608,1228.46,1228.46,1228.46,193.119,,,,False,23124.4,-0.132972,-830.366,23124.4,-19142,766.608,-1128.46,9443.31,-17402.7,SW2,31.22,restep,ADC域,ratelimit_0.4,rate_limit,display,True,0,31.22
37.3925,21643.5,21606.1,21639.1,t_on+4.6~5.4s中位(=08-v6.1 P 口径),24133.2,后1/3段中位(不足60s),26.0431,4.94649,26.0431,100.042,98.0051,100.042,14.4993,,,,False,23124.4,0.122776,-52.1129,23124.4,-19142,126.023,-0.0619851,5626.89,-21615.1,SW2,35.96,onset,ADC域,ratelimit_0.4,rate_limit,display,True,0,35.96
38,25209.3,25171.3,25209.3,t_on+4.6~5.4s中位(=08-v6.1 P 口径),24133.2,后1/3段中位(不足60s),8.59178,7.1642,8.59178,98.3563,98.3563,98.3563,12.8668,,,,False,19142,1.06793,-58.8956,2199.25,-19142,108.592,1.64371,2162.66,-24757.6,SW2,57.3,onset,ADC域,ratelimit_0.4,rate_limit,display,True,0,57.3
69.5794,17701.9,17632.3,17701.9,t_on+4.6~5.4s中位(=08-v6.1 P 口径),27305,后1/3段中位(不足60s),21.376,-12.2599,21.376,100.151,89.8332,100.151,-33.0877,,,,False,20868.7,-2.96825,-37.1679,20868.7,-20144,121.376,-0.150743,3769.07,-17658.9,SW3,10.92,onset,ADC域,ratelimit_0.4,rate_limit,display,True,0,10.92
18559.6,25621.5,7061.97,25621.5,t_on+4.6~5.4s中位(=08-v6.1 P 口径),27305,后1/3段中位(不足60s),38.1067,-58.7742,38.1067,362.201,136.158,362.201,14.2679,,,,False,20868.7,0.413737,-24.6483,20868.7,-20144,138.107,-262.201,2691.09,-25578.5,SW3,20.72,restep,ADC域,ratelimit_0.4,rate_limit,display,True,0,20.72
55.4942,26638.1,26582.6,26638.1,t_on+4.6~5.4s中位(=08-v6.1 P 口径),27305,后1/3段中位(不足60s),6.65189,5.222,6.65189,100.016,98.7591,100.016,4.14285,,,,False,28148.2,1.1674,-58.3233,28148.2,-20144,106.652,-0.0161212,1768.24,-26586.9,SW3,39.08,onset,ADC域,ratelimit_0.4,rate_limit,display,True,0,39.08
27714.7,53,-27661.7,53,段末帧(退化),27305,后1/3段中位(不足60s),0.00647542,0.00647542,0.00647542,102.134,102.134,102.134,98.5255,,,,False,28148.2,1.01762,-59.9492,28148.2,0,2.13351,-100.006,28251.9,-1.79121,SW3,60.78,restep,ADC域,ratelimit_0.4,rate_limit,display,True,0,60.78
84,15448.2,15364.2,15448.2,t_on+4.6~5.4s中位(=08-v6.1 P 口径),24171.5,t0+60s后中位,48.8006,-2.6005,48.8006,96.7827,96.7827,96.7827,-7.97681,,,,False,9828.66,1.201,-15.5109,1183.81,-9828.66,148.801,3.21727,7497.8,-14869.9,SW4,8.41,onset,ADC域,ratelimit_0.4,rate_limit,display,True,0,8.41
16085.4,22496.9,6411.47,22496.9,t_on+4.6~5.4s中位(=08-v6.1 P 口径),27884.7,t0+60s后中位,7.38004,-18.5891,7.38004,117.127,117.127,117.127,-76.6546,,,,False,4537.05,0.940843,-1.46197,-401.053,-4537.05,107.38,-17.1271,473.169,-7509.57,SW4,18.68,restep,ADC域,ratelimit_0.4,rate_limit,display,True,0,18.68
22912.5,24098.4,1185.96,24095.9,t_on+4.6~5.4s中位(=08-v6.1 P 口径),28247.1,t0+60s后中位,-94.9303,-101.316,-94.9303,562.857,562.857,562.857,-444.96,,,,False,4537.05,0.458663,-115.048,-401.053,-4537.05,4.85509,-463.072,-1125.83,-6675.24,SW4,26.57,restep,ADC域,ratelimit_0.4,rate_limit,display,True,0,26.57
19465.9,24135.1,4669.26,24133.3,t_on+4.6~5.4s中位(=08-v6.1 P 口径),28278.7,t0+60s后中位,-24.9127,-26.5347,-24.9127,134.598,134.598,134.598,-113.693,,,,False,4537.05,0.652179,6.19645,-401.053,-4537.05,75.0477,-34.638,-1163.24,-6284.74,SW4,27.6,restep,ADC域,ratelimit_0.4,rate_limit,display,True,0,27.6
20983.1,24429.9,3446.83,24429.7,t_on+4.6~5.4s中位(=08-v6.1 P 口径),27976.3,后1/3段中位(不足60s),155.359,-72.9638,155.359,708.757,106.988,708.757,52.4644,,,,False,20699,0.901438,-87.9684,20699,-20582.3,255.352,-608.764,5354.98,-24429.7,SW4,61.37,restep,ADC域,ratelimit_0.4,rate_limit,display,True,0,61.37
75,27895.9,27820.9,27895.9,t_on+4.6~5.4s中位(=08-v6.1 P 口径),27976.3,后1/3段中位(不足60s),22.9265,6.78894,22.9265,100.067,90.6256,100.067,22.6376,,,,False,31106.4,2.08466,-53.3407,31106.4,-20582.3,122.926,-0.0670225,6378.36,-27839.6,SW4,88,onset,ADC域,ratelimit_0.4,rate_limit,display,True,0,88
28337.8,30791.3,2453.48,30791.3,t_on+4.6~5.4s中位(=08-v6.1 P 口径),27976.3,后1/3段中位(不足60s),141.961,120.814,141.961,1252.71,6.28038,1252.71,256.696,,,,False,31106.4,1.04365,-82.0321,31106.4,0,241.961,-1152.71,3482.99,-30734.9,SW4,99.36,restep,ADC域,ratelimit_0.4,rate_limit,display,True,0,99.36
29453,32163.4,2710.38,32155.5,t_on+4.6~5.4s中位(=08-v6.1 P 口径),27976.3,后1/3段中位(不足60s),78.1729,78.1729,78.1729,1184.31,-16.1642,1184.31,232.365,,,,False,31106.4,1.08586,-44.9436,31106.4,0,177.881,-1084.6,2118.78,-32099.1,SW4,104.24,restep,ADC域,ratelimit_0.4,rate_limit,display,True,0,104.24
0.549442,14.7073,14.1578,14.7057,t_on+4.6~5.4s中位(=08-v6.1 P 口径),1.16117,t0+60s后中位,5.13735,-1.76579,5.13735,76.7128,76.7128,76.7128,100.805,5.36,5.36,5.36,False,2.25141,0.850392,-28.9668,0.283332,-2.25141,105.126,23.2759,0.727339,-10.8609,RT1,8.27,onset,显示域,clip_0.02,clip_raw,display,True,0,8.27
14.6375,15.8381,1.20052,15.8268,t_on+4.6~5.4s中位(=08-v6.1 P 口径),1.11186,t0+60s后中位,-32.8006,-32.8006,-32.8006,121.807,115.711,121.807,1192.91,,,,False,2.54718,-0.141274,-92.1817,-0.240574,-2.54718,66.2626,-22.7434,-0.393777,-1.46231,RT1,13.6,restep,显示域,clip_0.02,clip_raw,display,True,0,13.6
0.290396,16.726,16.4356,16.726,t_on+4.6~5.4s中位(=08-v6.1 P 口径),19.7617,t0+60s后中位,-0.903003,-2.79374,-0.903003,90.4771,90.4771,90.4771,-19.3735,13.16,13.16,2.29,False,2.41547,0.868067,-19.9306,0.318922,-2.41547,99.097,9.52291,-0.148414,-14.8705,RT2,12.32,onset,显示域,clip_0.02,clip_raw,display,True,0,12.32
20.8432,22.0158,1.1726,22.0168,t_on+4.6~5.4s中位(=08-v6.1 P 口径),0.329168,t0+60s后中位,-422.213,-422.213,-422.213,1877.61,847.803,1877.61,1427.32,,,,False,6.2192,0.762284,-57.2386,0,-6.2192,-322.135,-1777.53,-4.95085,-22.0168,RT2,147.11,restep,显示域,clip_0.02,clip_raw,display,True,0,147.11
0.043,16.5567,16.5137,16.5389,t_on+4.6~5.4s中位(=08-v6.1 P 口径),20.5361,t0+60s后中位,13.5865,2.83021,13.5865,99.3294,99.3294,99.3294,-10.6188,,,,False,0.364312,1.00778,-6.16782,0.364312,-0.177791,113.479,0.56317,2.24364,-16.4029,RT3,10.59,onset,显示域,clip_0.02,clip_raw,display,True,0,10.59
0,15.2813,15.2813,15.2813,t_on+4.6~5.4s中位(=08-v6.1 P 口径),17.8094,t0+60s后中位,13.92,2.13532,13.92,100,100,100,-2.62435,,,,False,0.333801,1.01374,-6.18653,0.333801,-0.0633991,113.92,0,2.12715,-15.2813,LT1,11.69,onset,显示域,clip_0.02,clip_raw,display,True,0,11.69
0,16.1212,16.1212,16.1212,t_on+4.6~5.4s中位(=08-v6.1 P 口径),18.002,t0+60s后中位,2.40757,-0.170504,2.40757,61.2823,61.2823,61.2823,-9.25933,1.96,1.96,1.96,False,1.10351,0.928446,-45.3771,0.297212,-1.10351,102.408,38.7177,0.388129,-9.87941,LT2,14.92,onset,显示域,clip_0.02,clip_raw,display,True,0,14.92
0,17.5144,17.5144,17.5144,t_on+4.6~5.4s中位(=08-v6.1 P 口径),18.8563,t0+60s后中位,6.00244,2.13529,6.00244,66.7966,66.7966,66.7966,-1.65931,,,78.5,True,0.361504,1.00726,-40.1669,0.361504,-0.0979361,106.002,33.2034,1.05129,-11.699,LT3,10.87,onset,显示域,clip_0.02,clip_raw,display,True,0,10.87
0.064,13.3829,13.3189,13.3829,t_on+4.6~5.4s中位(=08-v6.1 P 口径),0.101758,t0+60s后中位,1.42838,-1.10218,1.42838,66.9611,66.9611,66.9611,101.145,1.75,1.75,1.75,False,2.08834,0.836811,-44.0324,0.259429,-2.08834,101.428,33.0389,0.190244,-8.91846,F41,10.94,onset,显示域,clip_0.02,clip_raw,display,True,0,10.94
10.8737,13.5564,2.68271,13.5564,t_on+4.6~5.4s中位(=08-v6.1 P 口径),0.082,t0+60s后中位,0.624843,-5.30175,0.624843,50.2785,50.2785,50.2785,502.892,,,,False,2.09812,0.346129,-75.4448,0.259429,-2.09812,100.625,49.7215,0.0167627,-1.34883,F41,12.19,restep,显示域,clip_0.02,clip_raw,display,True,0,12.19
0.063,14.7479,14.6849,14.7479,t_on+4.6~5.4s中位(=08-v6.1 P 口径),9.57269,t0+60s后中位,-1.5592,-2.36497,-1.5592,92.5463,92.5463,92.5463,33.6827,2.39,2.39,2.39,False,1.89832,0.894072,-17.8397,0.282071,-1.89832,98.4408,7.45373,-0.228967,-13.5904,F42,11.03,onset,显示域,clip_0.02,clip_raw,display,True,0,11.03
0.068,15.3126,15.2446,15.3126,t_on+4.6~5.4s中位(=08-v6.1 P 口径),16.9838,t0+60s后中位,5.98032,2.1442,5.98032,78.8833,78.8833,78.8833,-4.98258,33.72,33.72,33.72,False,0.604318,0.985034,-28.1467,0.315071,-0.604318,105.98,21.1167,0.911675,-12.0254,F43,11,onset,显示域,clip_0.02,clip_raw,display,True,0,11
76,4241.75,4165.75,4241.75,t_on+4.6~5.4s中位(=08-v6.1 P 口径),22201.8,t0+60s后中位,194.206,0.763056,194.206,74.5707,74.5707,74.5707,-236.931,,,3.38,True,889.269,0.951611,-41.0407,219.208,-889.269,294.206,25.4293,8090.13,-3106.43,SW1,10.84,onset,ADC域,clip_0.02,clip_raw,display,True,0,10.84
4811.46,11606.1,6794.66,11606.1,t_on+4.6~5.4s中位(=08-v6.1 P 口径),25339.1,t0+60s后中位,10.6815,10.6815,10.6815,34.9809,34.9809,34.9809,-191.433,,,,False,1092.13,4.46888,-125.805,219.208,-1092.13,110.681,65.0191,725.77,-2376.83,SW1,28.63,onset,ADC域,clip_0.02,clip_raw,display,True,0,28.63
12297.8,16207.4,3909.6,16202.1,t_on+4.6~5.4s中位(=08-v6.1 P 口径),25571.5,t0+60s后中位,11.2175,11.2175,11.2175,313.031,313.031,313.031,-228.432,,,,False,4530.02,0.473269,-286.711,0,-4530.02,111.084,-213.164,438.558,-12238.3,SW1,71.67,restep,ADC域,clip_0.02,clip_raw,display,True,0,71.67
5447.1,18092.5,12645.4,18092.5,t_on+4.6~5.4s中位(=08-v6.1 P 口径),25607.5,t0+60s后中位,-11.4812,-11.4812,-11.4812,109.114,109.114,109.114,-70.9096,,,,False,4530.02,0.485272,-69.4172,-959.824,-4530.02,88.5188,-9.11387,-1451.85,-13797.9,SW1,75.89,onset,ADC域,clip_0.02,clip_raw,display,True,0,75.89
19384.4,25851.7,6467.25,25850.6,t_on+4.6~5.4s中位(=08-v6.1 P 口径),22087.3,t0+60s后中位,29.9703,-72.7151,29.9703,399.715,204.228,399.715,88.1601,,,,False,5456.51,0.740911,31.2991,544.879,-5456.51,129.953,-299.732,1938.25,-25850.6,SW1,110.45,restep,ADC域,clip_0.02,clip_raw,display,True,0,110.45
61.0611,27163.2,27102.1,27163.8,t_on+4.6~5.4s中位(=08-v6.1 P 口径),20127.8,t0+60s后中位,4.28652,2.03725,4.28652,99.9692,99.9692,99.9692,30.2475,0.84,0.84,0.84,False,555.402,1.02005,-1.99115,555.402,-4.67081,104.289,0.0329822,1161.74,-27093.8,SW1,133.83,onset,ADC域,clip_0.02,clip_raw,display,True,0,133.83
52.8433,25248,25195.2,25248,t_on+4.6~5.4s中位(=08-v6.1 P 口径),60.6632,t0+60s后中位,5.66179,0.528833,5.66179,100.004,100.004,100.004,105.631,,,0.32,True,792.104,0.976083,-1.54936,497.672,-792.104,105.662,-0.00352015,1426.5,-25196.1,SW1,185.97,onset,ADC域,clip_0.02,clip_raw,display,True,0,185.97
5760.84,11857,6096.16,11857,t_on+4.6~5.4s中位(=08-v6.1 P 口径),22086.1,后1/3段中位(不足60s),205.519,-8.49026,205.519,184.884,116.941,184.884,37.7224,,,,False,2865.19,0.871199,-39.929,0,-2865.19,305.519,-84.8842,12528.8,-11270.8,SW1,217.74,restep,ADC域,clip_0.02,clip_raw,display,True,0,217.74
12122.3,19875.9,7753.67,19875.9,t_on+4.6~5.4s中位(=08-v6.1 P 口径),22086.1,后1/3段中位(不足60s),58.1637,-26.0894,58.1637,256.343,248.783,256.343,29.6585,,,,False,2865.19,0.77667,-146.248,0,-2865.19,158.164,-156.343,4509.82,-19875.9,SW1,230.64,restep,ADC域,clip_0.02,clip_raw,display,True,0,230.64
5210.44,20245.8,15035.4,20245.8,t_on+4.6~5.4s中位(=08-v6.1 P 口径),22086.1,后1/3段中位(不足60s),27.5345,-15.9144,27.5345,134.654,125.878,134.654,15.2947,,,,False,2865.19,0.477763,9.67191,0,-2865.19,127.534,-34.6545,4139.92,-20245.8,SW1,233.05,onset,ADC域,clip_0.02,clip_raw,display,True,0,233.05
20414.6,25671.8,5257.15,25671.8,t_on+4.6~5.4s中位(=08-v6.1 P 口径),22086.1,后1/3段中位(不足60s),-24.4625,-24.4625,-24.4625,488.321,145.679,488.321,43.7427,,,,False,2766.13,0.87731,-0.0786716,0,-2766.13,75.5375,-388.321,-1286.03,-25671.8,SW1,240.72,restep,ADC域,clip_0.02,clip_raw,display,True,0,240.72
62,14458.3,14396.3,14458.3,t_on+4.6~5.4s中位(=08-v6.1 P 口径),24133.2,后1/3段中位(不足60s),53.2796,8.65736,53.2796,100.431,55.3875,100.431,-13.9244,,,,False,433.895,1.00123,-49.4695,433.895,-371.314,153.28,-0.430665,7670.31,-14458.3,SW2,11.79,onset,ADC域,clip_0.02,clip_raw,display,True,0,11.79
13424.9,14858.2,1433.25,14852.5,t_on+4.6~5.4s中位(=08-v6.1 P 口径),24133.2,后1/3段中位(不足60s),519.59,59.459,519.59,1036.28,51.1517,1036.28,-127.944,,,,False,437.245,1.02004,-79.3177,437.245,-371.314,619.193,-936.677,7447.01,-14852.5,SW2,13.7,restep,ADC域,clip_0.02,clip_raw,display,True,0,13.7
14922.6,15402.5,479.895,15402.8,t_on+4.6~5.4s中位(=08-v6.1 P 口径),24133.2,后1/3段中位(不足60s),1571.89,69.8129,1571.89,3209.61,267.434,3209.61,-247.355,,,,False,449.925,0.990165,-225.763,449.925,-286.275,1671.94,-3109.55,7543.44,-15402.8,SW2,14.86,restep,ADC域,clip_0.02,clip_raw,display,True,0,14.86
16009.1,17425.7,1416.62,17425.7,t_on+4.6~5.4s中位(=08-v6.1 P 口径),24133.2,后1/3段中位(不足60s),576.8,4.50835,576.8,1230.09,1230.09,1230.09,103.311,,,,False,501.897,0.974193,-849.784,501.897,-280.322,676.8,-1130.09,8171.07,-17425.7,SW2,31.22,restep,ADC域,clip_0.02,clip_raw,display,True,0,31.22
37.3925,21643.5,21606.1,21639.1,t_on+4.6~5.4s中位(=08-v6.1 P 口径),24133.2,后1/3段中位(不足60s),20.5713,2.10948,20.5713,100.042,84.0485,100.042,9.02757,,,,False,511.446,1,-17.9048,511.446,-14.153,120.551,-0.0619851,4444.65,-21615.1,SW2,35.96,onset,ADC域,clip_0.02,clip_raw,display,True,0,35.96
38,25209.3,25171.3,25209.3,t_on+4.6~5.4s中位(=08-v6.1 P 口径),24133.2,后1/3段中位(不足60s),4.90785,2.07164,4.90785,97.159,97.159,97.159,9.18285,,,0.66,True,518.523,1.0206,-6.5893,518.523,0,104.908,2.84099,1235.37,-24456.2,SW2,57.3,onset,ADC域,clip_0.02,clip_raw,display,True,0,57.3
69.5794,17701.9,17632.3,17701.9,t_on+4.6~5.4s中位(=08-v6.1 P 口径),27305,后1/3段中位(不足60s),47.8038,-12.2599,47.8038,100.395,68.625,100.395,-6.65988,,,,False,5351.15,1.0086,-44.2226,512.368,-5351.15,147.804,-0.394614,8428.89,-17701.9,SW3,10.92,onset,ADC域,clip_0.02,clip_raw,display,True,0,10.92
18559.6,25621.5,7061.97,25621.5,t_on+4.6~5.4s中位(=08-v6.1 P 口径),27305,后1/3段中位(不足60s),32.3236,-57.6795,32.3236,362.81,134.24,362.81,8.48473,,,,False,5351.15,1.59417,-26.2308,547.142,-5351.15,132.324,-262.81,2282.68,-25621.5,SW3,20.72,restep,ADC域,clip_0.02,clip_raw,display,True,0,20.72
55.4942,26638.1,26582.6,26638.1,t_on+4.6~5.4s中位(=08-v6.1 P 口径),27305,后1/3段中位(不足60s),6.65189,2.04298,6.65189,100.209,85.9799,100.209,4.14285,,,0.94,True,554.893,1.02317,-18.5266,554.893,0,106.652,-0.208762,1768.24,-26638.1,SW3,39.08,onset,ADC域,clip_0.02,clip_raw,display,True,0,39.08
27714.7,53,-27661.7,53,段末帧(退化),27305,后1/3段中位(不足60s),0.191601,0.191601,0.191601,102.134,102.134,102.134,98.7106,,,,False,489.135,1.01762,2.13399,489.135,0,2.13351,-100.192,28251.9,-53,SW3,60.78,restep,ADC域,clip_0.02,clip_raw,display,True,0,60.78
84,15448.2,15364.2,15448.2,t_on+4.6~5.4s中位(=08-v6.1 P 口径),24171.5,t0+60s后中位,51.9203,-2.58941,51.9203,65.5442,65.5442,65.5442,-4.85703,,,,False,1913,0.941746,-44.4074,292.512,-1913,151.92,34.4558,7977.13,-10070.3,SW4,8.41,onset,ADC域,clip_0.02,clip_raw,display,True,0,8.41
16085.4,22496.9,6411.47,22496.9,t_on+4.6~5.4s中位(=08-v6.1 P 口径),27884.7,t0+60s后中位,14.4804,-18.5891,14.4804,117.127,117.127,117.127,-69.5542,,,,False,2156.6,0.940843,-1.46197,0,-2156.6,114.48,-17.1271,928.407,-7509.57,SW4,18.68,restep,ADC域,clip_0.02,clip_raw,display,True,0,18.68
22912.5,24098.4,1185.96,24095.9,t_on+4.6~5.4s中位(=08-v6.1 P 口径),28247.1,t0+60s后中位,-56.5445,-56.5445,-56.5445,635.004,635.004,635.004,-406.575,,,,False,2250.22,0.604795,-115.048,0,-2250.22,43.2408,-535.218,-670.593,-7530.87,SW4,26.57,restep,ADC域,clip_0.02,clip_raw,display,True,0,26.57
19465.9,24135.1,4669.26,24133.3,t_on+4.6~5.4s中位(=08-v6.1 P 口径),28278.7,t0+60s后中位,-15.163,-15.163,-15.163,134.598,134.598,134.598,-103.943,,,,False,2270.65,0.652179,6.19645,0,-2270.65,84.7974,-34.638,-708,-6284.74,SW4,27.6,restep,ADC域,clip_0.02,clip_raw,display,True,0,27.6
20983.1,24429.9,3446.83,24429.7,t_on+4.6~5.4s中位(=08-v6.1 P 口径),27976.3,后1/3段中位(不足60s),110.501,-72.9638,110.501,708.757,119.21,708.757,7.60581,,,,False,2913.91,0.901438,-87.9684,553.695,-2913.91,210.494,-608.764,3808.78,-24429.7,SW4,61.37,restep,ADC域,clip_0.02,clip_raw,display,True,0,61.37
75,27895.9,27820.9,27895.9,t_on+4.6~5.4s中位(=08-v6.1 P 口径),27976.3,后1/3段中位(不足60s),19.6443,2.01283,19.6443,100.27,38.3675,100.27,19.3554,,,0.37,True,654.14,1.04316,-64.5158,654.14,-9.2776,119.644,-0.269581,5465.23,-27895.9,SW4,88,onset,ADC域,clip_0.02,clip_raw,display,True,0,88
28337.8,30791.3,2453.48,30791.3,t_on+4.6~5.4s中位(=08-v6.1 P 口径),27976.3,后1/3段中位(不足60s),104.743,75.3373,104.743,1255.01,56.6762,1255.01,219.478,,,,False,654.14,1.02006,-114.815,654.14,0,204.743,-1155.01,2569.86,-30791.3,SW4,99.36,restep,ADC域,clip_0.02,clip_raw,display,True,0,99.36
29453,32163.4,2710.38,32155.5,t_on+4.6~5.4s中位(=08-v6.1 P 口径),27976.3,后1/3段中位(不足60s),44.4826,26.3444,44.4826,1186.38,54.8828,1186.38,198.675,,,,False,654.14,1.02006,-31.4991,654.14,0,144.191,-1086.68,1205.65,-32155.5,SW4,104.24,restep,ADC域,clip_0.02,clip_raw,display,True,0,104.24
0.549442,14.7073,14.1578,14.7057,t_on+4.6~5.4s中位(=08-v6.1 P 口径),1.16117,t0+60s后中位,5.13735,-1.76579,5.13735,76.7128,76.7128,76.7128,100.805,5.36,5.36,5.36,False,2.25141,0.850392,-26.0789,0.688244,-2.25141,105.126,23.2759,0.727339,-10.8609,RT1,8.27,onset,显示域,clip_0.05,clip_raw,display,True,0,8.27
14.6375,15.8381,1.20052,15.8268,t_on+4.6~5.4s中位(=08-v6.1 P 口径),1.11186,t0+60s后中位,-32.8006,-32.8006,-32.8006,121.807,115.711,121.807,1192.91,,,,False,2.54718,-0.141274,-92.1817,-0.240574,-2.54718,66.2626,-22.7434,-0.393777,-1.46231,RT1,13.6,restep,显示域,clip_0.05,clip_raw,display,True,0,13.6
0.290396,16.726,16.4356,16.726,t_on+4.6~5.4s中位(=08-v6.1 P 口径),19.7617,t0+60s后中位,-0.903003,-1.2715,-0.903003,90.4771,90.4771,90.4771,-19.3735,13.16,13.16,1.69,False,2.41547,0.868067,-17.2436,0.786525,-2.41547,99.097,9.52291,-0.148414,-14.8705,RT2,12.32,onset,显示域,clip_0.05,clip_raw,display,True,0,12.32
20.8432,22.0158,1.1726,22.0168,t_on+4.6~5.4s中位(=08-v6.1 P 口径),0.329168,t0+60s后中位,-422.213,-422.213,-422.213,1877.61,847.803,1877.61,1427.32,,,,False,6.2192,0.762284,-57.2386,0,-6.2192,-322.135,-1777.53,-4.95085,-22.0168,RT2,147.11,restep,显示域,clip_0.05,clip_raw,display,True,0,147.11
0.043,16.5567,16.5137,16.5389,t_on+4.6~5.4s中位(=08-v6.1 P 口径),20.5361,t0+60s后中位,13.5865,5.06844,13.5865,99.3294,99.3294,99.3294,-10.6188,,,,False,0.843413,1.00778,-3.38383,0.843413,-0.177791,113.479,0.56317,2.24364,-16.4029,RT3,10.59,onset,显示域,clip_0.05,clip_raw,display,True,0,10.59
0,15.2813,15.2813,15.2813,t_on+4.6~5.4s中位(=08-v6.1 P 口径),17.8094,t0+60s后中位,13.92,4.44779,13.92,100,100,100,-2.62435,,,,False,0.759935,1.01374,-3.42731,0.759935,-0.0633991,113.92,0,2.12715,-15.2813,LT1,11.69,onset,显示域,clip_0.05,clip_raw,display,True,0,11.69
0,16.1212,16.1212,16.1212,t_on+4.6~5.4s中位(=08-v6.1 P 口径),18.002,t0+60s后中位,2.40757,-0.170504,2.40757,61.2823,61.2823,61.2823,-9.25933,1.96,1.96,1.96,False,1.10351,0.928446,-42.6318,0.742705,-1.10351,102.408,38.7177,0.388129,-9.87941,LT2,14.92,onset,显示域,clip_0.05,clip_raw,display,True,0,14.92
0,17.5144,17.5144,17.5144,t_on+4.6~5.4s中位(=08-v6.1 P 口径),18.8563,t0+60s后中位,6.00244,3.1394,6.00244,66.7966,66.7966,66.7966,-1.65931,,,78.5,True,0.859946,1.00726,-37.4306,0.859946,-0.0979361,106.002,33.2034,1.05129,-11.699,LT3,10.87,onset,显示域,clip_0.05,clip_raw,display,True,0,10.87
0.064,13.3829,13.3189,13.3829,t_on+4.6~5.4s中位(=08-v6.1 P 口径),0.101758,t0+60s后中位,1.42838,-1.10218,1.42838,66.9611,66.9611,66.9611,101.145,1.28,1.28,1.28,False,2.08834,0.836811,-41.4004,0.630188,-2.08834,101.428,33.0389,0.190244,-8.91846,F41,10.94,onset,显示域,clip_0.05,clip_raw,display,True,0,10.94
10.8737,13.5564,2.68271,13.5564,t_on+4.6~5.4s中位(=08-v6.1 P 口径),0.082,t0+60s后中位,0.624843,-5.30175,0.624843,36.8948,36.8948,36.8948,502.892,,,,False,2.09812,0.233106,-75.0438,0.630188,-2.09812,100.625,63.1052,0.0167627,-0.989781,F41,12.19,restep,显示域,clip_0.05,clip_raw,display,True,0,12.19
0.063,14.7479,14.6849,14.7479,t_on+4.6~5.4s中位(=08-v6.1 P 口径),9.57269,t0+60s后中位,-1.5592,-2.36497,-1.5592,92.5463,92.5463,92.5463,33.6827,1.46,1.46,1.46,False,1.89832,0.894072,-15.1914,0.68515,-1.89832,98.4408,7.45373,-0.228967,-13.5904,F42,11.03,onset,显示域,clip_0.05,clip_raw,display,True,0,11.03
0.068,15.3126,15.2446,15.3126,t_on+4.6~5.4s中位(=08-v6.1 P 口径),16.9838,t0+60s后中位,5.98032,2.79952,5.98032,78.8833,78.8833,78.8833,-4.98258,33.72,33.72,33.72,False,0.74813,0.985034,-25.3991,0.74813,-0.604318,105.98,21.1167,0.911675,-12.0254,F43,11,onset,显示域,clip_0.05,clip_raw,display,True,0,11
76,4241.75,4165.75,4241.75,t_on+4.6~5.4s中位(=08-v6.1 P 口径),22201.8,t0+60s后中位,194.206,0.763056,194.206,74.5707,74.5707,74.5707,-236.931,,,3.38,True,889.269,0.951611,-38.505,292.527,-889.269,294.206,25.4293,8090.13,-3106.43,SW1,10.84,onset,ADC域,clip_0.05,clip_raw,display,True,0,10.84
4811.46,11606.1,6794.66,11606.1,t_on+4.6~5.4s中位(=08-v6.1 P 口径),25339.1,t0+60s后中位,10.6815,10.6815,10.6815,34.9809,34.9809,34.9809,-191.433,,,,False,1092.13,4.46888,-125.805,292.527,-1092.13,110.681,65.0191,725.77,-2376.83,SW1,28.63,onset,ADC域,clip_0.05,clip_raw,display,True,0,28.63
12297.8,16207.4,3909.6,16202.1,t_on+4.6~5.4s中位(=08-v6.1 P 口径),25571.5,t0+60s后中位,11.2175,11.2175,11.2175,313.031,313.031,313.031,-228.432,,,,False,4530.02,0.473269,-286.711,0,-4530.02,111.084,-213.164,438.558,-12238.3,SW1,71.67,restep,ADC域,clip_0.05,clip_raw,display,True,0,71.67
5447.1,18092.5,12645.4,18092.5,t_on+4.6~5.4s中位(=08-v6.1 P 口径),25607.5,t0+60s后中位,-11.4812,-11.4812,-11.4812,109.114,109.114,109.114,-70.9096,,,,False,4530.02,0.485272,-69.4172,-959.824,-4530.02,88.5188,-9.11387,-1451.85,-13797.9,SW1,75.89,onset,ADC域,clip_0.05,clip_raw,display,True,0,75.89
19384.4,25851.7,6467.25,25850.6,t_on+4.6~5.4s中位(=08-v6.1 P 口径),22087.3,t0+60s后中位,41.4473,-72.7151,41.4473,399.715,204.228,399.715,99.6372,,,,False,5456.51,0.740911,31.2991,1358.62,-5456.51,141.43,-299.732,2680.5,-25850.6,SW1,110.45,restep,ADC域,clip_0.05,clip_raw,display,True,0,110.45
61.0611,27163.2,27102.1,27163.8,t_on+4.6~5.4s中位(=08-v6.1 P 口径),20127.8,t0+60s后中位,6.17084,5.04503,6.17084,99.9692,99.9692,99.9692,32.1318,,,,False,1358.62,1.04095,0.89906,1358.62,-4.67081,106.173,0.0329822,1672.43,-27093.8,SW1,133.83,onset,ADC域,clip_0.05,clip_raw,display,True,0,133.83
52.8433,25248,25195.2,25248,t_on+4.6~5.4s中位(=08-v6.1 P 口径),60.6632,t0+60s后中位,5.66179,3.49173,5.66179,100.004,100.004,100.004,105.631,,,0.32,True,1244.18,0.976083,1.35231,1244.18,-792.104,105.662,-0.00352015,1426.5,-25196.1,SW1,185.97,onset,ADC域,clip_0.05,clip_raw,display,True,0,185.97
5760.84,11857,6096.16,11857,t_on+4.6~5.4s中位(=08-v6.1 P 口径),22086.1,后1/3段中位(不足60s),205.519,-8.49026,205.519,184.884,116.941,184.884,37.7224,,,,False,2865.19,0.871199,-39.929,0,-2865.19,305.519,-84.8842,12528.8,-11270.8,SW1,217.74,restep,ADC域,clip_0.05,clip_raw,display,True,0,217.74
12122.3,19875.9,7753.67,19875.9,t_on+4.6~5.4s中位(=08-v6.1 P 口径),22086.1,后1/3段中位(不足60s),58.1637,-26.0894,58.1637,256.343,248.783,256.343,29.6585,,,,False,2865.19,0.77667,-146.248,0,-2865.19,158.164,-156.343,4509.82,-19875.9,SW1,230.64,restep,ADC域,clip_0.05,clip_raw,display,True,0,230.64
5210.44,20245.8,15035.4,20245.8,t_on+4.6~5.4s中位(=08-v6.1 P 口径),22086.1,后1/3段中位(不足60s),27.5345,-15.9144,27.5345,134.654,125.878,134.654,15.2947,,,,False,2865.19,0.477763,9.67191,0,-2865.19,127.534,-34.6545,4139.92,-20245.8,SW1,233.05,onset,ADC域,clip_0.05,clip_raw,display,True,0,233.05
20414.6,25671.8,5257.15,25671.8,t_on+4.6~5.4s中位(=08-v6.1 P 口径),22086.1,后1/3段中位(不足60s),-24.4625,-24.4625,-24.4625,488.321,145.679,488.321,43.7427,,,,False,2766.13,0.87731,-0.0786716,0,-2766.13,75.5375,-388.321,-1286.03,-25671.8,SW1,240.72,restep,ADC域,clip_0.05,clip_raw,display,True,0,240.72
62,14458.3,14396.3,14458.3,t_on+4.6~5.4s中位(=08-v6.1 P 口径),24133.2,后1/3段中位(不足60s),57.7471,11.8658,57.7471,100.431,55.3875,100.431,-9.45693,,,,False,1081.78,1.00123,-46.6585,1081.78,-371.314,157.747,-0.430665,8313.46,-14458.3,SW2,11.79,onset,ADC域,clip_0.05,clip_raw,display,True,0,11.79
13424.9,14858.2,1433.25,14852.5,t_on+4.6~5.4s中位(=08-v6.1 P 口径),24133.2,后1/3段中位(不足60s),561.088,91.6866,561.088,1036.28,22.1773,1036.28,-86.4462,,,,False,1081.78,1.04028,-100,1081.78,-371.314,660.692,-936.677,8041.78,-14852.5,SW2,13.7,restep,ADC域,clip_0.05,clip_raw,display,True,0,13.7
14922.6,15402.5,479.895,15402.8,t_on+4.6~5.4s中位(=08-v6.1 P 口径),24133.2,后1/3段中位(不足60s),1687.5,159.164,1687.5,3209.61,180.9,3209.61,-131.752,,,,False,1081.78,0.990165,-135.932,1081.78,-286.275,1787.55,-3109.55,8098.22,-15402.8,SW2,14.86,restep,ADC域,clip_0.05,clip_raw,display,True,0,14.86
16009.1,17425.7,1416.62,17425.7,t_on+4.6~5.4s中位(=08-v6.1 P 口径),24133.2,后1/3段中位(不足60s),629.944,4.50835,629.944,1230.09,1230.09,1230.09,156.454,,,,False,1254.74,0.974081,-849.784,1254.74,-280.322,729.944,-1130.09,8923.92,-17425.7,SW2,31.22,restep,ADC域,clip_0.05,clip_raw,display,True,0,31.22
37.3925,21643.5,21606.1,21639.1,t_on+4.6~5.4s中位(=08-v6.1 P 口径),24133.2,后1/3段中位(不足60s),24.122,4.94134,24.122,100.042,84.0485,100.042,12.5783,,,,False,1278.62,1,-15.0166,1278.62,-14.153,124.102,-0.0619851,5211.82,-21615.1,SW2,35.96,onset,ADC域,clip_0.05,clip_raw,display,True,0,35.96
38,25209.3,25171.3,25209.3,t_on+4.6~5.4s中位(=08-v6.1 P 口径),24133.2,后1/3段中位(不足60s),7.99782,5.07818,7.99782,97.159,97.159,97.159,12.2728,,,,False,1296.31,1.0515,-3.75393,1296.31,0,107.998,2.84099,2013.16,-24456.2,SW2,57.3,onset,ADC域,clip_0.05,clip_raw,display,True,0,57.3
69.5794,17701.9,17632.3,17701.9,t_on+4.6~5.4s中位(=08-v6.1 P 口径),27305,后1/3段中位(不足60s),52.1626,-12.2599,52.1626,100.395,68.625,100.395,-2.30111,,,,False,5351.15,1.0086,-44.2226,1280.92,-5351.15,152.163,-0.394614,9197.44,-17701.9,SW3,10.92,onset,ADC域,clip_0.05,clip_raw,display,True,0,10.92
18559.6,25621.5,7061.97,25621.5,t_on+4.6~5.4s中位(=08-v6.1 P 口径),27305,后1/3段中位(不足60s),38.1067,-57.6795,38.1067,362.81,134.24,362.81,14.2679,,,,False,5351.15,1.71813,-26.2308,1332.41,-5351.15,138.107,-262.81,2691.09,-25621.5,SW3,20.72,restep,ADC域,clip_0.05,clip_raw,display,True,0,20.72
55.4942,26638.1,26582.6,26638.1,t_on+4.6~5.4s中位(=08-v6.1 P 口径),27305,后1/3段中位(不足60s),6.65189,5.05038,6.65189,100.209,85.9799,100.209,4.14285,,,,False,1332.41,1.02519,-15.7118,1332.41,0,106.652,-0.208762,1768.24,-26638.1,SW3,39.08,onset,ADC域,clip_0.05,clip_raw,display,True,0,39.08
27714.7,53,-27661.7,53,段末帧(退化),27305,后1/3段中位(不足60s),0.191601,0.191601,0.191601,102.134,102.134,102.134,98.7106,,,,False,489.135,1.01762,2.13399,489.135,0,2.13351,-100.192,28251.9,-53,SW3,60.78,restep,ADC域,clip_0.05,clip_raw,display,True,0,60.78
84,15448.2,15364.2,15448.2,t_on+4.6~5.4s中位(=08-v6.1 P 口径),24171.5,t0+60s后中位,51.9203,-2.58941,51.9203,65.5442,65.5442,65.5442,-4.85703,,,,False,1913,0.941746,-41.7428,710.354,-1913,151.92,34.4558,7977.13,-10070.3,SW4,8.41,onset,ADC域,clip_0.05,clip_raw,display,True,0,8.41
16085.4,22496.9,6411.47,22496.9,t_on+4.6~5.4s中位(=08-v6.1 P 口径),27884.7,t0+60s后中位,14.4804,-18.5891,14.4804,117.127,117.127,117.127,-69.5542,,,,False,2156.6,0.940843,-1.46197,0,-2156.6,114.48,-17.1271,928.407,-7509.57,SW4,18.68,restep,ADC域,clip_0.05,clip_raw,display,True,0,18.68
22912.5,24098.4,1185.96,24095.9,t_on+4.6~5.4s中位(=08-v6.1 P 口径),28247.1,t0+60s后中位,-56.5445,-56.5445,-56.5445,635.004,635.004,635.004,-406.575,,,,False,2250.22,0.604795,-115.048,0,-2250.22,43.2408,-535.218,-670.593,-7530.87,SW4,26.57,restep,ADC域,clip_0.05,clip_raw,display,True,0,26.57
19465.9,24135.1,4669.26,24133.3,t_on+4.6~5.4s中位(=08-v6.1 P 口径),28278.7,t0+60s后中位,-15.163,-15.163,-15.163,134.598,134.598,134.598,-103.943,,,,False,2270.65,0.652179,6.19645,0,-2270.65,84.7974,-34.638,-708,-6284.74,SW4,27.6,restep,ADC域,clip_0.05,clip_raw,display,True,0,27.6
20983.1,24429.9,3446.83,24429.7,t_on+4.6~5.4s中位(=08-v6.1 P 口径),27976.3,后1/3段中位(不足60s),134.597,-72.9638,134.597,708.757,119.21,708.757,31.7016,,,,False,2913.91,0.901438,-87.9684,1384.24,-2913.91,234.59,-608.764,4639.32,-24429.7,SW4,61.37,restep,ADC域,clip_0.05,clip_raw,display,True,0,61.37
75,27895.9,27820.9,27895.9,t_on+4.6~5.4s中位(=08-v6.1 P 口径),27976.3,后1/3段中位(不足60s),21.1619,5.02113,21.1619,100.27,38.3675,100.27,20.873,,,,False,1607.94,1.10724,-61.6515,1607.94,-9.2776,121.162,-0.269581,5887.44,-27895.9,SW4,88,onset,ADC域,clip_0.05,clip_raw,display,True,0,88
28337.8,30791.3,2453.48,30791.3,t_on+4.6~5.4s中位(=08-v6.1 P 口径),27976.3,后1/3段中位(不足60s),121.952,102.653,121.952,1255.01,21.4312,1255.01,236.687,,,,False,1607.94,1.04365,-107.437,1607.94,0,221.952,-1155.01,2992.07,-30791.3,SW4,99.36,restep,ADC域,clip_0.05,clip_raw,display,True,0,99.36
29453,32163.4,2710.38,32155.5,t_on+4.6~5.4s中位(=08-v6.1 P 口径),27976.3,后1/3段中位(不足60s),60.0604,60.0604,60.0604,1186.38,21.6034,1186.38,214.253,,,,False,1607.94,1.05014,-29.4843,1607.94,0,159.769,-1086.68,1627.86,-32155.5,SW4,104.24,restep,ADC域,clip_0.05,clip_raw,display,True,0,104.24
0.549442,14.7073,14.1578,14.7057,t_on+4.6~5.4s中位(=08-v6.1 P 口径),1.16117,t0+60s后中位,5.13735,-0.788701,5.13735,76.7128,76.7128,76.7128,100.805,5.36,5.36,5.36,False,2.25141,0.850392,-25.053,1.31673,-2.25141,105.126,23.2759,0.727339,-10.8609,RT1,8.27,onset,显示域,clip_0.1,clip_raw,display,True,0,8.27
14.6375,15.8381,1.20052,15.8268,t_on+4.6~5.4s中位(=08-v6.1 P 口径),1.11186,t0+60s后中位,-32.8006,-32.8006,-32.8006,121.807,115.711,121.807,1192.91,,,,False,2.54718,-0.141274,-92.1817,-0.240574,-2.54718,66.2626,-22.7434,-0.393777,-1.46231,RT1,13.6,restep,显示域,clip_0.1,clip_raw,display,True,0,13.6
0.290396,16.726,16.4356,16.726,t_on+4.6~5.4s中位(=08-v6.1 P 口径),19.7617,t0+60s后中位,-0.903003,-1.11299,-0.903003,90.4771,90.4771,90.4771,-19.3735,13.16,13.16,0.85,False,2.41547,0.868067,-12.9516,1.47875,-2.41547,99.097,9.52291,-0.148414,-14.8705,RT2,12.32,onset,显示域,clip_0.1,clip_raw,display,True,0,12.32
20.8432,22.0158,1.1726,22.0168,t_on+4.6~5.4s中位(=08-v6.1 P 口径),0.329168,t0+60s后中位,-422.213,-422.213,-422.213,1877.61,847.803,1877.61,1427.32,,,,False,6.2192,0.762284,-57.2386,0,-6.2192,-322.135,-1777.53,-4.95085,-22.0168,RT2,147.11,restep,显示域,clip_0.1,clip_raw,display,True,0,147.11
0.043,16.5567,16.5137,16.5389,t_on+4.6~5.4s中位(=08-v6.1 P 口径),20.5361,t0+60s后中位,13.5865,5.19312,13.5865,99.3294,99.3294,99.3294,-10.6188,,,,False,1.57726,1.00778,1.25615,1.57726,-0.177791,113.479,0.56317,2.24364,-16.4029,RT3,10.59,onset,显示域,clip_0.1,clip_raw,display,True,0,10.59
0,15.2813,15.2813,15.2813,t_on+4.6~5.4s中位(=08-v6.1 P 口径),17.8094,t0+60s后中位,13.92,4.44779,13.92,100,100,100,-2.62435,,,,False,1.4502,1.01374,1.17139,1.4502,-0.0633991,113.92,0,2.12715,-15.2813,LT1,11.69,onset,显示域,clip_0.1,clip_raw,display,True,0,11.69
0,16.1212,16.1212,16.1212,t_on+4.6~5.4s中位(=08-v6.1 P 口径),18.002,t0+60s后中位,2.40757,1.17643,2.40757,61.2823,61.2823,61.2823,-9.25933,1.96,1.96,1.96,False,1.4828,0.928446,-38.0563,1.4828,-1.10351,102.408,38.7177,0.388129,-9.87941,LT2,14.92,onset,显示域,clip_0.1,clip_raw,display,True,0,14.92
0,17.5144,17.5144,17.5144,t_on+4.6~5.4s中位(=08-v6.1 P 口径),18.8563,t0+60s后中位,6.00244,3.1394,6.00244,66.7966,66.7966,66.7966,-1.65931,,,78.5,True,1.64109,1.00726,-32.87,1.64109,-0.0979361,106.002,33.2034,1.05129,-11.699,LT3,10.87,onset,显示域,clip_0.1,clip_raw,display,True,0,10.87
0.064,13.3829,13.3189,13.3829,t_on+4.6~5.4s中位(=08-v6.1 P 口径),0.101758,t0+60s后中位,1.42838,-0.997812,1.42838,66.9611,66.9611,66.9611,101.145,0.81,0.81,0.81,False,2.08834,0.836811,-37.0138,1.19682,-2.08834,101.428,33.0389,0.190244,-8.91846,F41,10.94,onset,显示域,clip_0.1,clip_raw,display,True,0,10.94
10.8737,13.5564,2.68271,13.5564,t_on+4.6~5.4s中位(=08-v6.1 P 口径),0.082,t0+60s后中位,0.624843,-5.30175,0.624843,15.4572,14.5887,15.4572,502.892,,,,False,2.09812,0.0447341,-97.35,1.19682,-2.09812,100.625,84.5428,0.0167627,-0.414672,F41,12.19,restep,显示域,clip_0.1,clip_raw,display,True,0,12.19
0.063,14.7479,14.6849,14.7479,t_on+4.6~5.4s中位(=08-v6.1 P 口径),9.57269,t0+60s后中位,-1.5592,-2.36497,-1.5592,92.5463,92.5463,92.5463,33.6827,0.82,0.82,0.82,False,1.89832,0.894072,-10.7775,1.3063,-1.89832,98.4408,7.45373,-0.228967,-13.5904,F42,11.03,onset,显示域,clip_0.1,clip_raw,display,True,0,11.03
0.068,15.3126,15.2446,15.3126,t_on+4.6~5.4s中位(=08-v6.1 P 口径),16.9838,t0+60s后中位,5.98032,2.79952,5.98032,78.8833,78.8833,78.8833,-4.98258,33.72,33.72,33.72,False,1.43008,0.985034,-20.8199,1.43008,-0.604318,105.98,21.1167,0.911675,-12.0254,F43,11,onset,显示域,clip_0.1,clip_raw,display,True,0,11
76,4241.75,4165.75,4241.75,t_on+4.6~5.4s中位(=08-v6.1 P 口径),22201.8,t0+60s后中位,194.206,0.763056,194.206,74.5707,74.5707,74.5707,-236.931,,,3.38,True,889.269,0.951611,-34.2789,359.543,-889.269,294.206,25.4293,8090.13,-3106.43,SW1,10.84,onset,ADC域,clip_0.1,clip_raw,display,True,0,10.84
4811.46,11606.1,6794.66,11606.1,t_on+4.6~5.4s中位(=08-v6.1 P 口径),25339.1,t0+60s后中位,10.6815,10.6815,10.6815,34.9809,34.9809,34.9809,-191.433,,,,False,1092.13,4.46888,-125.805,292.527,-1092.13,110.681,65.0191,725.77,-2376.83,SW1,28.63,onset,ADC域,clip_0.1,clip_raw,display,True,0,28.63
12297.8,16207.4,3909.6,16202.1,t_on+4.6~5.4s中位(=08-v6.1 P 口径),25571.5,t0+60s后中位,11.2175,11.2175,11.2175,313.031,313.031,313.031,-228.432,,,,False,4530.02,0.473269,-286.711,0,-4530.02,111.084,-213.164,438.558,-12238.3,SW1,71.67,restep,ADC域,clip_0.1,clip_raw,display,True,0,71.67
5447.1,18092.5,12645.4,18092.5,t_on+4.6~5.4s中位(=08-v6.1 P 口径),25607.5,t0+60s后中位,-11.4812,-11.4812,-11.4812,109.114,109.114,109.114,-70.9096,,,,False,4530.02,0.485272,-69.4172,-959.824,-4530.02,88.5188,-9.11387,-1451.85,-13797.9,SW1,75.89,onset,ADC域,clip_0.1,clip_raw,display,True,0,75.89
19384.4,25851.7,6467.25,25850.6,t_on+4.6~5.4s中位(=08-v6.1 P 口径),22087.3,t0+60s后中位,41.8282,-72.7151,41.8282,399.715,204.228,399.715,100.018,,,,False,5456.51,0.740911,31.2991,2593.38,-5456.51,141.811,-299.732,2705.13,-25850.6,SW1,110.45,restep,ADC域,clip_0.1,clip_raw,display,True,0,110.45
61.0611,27163.2,27102.1,27163.8,t_on+4.6~5.4s中位(=08-v6.1 P 口径),20127.8,t0+60s后中位,6.17084,5.13591,6.17084,99.9692,99.9692,99.9692,32.1318,,,,False,2593.38,1.04095,5.10513,2593.38,-4.67081,106.173,0.0329822,1672.43,-27093.8,SW1,133.83,onset,ADC域,clip_0.1,clip_raw,display,True,0,133.83
52.8433,25248,25195.2,25248,t_on+4.6~5.4s中位(=08-v6.1 P 口径),60.6632,t0+60s后中位,8.37385,8.37385,8.37385,100.004,100.004,100.004,108.343,,,2.4,True,2487.08,0.976083,6.18844,2487.08,-792.104,108.374,-0.00352015,2109.81,-25196.1,SW1,185.97,onset,ADC域,clip_0.1,clip_raw,display,True,0,185.97
5760.84,11857,6096.16,11857,t_on+4.6~5.4s中位(=08-v6.1 P 口径),22086.1,后1/3段中位(不足60s),205.519,-8.49026,205.519,184.884,116.941,184.884,37.7224,,,,False,2865.19,0.871199,-39.929,0,-2865.19,305.519,-84.8842,12528.8,-11270.8,SW1,217.74,restep,ADC域,clip_0.1,clip_raw,display,True,0,217.74
12122.3,19875.9,7753.67,19875.9,t_on+4.6~5.4s中位(=08-v6.1 P 口径),22086.1,后1/3段中位(不足60s),58.1637,-26.0894,58.1637,256.343,248.783,256.343,29.6585,,,,False,2865.19,0.77667,-146.248,0,-2865.19,158.164,-156.343,4509.82,-19875.9,SW1,230.64,restep,ADC域,clip_0.1,clip_raw,display,True,0,230.64
5210.44,20245.8,15035.4,20245.8,t_on+4.6~5.4s中位(=08-v6.1 P 口径),22086.1,后1/3段中位(不足60s),27.5345,-15.9144,27.5345,134.654,125.878,134.654,15.2947,,,,False,2865.19,0.477763,9.67191,0,-2865.19,127.534,-34.6545,4139.92,-20245.8,SW1,233.05,onset,ADC域,clip_0.1,clip_raw,display,True,0,233.05
20414.6,25671.8,5257.15,25671.8,t_on+4.6~5.4s中位(=08-v6.1 P 口径),22086.1,后1/3段中位(不足60s),-24.4625,-24.4625,-24.4625,488.321,145.679,488.321,43.7427,,,,False,2766.13,0.87731,-0.0786716,0,-2766.13,75.5375,-388.321,-1286.03,-25671.8,SW1,240.72,restep,ADC域,clip_0.1,clip_raw,display,True,0,240.72
62,14458.3,14396.3,14458.3,t_on+4.6~5.4s中位(=08-v6.1 P 口径),24133.2,后1/3段中位(不足60s),57.7471,12.8457,57.7471,100.431,55.3875,100.431,-9.45693,,,,False,2053.3,1.00123,-41.9735,2053.3,-371.314,157.747,-0.430665,8313.46,-14458.3,SW2,11.79,onset,ADC域,clip_0.1,clip_raw,display,True,0,11.79
13424.9,14858.2,1433.25,14852.5,t_on+4.6~5.4s中位(=08-v6.1 P 口径),24133.2,后1/3段中位(不足60s),561.088,101.529,561.088,1036.28,3.8833,1036.28,-86.4462,,,,False,2053.3,1.04028,-100,2053.3,-371.314,660.692,-936.677,8041.78,-14852.5,SW2,13.7,restep,ADC域,clip_0.1,clip_raw,display,True,0,13.7
14922.6,15402.5,479.895,15402.8,t_on+4.6~5.4s中位(=08-v6.1 P 口径),24133.2,后1/3段中位(不足60s),1687.5,188.56,1687.5,3209.61,126.263,3209.61,-131.752,,,,False,2053.3,0.990165,-100,2053.3,-286.275,1787.55,-3109.55,8098.22,-15402.8,SW2,14.86,restep,ADC域,clip_0.1,clip_raw,display,True,0,14.86
16009.1,17425.7,1416.62,17425.7,t_on+4.6~5.4s中位(=08-v6.1 P 口径),24133.2,后1/3段中位(不足60s),669.245,4.50835,669.245,1230.09,1230.09,1230.09,195.756,,,,False,2442.18,0.973893,-849.784,2442.18,-280.322,769.245,-1130.09,9480.67,-17425.7,SW2,31.22,restep,ADC域,clip_0.1,clip_raw,display,True,0,31.22
37.3925,21643.5,21606.1,21639.1,t_on+4.6~5.4s中位(=08-v6.1 P 口径),24133.2,后1/3段中位(不足60s),26.0431,4.94649,26.0431,100.042,84.0485,100.042,14.4993,,,,False,2442.18,1,-11.5112,2442.18,-14.153,126.023,-0.0619851,5626.89,-21615.1,SW2,35.96,onset,ADC域,clip_0.1,clip_raw,display,True,0,35.96
38,25209.3,25171.3,25209.3,t_on+4.6~5.4s中位(=08-v6.1 P 口径),24133.2,后1/3段中位(不足60s),8.59178,7.23358,8.59178,97.159,97.159,97.159,12.8668,,,,False,2442.18,1.05594,0.971691,2442.18,0,108.592,2.84099,2162.66,-24456.2,SW2,57.3,onset,ADC域,clip_0.1,clip_raw,display,True,0,57.3
69.5794,17701.9,17632.3,17701.9,t_on+4.6~5.4s中位(=08-v6.1 P 口径),27305,后1/3段中位(不足60s),58.5537,-12.2599,58.5537,100.395,68.625,100.395,4.09009,,,,False,5351.15,1.0086,-44.2226,2545.44,-5351.15,158.554,-0.394614,10324.4,-17701.9,SW3,10.92,onset,ADC域,clip_0.1,clip_raw,display,True,0,10.92
18559.6,25621.5,7061.97,25621.5,t_on+4.6~5.4s中位(=08-v6.1 P 口径),27305,后1/3段中位(不足60s),38.1067,-57.6795,38.1067,362.81,134.24,362.81,14.2679,,,,False,5351.15,1.92473,-26.2308,2545.44,-5351.15,138.107,-262.81,2691.09,-25621.5,SW3,20.72,restep,ADC域,clip_0.1,clip_raw,display,True,0,20.72
55.4942,26638.1,26582.6,26638.1,t_on+4.6~5.4s中位(=08-v6.1 P 口径),27305,后1/3段中位(不足60s),6.65189,5.222,6.65189,100.209,85.9799,100.209,4.14285,,,,False,2545.44,1.02519,-11.0205,2545.44,0,106.652,-0.208762,1768.24,-26638.1,SW3,39.08,onset,ADC域,clip_0.1,clip_raw,display,True,0,39.08
27714.7,53,-27661.7,53,段末帧(退化),27305,后1/3段中位(不足60s),0.191601,0.191601,0.191601,102.134,102.134,102.134,98.7106,,,,False,489.135,1.01762,2.13399,489.135,0,2.13351,-100.192,28251.9,-53,SW3,60.78,restep,ADC域,clip_0.1,clip_raw,display,True,0,60.78
84,15448.2,15364.2,15448.2,t_on+4.6~5.4s中位(=08-v6.1 P 口径),24171.5,t0+60s后中位,51.9203,-2.58941,51.9203,65.5442,65.5442,65.5442,-4.85703,,,,False,1913,0.941746,-37.9012,1360.37,-1913,151.92,34.4558,7977.13,-10070.3,SW4,8.41,onset,ADC域,clip_0.1,clip_raw,display,True,0,8.41
16085.4,22496.9,6411.47,22496.9,t_on+4.6~5.4s中位(=08-v6.1 P 口径),27884.7,t0+60s后中位,14.4804,-18.5891,14.4804,117.127,117.127,117.127,-69.5542,,,,False,2156.6,0.940843,-1.46197,0,-2156.6,114.48,-17.1271,928.407,-7509.57,SW4,18.68,restep,ADC域,clip_0.1,clip_raw,display,True,0,18.68
22912.5,24098.4,1185.96,24095.9,t_on+4.6~5.4s中位(=08-v6.1 P 口径),28247.1,t0+60s后中位,-56.5445,-56.5445,-56.5445,635.004,635.004,635.004,-406.575,,,,False,2250.22,0.604795,-115.048,0,-2250.22,43.2408,-535.218,-670.593,-7530.87,SW4,26.57,restep,ADC域,clip_0.1,clip_raw,display,True,0,26.57
19465.9,24135.1,4669.26,24133.3,t_on+4.6~5.4s中位(=08-v6.1 P 口径),28278.7,t0+60s后中位,-15.163,-15.163,-15.163,134.598,134.598,134.598,-103.943,,,,False,2270.65,0.652179,6.19645,0,-2270.65,84.7974,-34.638,-708,-6284.74,SW4,27.6,restep,ADC域,clip_0.1,clip_raw,display,True,0,27.6
20983.1,24429.9,3446.83,24429.7,t_on+4.6~5.4s中位(=08-v6.1 P 口径),27976.3,后1/3段中位(不足60s),155.359,-72.9638,155.359,708.757,119.21,708.757,52.4644,,,,False,2913.91,0.901438,-87.9684,2707.65,-2913.91,255.352,-608.764,5354.98,-24429.7,SW4,61.37,restep,ADC域,clip_0.1,clip_raw,display,True,0,61.37
75,27895.9,27820.9,27895.9,t_on+4.6~5.4s中位(=08-v6.1 P 口径),27976.3,后1/3段中位(不足60s),23.277,6.78894,23.277,100.27,38.3675,100.27,22.9881,,,,False,2951.43,1.10724,-56.8777,2951.43,-9.2776,123.277,-0.269581,6475.88,-27895.9,SW4,88,onset,ADC域,clip_0.1,clip_raw,display,True,0,88
28337.8,30791.3,2453.48,30791.3,t_on+4.6~5.4s中位(=08-v6.1 P 口径),27976.3,后1/3段中位(不足60s),145.936,120.814,145.936,1255.01,14.6342,1255.01,260.671,,,,False,2951.43,1.04365,-84.5141,2951.43,0,245.936,-1155.01,3580.51,-30791.3,SW4,99.36,restep,ADC域,clip_0.1,clip_raw,display,True,0,99.36
29453,32163.4,2710.38,32155.5,t_on+4.6~5.4s中位(=08-v6.1 P 口径),27976.3,后1/3段中位(不足60s),81.771,81.771,81.771,1186.38,-16.1642,1186.38,235.963,,,,False,2577.97,1.08586,-44.9436,2577.97,0,181.479,-1086.68,2216.3,-32155.5,SW4,104.24,restep,ADC域,clip_0.1,clip_raw,display,True,0,104.24
0.549442,14.7073,14.1578,14.7057,t_on+4.6~5.4s中位(=08-v6.1 P 口径),1.16117,t0+60s后中位,4.69536,-1.4538,4.69536,76.7128,76.7128,76.7128,100.363,0.5,0.5,0.5,False,2.25561,0.850854,-25.053,1.70144,-2.25561,104.684,23.2759,0.664762,-10.8609,RT1,8.27,onset,显示域,medC_w0.05,centered_median,display,False,2,8.27
14.6375,15.8381,1.20052,15.8268,t_on+4.6~5.4s中位(=08-v6.1 P 口径),1.11186,t0+60s后中位,-38.0131,-38.0131,-38.0131,120.775,115.245,120.775,1187.7,,,,False,2.58336,-0.136522,-92.4891,-0.207305,-2.58336,61.0501,-21.7114,-0.456354,-1.44992,RT1,13.6,restep,显示域,medC_w0.05,centered_median,display,False,2,13.6
0.290396,16.726,16.4356,16.726,t_on+4.6~5.4s中位(=08-v6.1 P 口径),19.7617,t0+60s后中位,-1.01987,-2.70522,-1.01987,90.4771,90.4771,90.4771,-19.4903,0.55,0.55,0.55,False,2.44372,0.867908,-12.3166,2.19914,-2.44372,98.9801,9.52291,-0.167622,-14.8705,RT2,12.32,onset,显示域,medC_w0.05,centered_median,display,False,2,12.32
20.8432,22.0158,1.1726,22.0168,t_on+4.6~5.4s中位(=08-v6.1 P 口径),0.329168,t0+60s后中位,-429.917,-429.917,-429.917,1877.61,739.257,1877.61,1419.62,,,,False,6.51564,0.760409,-53.9926,0.0949273,-6.51564,-329.838,-1777.53,-5.04118,-22.0168,RT2,147.11,restep,显示域,medC_w0.05,centered_median,display,False,2,147.11
0.043,16.5567,16.5137,16.5389,t_on+4.6~5.4s中位(=08-v6.1 P 口径),20.5361,t0+60s后中位,12.7611,5.246,12.7611,99.3294,99.3294,99.3294,-11.4442,,,,False,2.3674,1.00767,4.27365,2.3674,-1.21155,112.654,0.56317,2.10733,-16.4029,RT3,10.59,onset,显示域,medC_w0.05,centered_median,display,False,2,10.59
0,15.2813,15.2813,15.2813,t_on+4.6~5.4s中位(=08-v6.1 P 口径),17.8094,t0+60s后中位,12.9315,4.87839,12.9315,100,100,100,-3.61286,,,,False,2.18306,1.01312,4.44779,2.18306,-0.796686,112.931,0,1.97609,-15.2813,LT1,11.69,onset,显示域,medC_w0.05,centered_median,display,False,2,11.69
0,16.1212,16.1212,16.1212,t_on+4.6~5.4s中位(=08-v6.1 P 口径),18.002,t0+60s后中位,4.37545,4.37545,4.37545,61.2823,61.2823,61.2823,-7.29145,1.62,1.62,1.62,False,2.41252,0.927864,-34.8288,2.41252,-1.95145,104.375,38.7177,0.705373,-9.87941,LT2,14.92,onset,显示域,medC_w0.05,centered_median,display,False,2,14.92
0,17.5144,17.5144,17.5144,t_on+4.6~5.4s中位(=08-v6.1 P 口径),18.8563,t0+60s后中位,5.90778,3.3917,5.90778,66.7966,66.7966,66.7966,-1.75397,,,77.74,True,2.43854,1.00656,-30.064,2.43854,-0.116662,105.908,33.2034,1.03471,-11.699,LT3,10.87,onset,显示域,medC_w0.05,centered_median,display,False,2,10.87
0.064,13.3829,13.3189,13.3829,t_on+4.6~5.4s中位(=08-v6.1 P 口径),0.101758,t0+60s后中位,1.25453,-0.739516,1.25453,66.9611,66.9611,66.9611,100.971,0.5,0.5,0.5,False,2.10732,0.836896,-34.1411,1.80565,-2.10732,101.255,33.0389,0.167089,-8.91846,F41,10.94,onset,显示域,medC_w0.05,centered_median,display,False,2,10.94
10.8737,13.5564,2.68271,13.5564,t_on+4.6~5.4s中位(=08-v6.1 P 口径),0.082,t0+60s后中位,-0.238247,-6.11195,-0.238247,14.9566,11.9386,14.9566,502.029,,,,False,2.11687,0.0201905,-100,1.26791,-2.11687,99.7618,85.0434,-0.00639147,-0.401242,F41,12.19,restep,显示域,medC_w0.05,centered_median,display,False,2,12.19
0.063,14.7479,14.6849,14.7479,t_on+4.6~5.4s中位(=08-v6.1 P 口径),9.57269,t0+60s后中位,-1.62756,-2.12292,-1.62756,92.5463,92.5463,92.5463,33.6143,0.52,0.52,0.52,False,2.06458,0.894072,-9.8187,2.06458,-1.93329,98.3724,7.45373,-0.239007,-13.5904,F42,11.03,onset,显示域,medC_w0.05,centered_median,display,False,2,11.03
0.068,15.3126,15.2446,15.3126,t_on+4.6~5.4s中位(=08-v6.1 P 口径),16.9838,t0+60s后中位,5.91351,3.24046,5.91351,78.8833,78.8833,78.8833,-5.0494,32.9,32.9,32.9,False,2.20973,0.985866,-18.3292,2.20973,-0.630189,105.914,21.1167,0.901489,-12.0254,F43,11,onset,显示域,medC_w0.05,centered_median,display,False,2,11
76,4241.75,4165.75,4241.75,t_on+4.6~5.4s中位(=08-v6.1 P 口径),22201.8,t0+60s后中位,171.141,0.669672,171.141,74.5707,74.5707,74.5707,-259.995,,,3.38,True,960.823,0.951611,-29.2666,725.072,-960.823,271.141,25.4293,7129.31,-3106.43,SW1,10.84,onset,ADC域,medC_w0.05,centered_median,display,False,2,10.84
4811.46,11606.1,6794.66,11606.1,t_on+4.6~5.4s中位(=08-v6.1 P 口径),25339.1,t0+60s后中位,-3.45938,-3.45938,-3.45938,33.4054,33.4054,33.4054,-205.574,,,,False,1107.06,1.29415,-111.664,292.527,-1107.06,96.5406,66.5946,-235.053,-2269.78,SW1,28.63,onset,ADC域,medC_w0.05,centered_median,display,False,2,28.63
12297.8,16207.4,3909.6,16202.1,t_on+4.6~5.4s中位(=08-v6.1 P 口径),25571.5,t0+60s后中位,3.68458,-28.2347,3.68458,310.211,310.211,310.211,-235.965,,,,False,4612.85,0.473657,-286.868,176.331,-4612.85,103.551,-210.345,144.052,-12128,SW1,71.67,restep,ADC域,medC_w0.05,centered_median,display,False,2,71.67
5447.1,18092.5,12645.4,18092.5,t_on+4.6~5.4s中位(=08-v6.1 P 口径),25607.5,t0+60s后中位,-13.8101,-13.8101,-13.8101,109.017,109.017,109.017,-73.2385,,,,False,4612.85,0.727209,-56.5225,176.331,-4612.85,86.1899,-9.01651,-1746.35,-13785.6,SW1,75.89,onset,ADC域,medC_w0.05,centered_median,display,False,2,75.89
19384.4,25851.7,6467.25,25850.6,t_on+4.6~5.4s中位(=08-v6.1 P 口径),22087.3,t0+60s后中位,41.8282,-72.7998,41.8282,399.715,181.647,399.715,100.018,,,,False,5574.89,0.968903,-28.5438,3435.27,-5574.89,141.811,-299.732,2705.13,-25850.6,SW1,110.45,restep,ADC域,medC_w0.05,centered_median,display,False,2,110.45
61.0611,27163.2,27102.1,27163.8,t_on+4.6~5.4s中位(=08-v6.1 P 口径),20127.8,t0+60s后中位,6.15023,5.13591,6.15023,99.9692,99.9692,99.9692,32.1112,,,,False,3435.27,1.04095,5.10513,3435.27,-1127.24,106.152,0.0329822,1666.84,-27093.8,SW1,133.83,onset,ADC域,medC_w0.05,centered_median,display,False,2,133.83
52.8433,25248,25195.2,25248,t_on+4.6~5.4s中位(=08-v6.1 P 口径),60.6632,t0+60s后中位,11.6117,11.6117,11.6117,99.9635,99.9635,99.9635,111.581,,,2.4,True,4034.83,0.975346,10.8736,4034.83,-911.119,111.612,0.03648,2925.59,-25186,SW1,185.97,onset,ADC域,medC_w0.05,centered_median,display,False,2,185.97
5760.84,11857,6096.16,11857,t_on+4.6~5.4s中位(=08-v6.1 P 口径),22086.1,后1/3段中位(不足60s),196.568,-8.59749,196.568,170.101,106.588,170.101,28.7717,,,,False,3110.92,0.871199,-39.929,1079.87,-3110.92,296.568,-70.1012,11983.1,-10369.6,SW1,217.74,restep,ADC域,medC_w0.05,centered_median,display,False,2,217.74
12122.3,19875.9,7753.67,19875.9,t_on+4.6~5.4s中位(=08-v6.1 P 口径),22086.1,后1/3段中位(不足60s),51.1264,-26.0894,51.1264,256.343,237.16,256.343,22.6212,,,,False,3110.92,0.776544,-146.189,169.293,-3110.92,151.126,-156.343,3964.17,-19875.9,SW1,230.64,restep,ADC域,medC_w0.05,centered_median,display,False,2,230.64
5210.44,20245.8,15035.4,20245.8,t_on+4.6~5.4s中位(=08-v6.1 P 口径),22086.1,后1/3段中位(不足60s),23.9054,-15.9144,23.9054,134.654,124.762,134.654,11.6656,,,,False,3110.92,0.541559,8.55594,169.293,-3110.92,123.905,-34.6545,3594.27,-20245.8,SW1,233.05,onset,ADC域,medC_w0.05,centered_median,display,False,2,233.05
20414.6,25671.8,5257.15,25671.8,t_on+4.6~5.4s中位(=08-v6.1 P 口径),22086.1,后1/3段中位(不足60s),-34.8416,-34.8416,-34.8416,488.321,145.679,488.321,33.3635,,,,False,2762.62,0.87731,-1.40897,169.293,-2762.62,65.1584,-388.321,-1831.68,-25671.8,SW1,240.72,restep,ADC域,medC_w0.05,centered_median,display,False,2,240.72
62,14458.3,14396.3,14458.3,t_on+4.6~5.4s中位(=08-v6.1 P 口径),24133.2,后1/3段中位(不足60s),57.7062,12.7896,57.7062,100.424,55.3875,100.424,-9.49786,,,,False,2396.66,1.00123,-39.0392,2396.66,-371.314,157.706,-0.424054,8307.57,-14457.4,SW2,11.79,onset,ADC域,medC_w0.05,centered_median,display,False,2,11.79
13424.9,14858.2,1433.25,14852.5,t_on+4.6~5.4s中位(=08-v6.1 P 口径),24133.2,后1/3段中位(不足60s),557.239,100.965,557.239,1036.21,-14.2884,1036.21,-90.2948,,,,False,2396.66,1.04456,-104.371,2396.66,-371.314,656.843,-936.61,7986.62,-14851.5,SW2,13.7,restep,ADC域,medC_w0.05,centered_median,display,False,2,13.7
14922.6,15402.5,479.895,15402.8,t_on+4.6~5.4s中位(=08-v6.1 P 口径),24133.2,后1/3段中位(不足60s),1686.69,186.875,1686.69,3209.41,71.9923,3209.41,-132.556,,,,False,2396.66,0.990181,-100,2396.66,-342.452,1786.74,-3109.36,8094.36,-15401.8,SW2,14.86,restep,ADC域,medC_w0.05,centered_median,display,False,2,14.86
16009.1,17425.7,1416.62,17425.7,t_on+4.6~5.4s中位(=08-v6.1 P 口径),24133.2,后1/3段中位(不足60s),669.185,4.50835,669.185,1230.02,1230.02,1230.02,195.695,,,,False,3721.65,0.920553,-849.784,3721.65,-280.322,769.185,-1130.02,9479.81,-17424.7,SW2,31.22,restep,ADC域,medC_w0.05,centered_median,display,False,2,31.22
37.3925,21643.5,21606.1,21639.1,t_on+4.6~5.4s中位(=08-v6.1 P 口径),24133.2,后1/3段中位(不足60s),26.0224,4.93151,26.0224,100.042,84.0485,100.042,14.4787,,,,False,3721.65,1,-11.5112,3721.65,-59.7735,126.002,-0.0619851,5622.43,-21615.1,SW2,35.96,onset,ADC域,medC_w0.05,centered_median,display,False,2,35.96
38,25209.3,25171.3,25209.3,t_on+4.6~5.4s中位(=08-v6.1 P 口径),24133.2,后1/3段中位(不足60s),8.5804,7.1613,8.5804,97.159,97.159,97.159,12.8554,,,,False,3721.65,1.05591,3.75257,3721.65,-59.7735,108.58,2.84099,2159.8,-24456.2,SW2,57.3,onset,ADC域,medC_w0.05,centered_median,display,False,2,57.3
69.5794,17701.9,17632.3,17701.9,t_on+4.6~5.4s中位(=08-v6.1 P 口径),27305,后1/3段中位(不足60s),59.1382,-12.4263,59.1382,100.395,68.625,100.395,4.67459,,,,False,5351.26,1.0086,-44.2226,3863.6,-5351.26,159.138,-0.394614,10427.4,-17701.9,SW3,10.92,onset,ADC域,medC_w0.05,centered_median,display,False,2,10.92
18559.6,25621.5,7061.97,25621.5,t_on+4.6~5.4s中位(=08-v6.1 P 口径),27305,后1/3段中位(不足60s),38.0984,-58.7742,38.0984,362.81,134.24,362.81,14.2595,,,,False,5351.26,1.92949,-28.1353,3863.6,-5351.26,138.098,-262.81,2690.5,-25621.5,SW3,20.72,restep,ADC域,medC_w0.05,centered_median,display,False,2,20.72
55.4942,26638.1,26582.6,26638.1,t_on+4.6~5.4s中位(=08-v6.1 P 口径),27305,后1/3段中位(不足60s),6.52646,5.6097,6.52646,100.028,85.9126,100.028,4.01742,,,,False,3863.6,1.02451,-8.86537,3863.6,-0.80934,106.526,-0.0281922,1734.9,-26590.1,SW3,39.08,onset,ADC域,medC_w0.05,centered_median,display,False,2,39.08
27714.7,53,-27661.7,53,段末帧(退化),27305,后1/3段中位(不足60s),0.0180755,0.0180755,0.0180755,102.134,102.134,102.134,98.5371,,,,False,737.559,1.01762,2.13345,737.559,-0.80934,2.13351,-100.018,28251.9,-5,SW3,60.78,restep,ADC域,medC_w0.05,centered_median,display,False,2,60.78
84,15448.2,15364.2,15448.2,t_on+4.6~5.4s中位(=08-v6.1 P 口径),24171.5,t0+60s后中位,51.8384,-3.29841,51.8384,65.5442,65.5442,65.5442,-4.93891,,,,False,2080.88,0.941868,-37.9012,1756.25,-2080.88,151.838,34.4558,7964.55,-10070.3,SW4,8.41,onset,ADC域,medC_w0.05,centered_median,display,False,2,8.41
16085.4,22496.9,6411.47,22496.9,t_on+4.6~5.4s中位(=08-v6.1 P 口径),27884.7,t0+60s后中位,14.2842,-18.5891,14.2842,116.949,116.949,116.949,-69.7504,,,,False,2323.63,0.940282,-1.64024,0,-2323.63,114.284,-16.9488,915.827,-7498.14,SW4,18.68,restep,ADC域,medC_w0.05,centered_median,display,False,2,18.68
22912.5,24098.4,1185.96,24095.9,t_on+4.6~5.4s中位(=08-v6.1 P 口径),28247.1,t0+60s后中位,-57.6052,-57.6052,-57.6052,620.367,620.367,620.367,-407.635,,,,False,2323.63,0.67584,-109.652,0,-2323.63,42.1801,-520.581,-683.173,-7357.28,SW4,26.57,restep,ADC域,medC_w0.05,centered_median,display,False,2,26.57
19465.9,24135.1,4669.26,24133.3,t_on+4.6~5.4s中位(=08-v6.1 P 口径),28278.7,t0+60s后中位,-15.4324,-15.4324,-15.4324,134.362,134.362,134.362,-104.212,,,,False,2323.63,0.644504,6.01136,0,-2323.63,84.5279,-34.4017,-720.579,-6273.71,SW4,27.6,restep,ADC域,medC_w0.05,centered_median,display,False,2,27.6
20983.1,24429.9,3446.83,24429.7,t_on+4.6~5.4s中位(=08-v6.1 P 口径),27976.3,后1/3段中位(不足60s),155.777,-73.0681,155.777,708.757,117.256,708.757,52.8817,,,,False,3760.74,0.901086,-87.9645,3760.74,-2914.26,255.77,-608.764,5369.36,-24429.7,SW4,61.37,restep,ADC域,medC_w0.05,centered_median,display,False,2,61.37
75,27895.9,27820.9,27895.9,t_on+4.6~5.4s中位(=08-v6.1 P 口径),27976.3,后1/3段中位(不足60s),22.8939,6.84063,22.8939,100.055,38.3675,100.055,22.605,,,,False,3760.74,1.10731,-54.8435,3760.74,-19.5022,122.894,-0.0554737,6369.29,-27836.4,SW4,88,onset,ADC域,medC_w0.05,centered_median,display,False,2,88
28337.8,30791.3,2453.48,30791.3,t_on+4.6~5.4s中位(=08-v6.1 P 口径),27976.3,后1/3段中位(不足60s),141.592,120.814,141.592,1252.58,12.4831,1252.58,256.326,,,,False,3646.78,1.04443,-83.5486,3646.78,-19.5022,241.592,-1152.58,3473.93,-30731.7,SW4,99.36,restep,ADC域,medC_w0.05,centered_median,display,False,2,99.36
29453,32163.4,2710.38,32155.5,t_on+4.6~5.4s中位(=08-v6.1 P 口径),27976.3,后1/3段中位(不足60s),77.8384,77.8384,77.8384,1184.19,-16.3146,1184.19,232.031,,,,False,2736.73,1.08586,-44.6269,2736.73,-19.5022,177.547,-1084.48,2109.72,-32095.9,SW4,104.24,restep,ADC域,medC_w0.05,centered_median,display,False,2,104.24
0.549442,14.7073,14.1578,14.7057,t_on+4.6~5.4s中位(=08-v6.1 P 口径),1.16117,t0+60s后中位,4.33717,-1.76579,4.33717,82.8333,82.8333,82.8333,100.005,0.51,0.51,0.51,False,2.33061,0.919724,-18.9325,1.6869,-2.33061,104.326,17.1555,0.614049,-11.7274,RT1,8.27,onset,显示域,medC_w0.1,centered_median,display,False,5,8.27
14.6375,15.8381,1.20052,15.8268,t_on+4.6~5.4s中位(=08-v6.1 P 口径),1.11186,t0+60s后中位,-42.2373,-42.2373,-42.2373,120.484,114.995,120.484,1183.48,,,,False,2.5605,-0.0836074,-86.1548,0.0178106,-2.5605,56.8259,-21.4206,-0.507066,-1.44643,RT1,13.6,restep,显示域,medC_w0.1,centered_median,display,False,5,13.6
0.290396,16.726,16.4356,16.726,t_on+4.6~5.4s中位(=08-v6.1 P 口径),19.7617,t0+60s后中位,-1.0633,-2.72541,-1.0633,95.258,95.258,95.258,-19.5338,0.56,0.56,0.56,False,2.44619,0.915487,-7.53578,2.19997,-2.44619,98.9367,4.74204,-0.174759,-15.6562,RT2,12.32,onset,显示域,medC_w0.1,centered_median,display,False,5,12.32
20.8432,22.0158,1.1726,22.0168,t_on+4.6~5.4s中位(=08-v6.1 P 口径),0.329168,t0+60s后中位,-431.488,-431.488,-431.488,1877.61,620.073,1877.61,1418.05,,,,False,6.6253,0.75874,-52.3356,0.827427,-6.6253,-331.409,-1777.53,-5.05961,-22.0168,RT2,147.11,restep,显示域,medC_w0.1,centered_median,display,False,5,147.11
0.043,16.5567,16.5137,16.5389,t_on+4.6~5.4s中位(=08-v6.1 P 口径),20.5361,t0+60s后中位,12.6668,5.19711,12.6668,99.3294,99.3294,99.3294,-11.5385,,,,False,7.01537,1.00763,4.27365,2.35444,-7.01537,112.559,0.56317,2.09176,-16.4029,RT3,10.59,onset,显示域,medC_w0.1,centered_median,display,False,5,10.59
0,15.2813,15.2813,15.2813,t_on+4.6~5.4s中位(=08-v6.1 P 口径),17.8094,t0+60s后中位,12.8415,4.83507,12.8415,100,100,100,-3.70288,,,,False,6.91163,1.01274,4.44779,2.17644,-6.91163,112.841,0,1.96234,-15.2813,LT1,11.69,onset,显示域,medC_w0.1,centered_median,display,False,5,11.69
0,16.1212,16.1212,16.1212,t_on+4.6~5.4s中位(=08-v6.1 P 口径),18.002,t0+60s后中位,4.31547,4.31547,4.31547,77.9459,77.9459,77.9459,-7.35143,1.64,1.64,1.64,False,5.10223,1.17391,-18.1652,2.40154,-5.10223,104.315,22.0541,0.695703,-12.5658,LT2,14.92,onset,显示域,medC_w0.1,centered_median,display,False,5,14.92
0,17.5144,17.5144,17.5144,t_on+4.6~5.4s中位(=08-v6.1 P 口径),18.8563,t0+60s后中位,5.90402,3.35867,5.90402,83.3983,83.3983,83.3983,-1.75772,,,77.77,True,3.61931,1.23843,-13.4623,2.42937,-3.61931,105.904,16.6017,1.03405,-14.6067,LT3,10.87,onset,显示域,medC_w0.1,centered_median,display,False,5,10.87
0.064,13.3829,13.3189,13.3829,t_on+4.6~5.4s中位(=08-v6.1 P 口径),0.101758,t0+60s后中位,1.0978,-0.780834,1.0978,83.0437,83.0437,83.0437,100.814,0.5,0.5,0.5,False,2.7333,1.03871,-18.0585,1.80014,-2.7333,101.098,16.9563,0.146215,-11.0605,F41,10.94,onset,显示域,medC_w0.1,centered_median,display,False,5,10.94
10.8737,13.5564,2.68271,13.5564,t_on+4.6~5.4s中位(=08-v6.1 P 口径),0.082,t0+60s后中位,-1.01635,-6.30552,-1.01635,14.8159,11.9386,14.8159,501.251,,,,False,2.1287,0.0205324,-100,1.26791,-2.1287,98.9837,85.1841,-0.0272657,-0.397468,F41,12.19,restep,显示域,medC_w0.1,centered_median,display,False,5,12.19
0.063,14.7479,14.6849,14.7479,t_on+4.6~5.4s中位(=08-v6.1 P 口径),9.57269,t0+60s后中位,-1.66391,-2.15846,-1.66391,96.2765,96.2765,96.2765,33.5779,0.52,0.52,0.52,False,2.05685,0.931285,-6.08843,2.05685,-1.93322,98.3361,3.72346,-0.244345,-14.1381,F42,11.03,onset,显示域,medC_w0.1,centered_median,display,False,5,11.03
0.068,15.3126,15.2446,15.3126,t_on+4.6~5.4s中位(=08-v6.1 P 口径),16.9838,t0+60s后中位,5.8546,3.18385,5.8546,86.2724,86.2724,86.2724,-5.1083,32.8,32.8,32.8,False,2.2011,1.0721,-10.9402,2.2011,-2.04568,105.855,13.7276,0.892509,-13.1519,F43,11,onset,显示域,medC_w0.1,centered_median,display,False,5,11
76,4241.75,4165.75,4241.75,t_on+4.6~5.4s中位(=08-v6.1 P 口径),22201.8,t0+60s后中位,166.784,0.514351,166.784,76.2041,76.2041,76.2041,-264.352,,,3.39,True,1677.82,0.95825,-27.6332,725.725,-1677.82,266.784,23.7959,6947.82,-3174.47,SW1,10.84,onset,ADC域,medC_w0.1,centered_median,display,False,5,10.84
4811.46,11606.1,6794.66,11606.1,t_on+4.6~5.4s中位(=08-v6.1 P 口径),25339.1,t0+60s后中位,-6.13049,-6.62688,-6.13049,28.0944,28.0944,28.0944,-208.245,,,,False,1677.82,-1.08492,-100.989,283.094,-1677.82,93.8695,71.9056,-416.546,-1908.92,SW1,28.63,onset,ADC域,medC_w0.1,centered_median,display,False,5,28.63
12297.8,16207.4,3909.6,16202.1,t_on+4.6~5.4s中位(=08-v6.1 P 口径),25571.5,t0+60s后中位,-18.7477,-28.2347,-18.7477,307.47,307.47,307.47,-258.397,,,,False,5932.53,0.804758,-237.071,962.139,-5932.53,81.1186,-207.603,-732.96,-12020.8,SW1,71.67,restep,ADC域,medC_w0.1,centered_median,display,False,5,71.67
5447.1,18092.5,12645.4,18092.5,t_on+4.6~5.4s中位(=08-v6.1 P 口径),25607.5,t0+60s后中位,-20.7455,-20.7455,-20.7455,94.5357,94.5357,94.5357,-80.1739,,,,False,5932.53,1.17365,-32.677,962.139,-5932.53,79.2545,5.46435,-2623.36,-11954.5,SW1,75.89,onset,ADC域,medC_w0.1,centered_median,display,False,5,75.89
19384.4,25851.7,6467.25,25850.6,t_on+4.6~5.4s中位(=08-v6.1 P 口径),22087.3,t0+60s后中位,41.8282,-72.909,41.8282,399.715,180.253,399.715,100.018,,,,False,7612.15,0.978843,-31.1542,3430.43,-7612.15,141.811,-299.732,2705.13,-25850.6,SW1,110.45,restep,ADC域,medC_w0.1,centered_median,display,False,5,110.45
61.0611,27163.2,27102.1,27163.8,t_on+4.6~5.4s中位(=08-v6.1 P 口径),20127.8,t0+60s后中位,6.13239,5.13591,6.13239,99.9692,99.9692,99.9692,32.0933,,,,False,7267.18,1.04103,5.10513,3430.43,-7267.18,106.135,0.0329822,1662.01,-27093.8,SW1,133.83,onset,ADC域,medC_w0.1,centered_median,display,False,5,133.83
52.8433,25248,25195.2,25248,t_on+4.6~5.4s中位(=08-v6.1 P 口径),60.6632,t0+60s后中位,11.5274,11.5274,11.5274,99.924,99.924,99.924,111.496,,,2.41,True,8553.53,0.974892,10.8341,4642.99,-8553.53,111.527,0.0760331,2904.34,-25176,SW1,185.97,onset,ADC域,medC_w0.1,centered_median,display,False,5,185.97
5760.84,11857,6096.16,11857,t_on+4.6~5.4s中位(=08-v6.1 P 口径),22086.1,后1/3段中位(不足60s),186.622,-23.0815,186.622,169.428,106.743,169.428,18.8257,,,,False,8422.74,0.871857,-39.8238,2146.66,-8422.74,286.622,-69.4275,11376.8,-10328.6,SW1,217.74,restep,ADC域,medC_w0.1,centered_median,display,False,5,217.74
12122.3,19875.9,7753.67,19875.9,t_on+4.6~5.4s中位(=08-v6.1 P 口径),22086.1,后1/3段中位(不足60s),45.2946,-26.0894,45.2946,256.343,236.63,256.343,16.7894,,,,False,9111.17,0.776521,-146.175,9111.17,-8422.74,145.295,-156.343,3511.99,-19875.9,SW1,230.64,restep,ADC域,medC_w0.1,centered_median,display,False,5,230.64
5210.44,20245.8,15035.4,20245.8,t_on+4.6~5.4s中位(=08-v6.1 P 口径),22086.1,后1/3段中位(不足60s),20.898,-15.9144,20.898,134.654,123.393,134.654,8.65818,,,,False,9111.17,0.619811,7.10881,9111.17,-8422.74,120.898,-34.6545,3142.09,-20245.8,SW1,233.05,onset,ADC域,medC_w0.1,centered_median,display,False,5,233.05
20414.6,25671.8,5257.15,25671.8,t_on+4.6~5.4s中位(=08-v6.1 P 口径),22086.1,后1/3段中位(不足60s),-43.4428,-49.6013,-43.4428,488.321,145.662,488.321,24.7623,,,,False,9111.17,0.877352,-4.44482,9111.17,-3323.34,56.5572,-388.321,-2283.85,-25671.8,SW1,240.72,restep,ADC域,medC_w0.1,centered_median,display,False,5,240.72
62,14458.3,14396.3,14458.3,t_on+4.6~5.4s中位(=08-v6.1 P 口径),24133.2,后1/3段中位(不足60s),57.6951,5.9553,57.6951,100.421,60.6786,100.421,-9.50888,,,,False,5275.8,0.883103,-33.7481,5275.8,-3902.32,157.695,-0.420581,8305.98,-14456.9,SW2,11.79,onset,ADC域,medC_w0.1,centered_median,display,False,5,11.79
13424.9,14858.2,1433.25,14852.5,t_on+4.6~5.4s中位(=08-v6.1 P 口径),24133.2,后1/3段中位(不足60s),555.037,53.3004,555.037,1036.18,-22.0544,1036.18,-92.4971,,,,False,5275.8,1.04032,-100,5275.8,-3902.32,654.641,-936.576,7955.05,-14851,SW2,13.7,restep,ADC域,medC_w0.1,centered_median,display,False,5,13.7
14922.6,15402.5,479.895,15402.8,t_on+4.6~5.4s中位(=08-v6.1 P 口径),24133.2,后1/3段中位(不足60s),1684.7,138.01,1684.7,3209.3,48.7983,3209.3,-134.553,,,,False,5275.8,0.990181,-100,5275.8,-3902.32,1784.75,-3109.25,8084.78,-15401.3,SW2,14.86,restep,ADC域,medC_w0.1,centered_median,display,False,5,14.86
16009.1,17425.7,1416.62,17425.7,t_on+4.6~5.4s中位(=08-v6.1 P 口径),24133.2,后1/3段中位(不足60s),668.857,-6.58895,668.857,1229.99,1229.99,1229.99,195.368,,,,False,8289.32,0.999737,-910.714,5275.8,-8289.32,768.857,-1129.99,9475.17,-17424.2,SW2,31.22,restep,ADC域,medC_w0.1,centered_median,display,False,5,31.22
37.3925,21643.5,21606.1,21639.1,t_on+4.6~5.4s中位(=08-v6.1 P 口径),24133.2,后1/3段中位(不足60s),26.0003,4.92461,26.0003,100.039,85.4686,100.039,14.4565,,,,False,8289.32,0.911046,-10.091,3774.95,-8289.32,125.98,-0.059299,5617.64,-21614.5,SW2,35.96,onset,ADC域,medC_w0.1,centered_median,display,False,5,35.96
38,25209.3,25171.3,25209.3,t_on+4.6~5.4s中位(=08-v6.1 P 口径),24133.2,后1/3段中位(不足60s),8.56382,7.15689,8.56382,97.2808,97.2808,97.2808,12.8388,,,,False,8289.32,1.05707,3.87433,3685.14,-8289.32,108.564,2.71922,2155.63,-24486.9,SW2,57.3,onset,ADC域,medC_w0.1,centered_median,display,False,5,57.3
69.5794,17701.9,17632.3,17701.9,t_on+4.6~5.4s中位(=08-v6.1 P 口径),27305,后1/3段中位(不足60s),59.0726,-12.4804,59.0726,100.395,68.9095,100.395,4.60895,,,,False,10476.1,0.999573,-43.9381,10476.1,-5438.33,159.073,-0.394614,10415.8,-17701.9,SW3,10.92,onset,ADC域,medC_w0.1,centered_median,display,False,5,10.92
18559.6,25621.5,7061.97,25621.5,t_on+4.6~5.4s中位(=08-v6.1 P 口径),27305,后1/3段中位(不足60s),37.7461,-58.8952,37.7461,362.81,135.196,362.81,13.9072,,,,False,10476.1,1.94044,-27.4006,10476.1,-5438.33,137.746,-262.81,2665.62,-25621.5,SW3,20.72,restep,ADC域,medC_w0.1,centered_median,display,False,5,20.72
55.4942,26638.1,26582.6,26638.1,t_on+4.6~5.4s中位(=08-v6.1 P 口径),27305,后1/3段中位(不足60s),6.46377,5.56617,6.46377,100.028,85.9294,100.028,3.95473,,,,False,14492.4,1.02481,-8.84856,14492.4,-2120.11,106.464,-0.0281922,1718.24,-26590.1,SW3,39.08,onset,ADC域,medC_w0.1,centered_median,display,False,5,39.08
27714.7,53,-27661.7,53,段末帧(退化),27305,后1/3段中位(不足60s),0.0180755,0.0180755,0.0180755,102.194,102.194,102.194,98.5371,,,,False,14492.4,1.01818,2.19336,14492.4,-1,2.19397,-100.018,28268.6,-5,SW3,60.78,restep,ADC域,medC_w0.1,centered_median,display,False,5,60.78
84,15448.2,15364.2,15448.2,t_on+4.6~5.4s中位(=08-v6.1 P 口径),24171.5,t0+60s后中位,51.118,-3.33854,51.118,67.5659,67.5659,67.5659,-5.65932,,,,False,3892.17,0.958555,-35.8795,1745.75,-3892.17,151.118,32.4341,7853.86,-10380.9,SW4,8.41,onset,ADC域,medC_w0.1,centered_median,display,False,5,8.41
16085.4,22496.9,6411.47,22496.9,t_on+4.6~5.4s中位(=08-v6.1 P 口径),27884.7,t0+60s后中位,12.5578,-18.5891,12.5578,116.904,116.904,116.904,-71.4768,,,,False,3892.17,0.940574,-1.68542,98.1056,-3892.17,112.558,-16.9037,805.142,-7495.24,SW4,18.68,restep,ADC域,medC_w0.1,centered_median,display,False,5,18.68
22912.5,24098.4,1185.96,24095.9,t_on+4.6~5.4s中位(=08-v6.1 P 口径),28247.1,t0+60s后中位,-66.9382,-66.9382,-66.9382,559.96,559.96,559.96,-416.968,,,,False,3892.17,0.66604,-108.132,98.1056,-3892.17,32.8471,-460.174,-793.858,-6640.88,SW4,26.57,restep,ADC域,medC_w0.1,centered_median,display,False,5,26.57
19465.9,24135.1,4669.26,24133.3,t_on+4.6~5.4s中位(=08-v6.1 P 口径),28278.7,t0+60s后中位,-17.8029,-17.8029,-17.8029,134.303,134.303,134.303,-106.583,,,,False,3892.17,0.641996,5.95183,98.1056,-3892.17,82.1574,-34.3421,-831.265,-6270.93,SW4,27.6,restep,ADC域,medC_w0.1,centered_median,display,False,5,27.6
20983.1,24429.9,3446.83,24429.7,t_on+4.6~5.4s中位(=08-v6.1 P 口径),27976.3,后1/3段中位(不足60s),155.754,-73.3907,155.754,708.757,101.631,708.757,52.8587,,,,False,5777.37,0.898792,-86.2126,5777.37,-2945.61,255.747,-608.764,5368.57,-24429.7,SW4,61.37,restep,ADC域,medC_w0.1,centered_median,display,False,5,61.37
75,27895.9,27820.9,27895.9,t_on+4.6~5.4s中位(=08-v6.1 P 口径),27976.3,后1/3段中位(不足60s),22.8676,6.83779,22.8676,100.054,39.3326,100.054,22.5787,,,,False,12052.2,1.12716,-53.8785,12052.2,-2537.31,122.868,-0.053947,6361.98,-27835.9,SW4,88,onset,ADC域,medC_w0.1,centered_median,display,False,5,88
28337.8,30791.3,2453.48,30791.3,t_on+4.6~5.4s中位(=08-v6.1 P 口径),27976.3,后1/3段中位(不足60s),141.294,119.082,141.294,1252.56,11.1725,1252.56,256.028,,,,False,12052.2,1.04424,-81.7905,12052.2,-19.0779,241.294,-1152.56,3466.62,-30731.3,SW4,99.36,restep,ADC域,medC_w0.1,centered_median,display,False,5,99.36
29453,32163.4,2710.38,32155.5,t_on+4.6~5.4s中位(=08-v6.1 P 口径),27976.3,后1/3段中位(不足60s),77.5687,77.5687,77.5687,1184.17,-21.1537,1184.17,231.761,,,,False,12052.2,1.08718,-46.3324,12052.2,-19.0779,177.277,-1084.46,2102.4,-32095.5,SW4,104.24,restep,ADC域,medC_w0.1,centered_median,display,False,5,104.24
0.549442,14.7073,14.1578,14.7057,t_on+4.6~5.4s中位(=08-v6.1 P 口径),1.16117,t0+60s后中位,2.74561,-1.76579,2.74561,82.8333,82.8333,82.8333,98.4136,0.51,0.51,0.51,False,2.33061,0.919278,-18.9325,1.6869,-2.33061,102.734,17.1555,0.38872,-11.7274,RT1,8.27,onset,显示域,medC_w0.2,centered_median,display,False,10,8.27
14.6375,15.8381,1.20052,15.8268,t_on+4.6~5.4s中位(=08-v6.1 P 口径),1.11186,t0+60s后中位,-61.0066,-61.0066,-61.0066,119.695,114.845,119.695,1164.71,,,,False,2.5621,-0.0649993,-84.1072,0.0744343,-2.5621,38.0565,-20.6319,-0.732396,-1.43696,RT1,13.6,restep,显示域,medC_w0.2,centered_median,display,False,10,13.6
0.290396,16.726,16.4356,16.726,t_on+4.6~5.4s中位(=08-v6.1 P 口径),19.7617,t0+60s后中位,-1.0786,-2.73293,-1.0786,95.188,95.188,95.188,-19.5491,0.56,0.56,0.56,False,2.43588,0.91477,-7.6057,2.19753,-2.43588,98.9214,4.81197,-0.177274,-15.6447,RT2,12.32,onset,显示域,medC_w0.2,centered_median,display,False,10,12.32
20.8432,22.0158,1.1726,22.0168,t_on+4.6~5.4s中位(=08-v6.1 P 口径),0.329168,t0+60s后中位,-439.758,-439.758,-439.758,1877.61,601.33,1877.61,1409.78,,,,False,6.48311,0.760321,-64.9052,0.827427,-6.48311,-339.679,-1777.53,-5.15658,-22.0168,RT2,147.11,restep,显示域,medC_w0.2,centered_median,display,False,10,147.11
0.043,16.5567,16.5137,16.5389,t_on+4.6~5.4s中位(=08-v6.1 P 口径),20.5361,t0+60s后中位,12.6133,5.09344,12.6133,99.3294,99.3294,99.3294,-11.592,,,,False,7.01537,1.00771,4.27365,2.35444,-7.01537,112.506,0.56317,2.08291,-16.4029,RT3,10.59,onset,显示域,medC_w0.2,centered_median,display,False,10,10.59
0,15.2813,15.2813,15.2813,t_on+4.6~5.4s中位(=08-v6.1 P 口径),17.8094,t0+60s后中位,12.7976,4.71204,12.7976,100,100,100,-3.74674,,,,False,6.91163,1.01269,4.44779,2.16126,-6.91163,112.798,0,1.95563,-15.2813,LT1,11.69,onset,显示域,medC_w0.2,centered_median,display,False,10,11.69
0,16.1212,16.1212,16.1212,t_on+4.6~5.4s中位(=08-v6.1 P 口径),18.002,t0+60s后中位,4.17703,4.17703,4.17703,77.9459,77.9459,77.9459,-7.48987,1.64,1.64,1.64,False,5.10223,1.17391,-18.1652,2.39434,-5.10223,104.177,22.0541,0.673385,-12.5658,LT2,14.92,onset,显示域,medC_w0.2,centered_median,display,False,10,14.92
0,17.5144,17.5144,17.5144,t_on+4.6~5.4s中位(=08-v6.1 P 口径),18.8563,t0+60s后中位,5.88385,3.26886,5.88385,83.3983,83.3983,83.3983,-1.7779,,,77.11,True,3.61931,1.23826,-13.4623,2.42274,-3.61931,105.884,16.6017,1.03052,-14.6067,LT3,10.87,onset,显示域,medC_w0.2,centered_median,display,False,10,10.87
0.064,13.3829,13.3189,13.3829,t_on+4.6~5.4s中位(=08-v6.1 P 口径),0.101758,t0+60s后中位,0.954905,-0.88564,0.954905,83.0437,83.0437,83.0437,100.671,0.5,0.5,0.5,False,2.7333,1.03877,-18.0585,1.79567,-2.7333,100.955,16.9563,0.127183,-11.0605,F41,10.94,onset,显示域,medC_w0.2,centered_median,display,False,10,10.94
10.8737,13.5564,2.68271,13.5564,t_on+4.6~5.4s中位(=08-v6.1 P 口径),0.082,t0+60s后中位,-1.7258,-6.21969,-1.7258,14.6314,11.9386,14.6314,500.541,,,,False,2.13254,0.020885,-100,1.26791,-2.13254,98.2742,85.3686,-0.0462983,-0.392519,F41,12.19,restep,显示域,medC_w0.2,centered_median,display,False,10,12.19
0.063,14.7479,14.6849,14.7479,t_on+4.6~5.4s中位(=08-v6.1 P 口径),9.57269,t0+60s后中位,-1.69074,-2.25297,-1.69074,96.1324,96.1324,96.1324,33.5511,0.53,0.53,0.53,False,2.0415,0.929922,-6.2326,2.0415,-1.93463,98.3093,3.86763,-0.248284,-14.117,F42,11.03,onset,显示域,medC_w0.2,centered_median,display,False,10,11.03
0.068,15.3126,15.2446,15.3126,t_on+4.6~5.4s中位(=08-v6.1 P 口径),16.9838,t0+60s后中位,5.8152,3.03543,5.8152,86.2724,86.2724,86.2724,-5.1477,23.58,23.58,23.58,False,2.18442,1.07185,-10.9402,2.18442,-2.04568,105.815,13.7276,0.886503,-13.1519,F43,11,onset,显示域,medC_w0.2,centered_median,display,False,10,11
76,4241.75,4165.75,4241.75,t_on+4.6~5.4s中位(=08-v6.1 P 口径),22201.8,t0+60s后中位,166.746,0.270912,166.746,76.2041,76.2041,76.2041,-264.39,,,3.39,True,2743.14,0.95825,-27.6332,714.811,-2743.14,266.746,23.7959,6946.22,-3174.47,SW1,10.84,onset,ADC域,medC_w0.2,centered_median,display,False,10,10.84
4811.46,11606.1,6794.66,11606.1,t_on+4.6~5.4s中位(=08-v6.1 P 口径),25339.1,t0+60s后中位,-6.15396,-6.62688,-6.15396,29.6906,29.6906,29.6906,-208.268,,,,False,2743.14,-4.62409,-84.8985,283.094,-2743.14,93.846,70.3094,-418.14,-2017.37,SW1,28.63,onset,ADC域,medC_w0.2,centered_median,display,False,10,28.63
12297.8,16207.4,3909.6,16202.1,t_on+4.6~5.4s中位(=08-v6.1 P 口径),25571.5,t0+60s后中位,-24.5549,-28.2347,-24.5549,306.334,306.334,306.334,-264.205,,,,False,5932.53,0.804199,-237.082,1212.32,-5932.53,75.3114,-206.467,-959.999,-11976.4,SW1,71.67,restep,ADC域,medC_w0.2,centered_median,display,False,10,71.67
5447.1,18092.5,12645.4,18092.5,t_on+4.6~5.4s中位(=08-v6.1 P 口径),25607.5,t0+60s后中位,-22.5409,-22.5409,-22.5409,93.3014,93.3014,93.3014,-81.9693,,,,False,5932.53,1.17668,-32.5017,1212.32,-5932.53,77.4591,6.6986,-2850.4,-11798.4,SW1,75.89,onset,ADC域,medC_w0.2,centered_median,display,False,10,75.89
19384.4,25851.7,6467.25,25850.6,t_on+4.6~5.4s中位(=08-v6.1 P 口径),22087.3,t0+60s后中位,41.8282,-72.9104,41.8282,399.715,168.467,399.715,100.018,,,,False,7634.21,0.881327,-5.54388,3430.43,-7634.21,141.811,-299.732,2705.13,-25850.6,SW1,110.45,restep,ADC域,medC_w0.2,centered_median,display,False,10,110.45
61.0611,27163.2,27102.1,27163.8,t_on+4.6~5.4s中位(=08-v6.1 P 口径),20127.8,t0+60s后中位,6.11252,5.13591,6.11252,99.9692,99.9692,99.9692,32.0735,,,,False,7267.18,1.04103,5.10513,3430.43,-7267.18,106.115,0.0329822,1656.62,-27093.8,SW1,133.83,onset,ADC域,medC_w0.2,centered_median,display,False,10,133.83
52.8433,25248,25195.2,25248,t_on+4.6~5.4s中位(=08-v6.1 P 口径),60.6632,t0+60s后中位,11.3549,11.3549,11.3549,99.924,99.924,99.924,111.324,,,2.41,True,8553.53,0.974762,10.8341,5085.07,-8553.53,111.355,0.0760331,2860.88,-25176,SW1,185.97,onset,ADC域,medC_w0.2,centered_median,display,False,10,185.97
5760.84,11857,6096.16,11857,t_on+4.6~5.4s中位(=08-v6.1 P 口径),22086.1,后1/3段中位(不足60s),186.574,-26.9,186.574,160.473,107.052,160.473,18.7774,,,,False,8422.74,0.873173,-39.5143,2263.42,-8422.74,286.574,-60.4734,11373.8,-9782.72,SW1,217.74,restep,ADC域,medC_w0.2,centered_median,display,False,10,217.74
12122.3,19875.9,7753.67,19875.9,t_on+4.6~5.4s中位(=08-v6.1 P 口径),22086.1,后1/3段中位(不足60s),44.6757,-26.0894,44.6757,256.343,229.59,256.343,16.1704,,,,False,9111.17,0.776521,-146.175,9111.17,-8422.74,144.676,-156.343,3464,-19875.9,SW1,230.64,restep,ADC域,medC_w0.2,centered_median,display,False,10,230.64
5210.44,20245.8,15035.4,20245.8,t_on+4.6~5.4s中位(=08-v6.1 P 口径),22086.1,后1/3段中位(不足60s),20.5788,-15.9144,20.5788,134.654,120.858,134.654,8.33897,,,,False,9111.17,0.764714,4.57406,9111.17,-8422.74,120.579,-34.6545,3094.1,-20245.8,SW1,233.05,onset,ADC域,medC_w0.2,centered_median,display,False,10,233.05
20414.6,25671.8,5257.15,25671.8,t_on+4.6~5.4s中位(=08-v6.1 P 口径),22086.1,后1/3段中位(不足60s),-44.3558,-50.1068,-44.3558,488.321,145.561,488.321,23.8494,,,,False,9111.17,0.877612,-4.5457,9111.17,-3323.34,55.6442,-388.321,-2331.85,-25671.8,SW1,240.72,restep,ADC域,medC_w0.2,centered_median,display,False,10,240.72
62,14458.3,14396.3,14458.3,t_on+4.6~5.4s中位(=08-v6.1 P 口径),24133.2,后1/3段中位(不足60s),57.6702,5.82253,57.6702,100.404,60.6786,100.404,-9.53378,,,,False,5282.48,0.883568,-33.7481,5282.48,-3902.32,157.67,-0.40377,8302.4,-14454.5,SW2,11.79,onset,ADC域,medC_w0.2,centered_median,display,False,10,11.79
13424.9,14858.2,1433.25,14852.5,t_on+4.6~5.4s中位(=08-v6.1 P 口径),24133.2,后1/3段中位(不足60s),555.037,52.8448,555.037,1036.01,-28.4808,1036.01,-92.4971,,,,False,5282.48,1.04035,-100,5282.48,-3902.32,654.641,-936.407,7955.05,-14848.6,SW2,13.7,restep,ADC域,medC_w0.2,centered_median,display,False,10,13.7
14922.6,15402.5,479.895,15402.8,t_on+4.6~5.4s中位(=08-v6.1 P 口径),24133.2,后1/3段中位(不足60s),1681.95,137.096,1681.95,3208.8,29.6055,3208.8,-137.299,,,,False,5282.48,0.990189,-100,5282.48,-3902.32,1782,-3108.75,8071.6,-15398.9,SW2,14.86,restep,ADC域,medC_w0.2,centered_median,display,False,10,14.86
16009.1,17425.7,1416.62,17425.7,t_on+4.6~5.4s中位(=08-v6.1 P 口径),24133.2,后1/3段中位(不足60s),668.276,-6.58895,668.276,1229.81,1229.81,1229.81,194.786,,,,False,8289.32,0.999737,-910.723,5282.48,-8289.32,768.276,-1129.81,9466.94,-17421.8,SW2,31.22,restep,ADC域,medC_w0.2,centered_median,display,False,10,31.22
37.3925,21643.5,21606.1,21639.1,t_on+4.6~5.4s中位(=08-v6.1 P 口径),24133.2,后1/3段中位(不足60s),25.9686,4.92461,25.9686,100.023,85.4686,100.023,14.4249,,,,False,8289.32,0.911046,-10.091,3775.97,-8289.32,125.948,-0.0434718,5610.8,-21611.1,SW2,35.96,onset,ADC域,medC_w0.2,centered_median,display,False,10,35.96
38,25209.3,25171.3,25209.3,t_on+4.6~5.4s中位(=08-v6.1 P 口径),24133.2,后1/3段中位(不足60s),8.5519,7.15689,8.5519,97.2808,97.2808,97.2808,12.8269,,,,False,8289.32,1.05709,3.87433,3685.14,-8289.32,108.552,2.71922,2152.63,-24486.9,SW2,57.3,onset,ADC域,medC_w0.2,centered_median,display,False,10,57.3
69.5794,17701.9,17632.3,17701.9,t_on+4.6~5.4s中位(=08-v6.1 P 口径),27305,后1/3段中位(不足60s),58.9084,-12.4431,58.9084,100.395,68.9095,100.395,4.44475,,,,False,10410.1,0.999573,-43.9381,10410.1,-5488.29,158.908,-0.394614,10386.9,-17701.9,SW3,10.92,onset,ADC域,medC_w0.2,centered_median,display,False,10,10.92
18559.6,25621.5,7061.97,25621.5,t_on+4.6~5.4s中位(=08-v6.1 P 口径),27305,后1/3段中位(不足60s),37.7309,-59.204,37.7309,362.81,135.196,362.81,13.892,,,,False,10410.1,1.94044,-27.4006,10410.1,-5488.29,137.731,-262.81,2664.54,-25621.5,SW3,20.72,restep,ADC域,medC_w0.2,centered_median,display,False,10,20.72
55.4942,26638.1,26582.6,26638.1,t_on+4.6~5.4s中位(=08-v6.1 P 口径),27305,后1/3段中位(不足60s),6.42758,5.45725,6.42758,100.021,85.9294,100.021,3.91854,,,,False,14268.2,1.02491,-8.84856,14268.2,-2120.11,106.428,-0.0206685,1708.62,-26588.1,SW3,39.08,onset,ADC域,medC_w0.2,centered_median,display,False,10,39.08
27714.7,53,-27661.7,53,段末帧(退化),27305,后1/3段中位(不足60s),0.0108453,0.0108453,0.0108453,100.486,100.486,100.486,98.5298,,,,False,14268.2,1.00117,0.486437,14268.2,-0.948392,0.486437,-100.011,27796.3,-3,SW3,60.78,restep,ADC域,medC_w0.2,centered_median,display,False,10,60.78
84,15448.2,15364.2,15448.2,t_on+4.6~5.4s中位(=08-v6.1 P 口径),24171.5,t0+60s后中位,48.6808,-3.33983,48.6808,67.5659,67.5659,67.5659,-8.0966,,,,False,4182.24,0.958463,-35.8795,1745.75,-4182.24,148.681,32.4341,7479.39,-10380.9,SW4,8.41,onset,ADC域,medC_w0.2,centered_median,display,False,10,8.41
16085.4,22496.9,6411.47,22496.9,t_on+4.6~5.4s中位(=08-v6.1 P 口径),27884.7,t0+60s后中位,6.71724,-18.5891,6.71724,116.904,116.904,116.904,-77.3174,,,14.73,True,4182.24,0.940095,-1.68542,289.577,-4182.24,106.717,-16.9037,430.674,-7495.24,SW4,18.68,restep,ADC域,medC_w0.2,centered_median,display,False,10,18.68
22912.5,24098.4,1185.96,24095.9,t_on+4.6~5.4s中位(=08-v6.1 P 口径),28247.1,t0+60s后中位,-98.5134,-108.274,-98.5134,537.116,537.116,537.116,-448.544,,,,False,4182.24,0.775238,-107.942,289.577,-4182.24,1.27192,-437.331,-1168.33,-6369.96,SW4,26.57,restep,ADC域,medC_w0.2,centered_median,display,False,10,26.57
19465.9,24135.1,4669.26,24133.3,t_on+4.6~5.4s中位(=08-v6.1 P 口径),28278.7,t0+60s后中位,-25.8228,-28.302,-25.8228,134.303,134.303,134.303,-114.603,,,,False,4182.24,0.641685,5.95183,289.577,-4182.24,74.1376,-34.3421,-1205.73,-6270.93,SW4,27.6,restep,ADC域,medC_w0.2,centered_median,display,False,10,27.6
20983.1,24429.9,3446.83,24429.7,t_on+4.6~5.4s中位(=08-v6.1 P 口径),27976.3,后1/3段中位(不足60s),155.687,-73.593,155.687,708.757,100.553,708.757,52.7923,,,,False,5777.37,0.894615,-83.3402,5777.37,-3038.55,255.68,-608.764,5366.28,-24429.7,SW4,61.37,restep,ADC域,medC_w0.2,centered_median,display,False,10,61.37
75,27895.9,27820.9,27895.9,t_on+4.6~5.4s中位(=08-v6.1 P 口径),27976.3,后1/3段中位(不足60s),22.6358,6.82956,22.6358,100.054,39.3326,100.054,22.3469,,,,False,12052.2,1.12892,-53.8785,12052.2,-2537.31,122.636,-0.0539163,6297.5,-27835.9,SW4,88,onset,ADC域,medC_w0.2,centered_median,display,False,10,88
28337.8,30791.3,2453.48,30791.3,t_on+4.6~5.4s中位(=08-v6.1 P 口径),27976.3,后1/3段中位(不足60s),138.666,114.176,138.666,1252.56,-7.60091,1252.56,253.4,,,,False,12052.2,1.04507,-81.165,12052.2,-18.9089,238.666,-1152.56,3402.13,-30731.3,SW4,99.36,restep,ADC域,medC_w0.2,centered_median,display,False,10,99.36
29453,32163.4,2710.38,32155.5,t_on+4.6~5.4s中位(=08-v6.1 P 口径),27976.3,后1/3段中位(不足60s),75.1895,75.1895,75.1895,1184.17,-21.1537,1184.17,229.382,,,,False,12052.2,1.08718,-47.3694,12052.2,-18.9089,174.898,-1084.46,2037.92,-32095.5,SW4,104.24,restep,ADC域,medC_w0.2,centered_median,display,False,10,104.24
0.549442,14.7073,14.1578,14.7057,t_on+4.6~5.4s中位(=08-v6.1 P 口径),1.16117,t0+60s后中位,1.95675,-1.76579,1.95675,82.8333,82.8333,82.8333,97.6247,0.51,0.51,0.51,False,2.33061,0.918346,-18.9325,1.6869,-2.33061,101.945,17.1555,0.277033,-11.7274,RT1,8.27,onset,显示域,medC_w0.5,centered_median,display,False,25,8.27
14.6375,15.8381,1.20052,15.8268,t_on+4.6~5.4s中位(=08-v6.1 P 口径),1.11186,t0+60s后中位,-70.3098,-70.3098,-70.3098,119.07,114.52,119.07,1155.41,,,,False,2.5591,-0.0621644,-84.1752,0.0744343,-2.5591,28.7533,-20.0069,-0.844082,-1.42946,RT1,13.6,restep,显示域,medC_w0.5,centered_median,display,False,25,13.6
0.290396,16.726,16.4356,16.726,t_on+4.6~5.4s中位(=08-v6.1 P 口径),19.7617,t0+60s后中位,-1.16517,-2.79374,-1.16517,95.188,95.188,95.188,-19.6356,0.56,0.56,0.56,False,2.44113,0.914441,-7.6057,2.18998,-2.44113,98.8348,4.81197,-0.191503,-15.6447,RT2,12.32,onset,显示域,medC_w0.5,centered_median,display,False,25,12.32
20.8432,22.0158,1.1726,22.0168,t_on+4.6~5.4s中位(=08-v6.1 P 口径),0.329168,t0+60s后中位,-445.142,-445.142,-445.142,1875.07,519.037,1875.07,1404.4,,,,False,6.87671,0.759586,-64.0115,0.714953,-6.87671,-345.064,-1774.99,-5.21972,-21.987,RT2,147.11,restep,显示域,medC_w0.5,centered_median,display,False,25,147.11
0.043,16.5567,16.5137,16.5389,t_on+4.6~5.4s中位(=08-v6.1 P 口径),20.5361,t0+60s后中位,12.5797,4.94427,12.5797,99.3294,99.3294,99.3294,-11.6256,,,,False,7.01537,1.00787,4.27365,2.34378,-7.01537,112.472,0.56317,2.07736,-16.4029,RT3,10.59,onset,显示域,medC_w0.5,centered_median,display,False,25,10.59
0,15.2813,15.2813,15.2813,t_on+4.6~5.4s中位(=08-v6.1 P 口径),17.8094,t0+60s后中位,12.7678,4.44779,12.7678,100,100,100,-3.77659,,,,False,6.91163,1.01257,4.44779,2.12843,-6.91163,112.768,0,1.95107,-15.2813,LT1,11.69,onset,显示域,medC_w0.5,centered_median,display,False,25,11.69
0,16.1212,16.1212,16.1212,t_on+4.6~5.4s中位(=08-v6.1 P 口径),18.002,t0+60s后中位,3.88892,3.88892,3.88892,77.9459,77.9459,77.9459,-7.77798,1.65,1.65,1.65,False,5.10223,1.1736,-18.1652,2.36527,-5.10223,103.889,22.0541,0.62694,-12.5658,LT2,14.92,onset,显示域,medC_w0.5,centered_median,display,False,25,14.92
0,17.5144,17.5144,17.5144,t_on+4.6~5.4s中位(=08-v6.1 P 口径),18.8563,t0+60s后中位,5.82093,3.1394,5.82093,83.3983,83.3983,83.3983,-1.84082,,,76.75,True,3.61931,1.23833,-13.4623,2.40185,-3.61931,105.821,16.6017,1.0195,-14.6067,LT3,10.87,onset,显示域,medC_w0.5,centered_median,display,False,25,10.87
0.064,13.3829,13.3189,13.3829,t_on+4.6~5.4s中位(=08-v6.1 P 口径),0.101758,t0+60s后中位,0.915561,-1.10218,0.915561,83.0437,83.0437,83.0437,100.632,0.5,0.5,0.5,False,2.7333,1.03901,-18.0585,1.77442,-2.7333,100.916,16.9563,0.121943,-11.0605,F41,10.94,onset,显示域,medC_w0.5,centered_median,display,False,25,10.94
10.8737,13.5564,2.68271,13.5564,t_on+4.6~5.4s中位(=08-v6.1 P 口径),0.082,t0+60s后中位,-1.92113,-6.21969,-1.92113,14.4324,11.9386,14.4324,500.346,,,,False,2.12928,0.0225082,-100,1.26791,-2.12928,98.0789,85.5676,-0.0515384,-0.387181,F41,12.19,restep,显示域,medC_w0.5,centered_median,display,False,25,12.19
0.063,14.7479,14.6849,14.7479,t_on+4.6~5.4s中位(=08-v6.1 P 口径),9.57269,t0+60s后中位,-1.76366,-2.36497,-1.76366,96.1324,96.1324,96.1324,33.4782,0.53,0.53,0.53,False,2.02904,0.929922,-6.2326,2.02904,-1.93766,98.2363,3.86763,-0.258993,-14.117,F42,11.03,onset,显示域,medC_w0.5,centered_median,display,False,25,11.03
0.068,15.3126,15.2446,15.3126,t_on+4.6~5.4s中位(=08-v6.1 P 口径),16.9838,t0+60s后中位,5.76194,2.78745,5.76194,86.2724,86.2724,86.2724,-5.20096,23.58,23.58,23.58,False,2.14771,1.07202,-10.9402,2.14771,-2.04568,105.762,13.7276,0.878384,-13.1519,F43,11,onset,显示域,medC_w0.5,centered_median,display,False,25,11
76,4241.75,4165.75,4241.75,t_on+4.6~5.4s中位(=08-v6.1 P 口径),22201.8,t0+60s后中位,166.707,0.207125,166.707,76.2041,76.2041,76.2041,-264.43,,,3.39,True,2743.14,0.95825,-27.6332,686.997,-2743.14,266.707,23.7959,6944.58,-3174.47,SW1,10.84,onset,ADC域,medC_w0.5,centered_median,display,False,25,10.84
4811.46,11606.1,6794.66,11606.1,t_on+4.6~5.4s中位(=08-v6.1 P 口径),25339.1,t0+60s后中位,-6.17813,-6.62688,-6.17813,29.6906,29.6906,29.6906,-208.292,,,,False,2743.14,-4.63831,-83.9557,283.094,-2743.14,93.8219,70.3094,-419.782,-2017.37,SW1,28.63,onset,ADC域,medC_w0.5,centered_median,display,False,25,28.63
12297.8,16207.4,3909.6,16202.1,t_on+4.6~5.4s中位(=08-v6.1 P 口径),25571.5,t0+60s后中位,-27.6008,-28.2347,-27.6008,302.996,302.996,302.996,-267.25,,,,False,5932.53,0.803881,-237.11,3337.03,-5932.53,72.2656,-203.13,-1079.08,-11845.9,SW1,71.67,restep,ADC域,medC_w0.5,centered_median,display,False,25,71.67
5447.1,18092.5,12645.4,18092.5,t_on+4.6~5.4s中位(=08-v6.1 P 口径),25607.5,t0+60s后中位,-23.4826,-23.4826,-23.4826,92.3493,92.3493,92.3493,-82.911,,,,False,5932.53,1.19862,-31.3293,3337.03,-5932.53,76.5174,7.65065,-2969.48,-11678,SW1,75.89,onset,ADC域,medC_w0.5,centered_median,display,False,25,75.89
19384.4,25851.7,6467.25,25850.6,t_on+4.6~5.4s中位(=08-v6.1 P 口径),22087.3,t0+60s后中位,41.8282,-72.9164,41.8282,399.304,167.031,399.304,100.018,,,,False,7267.18,0.882783,-5.88561,3430.43,-7267.18,141.811,-299.322,2705.13,-25824,SW1,110.45,restep,ADC域,medC_w0.5,centered_median,display,False,25,110.45
61.0611,27163.2,27102.1,27163.8,t_on+4.6~5.4s中位(=08-v6.1 P 口径),20127.8,t0+60s后中位,6.07916,5.13591,6.07916,99.9692,99.9692,99.9692,32.0401,,,,False,7267.18,1.04119,5.10513,3430.43,-7267.18,106.081,0.0329822,1647.58,-27093.8,SW1,133.83,onset,ADC域,medC_w0.5,centered_median,display,False,25,133.83
52.8433,25248,25195.2,25248,t_on+4.6~5.4s中位(=08-v6.1 P 口径),60.6632,t0+60s后中位,10.9101,10.9101,10.9101,99.924,99.924,99.924,110.879,,,2.41,True,8553.53,0.975003,10.8341,5572.38,-8553.53,110.91,0.0760331,2748.83,-25176,SW1,185.97,onset,ADC域,medC_w0.5,centered_median,display,False,25,185.97
5760.84,11857,6096.16,11857,t_on+4.6~5.4s中位(=08-v6.1 P 口径),22086.1,后1/3段中位(不足60s),186.413,-44.1706,186.413,159.148,107.052,159.148,18.6161,,,,False,8422.74,0.873173,-38.499,2775.09,-8422.74,286.413,-59.148,11364,-9701.92,SW1,217.74,restep,ADC域,medC_w0.5,centered_median,display,False,25,217.74
12122.3,19875.9,7753.67,19875.9,t_on+4.6~5.4s中位(=08-v6.1 P 口径),22086.1,后1/3段中位(不足60s),44.3077,-26.0894,44.3077,256.343,228.548,256.343,15.8024,,,,False,9111.17,0.776521,-146.164,9111.17,-8422.74,144.308,-156.343,3435.47,-19875.9,SW1,230.64,restep,ADC域,medC_w0.5,centered_median,display,False,25,230.64
5210.44,20245.8,15035.4,20245.8,t_on+4.6~5.4s中位(=08-v6.1 P 口径),22086.1,后1/3段中位(不足60s),20.389,-15.9144,20.389,134.654,120.321,134.654,8.1492,,,,False,9111.17,0.795657,4.03667,9111.17,-8422.74,120.389,-34.6545,3065.57,-20245.8,SW1,233.05,onset,ADC域,medC_w0.5,centered_median,display,False,25,233.05
20414.6,25671.8,5257.15,25671.8,t_on+4.6~5.4s中位(=08-v6.1 P 口径),22086.1,后1/3段中位(不足60s),-44.8985,-50.1068,-44.8985,488.321,145.089,488.321,23.3066,,,,False,9111.17,0.878824,-5.0176,9111.17,-3307.6,55.1015,-388.321,-2360.38,-25671.8,SW1,240.72,restep,ADC域,medC_w0.5,centered_median,display,False,25,240.72
62,14458.3,14396.3,14458.3,t_on+4.6~5.4s中位(=08-v6.1 P 口径),24133.2,后1/3段中位(不足60s),57.616,5.57327,57.616,100.339,60.6786,100.339,-9.58806,,,,False,5284.88,0.883519,-33.7481,5284.88,-3902.32,157.616,-0.33883,8294.58,-14445.1,SW2,11.79,onset,ADC域,medC_w0.5,centered_median,display,False,25,11.79
13424.9,14858.2,1433.25,14852.5,t_on+4.6~5.4s中位(=08-v6.1 P 口径),24133.2,后1/3段中位(不足60s),556.923,52.0006,556.923,1035.36,-28.4808,1035.36,-90.6106,,,,False,5284.88,1.04034,-100,5284.88,-3902.32,656.527,-935.754,7982.09,-14839.3,SW2,13.7,restep,ADC域,medC_w0.5,centered_median,display,False,25,13.7
14922.6,15402.5,479.895,15402.8,t_on+4.6~5.4s中位(=08-v6.1 P 口径),24133.2,后1/3段中位(不足60s),1681.95,132.344,1681.95,3206.85,29.6055,3206.85,-137.299,,,,False,5284.88,0.990213,-100,5284.88,-3902.32,1782,-3106.8,8071.6,-15389.5,SW2,14.86,restep,ADC域,medC_w0.5,centered_median,display,False,25,14.86
16009.1,17425.7,1416.62,17425.7,t_on+4.6~5.4s中位(=08-v6.1 P 口径),24133.2,后1/3段中位(不足60s),666.608,-6.58895,666.608,1229.15,1229.15,1229.15,193.119,,,,False,8289.32,0.999736,-910.705,5284.88,-8289.32,766.608,-1129.15,9443.31,-17412.5,SW2,31.22,restep,ADC域,medC_w0.5,centered_median,display,False,25,31.22
37.3925,21643.5,21606.1,21639.1,t_on+4.6~5.4s中位(=08-v6.1 P 口径),24133.2,后1/3段中位(不足60s),25.9339,4.90315,25.9339,100.023,85.4686,100.023,14.3901,,,,False,8289.32,0.911417,-10.091,3859.37,-8289.32,125.914,-0.0434718,5603.29,-21611.1,SW2,35.96,onset,ADC域,medC_w0.5,centered_median,display,False,25,35.96
38,25209.3,25171.3,25209.3,t_on+4.6~5.4s中位(=08-v6.1 P 口径),24133.2,后1/3段中位(不足60s),8.52125,7.14384,8.52125,97.2808,97.2808,97.2808,12.7963,,,,False,8289.32,1.05728,3.87433,3685.14,-8289.32,108.521,2.71922,2144.91,-24486.9,SW2,57.3,onset,ADC域,medC_w0.5,centered_median,display,False,25,57.3
69.5794,17701.9,17632.3,17701.9,t_on+4.6~5.4s中位(=08-v6.1 P 口径),27305,后1/3段中位(不足60s),58.5537,-12.4101,58.5537,100.395,68.9095,100.395,4.09009,,,,False,10395.7,0.999573,-43.9381,10395.7,-5511.22,158.554,-0.394614,10324.4,-17701.9,SW3,10.92,onset,ADC域,medC_w0.5,centered_median,display,False,25,10.92
18559.6,25621.5,7061.97,25621.5,t_on+4.6~5.4s中位(=08-v6.1 P 口径),27305,后1/3段中位(不足60s),37.7514,-59.647,37.7514,362.81,135.196,362.81,13.9125,,,,False,10395.7,1.94044,-27.7176,10395.7,-5511.22,137.751,-262.81,2665.99,-25621.5,SW3,20.72,restep,ADC域,medC_w0.5,centered_median,display,False,25,20.72
55.4942,26638.1,26582.6,26638.1,t_on+4.6~5.4s中位(=08-v6.1 P 口径),27305,后1/3段中位(不足60s),6.4122,5.222,6.4122,100.021,85.9294,100.021,3.90317,,,,False,14253.9,1.02498,-8.84856,14253.9,-2120.11,106.412,-0.0206685,1704.53,-26588.1,SW3,39.08,onset,ADC域,medC_w0.5,centered_median,display,False,25,39.08
27714.7,53,-27661.7,53,段末帧(退化),27305,后1/3段中位(不足60s),0.0108453,0.0108453,0.0108453,100.435,100.435,100.435,98.5298,,,,False,14253.9,1.00069,0.435071,14253.9,-1.56321,0.434894,-100.011,27782,-3,SW3,60.78,restep,ADC域,medC_w0.5,centered_median,display,False,25,60.78
84,15448.2,15364.2,15448.2,t_on+4.6~5.4s中位(=08-v6.1 P 口径),24171.5,t0+60s后中位,48.5354,-3.39339,48.5354,67.5659,67.5659,67.5659,-8.24191,,,,False,4170.93,0.958185,-35.8795,1745.75,-4170.93,148.535,32.4341,7457.07,-10380.9,SW4,8.41,onset,ADC域,medC_w0.5,centered_median,display,False,25,8.41
16085.4,22496.9,6411.47,22496.9,t_on+4.6~5.4s中位(=08-v6.1 P 口径),27884.7,t0+60s后中位,6.36902,-18.5891,6.36902,116.579,116.579,116.579,-77.6656,,,14.73,True,4170.93,0.937531,-2.00958,289.577,-4170.93,106.369,-16.5795,408.348,-7474.46,SW4,18.68,restep,ADC域,medC_w0.5,centered_median,display,False,25,18.68
22912.5,24098.4,1185.96,24095.9,t_on+4.6~5.4s中位(=08-v6.1 P 口径),28247.1,t0+60s后中位,-100.396,-108.466,-100.396,529.686,529.686,529.686,-450.426,,,,False,4170.93,0.847995,-106.029,289.577,-4170.93,-0.61061,-429.9,-1190.65,-6281.84,SW4,26.57,restep,ADC域,medC_w0.5,centered_median,display,False,25,26.57
19465.9,24135.1,4669.26,24133.3,t_on+4.6~5.4s中位(=08-v6.1 P 口径),28278.7,t0+60s后中位,-26.301,-28.3507,-26.301,133.782,133.782,133.782,-115.081,,,,False,4170.93,0.622066,5.43132,289.577,-4170.93,73.6594,-33.8216,-1228.06,-6246.62,SW4,27.6,restep,ADC域,medC_w0.5,centered_median,display,False,25,27.6
20983.1,24429.9,3446.83,24429.7,t_on+4.6~5.4s中位(=08-v6.1 P 口径),27976.3,后1/3段中位(不足60s),155.359,-74.6348,155.359,708.757,100.553,708.757,52.4644,,,,False,5777.37,0.89463,-83.3402,5777.37,-3086.67,255.352,-608.764,5354.98,-24429.7,SW4,61.37,restep,ADC域,medC_w0.5,centered_median,display,False,25,61.37
75,27895.9,27820.9,27895.9,t_on+4.6~5.4s中位(=08-v6.1 P 口径),27976.3,后1/3段中位(不足60s),22.6003,6.78894,22.6003,100.05,39.3326,100.05,22.3114,,,,False,12052.2,1.12963,-53.8785,12052.2,-2537.31,122.6,-0.0503218,6287.61,-27834.9,SW4,88,onset,ADC域,medC_w0.5,centered_median,display,False,25,88
28337.8,30791.3,2453.48,30791.3,t_on+4.6~5.4s中位(=08-v6.1 P 口径),27976.3,后1/3段中位(不足60s),138.262,100.717,138.262,1252.52,-7.60091,1252.52,252.997,,,,False,12052.2,1.04507,-80.7917,12052.2,-18.9089,238.262,-1152.52,3392.24,-30730.3,SW4,99.36,restep,ADC域,medC_w0.5,centered_median,display,False,25,99.36
29453,32163.4,2710.38,32155.5,t_on+4.6~5.4s中位(=08-v6.1 P 口径),27976.3,后1/3段中位(不足60s),74.8245,74.8245,74.8245,1184.13,-23.0307,1184.13,229.017,,,,False,12052.2,1.08891,-49.072,12052.2,-18.9089,174.533,-1084.43,2028.03,-32094.5,SW4,104.24,restep,ADC域,medC_w0.5,centered_median,display,False,25,104.24
0.549442,14.7073,14.1578,14.7057,t_on+4.6~5.4s中位(=08-v6.1 P 口径),1.16117,t0+60s后中位,5.10603,-1.42668,5.10603,68.5424,68.5424,68.5424,100.774,5.38,5.38,5.38,False,2.25697,0.758498,-33.2233,1.71621,-2.25697,105.095,31.4463,0.722903,-9.70413,RT1,8.27,onset,显示域,savgol_w11,savgol,display,False,5,8.27
14.6375,15.8381,1.20052,15.8268,t_on+4.6~5.4s中位(=08-v6.1 P 口径),1.11186,t0+60s后中位,-33.17,-33.17,-33.17,120.876,115.264,120.876,1192.55,,,,False,2.56615,-0.267655,-109.411,-0.0398718,-2.56615,65.8931,-21.8131,-0.398212,-1.45114,RT1,13.6,restep,显示域,savgol_w11,savgol,display,False,5,13.6
0.290396,16.726,16.4356,16.726,t_on+4.6~5.4s中位(=08-v6.1 P 口径),19.7617,t0+60s后中位,-0.963308,-2.52072,-0.963308,81.7733,81.7733,81.7733,-19.4338,0.56,0.56,0.56,False,2.44363,0.781178,-21.0441,2.20335,-2.44363,99.0367,18.2267,-0.158325,-13.4399,RT2,12.32,onset,显示域,savgol_w11,savgol,display,False,5,12.32
20.8432,22.0158,1.1726,22.0168,t_on+4.6~5.4s中位(=08-v6.1 P 口径),0.329168,t0+60s后中位,-428.812,-428.812,-428.812,1969.86,696.195,1969.86,1420.73,,,,False,11.3775,0.683758,73.8294,1.54936,-11.3775,-328.733,-1869.78,-5.02822,-23.0985,RT2,147.11,restep,显示域,savgol_w11,savgol,display,False,5,147.11
0.043,16.5567,16.5137,16.5389,t_on+4.6~5.4s中位(=08-v6.1 P 口径),20.5361,t0+60s后中位,12.7658,5.26021,12.7658,70.3526,70.3526,70.3526,-11.4395,,,,False,5.55592,0.74435,-24.7031,4.78513,-5.55592,112.658,29.54,2.10811,-11.6178,RT3,10.59,onset,显示域,savgol_w11,savgol,display,False,5,10.59
0,15.2813,15.2813,15.2813,t_on+4.6~5.4s中位(=08-v6.1 P 口径),17.8094,t0+60s后中位,12.9417,4.90558,12.9417,67.2693,67.2693,67.2693,-3.60262,,,,False,5.38847,0.715819,-28.2829,5.00167,-5.38847,112.942,32.7307,1.97766,-10.2796,LT1,11.69,onset,显示域,savgol_w11,savgol,display,False,5,11.69
0,16.1212,16.1212,16.1212,t_on+4.6~5.4s中位(=08-v6.1 P 口径),18.002,t0+60s后中位,4.40408,4.40408,4.40408,56.6053,56.6053,56.6053,-7.26282,1.68,1.68,1.68,False,5.00652,0.858821,-39.4187,2.41093,-5.00652,104.404,43.3947,0.709988,-9.12544,LT2,14.92,onset,显示域,savgol_w11,savgol,display,False,5,14.92
0,17.5144,17.5144,17.5144,t_on+4.6~5.4s中位(=08-v6.1 P 口径),18.8563,t0+60s后中位,5.92744,3.41131,5.92744,62.4881,62.4881,62.4881,-1.7343,,,77.75,True,3.6394,0.946314,-34.3725,2.43607,-3.6394,105.927,37.5119,1.03815,-10.9444,LT3,10.87,onset,显示域,savgol_w11,savgol,display,False,5,10.87
0.064,13.3829,13.3189,13.3829,t_on+4.6~5.4s中位(=08-v6.1 P 口径),0.101758,t0+60s后中位,1.25098,-0.716611,1.25098,63.689,63.689,63.689,100.967,0.5,0.5,0.5,False,3.05026,0.796235,-37.4132,1.80687,-3.05026,101.251,36.311,0.166617,-8.48266,F41,10.94,onset,显示域,savgol_w11,savgol,display,False,5,10.94
10.8737,13.5564,2.68271,13.5564,t_on+4.6~5.4s中位(=08-v6.1 P 口径),0.082,t0+60s后中位,-0.255858,-6.17746,-0.255858,15.0193,11.9821,15.0193,502.011,,,,False,2.11736,0.0194146,-100.101,1.27063,-2.11736,99.7441,84.9807,-0.00686394,-0.402925,F41,12.19,restep,显示域,savgol_w11,savgol,display,False,5,12.19
0.063,14.7479,14.6849,14.7479,t_on+4.6~5.4s中位(=08-v6.1 P 口径),9.57269,t0+60s后中位,-1.64789,-2.03625,-1.64789,81.8666,81.8666,81.8666,33.594,0.52,0.52,0.52,False,2.0723,0.787448,-20.4984,2.0723,-1.92704,98.3521,18.1334,-0.241991,-12.0221,F42,11.03,onset,显示域,savgol_w11,savgol,display,False,5,11.03
0.068,15.3126,15.2446,15.3126,t_on+4.6~5.4s中位(=08-v6.1 P 口径),16.9838,t0+60s后中位,5.9375,3.2709,5.9375,71.6661,71.6661,71.6661,-5.02541,32.92,32.92,32.92,False,2.21331,0.901899,-25.5464,2.21331,-1.98818,105.937,28.3339,0.905146,-10.9252,F43,11,onset,显示域,savgol_w11,savgol,display,False,5,11
76,4241.75,4165.75,4241.75,t_on+4.6~5.4s中位(=08-v6.1 P 口径),22201.8,t0+60s后中位,174.17,0.669635,174.17,48.4306,48.4306,48.4306,-256.967,,,3.39,True,1124.97,0.844481,-55.4049,1088.93,-1124.97,274.17,51.5694,7255.48,-2017.5,SW1,10.84,onset,ADC域,savgol_w11,savgol,display,False,5,10.84
4811.46,11606.1,6794.66,11606.1,t_on+4.6~5.4s中位(=08-v6.1 P 口径),25339.1,t0+60s后中位,-1.60251,-1.60251,-1.60251,32.2349,32.2349,32.2349,-203.717,,,,False,1103.99,1.71489,-113.609,580.585,-1103.99,98.3975,67.7651,-108.885,-2190.25,SW1,28.63,onset,ADC域,savgol_w11,savgol,display,False,5,28.63
12297.8,16207.4,3909.6,16202.1,t_on+4.6~5.4s中位(=08-v6.1 P 口径),25571.5,t0+60s后中位,-1.69757,-27.799,-1.69757,310.512,310.512,310.512,-241.347,,,,False,4613.41,0.592935,-269.073,1275.33,-4613.41,98.1687,-210.645,-66.368,-12139.8,SW1,71.67,restep,ADC域,savgol_w11,savgol,display,False,5,71.67
5447.1,18092.5,12645.4,18092.5,t_on+4.6~5.4s中位(=08-v6.1 P 口径),25607.5,t0+60s后中位,-15.4741,-15.4741,-15.4741,105.867,105.867,105.867,-74.9025,,,,False,4613.41,0.843903,-49.7486,1275.33,-4613.41,84.5259,-5.8672,-1956.77,-13387.4,SW1,75.89,onset,ADC域,savgol_w11,savgol,display,False,5,75.89
19384.4,25851.7,6467.25,25850.6,t_on+4.6~5.4s中位(=08-v6.1 P 口径),22087.3,t0+60s后中位,42.647,-72.4363,42.647,416.029,184.35,416.029,100.837,,,,False,7332.32,0.942464,-21.6325,5065.5,-7332.32,142.63,-316.046,2758.09,-26905.7,SW1,110.45,restep,ADC域,savgol_w11,savgol,display,False,5,110.45
61.0611,27163.2,27102.1,27163.8,t_on+4.6~5.4s中位(=08-v6.1 P 口径),20127.8,t0+60s后中位,6.15785,5.3313,6.15785,81.2788,81.2788,81.2788,32.1188,,,,False,5578.87,0.856922,-13.5853,5065.5,-5578.87,106.16,18.7234,1668.91,-22028.3,SW1,133.83,onset,ADC域,savgol_w11,savgol,display,False,5,133.83
52.8433,25248,25195.2,25248,t_on+4.6~5.4s中位(=08-v6.1 P 口径),60.6632,t0+60s后中位,11.6348,11.6348,11.6348,83.3229,73.1243,83.3229,111.604,,,2.4,True,6772.26,0.66826,-15.9655,6772.26,-6371.43,111.635,16.6771,2931.41,-20993.4,SW1,185.97,onset,ADC域,savgol_w11,savgol,display,False,5,185.97
5760.84,11857,6096.16,11857,t_on+4.6~5.4s中位(=08-v6.1 P 口径),22086.1,后1/3段中位(不足60s),194.587,-14.6985,194.587,174.702,107.768,174.702,26.7906,,,,False,4772.03,0.806897,-54.7214,1484.17,-4772.03,294.587,-74.7023,11862.3,-10650.1,SW1,217.74,restep,ADC域,savgol_w11,savgol,display,False,5,217.74
12122.3,19875.9,7753.67,19875.9,t_on+4.6~5.4s中位(=08-v6.1 P 口径),22086.1,后1/3段中位(不足60s),58.2788,-26.0477,58.2788,276.188,240.777,276.188,29.7735,,,,False,8924.31,0.657804,-132.975,7413.93,-8924.31,158.279,-176.188,4518.74,-21414.7,SW1,230.64,restep,ADC域,savgol_w11,savgol,display,False,5,230.64
5210.44,20245.8,15035.4,20245.8,t_on+4.6~5.4s中位(=08-v6.1 P 口径),22086.1,后1/3段中位(不足60s),27.5938,-15.8929,27.5938,144.889,124.471,144.889,15.354,,,,False,8924.31,0.651262,6.65035,7413.93,-8924.31,127.594,-44.8886,4148.84,-21784.6,SW1,233.05,onset,ADC域,savgol_w11,savgol,display,False,5,233.05
20414.6,25671.8,5257.15,25671.8,t_on+4.6~5.4s中位(=08-v6.1 P 口径),22086.1,后1/3段中位(不足60s),-24.2928,-37.1389,-24.2928,517.591,133.595,517.591,43.9124,,,,False,8924.31,0.908343,-14.1423,7413.93,-8924.31,75.7072,-417.591,-1277.11,-27210.5,SW1,240.72,restep,ADC域,savgol_w11,savgol,display,False,5,240.72
62,14458.3,14396.3,14458.3,t_on+4.6~5.4s中位(=08-v6.1 P 口径),24133.2,后1/3段中位(不足60s),57.7085,10.9361,57.7085,106.612,46.6965,106.612,-9.49553,,,,False,4479.14,1.19521,-47.7303,4479.14,-3400.01,157.708,-6.61184,8307.9,-15348.2,SW2,11.79,onset,ADC域,savgol_w11,savgol,display,False,5,11.79
13424.9,14858.2,1433.25,14852.5,t_on+4.6~5.4s中位(=08-v6.1 P 口径),24133.2,后1/3段中位(不足60s),557.196,82.3484,557.196,1098.37,-12.3958,1098.37,-90.3376,,,,False,4479.14,1.04655,-106.325,4479.14,-3400.01,656.8,-998.764,7986,-15742.3,SW2,13.7,restep,ADC域,savgol_w11,savgol,display,False,5,13.7
14922.6,15402.5,479.895,15402.8,t_on+4.6~5.4s中位(=08-v6.1 P 口径),24133.2,后1/3段中位(不足60s),1683.76,142.163,1683.76,3395.03,77.6447,3395.03,-135.487,,,,False,4479.14,0.980528,-69.0787,4479.14,-3400.01,1783.81,-3294.98,8080.29,-16292.6,SW2,14.86,restep,ADC域,savgol_w11,savgol,display,False,5,14.86
16009.1,17425.7,1416.62,17425.7,t_on+4.6~5.4s中位(=08-v6.1 P 口径),24133.2,后1/3段中位(不足60s),669.519,-5.04829,669.519,1310,1292.9,1310,196.03,,,,False,6566.54,0.63405,-629.565,6566.54,-6390.03,769.519,-1210,9484.56,-18557.8,SW2,31.22,restep,ADC域,savgol_w11,savgol,display,False,5,31.22
37.3925,21643.5,21606.1,21639.1,t_on+4.6~5.4s中位(=08-v6.1 P 口径),24133.2,后1/3段中位(不足60s),26.0229,4.9074,26.0229,105.392,71.4503,105.392,14.4792,,,,False,6566.54,1.79209,-24.1094,6566.54,-6390.03,126.003,-5.41267,5622.52,-22771.2,SW2,35.96,onset,ADC域,savgol_w11,savgol,display,False,5,35.96
38,25209.3,25171.3,25209.3,t_on+4.6~5.4s中位(=08-v6.1 P 口径),24133.2,后1/3段中位(不足60s),8.58825,7.05631,8.58825,71.0716,71.0716,71.0716,12.8633,,,,False,6566.54,0.794863,-22.3348,6566.54,-6390.03,108.588,28.9284,2161.78,-17889.7,SW2,57.3,onset,ADC域,savgol_w11,savgol,display,False,5,57.3
69.5794,17701.9,17632.3,17701.9,t_on+4.6~5.4s中位(=08-v6.1 P 口径),27305,后1/3段中位(不足60s),59.1794,-12.4624,59.1794,110.392,59.5636,110.392,4.71573,,,,False,13673,1.29628,-53.284,8297.26,-13673,159.179,-10.3921,10434.7,-19464.6,SW3,10.92,onset,ADC域,savgol_w11,savgol,display,False,5,10.92
18559.6,25621.5,7061.97,25621.5,t_on+4.6~5.4s中位(=08-v6.1 P 口径),27305,后1/3段中位(不足60s),37.83,-58.7512,37.83,387.772,126.711,387.772,13.9911,,,,False,13673,1.84226,-35.5606,8297.26,-13673,137.83,-287.772,2671.54,-27384.3,SW3,20.72,restep,ADC域,savgol_w11,savgol,display,False,5,20.72
55.4942,26638.1,26582.6,26638.1,t_on+4.6~5.4s中位(=08-v6.1 P 口径),27305,后1/3段中位(不足60s),15.3421,5.63699,15.3421,106.102,80.8753,106.102,12.8331,,,,False,11601.6,0.968549,-13.9027,11601.6,-10436.5,115.342,-6.10185,4078.33,-28204.6,SW3,39.08,onset,ADC域,savgol_w11,savgol,display,False,5,39.08
27714.7,53,-27661.7,53,段末帧(退化),27305,后1/3段中位(不足60s),5.85478,5.85478,5.85478,62.6363,62.6363,62.6363,104.374,,,,False,11601.6,0.624092,-37.364,11601.6,-10436.5,-37.3637,-105.855,17326.3,-1619.53,SW3,60.78,restep,ADC域,savgol_w11,savgol,display,False,5,60.78
84,15448.2,15364.2,15448.2,t_on+4.6~5.4s中位(=08-v6.1 P 口径),24171.5,t0+60s后中位,53.1088,-3.22776,53.1088,55.5394,55.5394,55.5394,-3.6686,,,,False,2906.13,0.858876,-47.9059,1755.96,-2906.13,153.109,44.4606,8159.72,-8533.17,SW4,8.41,onset,ADC域,savgol_w11,savgol,display,False,5,8.41
16085.4,22496.9,6411.47,22496.9,t_on+4.6~5.4s中位(=08-v6.1 P 口径),27884.7,t0+60s后中位,17.3283,-18.4384,17.3283,108.417,108.417,108.417,-66.7063,,,,False,2906.13,0.874416,-10.1723,222.175,-2906.13,117.328,-8.41682,1111,-6951.11,SW4,18.68,restep,ADC域,savgol_w11,savgol,display,False,5,18.68
22912.5,24098.4,1185.96,24095.9,t_on+4.6~5.4s中位(=08-v6.1 P 口径),28247.1,t0+60s后中位,-41.1482,-41.1482,-41.1482,607.975,607.975,607.975,-391.178,,,,False,2906.13,1.07096,-77.1353,201.463,-2906.13,58.6371,-508.19,-488,-7210.32,SW4,26.57,restep,ADC域,savgol_w11,savgol,display,False,5,26.57
19465.9,24135.1,4669.26,24133.3,t_on+4.6~5.4s中位(=08-v6.1 P 口径),28278.7,t0+60s后中位,-11.2525,-11.2525,-11.2525,123.132,108.113,123.132,-100.032,,,,False,2906.13,-0.208302,-20.2231,201.463,-2906.13,88.7079,-23.1716,-525.406,-5749.34,SW4,27.6,restep,ADC域,savgol_w11,savgol,display,False,5,27.6
20983.1,24429.9,3446.83,24429.7,t_on+4.6~5.4s中位(=08-v6.1 P 口径),27976.3,后1/3段中位(不足60s),155.881,-72.3037,155.881,737.054,111.855,737.054,52.9856,,,,False,5844.88,0.88701,-78.3679,4838.22,-5844.88,255.874,-637.061,5372.94,-25405,SW4,61.37,restep,ADC域,savgol_w11,savgol,display,False,5,61.37
75,27895.9,27820.9,27895.9,t_on+4.6~5.4s中位(=08-v6.1 P 口径),27976.3,后1/3段中位(不足60s),26.6478,6.8977,26.6478,100.289,32.9648,100.289,26.3588,,,,False,9802.41,1.00761,-60.2462,9802.41,-7679.75,126.648,-0.288733,7413.65,-27901.2,SW4,88,onset,ADC域,savgol_w11,savgol,display,False,5,88
28337.8,30791.3,2453.48,30791.3,t_on+4.6~5.4s中位(=08-v6.1 P 口径),27976.3,后1/3段中位(不足60s),184.158,120.78,184.158,1255.22,16.1118,1255.22,298.893,,,,False,9802.41,1.05247,-91.7811,9802.41,-7679.75,284.158,-1155.22,4518.28,-30796.6,SW4,99.36,restep,ADC域,savgol_w11,savgol,display,False,5,99.36
29453,32163.4,2710.38,32155.5,t_on+4.6~5.4s中位(=08-v6.1 P 口径),27976.3,后1/3段中位(不足60s),116.37,80.9552,116.37,1186.58,-20.0856,1186.58,270.563,,,,False,9802.41,1.09514,-54.643,9802.41,-7679.75,216.079,-1086.87,3154.07,-32160.8,SW4,104.24,restep,ADC域,savgol_w11,savgol,display,False,5,104.24
0.549442,14.7073,14.1578,14.7057,t_on+4.6~5.4s中位(=08-v6.1 P 口径),1.16117,t0+60s后中位,3.00575,-1.58597,3.00575,67.621,67.621,67.621,98.6737,0.5,0.5,0.5,False,2.408,0.748058,-34.1448,1.70995,-2.408,102.994,32.3677,0.425549,-9.57367,RT1,8.27,onset,显示域,savgol_w21,savgol,display,False,10,8.27
14.6375,15.8381,1.20052,15.8268,t_on+4.6~5.4s中位(=08-v6.1 P 口径),1.11186,t0+60s后中位,-57.9389,-57.9389,-57.9389,120.555,115.032,120.555,1167.78,,,,False,2.55976,-0.304117,-114.306,0.142406,-2.55976,41.1243,-21.4914,-0.695567,-1.44728,RT1,13.6,restep,显示域,savgol_w21,savgol,display,False,10,13.6
0.290396,16.726,16.4356,16.726,t_on+4.6~5.4s中位(=08-v6.1 P 口径),19.7617,t0+60s后中位,-1.07133,-2.57996,-1.07133,75.1202,75.1202,75.1202,-19.5418,0.56,0.56,0.56,False,2.78427,0.714476,-27.6834,2.524,-2.78427,98.9287,24.8798,-0.176079,-12.3465,RT2,12.32,onset,显示域,savgol_w21,savgol,display,False,10,12.32
20.8432,22.0158,1.1726,22.0168,t_on+4.6~5.4s中位(=08-v6.1 P 口径),0.329168,t0+60s后中位,-432.996,-432.996,-432.996,1981.09,614.196,1981.09,1416.54,,,,False,12.5932,0.696871,49.8791,4.28055,-12.5932,-332.917,-1881.01,-5.07729,-23.2302,RT2,147.11,restep,显示域,savgol_w21,savgol,display,False,10,147.11
0.043,16.5567,16.5137,16.5389,t_on+4.6~5.4s中位(=08-v6.1 P 口径),20.5361,t0+60s后中位,12.6744,5.26931,12.6744,67.1558,67.1558,67.1558,-11.5309,,,,False,6.18964,0.715228,-27.8999,5.31303,-6.18964,112.567,32.7367,2.09301,-11.0899,RT3,10.59,onset,显示域,savgol_w21,savgol,display,False,10,10.59
0,15.2813,15.2813,15.2813,t_on+4.6~5.4s中位(=08-v6.1 P 口径),17.8094,t0+60s后中位,12.8438,4.91014,12.8438,64.249,64.249,64.249,-3.70054,,,,False,6.12958,0.688161,-31.3032,5.4632,-6.12958,112.844,35.751,1.9627,-9.81806,LT1,11.69,onset,显示域,savgol_w21,savgol,display,False,10,11.69
0,16.1212,16.1212,16.1212,t_on+4.6~5.4s中位(=08-v6.1 P 口径),18.002,t0+60s后中位,4.39903,4.39903,4.39903,57.8767,57.8767,57.8767,-7.26787,1.62,1.62,1.62,False,6.31635,0.877747,-38.4003,2.40185,-6.31635,104.399,42.1233,0.709175,-9.3304,LT2,14.92,onset,显示域,savgol_w21,savgol,display,False,10,14.92
0,17.5144,17.5144,17.5144,t_on+4.6~5.4s中位(=08-v6.1 P 口径),18.8563,t0+60s后中位,5.90683,3.44841,5.90683,61.411,61.411,61.411,-1.75492,,,77.75,True,4.78237,0.930938,-35.4496,2.43395,-4.78237,105.907,38.589,1.03454,-10.7558,LT3,10.87,onset,显示域,savgol_w21,savgol,display,False,10,10.87
0.064,13.3829,13.3189,13.3829,t_on+4.6~5.4s中位(=08-v6.1 P 口径),0.101758,t0+60s后中位,1.13904,-0.712222,1.13904,63.1612,63.1612,63.1612,100.856,0.5,0.5,0.5,False,3.868,0.788959,-37.941,1.80161,-3.868,101.139,36.8388,0.151708,-8.41236,F41,10.94,onset,显示域,savgol_w21,savgol,display,False,10,10.94
10.8737,13.5564,2.68271,13.5564,t_on+4.6~5.4s中位(=08-v6.1 P 口径),0.082,t0+60s后中位,-0.811622,-6.29789,-0.811622,14.7461,11.9676,14.7461,501.455,,,,False,2.12548,0.0210117,-100.055,1.26938,-2.12548,99.1884,85.2539,-0.0217735,-0.395594,F41,12.19,restep,显示域,savgol_w21,savgol,display,False,10,12.19
0.063,14.7479,14.6849,14.7479,t_on+4.6~5.4s中位(=08-v6.1 P 口径),9.57269,t0+60s后中位,-1.67231,-2.02884,-1.67231,75.3906,75.3906,75.3906,33.5695,0.53,0.53,0.53,False,2.5193,0.723389,-26.9744,2.5193,-2.29894,98.3277,24.6094,-0.245577,-11.0711,F42,11.03,onset,显示域,savgol_w21,savgol,display,False,10,11.03
0.068,15.3126,15.2446,15.3126,t_on+4.6~5.4s中位(=08-v6.1 P 口径),16.9838,t0+60s后中位,5.81563,3.26669,5.81563,68.4496,68.4496,68.4496,-5.14728,23.6,23.6,23.6,False,3.22514,0.864607,-28.7629,2.20818,-3.22514,105.816,31.5504,0.886568,-10.4349,F43,11,onset,显示域,savgol_w21,savgol,display,False,10,11
76,4241.75,4165.75,4241.75,t_on+4.6~5.4s中位(=08-v6.1 P 口径),22201.8,t0+60s后中位,166.793,0.474086,166.793,50.5455,50.5455,50.5455,-264.343,,,3.38,True,1555.93,0.853169,-53.2472,1000.83,-1555.93,266.793,49.4545,6948.18,-2105.6,SW1,10.84,onset,ADC域,savgol_w21,savgol,display,False,10,10.84
4811.46,11606.1,6794.66,11606.1,t_on+4.6~5.4s中位(=08-v6.1 P 口径),25339.1,t0+60s后中位,-6.12517,-6.45013,-6.12517,31.879,31.879,31.879,-208.239,,,,False,1555.93,-0.687755,-102.957,524.721,-1555.93,93.8748,68.121,-416.185,-2166.07,SW1,28.63,onset,ADC域,savgol_w21,savgol,display,False,10,28.63
12297.8,16207.4,3909.6,16202.1,t_on+4.6~5.4s中位(=08-v6.1 P 口径),25571.5,t0+60s后中位,-10.6053,-27.6557,-10.6053,308.882,308.882,308.882,-250.255,,,,False,4923.81,0.717276,-250.351,1500.47,-4923.81,89.2611,-209.016,-414.623,-12076.1,SW1,71.67,restep,ADC域,savgol_w21,savgol,display,False,10,71.67
5447.1,18092.5,12645.4,18092.5,t_on+4.6~5.4s中位(=08-v6.1 P 口径),25607.5,t0+60s后中位,-18.2281,-18.2281,-18.2281,99.6629,99.6629,99.6629,-77.6565,,,,False,4923.81,0.977702,-40.9929,1500.47,-4923.81,81.7719,0.33712,-2305.03,-12602.8,SW1,75.89,onset,ADC域,savgol_w21,savgol,display,False,10,75.89
19384.4,25851.7,6467.25,25850.6,t_on+4.6~5.4s中位(=08-v6.1 P 口径),22087.3,t0+60s后中位,42.195,-72.4672,42.195,414.889,174.941,414.889,100.385,,,,False,7135.42,0.930872,-18.4258,5903.42,-7135.42,142.178,-314.906,2728.86,-26831.9,SW1,110.45,restep,ADC域,savgol_w21,savgol,display,False,10,110.45
61.0611,27163.2,27102.1,27163.8,t_on+4.6~5.4s中位(=08-v6.1 P 口径),20127.8,t0+60s后中位,6.1332,5.22344,6.1332,78.1871,78.1871,78.1871,32.0941,,,,False,6014.97,0.826537,-16.677,5903.42,-6014.97,106.135,21.8151,1662.23,-21190.4,SW1,133.83,onset,ADC域,savgol_w21,savgol,display,False,10,133.83
52.8433,25248,25195.2,25248,t_on+4.6~5.4s中位(=08-v6.1 P 口径),60.6632,t0+60s后中位,11.6215,11.6215,11.6215,83.3705,66.7681,83.3705,111.59,,,2.4,True,8373.73,0.595343,-22.3218,8373.73,-6492.15,111.621,16.6295,2928.06,-21005.3,SW1,185.97,onset,ADC域,savgol_w21,savgol,display,False,10,185.97
5760.84,11857,6096.16,11857,t_on+4.6~5.4s中位(=08-v6.1 P 口径),22086.1,后1/3段中位(不足60s),186.622,-20.6387,186.622,169.757,99.151,169.757,18.8257,,,,False,6478.29,0.830254,-49.1768,1678.36,-6478.29,286.622,-69.7573,11376.8,-10348.7,SW1,217.74,restep,ADC域,savgol_w21,savgol,display,False,10,217.74
12122.3,19875.9,7753.67,19875.9,t_on+4.6~5.4s中位(=08-v6.1 P 口径),22086.1,后1/3段中位(不足60s),65.5468,-26.0061,65.5468,277.219,236.889,277.219,37.0415,,,,False,9240.17,0.628387,-129.713,9240.17,-9157.09,165.547,-177.219,5082.28,-21494.6,SW1,230.64,restep,ADC域,savgol_w21,savgol,display,False,10,230.64
5210.44,20245.8,15035.4,20245.8,t_on+4.6~5.4s中位(=08-v6.1 P 口径),22086.1,后1/3段中位(不足60s),31.3419,-15.8714,31.3419,145.42,124.623,145.42,19.1021,,,,False,9240.17,0.602607,7.46215,9240.17,-9157.09,131.342,-45.4203,4712.38,-21864.5,SW1,233.05,onset,ADC域,savgol_w21,savgol,display,False,10,233.05
20414.6,25671.8,5257.15,25671.8,t_on+4.6~5.4s中位(=08-v6.1 P 口径),22086.1,后1/3段中位(不足60s),-13.5733,-48.7565,-13.5733,519.112,131.145,519.112,54.6318,,,,False,9240.17,0.914641,-17.6769,9240.17,-9157.09,86.4267,-419.112,-713.571,-27290.5,SW1,240.72,restep,ADC域,savgol_w21,savgol,display,False,10,240.72
62,14458.3,14396.3,14458.3,t_on+4.6~5.4s中位(=08-v6.1 P 口径),24133.2,后1/3段中位(不足60s),57.7118,8.47708,57.7118,107.747,51.6221,107.747,-9.49218,,,,False,5953.24,1.08538,-42.8046,5953.24,-3741.66,157.712,-7.74652,8308.39,-15511.5,SW2,11.79,onset,ADC域,savgol_w21,savgol,display,False,10,11.79
13424.9,14858.2,1433.25,14852.5,t_on+4.6~5.4s中位(=08-v6.1 P 口径),24133.2,后1/3段中位(不足60s),556.054,57.6482,556.054,1109.77,-19.7847,1109.77,-91.4796,,,,False,5953.24,1.04439,-104.224,5953.24,-3741.66,655.658,-1010.16,7969.64,-15905.7,SW2,13.7,restep,ADC域,savgol_w21,savgol,display,False,10,13.7
14922.6,15402.5,479.895,15402.8,t_on+4.6~5.4s中位(=08-v6.1 P 口径),24133.2,后1/3段中位(不足60s),1683.27,139.038,1683.27,3429.07,55.5771,3429.07,-135.974,,,,False,5953.24,0.983483,-78.5267,5953.24,-3741.66,1783.33,-3329.02,8077.96,-16456,SW2,14.86,restep,ADC域,savgol_w21,savgol,display,False,10,14.86
16009.1,17425.7,1416.62,17425.7,t_on+4.6~5.4s中位(=08-v6.1 P 口径),24133.2,后1/3段中位(不足60s),670.054,18.6212,670.054,1321.17,1304.43,1321.17,196.564,,,,False,7492.46,0.645332,-638.66,7492.46,-7122.31,770.054,-1221.17,9492.12,-18716,SW2,31.22,restep,ADC域,savgol_w21,savgol,display,False,10,31.22
37.3925,21643.5,21606.1,21639.1,t_on+4.6~5.4s中位(=08-v6.1 P 口径),24133.2,后1/3段中位(不足60s),26.0036,4.8177,26.0036,106.125,71.2107,106.125,14.4598,,,,False,7492.46,1.80725,-24.3489,7492.46,-7122.31,125.983,-6.14487,5618.35,-22929.4,SW2,35.96,onset,ADC域,savgol_w21,savgol,display,False,10,35.96
38,25209.3,25171.3,25209.3,t_on+4.6~5.4s中位(=08-v6.1 P 口径),24133.2,后1/3段中位(不足60s),8.56656,6.99101,8.56656,67.3931,67.3931,67.3931,12.8416,,,,False,7492.46,0.758032,-26.0133,7492.46,-7122.31,108.567,32.6069,2156.32,-16963.7,SW2,57.3,onset,ADC域,savgol_w21,savgol,display,False,10,57.3
69.5794,17701.9,17632.3,17701.9,t_on+4.6~5.4s中位(=08-v6.1 P 口径),27305,后1/3段中位(不足60s),59.2002,-12.4762,59.2002,110.014,58.3792,110.014,4.73654,,,,False,14720.9,1.33388,-54.4681,9353.47,-14720.9,159.2,-10.0143,10438.3,-19398,SW3,10.92,onset,ADC域,savgol_w21,savgol,display,False,10,10.92
18559.6,25621.5,7061.97,25621.5,t_on+4.6~5.4s中位(=08-v6.1 P 口径),27305,后1/3段中位(不足60s),37.7455,-59.8113,37.7455,386.829,128.638,386.829,13.9066,,,,False,14720.9,1.86525,-32.5553,9353.47,-14720.9,137.746,-286.829,2665.58,-27317.7,SW3,20.72,restep,ADC域,savgol_w21,savgol,display,False,10,20.72
55.4942,26638.1,26582.6,26638.1,t_on+4.6~5.4s中位(=08-v6.1 P 口径),27305,后1/3段中位(不足60s),13.913,5.6508,13.913,105.782,82.7474,105.782,11.404,,,,False,13042.5,0.989406,-12.0306,13042.5,-11758.7,113.913,-5.78188,3698.43,-28119.5,SW3,39.08,onset,ADC域,savgol_w21,savgol,display,False,10,39.08
27714.7,53,-27661.7,53,段末帧(退化),27305,后1/3段中位(不足60s),5.54731,5.54731,5.54731,57.8563,57.8563,57.8563,104.066,,,,False,13042.5,0.57645,-42.1444,13042.5,-11758.7,-42.1437,-105.547,16004,-1534.48,SW3,60.78,restep,ADC域,savgol_w21,savgol,display,False,10,60.78
84,15448.2,15364.2,15448.2,t_on+4.6~5.4s中位(=08-v6.1 P 口径),24171.5,t0+60s后中位,49.0198,-3.30944,49.0198,60.3497,60.3497,60.3497,-7.75754,,,,False,3527.17,0.898779,-43.0957,1748.51,-3527.17,149.02,39.6503,7531.49,-9272.23,SW4,8.41,onset,ADC域,savgol_w21,savgol,display,False,10,8.41
16085.4,22496.9,6411.47,22496.9,t_on+4.6~5.4s中位(=08-v6.1 P 口径),27884.7,t0+60s后中位,7.52976,-18.4214,7.52976,107.194,107.194,107.194,-76.5049,,,,False,3527.17,0.864367,-11.3947,98.3493,-3527.17,107.53,-7.19435,482.768,-6872.73,SW4,18.68,restep,ADC域,savgol_w21,savgol,display,False,10,18.68
22912.5,24098.4,1185.96,24095.9,t_on+4.6~5.4s中位(=08-v6.1 P 口径),28247.1,t0+60s后中位,-94.1208,-94.1208,-94.1208,578.992,578.992,578.992,-444.151,,,,False,3527.17,1.03829,-27.1261,-198.946,-3527.17,5.66453,-479.207,-1116.23,-6866.59,SW4,26.57,restep,ADC域,savgol_w21,savgol,display,False,10,26.57
19465.9,24135.1,4669.26,24133.3,t_on+4.6~5.4s中位(=08-v6.1 P 口径),28278.7,t0+60s后中位,-24.7071,-24.7071,-24.7071,119.908,113.964,119.908,-113.487,,,,False,3527.17,-0.0185636,-14.443,-198.946,-3527.17,75.2533,-19.9477,-1153.64,-5598.81,SW4,27.6,restep,ADC域,savgol_w21,savgol,display,False,10,27.6
20983.1,24429.9,3446.83,24429.7,t_on+4.6~5.4s中位(=08-v6.1 P 口径),27976.3,后1/3段中位(不足60s),156.197,-72.6911,156.197,745.034,104.432,745.034,53.3022,,,,False,7120.32,0.889438,-79.5712,7120.32,-6382.2,256.19,-645.041,5383.85,-25680.1,SW4,61.37,restep,ADC域,savgol_w21,savgol,display,False,10,61.37
75,27895.9,27820.9,27895.9,t_on+4.6~5.4s中位(=08-v6.1 P 口径),27976.3,后1/3段中位(不足60s),26.4531,6.89339,26.4531,100.281,33.4295,100.281,26.1642,,,,False,10848.8,1.01624,-59.7816,10848.8,-8723.16,126.453,-0.280557,7359.5,-27899,SW4,88,onset,ADC域,savgol_w21,savgol,display,False,10,88
28337.8,30791.3,2453.48,30791.3,t_on+4.6~5.4s中位(=08-v6.1 P 口径),27976.3,后1/3段中位(不足60s),181.951,121.803,181.951,1255.13,10.5625,1255.13,296.686,,,,False,10848.8,1.04961,-87.3673,10848.8,-8723.16,281.951,-1155.13,4464.13,-30794.3,SW4,99.36,restep,ADC域,savgol_w21,savgol,display,False,10,99.36
29453,32163.4,2710.38,32155.5,t_on+4.6~5.4s中位(=08-v6.1 P 口径),27976.3,后1/3段中位(不足60s),114.372,80.543,114.372,1186.5,-25.703,1186.5,268.565,,,,False,10848.8,1.0971,-57.7136,10848.8,-8723.16,214.081,-1086.79,3099.92,-32158.6,SW4,104.24,restep,ADC域,savgol_w21,savgol,display,False,10,104.24
0.549442,14.7073,14.1578,14.7057,t_on+4.6~5.4s中位(=08-v6.1 P 口径),1.16117,t0+60s后中位,2.9562,-1.63631,2.9562,67.0295,67.0295,67.0295,98.6242,0.5,0.5,0.5,False,2.57576,0.741011,-34.7847,1.69111,-2.57576,102.945,32.9592,0.418535,-9.48993,RT1,8.27,onset,显示域,savgol_w31,savgol,display,False,15,8.27
14.6375,15.8381,1.20052,15.8268,t_on+4.6~5.4s中位(=08-v6.1 P 口径),1.11186,t0+60s后中位,-58.5231,-58.5231,-58.5231,120.137,115.173,120.137,1167.19,,,,False,2.55803,-0.237164,-106.453,0.122617,-2.55803,40.54,-21.0739,-0.702581,-1.44227,RT1,13.6,restep,显示域,savgol_w31,savgol,display,False,15,13.6
0.290396,16.726,16.4356,16.726,t_on+4.6~5.4s中位(=08-v6.1 P 口径),19.7617,t0+60s后中位,-1.10956,-2.60386,-1.10956,72.8496,72.8496,72.8496,-19.58,0.56,0.56,0.56,False,3.37338,0.691767,-29.9977,2.89719,-3.37338,98.8904,27.1504,-0.182363,-11.9733,RT2,12.32,onset,显示域,savgol_w31,savgol,display,False,15,12.32
20.8432,22.0158,1.1726,22.0168,t_on+4.6~5.4s中位(=08-v6.1 P 口径),0.329168,t0+60s后中位,-434.582,-439.122,-434.582,1983.63,604.856,1983.63,1414.96,,,,False,13.012,0.71808,13.8516,5.39907,-13.012,-334.503,-1883.55,-5.09588,-23.26,RT2,147.11,restep,显示域,savgol_w31,savgol,display,False,15,147.11
0.043,16.5567,16.5137,16.5389,t_on+4.6~5.4s中位(=08-v6.1 P 口径),20.5361,t0+60s后中位,12.6547,5.33403,12.6547,65.6623,65.6623,65.6623,-11.5506,,,,False,6.32883,0.70166,-29.3934,5.55967,-6.32883,112.547,34.2302,2.08975,-10.8433,RT3,10.59,onset,显示域,savgol_w31,savgol,display,False,15,10.59
0,15.2813,15.2813,15.2813,t_on+4.6~5.4s中位(=08-v6.1 P 口径),17.8094,t0+60s后中位,12.834,4.91152,12.834,62.9482,62.9482,62.9482,-3.71039,,,,False,6.34858,0.676276,-32.604,5.66198,-6.34858,112.834,37.0518,1.96119,-9.61928,LT1,11.69,onset,显示域,savgol_w31,savgol,display,False,15,11.69
0,16.1212,16.1212,16.1212,t_on+4.6~5.4s中位(=08-v6.1 P 口径),18.002,t0+60s后中位,4.41103,4.41103,4.41103,58.2053,58.2053,58.2053,-7.25587,1.62,1.62,1.62,False,6.80556,0.882755,-38.3861,2.39055,-6.80556,104.411,41.7947,0.711109,-9.38337,LT2,14.92,onset,显示域,savgol_w31,savgol,display,False,15,14.92
0,17.5144,17.5144,17.5144,t_on+4.6~5.4s中位(=08-v6.1 P 口径),18.8563,t0+60s后中位,5.90051,3.47977,5.90051,60.8092,60.8092,60.8092,-1.76123,,,77.14,True,5.15625,0.922486,-36.0514,2.44006,-5.15625,105.901,39.1908,1.03344,-10.6503,LT3,10.87,onset,显示域,savgol_w31,savgol,display,False,15,10.87
0.064,13.3829,13.3189,13.3829,t_on+4.6~5.4s中位(=08-v6.1 P 口径),0.101758,t0+60s后中位,1.01673,-0.701184,1.01673,62.5669,62.5669,62.5669,100.733,0.5,0.5,0.5,False,4.11848,0.781839,-38.5353,1.80067,-4.11848,101.017,37.4331,0.135417,-8.33321,F41,10.94,onset,显示域,savgol_w31,savgol,display,False,15,10.94
10.8737,13.5564,2.68271,13.5564,t_on+4.6~5.4s中位(=08-v6.1 P 口径),0.082,t0+60s后中位,-1.41886,-6.28565,-1.41886,14.6902,11.9622,14.6902,500.848,,,,False,2.12875,0.0217672,-100.037,1.26891,-2.12875,98.5811,85.3098,-0.0380638,-0.394094,F41,12.19,restep,显示域,savgol_w31,savgol,display,False,15,12.19
0.063,14.7479,14.6849,14.7479,t_on+4.6~5.4s中位(=08-v6.1 P 口径),9.57269,t0+60s后中位,-1.65737,-2.09472,-1.65737,73.1185,73.1185,73.1185,33.5845,0.53,0.53,0.53,False,2.85295,0.700724,-29.2464,2.85295,-2.84242,98.3426,26.8815,-0.243383,-10.7374,F42,11.03,onset,显示域,savgol_w31,savgol,display,False,15,11.03
0.068,15.3126,15.2446,15.3126,t_on+4.6~5.4s中位(=08-v6.1 P 口径),16.9838,t0+60s后中位,5.78723,3.27367,5.78723,67.0411,67.0411,67.0411,-5.17568,23.61,23.61,23.61,False,3.67713,0.847641,-30.1715,2.20188,-3.67713,105.787,32.9589,0.882238,-10.2201,F43,11,onset,显示域,savgol_w31,savgol,display,False,15,11
76,4241.75,4165.75,4241.75,t_on+4.6~5.4s中位(=08-v6.1 P 口径),22201.8,t0+60s后中位,166.77,0.460426,166.77,51.9444,51.9444,51.9444,-264.366,,,3.4,True,1872.37,0.858957,-52.106,942.555,-1872.37,266.77,48.0556,6947.22,-2163.87,SW1,10.84,onset,ADC域,savgol_w31,savgol,display,False,15,10.84
4811.46,11606.1,6794.66,11606.1,t_on+4.6~5.4s中位(=08-v6.1 P 口径),25339.1,t0+60s后中位,-6.13927,-6.36555,-6.13927,27.7818,27.7818,27.7818,-208.253,,,,False,1872.37,-1.73278,-97.9301,581.617,-1872.37,93.8607,72.2182,-417.142,-1887.68,SW1,28.63,onset,ADC域,savgol_w31,savgol,display,False,15,28.63
12297.8,16207.4,3909.6,16202.1,t_on+4.6~5.4s中位(=08-v6.1 P 口径),25571.5,t0+60s后中位,-16.3131,-27.3162,-16.3131,307.876,307.876,307.876,-255.963,,,,False,5175.41,0.768864,-242.42,1389.06,-5175.41,83.5532,-208.01,-637.776,-12036.7,SW1,71.67,restep,ADC域,savgol_w31,savgol,display,False,15,71.67
5447.1,18092.5,12645.4,18092.5,t_on+4.6~5.4s中位(=08-v6.1 P 口径),25607.5,t0+60s后中位,-19.9928,-19.9928,-19.9928,90.6488,90.6488,90.6488,-79.4212,,,,False,5175.41,1.09508,-34.0374,1389.06,-5175.41,80.0072,9.35115,-2528.18,-11462.9,SW1,75.89,onset,ADC域,savgol_w31,savgol,display,False,15,75.89
19384.4,25851.7,6467.25,25850.6,t_on+4.6~5.4s中位(=08-v6.1 P 口径),22087.3,t0+60s后中位,42.0429,-72.4576,42.0429,415.156,167.086,415.156,100.233,,,,False,7449.03,0.904547,-11.5746,6190.86,-7449.03,142.026,-315.173,2719.02,-26849.2,SW1,110.45,restep,ADC域,savgol_w31,savgol,display,False,15,110.45
61.0611,27163.2,27102.1,27163.8,t_on+4.6~5.4s中位(=08-v6.1 P 口径),20127.8,t0+60s后中位,6.11385,5.18715,6.11385,77.1265,77.1265,77.1265,32.0748,,,,False,6211.3,0.816026,-17.7376,6190.86,-6211.3,106.116,22.8757,1656.98,-20902.9,SW1,133.83,onset,ADC域,savgol_w31,savgol,display,False,15,133.83
52.8433,25248,25195.2,25248,t_on+4.6~5.4s中位(=08-v6.1 P 口径),60.6632,t0+60s后中位,11.6164,11.6164,11.6164,83.3995,63.8045,83.3995,111.585,,,2.4,True,9120.4,0.561538,-25.2853,9120.4,-6458.9,111.616,16.6005,2926.79,-21012.7,SW1,185.97,onset,ADC域,savgol_w31,savgol,display,False,15,185.97
5760.84,11857,6096.16,11857,t_on+4.6~5.4s中位(=08-v6.1 P 口径),22086.1,后1/3段中位(不足60s),186.51,-20.0088,186.51,169.298,100.807,169.298,18.7133,,,,False,6969.33,0.846628,-45.2815,1899.4,-6969.33,286.51,-69.2984,11369.9,-10320.7,SW1,217.74,restep,ADC域,savgol_w31,savgol,display,False,15,217.74
12122.3,19875.9,7753.67,19875.9,t_on+4.6~5.4s中位(=08-v6.1 P 口径),22086.1,后1/3段中位(不足60s),67.2326,-25.959,67.2326,279.106,236.529,279.106,38.7274,,,,False,9972.57,0.639019,-130.895,9972.57,-9200.68,167.233,-179.106,5212.99,-21640.9,SW1,230.64,restep,ADC域,savgol_w31,savgol,display,False,15,230.64
5210.44,20245.8,15035.4,20245.8,t_on+4.6~5.4s中位(=08-v6.1 P 口径),22086.1,后1/3段中位(不足60s),32.2112,-15.8471,32.2112,146.393,124.437,146.393,19.9715,,,,False,9972.57,0.650824,6.56855,9972.57,-9200.68,132.211,-46.3934,4843.09,-22010.8,SW1,233.05,onset,ADC域,savgol_w31,savgol,display,False,15,233.05
20414.6,25671.8,5257.15,25671.8,t_on+4.6~5.4s中位(=08-v6.1 P 口径),22086.1,后1/3段中位(不足60s),-11.0869,-49.2147,-11.0869,521.895,129.736,521.895,57.1182,,,,False,9972.57,0.918248,-19.5368,9972.57,-9200.68,88.9131,-421.895,-582.855,-27436.8,SW1,240.72,restep,ADC域,savgol_w31,savgol,display,False,15,240.72
62,14458.3,14396.3,14458.3,t_on+4.6~5.4s中位(=08-v6.1 P 口径),24133.2,后1/3段中位(不足60s),57.6632,7.55311,57.6632,108.531,53.9645,108.531,-9.54079,,,,False,6524,1.03323,-40.4622,6524,-5062.83,157.663,-8.53099,8301.39,-15624.5,SW2,11.79,onset,ADC域,savgol_w31,savgol,display,False,15,11.79
13424.9,14858.2,1433.25,14852.5,t_on+4.6~5.4s中位(=08-v6.1 P 口径),24133.2,后1/3段中位(不足60s),555.618,53.2676,555.618,1117.64,-22.425,1117.64,-91.916,,,,False,6524,1.04323,-103.091,6524,-5062.83,655.222,-1018.04,7963.38,-16018.6,SW2,13.7,restep,ADC域,savgol_w31,savgol,display,False,15,13.7
14922.6,15402.5,479.895,15402.8,t_on+4.6~5.4s中位(=08-v6.1 P 口径),24133.2,后1/3段中位(不足60s),1683.18,140.812,1683.18,3452.61,47.6915,3452.61,-136.071,,,,False,6524,0.984958,-83.2605,6524,-5062.83,1783.23,-3352.55,8077.49,-16568.9,SW2,14.86,restep,ADC域,savgol_w31,savgol,display,False,15,14.86
16009.1,17425.7,1416.62,17425.7,t_on+4.6~5.4s中位(=08-v6.1 P 口径),24133.2,后1/3段中位(不足60s),671.365,16.5605,671.365,1324.83,1312.41,1324.83,197.876,,,,False,8771.42,0.645393,-641.677,8771.42,-7457.75,771.365,-1224.83,9510.7,-18767.8,SW2,31.22,restep,ADC域,savgol_w31,savgol,display,False,15,31.22
37.3925,21643.5,21606.1,21639.1,t_on+4.6~5.4s中位(=08-v6.1 P 口径),24133.2,后1/3段中位(不足60s),25.9864,4.78219,25.9864,106.364,71.2252,106.364,14.4426,,,,False,8771.42,1.80634,-24.3344,8771.42,-7457.75,125.966,-6.38462,5614.63,-22981.2,SW2,35.96,onset,ADC域,savgol_w31,savgol,display,False,15,35.96
38,25209.3,25171.3,25209.3,t_on+4.6~5.4s中位(=08-v6.1 P 口径),24133.2,后1/3段中位(不足60s),8.55451,6.96148,8.55451,66.2738,66.2738,66.2738,12.8295,,,,False,7774.21,0.746806,-27.1326,7774.21,-7457.75,108.555,33.7262,2153.28,-16682,SW2,57.3,onset,ADC域,savgol_w31,savgol,display,False,15,57.3
69.5794,17701.9,17632.3,17701.9,t_on+4.6~5.4s中位(=08-v6.1 P 口径),27305,后1/3段中位(不足60s),59.2155,-12.3957,59.2155,109.96,57.6738,109.96,4.7518,,,,False,15100.7,1.35641,-55.1685,9709.19,-15100.7,159.215,-9.96019,10441,-19388.5,SW3,10.92,onset,ADC域,savgol_w31,savgol,display,False,15,10.92
18559.6,25621.5,7061.97,25621.5,t_on+4.6~5.4s中位(=08-v6.1 P 口径),27305,后1/3段中位(不足60s),37.7167,-60.0304,37.7167,386.693,131.145,386.693,13.8778,,,,False,15100.7,1.89399,-28.9451,9709.19,-15100.7,137.717,-286.693,2663.54,-27308.2,SW3,20.72,restep,ADC域,savgol_w31,savgol,display,False,15,20.72
55.4942,26638.1,26582.6,26638.1,t_on+4.6~5.4s中位(=08-v6.1 P 口径),27305,后1/3段中位(不足60s),14.1603,5.66091,14.1603,105.771,82.7323,105.771,11.6512,,,,False,13471.9,0.989225,-12.0457,13471.9,-12313.6,114.16,-5.77053,3764.17,-28116.5,SW3,39.08,onset,ADC域,savgol_w31,savgol,display,False,15,39.08
27714.7,53,-27661.7,53,段末帧(退化),27305,后1/3段中位(不足60s),5.5364,5.5364,5.5364,55.8504,55.8504,55.8504,104.055,,,,False,13471.9,0.556459,-44.1498,13471.9,-12313.6,-44.1496,-105.536,15449.2,-1531.46,SW3,60.78,restep,ADC域,savgol_w31,savgol,display,False,15,60.78
84,15448.2,15364.2,15448.2,t_on+4.6~5.4s中位(=08-v6.1 P 口径),24171.5,t0+60s后中位,48.7436,-3.30558,48.7436,60.2947,60.2947,60.2947,-8.0338,,,,False,3522.05,0.898316,-43.1507,1750.84,-3522.05,148.744,39.7053,7489.04,-9263.77,SW4,8.41,onset,ADC域,savgol_w31,savgol,display,False,15,8.41
16085.4,22496.9,6411.47,22496.9,t_on+4.6~5.4s中位(=08-v6.1 P 口径),27884.7,t0+60s后中位,6.86774,-18.4079,6.86774,109.411,109.411,109.411,-77.1669,,,14.72,True,3522.05,0.881637,-9.17984,-107.05,-3522.05,106.868,-9.41066,440.323,-7014.83,SW4,18.68,restep,ADC域,savgol_w31,savgol,display,False,15,18.68
22912.5,24098.4,1185.96,24095.9,t_on+4.6~5.4s中位(=08-v6.1 P 口径),28247.1,t0+60s后中位,-97.6998,-107.596,-97.6998,564.356,564.356,564.356,-447.73,,,,False,3522.05,1.03442,-37.6865,-107.05,-3522.05,2.08552,-464.571,-1158.68,-6693.02,SW4,26.57,restep,ADC域,savgol_w31,savgol,display,False,15,26.57
19465.9,24135.1,4669.26,24133.3,t_on+4.6~5.4s中位(=08-v6.1 P 口径),28278.7,t0+60s后中位,-25.6162,-27.2545,-25.6162,118.516,114.035,118.516,-114.396,,,,False,3522.05,-0.0160853,-14.4333,-107.05,-3522.05,74.3442,-18.5558,-1196.08,-5533.82,SW4,27.6,restep,ADC域,savgol_w31,savgol,display,False,15,27.6
20983.1,24429.9,3446.83,24429.7,t_on+4.6~5.4s中位(=08-v6.1 P 口径),27976.3,后1/3段中位(不足60s),156.64,-72.7557,156.64,751.299,101.621,751.299,53.7448,,,,False,8421.69,0.892947,-82.2654,8207.81,-8421.69,256.633,-651.306,5399.11,-25896,SW4,61.37,restep,ADC域,savgol_w31,savgol,display,False,15,61.37
75,27895.9,27820.9,27895.9,t_on+4.6~5.4s中位(=08-v6.1 P 口径),27976.3,后1/3段中位(不足60s),26.232,6.94757,26.232,100.28,35.2863,100.28,25.9431,,,,False,11526.4,1.05163,-57.9247,11526.4,-8845.95,126.232,-0.280479,7297.99,-27899,SW4,88,onset,ADC域,savgol_w31,savgol,display,False,15,88
28337.8,30791.3,2453.48,30791.3,t_on+4.6~5.4s中位(=08-v6.1 P 口径),27976.3,后1/3段中位(不足60s),179.444,118.569,179.444,1255.13,1.39852,1255.13,294.179,,,,False,11526.4,1.05153,-87.3942,11526.4,-8845.95,279.444,-1155.13,4402.63,-30794.3,SW4,99.36,restep,ADC域,savgol_w31,savgol,display,False,15,99.36
29453,32163.4,2710.38,32155.5,t_on+4.6~5.4s中位(=08-v6.1 P 口径),27976.3,后1/3段中位(不足60s),112.103,76.4085,112.103,1186.5,-31.0534,1186.5,266.295,,,,False,11526.4,1.09612,-56.9986,11526.4,-8845.95,211.811,-1086.79,3038.41,-32158.5,SW4,104.24,restep,ADC域,savgol_w31,savgol,display,False,15,104.24
0.549442,14.7073,14.1578,14.7057,t_on+4.6~5.4s中位(=08-v6.1 P 口径),1.16117,t0+60s后中位,5.13735,-0.788701,5.13735,76.7128,76.7128,76.7128,100.805,5.36,5.36,5.36,False,2.25141,0.850392,-25.053,1.70144,-2.25141,105.126,23.2759,0.727339,-10.8609,RT1,8.27,onset,显示域,iir_ema_tau0,iir_ema,internal_input,True,0,8.27
14.6375,15.8381,1.20052,15.8268,t_on+4.6~5.4s中位(=08-v6.1 P 口径),1.11186,t0+60s后中位,-32.8006,-32.8006,-32.8006,121.807,115.711,121.807,1192.91,,,,False,2.54718,-0.141274,-92.1817,-0.240574,-2.54718,66.2626,-22.7434,-0.393777,-1.46231,RT1,13.6,restep,显示域,iir_ema_tau0,iir_ema,internal_input,True,0,13.6
0.290396,16.726,16.4356,16.726,t_on+4.6~5.4s中位(=08-v6.1 P 口径),19.7617,t0+60s后中位,-0.903003,-1.11299,-0.903003,90.4771,90.4771,90.4771,-19.3735,13.16,13.16,0.55,False,2.41547,0.868067,-12.9516,2.13354,-2.41547,99.097,9.52291,-0.148414,-14.8705,RT2,12.32,onset,显示域,iir_ema_tau0,iir_ema,internal_input,True,0,12.32
20.8432,22.0158,1.1726,22.0168,t_on+4.6~5.4s中位(=08-v6.1 P 口径),0.329168,t0+60s后中位,-422.213,-422.213,-422.213,1877.61,847.803,1877.61,1427.32,,,,False,6.2192,0.762284,-57.2386,0,-6.2192,-322.135,-1777.53,-4.95085,-22.0168,RT2,147.11,restep,显示域,iir_ema_tau0,iir_ema,internal_input,True,0,147.11
0.043,16.5567,16.5137,16.5389,t_on+4.6~5.4s中位(=08-v6.1 P 口径),20.5361,t0+60s后中位,13.5865,5.26309,13.5865,99.3294,99.3294,99.3294,-10.6188,,,,False,2.3674,1.00778,4.27365,2.3674,-0.177791,113.479,0.56317,2.24364,-16.4029,RT3,10.59,onset,显示域,iir_ema_tau0,iir_ema,internal_input,True,0,10.59
0,15.2813,15.2813,15.2813,t_on+4.6~5.4s中位(=08-v6.1 P 口径),17.8094,t0+60s后中位,13.92,4.90794,13.92,100,100,100,-2.62435,,,,False,2.18736,1.01374,4.44779,2.18736,-0.0633991,113.92,0,2.12715,-15.2813,LT1,11.69,onset,显示域,iir_ema_tau0,iir_ema,internal_input,True,0,11.69
0,16.1212,16.1212,16.1212,t_on+4.6~5.4s中位(=08-v6.1 P 口径),18.002,t0+60s后中位,4.41653,4.41653,4.41653,61.2823,61.2823,61.2823,-7.25037,1.96,1.96,1.96,False,2.41252,0.928446,-34.8288,2.41252,-1.10351,104.417,38.7177,0.711996,-9.87941,LT2,14.92,onset,显示域,iir_ema_tau0,iir_ema,internal_input,True,0,14.92
0,17.5144,17.5144,17.5144,t_on+4.6~5.4s中位(=08-v6.1 P 口径),18.8563,t0+60s后中位,6.00244,3.74863,6.00244,66.7966,66.7966,66.7966,-1.65931,,,78.5,True,2.43854,1.00726,-30.064,2.43854,-0.0979361,106.002,33.2034,1.05129,-11.699,LT3,10.87,onset,显示域,iir_ema_tau0,iir_ema,internal_input,True,0,10.87
0.064,13.3829,13.3189,13.3829,t_on+4.6~5.4s中位(=08-v6.1 P 口径),0.101758,t0+60s后中位,1.42838,-0.713968,1.42838,66.9611,66.9611,66.9611,101.145,0.5,0.5,0.5,False,2.08834,0.836811,-34.1411,1.80867,-2.08834,101.428,33.0389,0.190244,-8.91846,F41,10.94,onset,显示域,iir_ema_tau0,iir_ema,internal_input,True,0,10.94
10.8737,13.5564,2.68271,13.5564,t_on+4.6~5.4s中位(=08-v6.1 P 口径),0.082,t0+60s后中位,0.624843,-5.30175,0.624843,15.4572,12.0927,15.4572,502.892,,,,False,2.09812,0.0223548,-100,1.26791,-2.09812,100.625,84.5428,0.0167627,-0.414672,F41,12.19,restep,显示域,iir_ema_tau0,iir_ema,internal_input,True,0,12.19
0.063,14.7479,14.6849,14.7479,t_on+4.6~5.4s中位(=08-v6.1 P 口径),9.57269,t0+60s后中位,-1.5592,-1.67035,-1.5592,92.5463,92.5463,92.5463,33.6827,0.52,0.52,0.52,False,2.06458,0.894072,-9.8187,2.06458,-1.89832,98.4408,7.45373,-0.228967,-13.5904,F42,11.03,onset,显示域,iir_ema_tau0,iir_ema,internal_input,True,0,11.03
0.068,15.3126,15.2446,15.3126,t_on+4.6~5.4s中位(=08-v6.1 P 口径),16.9838,t0+60s后中位,5.98032,3.27744,5.98032,78.8833,78.8833,78.8833,-4.98258,33.72,33.72,33.72,False,2.21537,0.985034,-18.3292,2.21537,-0.604318,105.98,21.1167,0.911675,-12.0254,F43,11,onset,显示域,iir_ema_tau0,iir_ema,internal_input,True,0,11
76,4241.75,4165.75,4241.75,t_on+4.6~5.4s中位(=08-v6.1 P 口径),22201.8,t0+60s后中位,194.206,0.763056,194.206,74.5707,74.5707,74.5707,-236.931,,,3.38,True,889.269,0.951611,-29.2666,725.647,-889.269,294.206,25.4293,8090.13,-3106.43,SW1,10.84,onset,ADC域,iir_ema_tau0,iir_ema,internal_input,True,0,10.84
4811.46,11606.1,6794.66,11606.1,t_on+4.6~5.4s中位(=08-v6.1 P 口径),25339.1,t0+60s后中位,10.6815,10.6815,10.6815,34.9809,34.9809,34.9809,-191.433,,,,False,1092.13,4.46888,-125.805,292.527,-1092.13,110.681,65.0191,725.77,-2376.83,SW1,28.63,onset,ADC域,iir_ema_tau0,iir_ema,internal_input,True,0,28.63
12297.8,16207.4,3909.6,16202.1,t_on+4.6~5.4s中位(=08-v6.1 P 口径),25571.5,t0+60s后中位,11.2175,11.2175,11.2175,313.031,313.031,313.031,-228.432,,,,False,4530.02,0.473269,-286.711,0,-4530.02,111.084,-213.164,438.558,-12238.3,SW1,71.67,restep,ADC域,iir_ema_tau0,iir_ema,internal_input,True,0,71.67
5447.1,18092.5,12645.4,18092.5,t_on+4.6~5.4s中位(=08-v6.1 P 口径),25607.5,t0+60s后中位,-11.4812,-11.4812,-11.4812,109.114,109.114,109.114,-70.9096,,,,False,4530.02,0.485272,-69.4172,-959.824,-4530.02,88.5188,-9.11387,-1451.85,-13797.9,SW1,75.89,onset,ADC域,iir_ema_tau0,iir_ema,internal_input,True,0,75.89
19384.4,25851.7,6467.25,25850.6,t_on+4.6~5.4s中位(=08-v6.1 P 口径),22087.3,t0+60s后中位,44.2506,-72.7151,44.2506,399.715,204.228,399.715,102.44,,,,False,5456.51,0.740911,31.2991,3412.48,-5456.51,144.234,-299.732,2861.8,-25850.6,SW1,110.45,restep,ADC域,iir_ema_tau0,iir_ema,internal_input,True,0,110.45
61.0611,27163.2,27102.1,27163.8,t_on+4.6~5.4s中位(=08-v6.1 P 口径),20127.8,t0+60s后中位,6.17084,5.71397,6.17084,99.9692,99.9692,99.9692,32.1318,,,,False,3412.48,1.04095,5.10513,3412.48,-4.67081,106.173,0.0329822,1672.43,-27093.8,SW1,133.83,onset,ADC域,iir_ema_tau0,iir_ema,internal_input,True,0,133.83
52.8433,25248,25195.2,25248,t_on+4.6~5.4s中位(=08-v6.1 P 口径),60.6632,t0+60s后中位,11.654,11.654,11.654,100.004,100.004,100.004,111.623,,,2.4,True,4034.83,0.976083,10.9136,4034.83,-792.104,111.654,-0.00352015,2936.26,-25196.1,SW1,185.97,onset,ADC域,iir_ema_tau0,iir_ema,internal_input,True,0,185.97
5760.84,11857,6096.16,11857,t_on+4.6~5.4s中位(=08-v6.1 P 口径),22086.1,后1/3段中位(不足60s),205.519,-8.49026,205.519,184.884,116.941,184.884,37.7224,,,,False,2865.19,0.871199,-39.929,0,-2865.19,305.519,-84.8842,12528.8,-11270.8,SW1,217.74,restep,ADC域,iir_ema_tau0,iir_ema,internal_input,True,0,217.74
12122.3,19875.9,7753.67,19875.9,t_on+4.6~5.4s中位(=08-v6.1 P 口径),22086.1,后1/3段中位(不足60s),58.1637,-26.0894,58.1637,256.343,248.783,256.343,29.6585,,,,False,2865.19,0.77667,-146.248,0,-2865.19,158.164,-156.343,4509.82,-19875.9,SW1,230.64,restep,ADC域,iir_ema_tau0,iir_ema,internal_input,True,0,230.64
5210.44,20245.8,15035.4,20245.8,t_on+4.6~5.4s中位(=08-v6.1 P 口径),22086.1,后1/3段中位(不足60s),27.5345,-15.9144,27.5345,134.654,125.878,134.654,15.2947,,,,False,2865.19,0.477763,9.67191,0,-2865.19,127.534,-34.6545,4139.92,-20245.8,SW1,233.05,onset,ADC域,iir_ema_tau0,iir_ema,internal_input,True,0,233.05
20414.6,25671.8,5257.15,25671.8,t_on+4.6~5.4s中位(=08-v6.1 P 口径),22086.1,后1/3段中位(不足60s),-24.4625,-24.4625,-24.4625,488.321,145.679,488.321,43.7427,,,,False,2766.13,0.87731,-0.0786716,0,-2766.13,75.5375,-388.321,-1286.03,-25671.8,SW1,240.72,restep,ADC域,iir_ema_tau0,iir_ema,internal_input,True,0,240.72
62,14458.3,14396.3,14458.3,t_on+4.6~5.4s中位(=08-v6.1 P 口径),24133.2,后1/3段中位(不足60s),57.7471,12.8457,57.7471,100.431,55.3875,100.431,-9.45693,,,,False,2396.66,1.00123,-39.0392,2396.66,-371.314,157.747,-0.430665,8313.46,-14458.3,SW2,11.79,onset,ADC域,iir_ema_tau0,iir_ema,internal_input,True,0,11.79
13424.9,14858.2,1433.25,14852.5,t_on+4.6~5.4s中位(=08-v6.1 P 口径),24133.2,后1/3段中位(不足60s),561.088,101.529,561.088,1036.28,3.8833,1036.28,-86.4462,,,,False,2396.66,1.04028,-100,2396.66,-371.314,660.692,-936.677,8041.78,-14852.5,SW2,13.7,restep,ADC域,iir_ema_tau0,iir_ema,internal_input,True,0,13.7
14922.6,15402.5,479.895,15402.8,t_on+4.6~5.4s中位(=08-v6.1 P 口径),24133.2,后1/3段中位(不足60s),1687.5,188.56,1687.5,3209.61,126.263,3209.61,-131.752,,,,False,2396.66,0.990165,-100,2396.66,-286.275,1787.55,-3109.55,8098.22,-15402.8,SW2,14.86,restep,ADC域,iir_ema_tau0,iir_ema,internal_input,True,0,14.86
16009.1,17425.7,1416.62,17425.7,t_on+4.6~5.4s中位(=08-v6.1 P 口径),24133.2,后1/3段中位(不足60s),669.478,4.50835,669.478,1230.09,1230.09,1230.09,195.989,,,,False,3721.65,0.920553,-849.784,3721.65,-280.322,769.478,-1130.09,9483.97,-17425.7,SW2,31.22,restep,ADC域,iir_ema_tau0,iir_ema,internal_input,True,0,31.22
37.3925,21643.5,21606.1,21639.1,t_on+4.6~5.4s中位(=08-v6.1 P 口径),24133.2,后1/3段中位(不足60s),26.0431,4.94649,26.0431,100.042,84.0485,100.042,14.4993,,,,False,3721.65,1,-11.5112,3721.65,-14.153,126.023,-0.0619851,5626.89,-21615.1,SW2,35.96,onset,ADC域,iir_ema_tau0,iir_ema,internal_input,True,0,35.96
38,25209.3,25171.3,25209.3,t_on+4.6~5.4s中位(=08-v6.1 P 口径),24133.2,后1/3段中位(不足60s),8.59178,7.23358,8.59178,97.159,97.159,97.159,12.8668,,,,False,3721.65,1.05594,3.75257,3721.65,0,108.592,2.84099,2162.66,-24456.2,SW2,57.3,onset,ADC域,iir_ema_tau0,iir_ema,internal_input,True,0,57.3
69.5794,17701.9,17632.3,17701.9,t_on+4.6~5.4s中位(=08-v6.1 P 口径),27305,后1/3段中位(不足60s),59.185,-12.2599,59.185,100.395,68.625,100.395,4.72135,,,,False,5351.15,1.0086,-44.2226,3863.6,-5351.15,159.185,-0.394614,10435.7,-17701.9,SW3,10.92,onset,ADC域,iir_ema_tau0,iir_ema,internal_input,True,0,10.92
18559.6,25621.5,7061.97,25621.5,t_on+4.6~5.4s中位(=08-v6.1 P 口径),27305,后1/3段中位(不足60s),38.1067,-57.6795,38.1067,362.81,134.24,362.81,14.2679,,,,False,5351.15,1.92949,-26.2308,3863.6,-5351.15,138.107,-262.81,2691.09,-25621.5,SW3,20.72,restep,ADC域,iir_ema_tau0,iir_ema,internal_input,True,0,20.72
55.4942,26638.1,26582.6,26638.1,t_on+4.6~5.4s中位(=08-v6.1 P 口径),27305,后1/3段中位(不足60s),6.65189,5.64072,6.65189,100.028,85.9799,100.028,4.14285,,,,False,3863.6,1.02519,-8.79812,3863.6,0,106.652,-0.0281922,1768.24,-26590.1,SW3,39.08,onset,ADC域,iir_ema_tau0,iir_ema,internal_input,True,0,39.08
27714.7,53,-27661.7,53,段末帧(退化),27305,后1/3段中位(不足60s),0.0180755,0.0180755,0.0180755,102.134,102.134,102.134,98.5371,,,,False,735.924,1.01762,2.13399,735.924,0,2.13351,-100.018,28251.9,-5,SW3,60.78,restep,ADC域,iir_ema_tau0,iir_ema,internal_input,True,0,60.78
84,15448.2,15364.2,15448.2,t_on+4.6~5.4s中位(=08-v6.1 P 口径),24171.5,t0+60s后中位,51.9203,-2.58941,51.9203,65.5442,65.5442,65.5442,-4.85703,,,,False,1913,0.941746,-37.9012,1756.25,-1913,151.92,34.4558,7977.13,-10070.3,SW4,8.41,onset,ADC域,iir_ema_tau0,iir_ema,internal_input,True,0,8.41
16085.4,22496.9,6411.47,22496.9,t_on+4.6~5.4s中位(=08-v6.1 P 口径),27884.7,t0+60s后中位,14.4804,-18.5891,14.4804,117.127,117.127,117.127,-69.5542,,,,False,2156.6,0.940843,-1.46197,0,-2156.6,114.48,-17.1271,928.407,-7509.57,SW4,18.68,restep,ADC域,iir_ema_tau0,iir_ema,internal_input,True,0,18.68
22912.5,24098.4,1185.96,24095.9,t_on+4.6~5.4s中位(=08-v6.1 P 口径),28247.1,t0+60s后中位,-56.5445,-56.5445,-56.5445,635.004,635.004,635.004,-406.575,,,,False,2250.22,0.604795,-115.048,0,-2250.22,43.2408,-535.218,-670.593,-7530.87,SW4,26.57,restep,ADC域,iir_ema_tau0,iir_ema,internal_input,True,0,26.57
19465.9,24135.1,4669.26,24133.3,t_on+4.6~5.4s中位(=08-v6.1 P 口径),28278.7,t0+60s后中位,-15.163,-15.163,-15.163,134.598,134.598,134.598,-103.943,,,,False,2270.65,0.652179,6.19645,0,-2270.65,84.7974,-34.638,-708,-6284.74,SW4,27.6,restep,ADC域,iir_ema_tau0,iir_ema,internal_input,True,0,27.6
20983.1,24429.9,3446.83,24429.7,t_on+4.6~5.4s中位(=08-v6.1 P 口径),27976.3,后1/3段中位(不足60s),155.787,-72.9638,155.787,708.757,119.21,708.757,52.8916,,,,False,3760.74,0.901438,-87.9684,3760.74,-2913.91,255.78,-608.764,5369.7,-24429.7,SW4,61.37,restep,ADC域,iir_ema_tau0,iir_ema,internal_input,True,0,61.37
75,27895.9,27820.9,27895.9,t_on+4.6~5.4s中位(=08-v6.1 P 口径),27976.3,后1/3段中位(不足60s),23.277,6.84185,23.277,100.067,38.3675,100.067,22.9881,,,,False,3760.74,1.10724,-54.8435,3760.74,-9.2776,123.277,-0.0670225,6475.88,-27839.6,SW4,88,onset,ADC域,iir_ema_tau0,iir_ema,internal_input,True,0,88
28337.8,30791.3,2453.48,30791.3,t_on+4.6~5.4s中位(=08-v6.1 P 口径),27976.3,后1/3段中位(不足60s),145.936,120.814,145.936,1252.71,14.6342,1252.71,260.671,,,,False,3542.31,1.04365,-84.5141,3542.31,0,245.936,-1152.71,3580.51,-30734.9,SW4,99.36,restep,ADC域,iir_ema_tau0,iir_ema,internal_input,True,0,99.36
29453,32163.4,2710.38,32155.5,t_on+4.6~5.4s中位(=08-v6.1 P 口径),27976.3,后1/3段中位(不足60s),81.771,81.771,81.771,1184.31,-16.1642,1184.31,235.963,,,,False,2577.97,1.08586,-44.9436,2577.97,0,181.479,-1084.6,2216.3,-32099.1,SW4,104.24,restep,ADC域,iir_ema_tau0,iir_ema,internal_input,True,0,104.24
0.55556,14.6994,14.1439,14.6994,t_on+4.6~5.4s中位(=08-v6.1 P 口径),6.99603,t0+60s后中位,-3.39551,-6.38718,-3.39551,95.7474,95.7474,95.7474,51.0691,,,66.67,True,2.94267,0.830419,-10.6397,1.05233,-2.94267,96.6045,4.25257,-0.480257,-13.5424,RT1,8.27,onset,显示域,iir_ema_tau0.1,iir_ema,internal_input,True,0,8.27
14.5882,15.8344,1.24617,15.8279,t_on+4.6~5.4s中位(=08-v6.1 P 口径),1.11303,t0+60s后中位,-129.094,-129.094,-129.094,170.313,162.609,170.313,1051.71,,,,False,3.21382,-0.0351534,-79.3702,-0.904687,-3.21382,-29.6137,-70.8321,-1.60874,-2.12239,RT1,13.6,restep,显示域,iir_ema_tau0.1,iir_ema,internal_input,True,0,13.6
0.293394,16.7018,16.4084,16.7018,t_on+4.6~5.4s中位(=08-v6.1 P 口径),19.765,t0+60s后中位,-4.7369,-6.39529,-4.7369,99.1777,99.1777,99.1777,-23.4054,,,135.35,True,3.05843,0.844846,-7.21757,1.47035,-3.05843,95.2631,0.822276,-0.77725,-16.2735,RT2,12.32,onset,显示域,iir_ema_tau0.1,iir_ema,internal_input,True,0,12.32
20.8348,22.0143,1.17942,22.0143,t_on+4.6~5.4s中位(=08-v6.1 P 口径),0.329579,t0+60s后中位,-479.816,-479.816,-479.816,1866.54,633.888,1866.54,1358.78,,,,False,6.12734,0.731334,-51.3934,0,-6.12734,-379.811,-1766.53,-5.65905,-22.0143,RT2,147.11,restep,显示域,iir_ema_tau0.1,iir_ema,internal_input,True,0,147.11
0.0434518,16.5437,16.5003,16.548,t_on+4.6~5.4s中位(=08-v6.1 P 口径),20.5386,t0+60s后中位,8.76006,1.08538,8.76006,99.9136,99.9136,99.9136,-15.4251,,,,False,1.7168,0.958593,0.998996,1.7168,-1.00377,108.786,0.112519,1.44543,-16.486,RT3,10.59,onset,显示域,iir_ema_tau0.1,iir_ema,internal_input,True,0,10.59
2.05658e-38,15.2814,15.2814,15.2814,t_on+4.6~5.4s中位(=08-v6.1 P 口径),17.8095,t0+60s后中位,9.337,1.28371,9.337,100,100,100,-7.20714,,,,False,1.71071,0.981605,1.28371,1.71071,-0.607933,109.337,-1.34575e-37,1.42682,-15.2814,LT1,11.69,onset,显示域,iir_ema_tau0.1,iir_ema,internal_input,True,0,11.69
0,16.1001,16.1001,16.1001,t_on+4.6~5.4s中位(=08-v6.1 P 口径),18.0032,t0+60s后中位,3.50342,0.641166,3.50342,95.1438,95.1438,95.1438,-8.31671,0.48,0.48,0.48,False,1.81355,0.962125,-4.23354,1.81355,-0.939772,103.503,4.85615,0.564054,-15.3183,LT2,14.92,onset,显示域,iir_ema_tau0.1,iir_ema,internal_input,True,0,14.92
0,17.4995,17.4995,17.4995,t_on+4.6~5.4s中位(=08-v6.1 P 口径),18.857,t0+60s后中位,2.06772,-0.0360642,2.06772,96.8376,96.8376,96.8376,-5.68961,0.51,0.51,0.51,False,1.8816,0.966315,-3.19848,1.8816,-0.8005,102.068,3.16241,0.361841,-16.9461,LT3,10.87,onset,显示域,iir_ema_tau0.1,iir_ema,internal_input,True,0,10.87
0.0671172,13.373,13.3059,13.373,t_on+4.6~5.4s中位(=08-v6.1 P 口径),5.34165,t0+60s后中位,-2.0589,-4.17758,-2.0589,96.8109,96.8109,96.8109,58.3005,0.62,0.62,0.62,False,2.52095,0.85503,-7.36668,1.39505,-2.52095,97.9411,3.1891,-0.273955,-12.8815,F41,10.94,onset,显示域,iir_ema_tau0.1,iir_ema,internal_input,True,0,10.94
9.85141,13.5406,3.68918,13.5406,t_on+4.6~5.4s中位(=08-v6.1 P 口径),0.0818293,t0+60s后中位,-11.9684,-17.2811,-11.9684,21.5952,19.6099,21.5952,352.849,,,,False,2.53404,0.0324258,-100,0.987943,-2.53404,88.0316,78.4048,-0.441536,-0.796685,F41,12.19,restep,显示域,iir_ema_tau0.1,iir_ema,internal_input,True,0,12.19
0.0646812,14.7003,14.6357,14.7003,t_on+4.6~5.4s中位(=08-v6.1 P 口径),16.1755,t0+60s后中位,-4.87879,-5.66748,-4.87879,99.3028,99.3028,99.3028,-14.9581,62.33,62.33,62.33,False,2.44708,0.865621,-6.36471,1.40246,-2.44708,95.1212,0.69723,-0.714043,-14.5336,F42,11.03,onset,显示域,iir_ema_tau0.1,iir_ema,internal_input,True,0,11.03
0.0682692,15.3068,15.2386,15.3068,t_on+4.6~5.4s中位(=08-v6.1 P 口径),16.9816,t0+60s后中位,1.26598,-1.1494,1.26598,97.4077,97.4077,97.4077,-9.72468,0.53,0.53,0.53,False,1.5222,0.933442,-3.74168,1.5222,-1.34613,101.266,2.59228,0.192917,-14.8435,F43,11,onset,显示域,iir_ema_tau0.1,iir_ema,internal_input,True,0,11
76.0112,4232.23,4156.22,4232.23,t_on+4.6~5.4s中位(=08-v6.1 P 口径),22193.8,t0+60s后中位,170.285,7.01032,170.285,93.0544,93.0544,93.0544,-261.878,,,,False,677.811,0.994754,-12.6298,593.674,-677.811,270.285,6.94561,7077.41,-3867.55,SW1,10.84,onset,ADC域,iir_ema_tau0.1,iir_ema,internal_input,True,0,10.84
4817.7,11598.4,6780.72,11598.4,t_on+4.6~5.4s中位(=08-v6.1 P 口径),25304.8,t0+60s后中位,-4.25879,-5.29076,-4.25879,40.05,40.05,40.05,-206.396,,,189.97,True,929.107,0.736429,-65.4824,390.411,-929.107,95.7412,59.95,-288.777,-2715.68,SW1,28.63,onset,ADC域,iir_ema_tau0.1,iir_ema,internal_input,True,0,28.63
12294,15926.6,3632.56,15926.6,t_on+4.6~5.4s中位(=08-v6.1 P 口径),25556.9,t0+60s后中位,-8.85021,-14.3349,-8.85021,305.063,305.063,305.063,-273.96,,,,False,3849.94,0.563229,-283.396,-131.537,-3849.94,91.1498,-205.063,-321.489,-11081.6,SW1,71.67,restep,ADC域,iir_ema_tau0.1,iir_ema,internal_input,True,0,71.67
5452.92,18074.8,12621.9,18074.8,t_on+4.6~5.4s中位(=08-v6.1 P 口径),25604.2,t0+60s后中位,-19.567,-19.567,-19.567,89.6889,89.6889,89.6889,-79.2199,,,,False,3904.75,0.66433,-41.7437,-131.537,-3904.75,80.433,10.3111,-2469.73,-11320.5,SW1,75.89,onset,ADC域,iir_ema_tau0.1,iir_ema,internal_input,True,0,75.89
19385.1,25843.9,6458.77,25843.9,t_on+4.6~5.4s中位(=08-v6.1 P 口径),22079,t0+60s后中位,11.1633,-61.8944,11.1633,400.136,160.578,400.136,69.454,,,,False,4821.24,0.798261,-10.0083,912.65,-4821.24,111.163,-300.136,721.01,-25843.9,SW1,110.45,restep,ADC域,iir_ema_tau0.1,iir_ema,internal_input,True,0,110.45
60.8449,27163.2,27102.4,27163.5,t_on+4.6~5.4s中位(=08-v6.1 P 口径),20126.5,t0+60s后中位,-0.965917,-2.98319,-0.965917,99.9741,99.9741,99.9741,24.9986,0.71,0.71,0.71,False,912.65,0.971341,-3.00908,912.65,-872.323,99.0351,0.0268486,-261.787,-27095.4,SW1,133.83,onset,ADC域,iir_ema_tau0.1,iir_ema,internal_input,True,0,133.83
51.5473,25240.7,25189.2,25240.7,t_on+4.6~5.4s中位(=08-v6.1 P 口径),62.5064,t0+60s后中位,7.95539,7.39589,7.95539,99.9667,99.9667,99.9667,107.912,,,,False,2991.14,1.02434,7.36261,2991.14,-9.96232,107.955,0.0332804,2003.89,-25180.8,SW1,185.97,onset,ADC域,iir_ema_tau0.1,iir_ema,internal_input,True,0,185.97
5759.87,11834.3,6074.44,11834.3,t_on+4.6~5.4s中位(=08-v6.1 P 口径),22079,后1/3段中位(不足60s),165.684,-6.49138,165.684,132.91,90.1977,132.91,-2.96836,,,,False,4503.74,0.684954,-16.6124,612.913,-4503.74,265.684,-32.9097,10064.4,-8073.52,SW1,217.74,restep,ADC域,iir_ema_tau0.1,iir_ema,internal_input,True,0,217.74
12107.2,19838.2,7731,19838.2,t_on+4.6~5.4s中位(=08-v6.1 P 口径),22079,后1/3段中位(不足60s),31.209,-22.7322,31.209,256.605,207.96,256.605,2.2239,,,,False,4503.74,0.965039,-168.328,0,-4503.74,131.209,-156.605,2412.77,-19838.2,SW1,230.64,restep,ADC域,iir_ema_tau0.1,iir_ema,internal_input,True,0,230.64
5220.11,20230.3,15010.1,20230.3,t_on+4.6~5.4s中位(=08-v6.1 P 口径),22079,后1/3段中位(不足60s),13.4621,-14.3204,13.4621,134.777,109.722,134.777,1.14542,,,,False,4503.74,0.97992,-4.80089,0,-4503.74,113.462,-34.7772,2020.68,-20230.3,SW1,233.05,onset,ADC域,iir_ema_tau0.1,iir_ema,internal_input,True,0,233.05
20408.1,25656.1,5247.94,25656.1,t_on+4.6~5.4s中位(=08-v6.1 P 口径),22079,后1/3段中位(不足60s),-64.8853,-81.992,-64.8853,488.879,169.293,488.879,3.27614,,,,False,4385.99,0.81681,-12.8112,0,-4385.99,35.1147,-388.879,-3405.14,-25656.1,SW1,240.72,restep,ADC域,iir_ema_tau0.1,iir_ema,internal_input,True,0,240.72
62.315,14443.5,14381.2,14443.5,t_on+4.6~5.4s中位(=08-v6.1 P 口径),24102.1,后1/3段中位(不足60s),46.9634,1.5773,46.9634,100.433,90.075,100.433,-20.1978,,,,False,1606.9,1.06079,-8.34765,1606.9,-1068.79,146.963,-0.432829,6753.9,-14443.4,SW2,11.79,onset,ADC域,iir_ema_tau0.1,iir_ema,internal_input,True,0,11.79
13362.6,14851.9,1489.31,14850.8,t_on+4.6~5.4s中位(=08-v6.1 P 口径),24102.1,后1/3段中位(不足60s),441.409,11.6006,441.409,997.152,12.3709,997.152,-179.771,,,,False,1068.79,1.02476,-100,748.064,-1068.79,541.335,-897.226,6573.96,-14850.7,SW2,13.7,restep,ADC域,iir_ema_tau0.1,iir_ema,internal_input,True,0,13.7
14787.8,15393.9,606.095,15393.9,t_on+4.6~5.4s中位(=08-v6.1 P 口径),24102.1,后1/3段中位(不足60s),1115.75,8.71962,1115.75,2539.84,120.007,2539.84,-321.015,,,,False,1068.79,0.953176,-100,748.064,-1068.79,1215.75,-2439.84,6762.53,-15393.8,SW2,14.86,restep,ADC域,iir_ema_tau0.1,iir_ema,internal_input,True,0,14.86
16012.2,14606,-1406.2,14606,t_on+4.6~5.4s中位(=08-v6.1 P 口径),24102.1,后1/3段中位(不足60s),1038.68,1038.68,1038.68,799.363,-8.0397,799.363,1713.98,,,,False,2526.77,0.935998,901.125,2526.77,-1063.72,699.363,-1138.68,11240.7,-14606,SW2,31.22,restep,ADC域,iir_ema_tau0.1,iir_ema,internal_input,True,0,31.22
37.6017,21643,21605.4,21641.6,t_on+4.6~5.4s中位(=08-v6.1 P 口径),24102.1,后1/3段中位(不足60s),19.6289,-2.7032,19.6289,100.153,96.0128,100.153,8.2404,,,0.66,True,2526.77,1,-6.6918,2526.77,-590.999,119.622,-0.159247,4240.9,-21638.4,SW2,35.96,onset,ADC域,iir_ema_tau0.1,iir_ema,internal_input,True,0,35.96
38.206,25208.1,25169.9,25208.1,t_on+4.6~5.4s中位(=08-v6.1 P 口径),24102.1,后1/3段中位(不足60s),3.25099,2.53707,3.25099,99.1754,99.1754,99.1754,7.64525,,,0.48,True,2526.77,1.0041,1.71247,2526.77,-76.1283,103.251,0.824597,818.27,-24962.4,SW2,57.3,onset,ADC域,iir_ema_tau0.1,iir_ema,internal_input,True,0,57.3
69.7533,17640.7,17571,17640.7,t_on+4.6~5.4s中位(=08-v6.1 P 口径),27302,后1/3段中位(不足60s),49.7504,-13.4494,49.7504,100.397,82.6866,100.397,-5.23376,,,,False,6081.84,4.3489,-31.1223,2072.37,-6081.84,149.75,-0.396981,8741.63,-17640.7,SW3,10.92,onset,ADC域,iir_ema_tau0.1,iir_ema,internal_input,True,0,10.92
18545.8,25579.9,7034.07,25579.9,t_on+4.6~5.4s中位(=08-v6.1 P 口径),27302,后1/3段中位(不足60s),22.2169,-71.1436,22.2169,363.657,143.644,363.657,-2.26482,,,,False,6081.84,1.63356,-29.893,2072.37,-6081.84,122.217,-263.657,1562.75,-25579.9,SW3,20.72,restep,ADC域,iir_ema_tau0.1,iir_ema,internal_input,True,0,20.72
55.8465,26601.4,26545.5,26601.4,t_on+4.6~5.4s中位(=08-v6.1 P 口径),27302,后1/3段中位(不足60s),2.98339,-0.811578,2.98339,100.198,96.3607,100.198,0.344125,,,0.54,True,2072.37,0.987182,-4.46431,2072.37,-369.706,102.983,-0.197824,791.957,-26598,SW3,39.08,onset,ADC域,iir_ema_tau0.1,iir_ema,internal_input,True,0,39.08
27715.5,53.4576,-27662.1,53.4576,段末帧(退化),27302,后1/3段中位(不足60s),0.181203,0.181203,0.181203,98.7709,98.7709,98.7709,98.6862,,,,False,366.664,0.986758,-1.23053,0,-366.664,-1.22911,-100.181,27322.1,-50.1244,SW3,60.78,restep,ADC域,iir_ema_tau0.1,iir_ema,internal_input,True,0,60.78
83.9944,15427,15343,15427,t_on+4.6~5.4s中位(=08-v6.1 P 口径),23809.5,t0+60s后中位,41.2291,-9.95665,41.2291,89.4439,89.4439,89.4439,-13.4047,,,,False,3270.34,0.884595,-20.6089,711.403,-3270.34,141.229,10.5561,6325.78,-13723.4,SW4,8.41,onset,ADC域,iir_ema_tau0.1,iir_ema,internal_input,True,0,8.41
16063.5,22492.4,6428.93,22492.4,t_on+4.6~5.4s中位(=08-v6.1 P 口径),27877.2,t0+60s后中位,-11.5045,-40.5401,-11.5045,132.054,132.054,132.054,-95.2629,,,,False,3634.56,0.867733,-8.53149,0,-3634.56,88.4955,-32.0537,-739.615,-8489.65,SW4,18.68,restep,ADC域,iir_ema_tau0.1,iir_ema,internal_input,True,0,18.68
22919.1,24090.2,1171.03,24090.2,t_on+4.6~5.4s中位(=08-v6.1 P 口径),28251.8,t0+60s后中位,-199.602,-230.119,-199.602,652.511,652.511,652.511,-554.984,,,,False,3634.56,-0.184452,-173.249,-2377.02,-3634.56,-99.6022,-552.511,-2337.4,-7641.09,SW4,26.57,restep,ADC域,iir_ema_tau0.1,iir_ema,internal_input,True,0,26.57
20051,24129.4,4078.34,24129.4,t_on+4.6~5.4s中位(=08-v6.1 P 口径),28275.7,t0+60s后中位,-58.2739,-67.0364,-58.2739,184.408,184.408,184.408,-159.94,,,,False,3634.56,0.583047,17.2713,-2377.02,-3634.56,41.7261,-84.4081,-2376.61,-7520.8,SW4,27.6,restep,ADC域,iir_ema_tau0.1,iir_ema,internal_input,True,0,27.6
20983,24428.3,3445.34,24428.3,t_on+4.6~5.4s中位(=08-v6.1 P 口径),27968.9,后1/3段中位(不足60s),71.3749,-104.39,71.3749,709.024,153.667,709.024,-31.3896,,,,False,4192.54,0.840128,-70.0444,782.941,-4192.54,171.375,-609.024,2459.11,-24428.3,SW4,61.37,restep,ADC域,iir_ema_tau0.1,iir_ema,internal_input,True,0,61.37
75.2027,27889.1,27813.9,27889.1,t_on+4.6~5.4s中位(=08-v6.1 P 口径),27968.9,后1/3段中位(不足60s),13.3737,-3.60141,13.3737,100.269,65.2994,100.269,13.0868,,,0.54,True,1102.42,0.964298,-38.302,782.941,-1102.42,113.374,-0.269444,3719.74,-27888.8,SW4,88,onset,ADC域,iir_ema_tau0.1,iir_ema,internal_input,True,0,88
28344,30566.8,2222.79,30566.8,t_on+4.6~5.4s中位(=08-v6.1 P 口径),27968.9,后1/3段中位(不足60s),46.8816,24.9643,46.8816,1375.14,81.7289,1375.14,163.756,,,,False,959.024,0.982617,-72.2547,147.258,-959.024,146.882,-1275.14,1042.08,-30566.5,SW4,99.36,restep,ADC域,iir_ema_tau0.1,iir_ema,internal_input,True,0,99.36
29445.5,32145.8,2700.27,32144.1,t_on+4.6~5.4s中位(=08-v6.1 P 口径),27968.9,后1/3段中位(不足60s),-19.8217,-28.87,-19.8217,1190.39,106.751,1190.39,134.8,,,,False,959.024,0.978493,-26.8131,0,-959.024,80.1167,-1090.45,-535.239,-32143.8,SW4,104.24,restep,ADC域,iir_ema_tau0.1,iir_ema,internal_input,True,0,104.24
0.567506,14.683,14.1155,14.683,t_on+4.6~5.4s中位(=08-v6.1 P 口径),13.9254,t0+60s后中位,-13.3012,-15.5861,-13.3012,98.7352,98.7352,98.7352,-7.9335,,,,False,4.24451,0.750084,-16.8509,0.0520936,-4.24451,86.6988,1.26478,-1.87754,-13.937,RT1,8.27,onset,显示域,iir_ema_tau0.3,iir_ema,internal_input,True,0,8.27
14.5145,15.8284,1.31389,15.8284,t_on+4.6~5.4s中位(=08-v6.1 P 口径),1.12492,t0+60s后中位,-230.071,-230.071,-230.071,261.052,253.094,261.052,889.009,,,,False,4.52947,-0.0308309,-76.9963,-2.20548,-4.52947,-130.071,-161.052,-3.02288,-3.42993,RT1,13.6,restep,显示域,iir_ema_tau0.3,iir_ema,internal_input,True,0,13.6
0.295414,16.6259,16.3305,16.6259,t_on+4.6~5.4s中位(=08-v6.1 P 口径),19.7626,t0+60s后中位,-15.4043,-16.957,-15.4043,99.6658,99.6658,99.6658,-34.6124,,,,False,4.82867,0.748346,-17.4751,0.0881914,-4.82867,84.5957,0.334158,-2.51559,-16.2759,RT2,12.32,onset,显示域,iir_ema_tau0.3,iir_ema,internal_input,True,0,12.32
20.8274,22.0033,1.17594,22.0035,t_on+4.6~5.4s中位(=08-v6.1 P 口径),0.329738,t0+60s后中位,-637.981,-637.981,-637.981,1860.21,749.512,1860.21,1205.12,,,,False,8.0387,0.644419,-69.9923,0,-8.0387,-537.964,-1760.2,-7.5023,-21.8751,RT2,147.11,restep,显示域,iir_ema_tau0.3,iir_ema,internal_input,True,0,147.11
0.0437681,16.5453,16.5015,16.5477,t_on+4.6~5.4s中位(=08-v6.1 P 口径),20.5366,t0+60s后中位,-6.26396,-12.2137,-6.26396,99.9717,99.9717,99.9717,-30.4368,,,,False,3.37143,0.829576,-12.4082,0.110295,-3.37143,93.7512,0.0434599,-1.03365,-16.4968,RT3,10.59,onset,显示域,iir_ema_tau0.3,iir_ema,internal_input,True,0,10.59
3.81512e-14,15.2545,15.2545,15.2545,t_on+4.6~5.4s中位(=08-v6.1 P 口径),17.8108,t0+60s后中位,-7.38223,-12.5073,-7.38223,100,100,100,-24.1405,,,,False,3.17126,0.827553,-12.6658,0.131613,-3.17126,92.6178,-2.41325e-13,-1.12612,-15.2545,LT1,11.69,onset,显示域,iir_ema_tau0.3,iir_ema,internal_input,True,0,11.69
0,16.0682,16.0682,16.0682,t_on+4.6~5.4s中位(=08-v6.1 P 口径),18.0009,t0+60s后中位,-11.4827,-13.0173,-11.4827,98.2694,98.2694,98.2694,-23.5112,,,,False,3.34032,0.821638,-14.7541,0.0847111,-3.34032,88.5173,1.73055,-1.84507,-15.7901,LT2,14.92,onset,显示域,iir_ema_tau0.3,iir_ema,internal_input,True,0,14.92
0,17.4561,17.4561,17.4561,t_on+4.6~5.4s中位(=08-v6.1 P 口径),18.8509,t0+60s后中位,-12.2704,-13.199,-12.2704,98.9078,98.9078,98.9078,-20.261,,,,False,3.33171,0.829008,-14.2912,0.130911,-3.33171,87.7296,1.09217,-2.14193,-17.2654,LT3,10.87,onset,显示域,iir_ema_tau0.3,iir_ema,internal_input,True,0,10.87
0.0678929,13.348,13.2801,13.348,t_on+4.6~5.4s中位(=08-v6.1 P 口径),11.3038,t0+60s后中位,-14.7928,-16.8898,-14.7928,98.8862,98.8862,98.8862,0.599915,,,,False,4.23114,0.747889,-18.16,0.0544278,-4.23114,85.2072,1.11382,-1.96449,-13.1321,F41,10.94,onset,显示域,iir_ema_tau0.3,iir_ema,internal_input,True,0,10.94
6.03523,13.5048,7.4696,13.5048,t_on+4.6~5.4s中位(=08-v6.1 P 口径),1.40768,t0+60s后中位,-28.4,-31.1292,-28.4,32.7648,32.1283,32.7648,133.552,,,,False,4.24754,0.0487516,-100,-0.397259,-4.24754,71.6,67.2352,-2.12137,-2.4474,F41,12.19,restep,显示域,iir_ema_tau0.3,iir_ema,internal_input,True,0,12.19
0.0654335,14.5699,14.5045,14.5699,t_on+4.6~5.4s中位(=08-v6.1 P 口径),16.6221,t0+60s后中位,-15.7208,-16.5181,-15.7208,99.7549,99.7549,99.7549,-29.8691,,,,False,4.20001,0.758608,-16.9476,0.0711877,-4.20001,84.2792,0.245094,-2.28022,-14.4689,F42,11.03,onset,显示域,iir_ema_tau0.3,iir_ema,internal_input,True,0,11.03
0.0681496,15.2807,15.2126,15.2807,t_on+4.6~5.4s中位(=08-v6.1 P 口径),16.9797,t0+60s后中位,-12.9612,-14.0053,-12.9612,99.089,99.089,99.089,-24.1295,,,,False,3.4059,0.807106,-14.9162,0.0580072,-3.4059,87.0388,0.910978,-1.97173,-15.074,F43,11,onset,显示域,iir_ema_tau0.3,iir_ema,internal_input,True,0,11
76.051,4218.06,4142.01,4218.06,t_on+4.6~5.4s中位(=08-v6.1 P 口径),22177.7,t0+60s后中位,135.464,-7.78689,135.464,97.3869,97.3869,97.3869,-298.134,,,,False,2277.3,0.871166,-22.3641,32.1811,-2277.3,235.464,2.61315,5610.95,-4033.77,SW1,10.84,onset,ADC域,iir_ema_tau0.3,iir_ema,internal_input,True,0,10.84
4808,11587.9,6779.86,11587.9,t_on+4.6~5.4s中位(=08-v6.1 P 口径),25212.7,t0+60s后中位,-25.9422,-25.9422,-25.9422,73.92,73.92,73.92,-226.902,,,,False,2585.72,0.543131,-54.5908,0,-2585.72,74.0578,26.08,-1758.84,-5011.67,SW1,28.63,onset,ADC域,iir_ema_tau0.3,iir_ema,internal_input,True,0,28.63
12289.6,14132.2,1842.58,14132.2,t_on+4.6~5.4s中位(=08-v6.1 P 口径),25472.4,t0+60s后中位,-65.4941,-66.1973,-65.4941,561.514,561.514,561.514,-680.95,,,,False,6547.51,0.395763,-426.876,-654.613,-6547.51,34.5059,-461.514,-1206.78,-10346.3,SW1,71.67,restep,ADC域,iir_ema_tau0.3,iir_ema,internal_input,True,0,71.67
5436.39,18053.1,12616.7,18053.1,t_on+4.6~5.4s中位(=08-v6.1 P 口径),25579.9,t0+60s后中位,-40.6423,-40.6423,-40.6423,95.9586,95.9586,95.9586,-100.3,,,35.47,True,6599.51,0.518979,-47.0103,-656.793,-6599.51,59.3577,4.04143,-5127.72,-12106.8,SW1,75.89,onset,ADC域,iir_ema_tau0.3,iir_ema,internal_input,True,0,75.89
19382.9,25838.1,6455.26,25838.1,t_on+4.6~5.4s中位(=08-v6.1 P 口径),22081.7,t0+60s后中位,-21.1402,-122.396,-21.1402,399.333,201.241,399.333,37.0517,,,,False,8448.13,0.684702,-23.3632,25.9294,-8448.13,78.8598,-299.333,-1364.66,-25778,SW1,110.45,restep,ADC域,iir_ema_tau0.3,iir_ema,internal_input,True,0,110.45
61.7715,27148.4,27086.6,27148.7,t_on+4.6~5.4s中位(=08-v6.1 P 口径),20122.7,t0+60s后中位,-8.82479,-10.8316,-8.82479,99.9901,99.9901,99.9901,17.1144,,,,False,3013.37,0.894685,-11.0789,25.9294,-3013.37,91.1764,0.0111779,-2390.34,-27083.9,SW1,133.83,onset,ADC域,iir_ema_tau0.3,iir_ema,internal_input,True,0,133.83
55.3711,25217.3,25161.9,25217.3,t_on+4.6~5.4s中位(=08-v6.1 P 口径),516.336,t0+60s后中位,-4.88255,-7.73728,-4.88255,99.9961,99.9961,99.9961,93.2855,,,,False,2235.24,0.924677,-7.88942,147.82,-2235.24,95.1174,0.00386061,-1228.54,-25161,SW1,185.97,onset,ADC域,iir_ema_tau0.3,iir_ema,internal_input,True,0,185.97
5747.66,11817,6069.38,11817,t_on+4.6~5.4s中位(=08-v6.1 P 口径),22081,后1/3段中位(不足60s),178.637,-32.4481,178.637,132.897,102.472,132.897,9.52672,,,,False,3378.71,0.846892,-30.516,0,-3378.71,278.637,-32.8966,10842.2,-8065.99,SW1,217.74,restep,ADC域,iir_ema_tau0.3,iir_ema,internal_input,True,0,217.74
12096.2,19763.9,7667.65,19763.9,t_on+4.6~5.4s中位(=08-v6.1 P 口径),22081,后1/3段中位(不足60s),37.7599,-25.9325,37.7599,257.757,208.836,257.757,7.54093,,,,False,3378.71,0.912789,-174.98,0,-3378.71,137.76,-157.757,2895.3,-19763.9,SW1,230.64,restep,ADC域,iir_ema_tau0.3,iir_ema,internal_input,True,0,230.64
5286.14,20199,14912.8,20199,t_on+4.6~5.4s中位(=08-v6.1 P 口径),22081,后1/3段中位(不足60s),16.4974,-16.251,16.4974,135.447,110.294,135.447,3.87729,,,,False,3378.71,0.851139,-16.7993,0,-3378.71,116.497,-35.447,2460.23,-20199,SW1,233.05,onset,ADC域,iir_ema_tau0.3,iir_ema,internal_input,True,0,233.05
20394.5,25640.4,5245.94,25640.4,t_on+4.6~5.4s中位(=08-v6.1 P 口径),22081,后1/3段中位(不足60s),-56.8299,-64.2068,-56.8299,488.768,145.299,488.768,11.0221,,,,False,3378.71,0.878716,-19.7883,0,-3378.71,43.1701,-388.768,-2981.26,-25640.4,SW1,240.72,restep,ADC域,iir_ema_tau0.3,iir_ema,internal_input,True,0,240.72
62.4567,14424,14361.6,14424,t_on+4.6~5.4s中位(=08-v6.1 P 口径),23923.6,后1/3段中位(不足60s),34.68,-11.5963,34.68,100.435,96.3414,100.435,-31.466,,,,False,3409.33,-0.199504,-15.4265,57.9317,-3409.33,134.68,-0.434888,4980.6,-14424,SW2,11.79,onset,ADC域,iir_ema_tau0.3,iir_ema,internal_input,True,0,11.79
12559.9,14843.8,2283.88,14843.8,t_on+4.6~5.4s中位(=08-v6.1 P 口径),23923.6,后1/3段中位(不足60s),219.847,-83.7635,219.847,649.938,92.3803,649.938,-177.714,,,,False,3409.33,0.906438,-100,32.9173,-3409.33,319.847,-549.938,5021.04,-14843.8,SW2,13.7,restep,ADC域,iir_ema_tau0.3,iir_ema,internal_input,True,0,13.7
14400.2,15329.8,929.593,15329.8,t_on+4.6~5.4s中位(=08-v6.1 P 口径),23923.6,后1/3段中位(不足60s),587.239,-232.945,587.239,1649.09,279.246,1649.09,-337.232,,,,False,3409.33,0.82725,-100,32.9173,-3409.33,687.239,-1549.09,5458.93,-15329.8,SW2,14.86,restep,ADC域,iir_ema_tau0.3,iir_ema,internal_input,True,0,14.86
16010.9,8676.32,-7334.59,8676.32,t_on+4.6~5.4s中位(=08-v6.1 P 口径),23923.6,后1/3段中位(不足60s),118.293,118.293,118.293,189.121,52.1199,189.121,326.175,,,,False,3409.33,0.820531,70.3859,91.682,-3409.33,89.1205,-218.293,13871.2,-8676.32,SW2,31.22,restep,ADC域,iir_ema_tau0.3,iir_ema,internal_input,True,0,31.22
37.449,21629.2,21591.8,21629.2,t_on+4.6~5.4s中位(=08-v6.1 P 口径),23923.6,后1/3段中位(不足60s),8.16543,-10.3031,8.16543,100.042,98.5185,100.042,-2.46075,,,,False,4279.38,1,-11.7846,91.682,-4279.38,108.165,-0.0418915,1763.06,-21600.8,SW2,35.96,onset,ADC域,iir_ema_tau0.3,iir_ema,internal_input,True,0,35.96
38.4655,25178.3,25139.8,25178.3,t_on+4.6~5.4s中位(=08-v6.1 P 口径),23923.6,后1/3段中位(不足60s),-3.57179,-10.4646,-3.57179,99.6918,99.6918,99.6918,1.41904,,,,False,4279.38,0.93726,-10.9476,91.682,-4279.38,96.4282,0.308236,-897.943,-25062.4,SW2,57.3,onset,ADC域,iir_ema_tau0.3,iir_ema,internal_input,True,0,57.3
69.6699,17542.8,17473.1,17542.8,t_on+4.6~5.4s中位(=08-v6.1 P 口径),27280.8,后1/3段中位(不足60s),33.0961,-21.8351,33.0961,100.399,91.8206,100.399,-22.6352,,,,False,8007.25,0.243124,-30.3715,26.9167,-8007.25,133.096,-0.398726,5782.92,-17542.8,SW3,10.92,onset,ADC域,iir_ema_tau0.3,iir_ema,internal_input,True,0,10.92
18505.7,25479.3,6973.66,25479.3,t_on+4.6~5.4s中位(=08-v6.1 P 口径),27280.8,后1/3段中位(不足60s),-4.94902,-100.46,-4.94902,365.365,166.655,365.365,-30.7817,,,29.95,True,8007.25,1.46842,-34.4173,26.9167,-8007.25,95.051,-265.365,-345.127,-25479.3,SW3,20.72,restep,ADC域,iir_ema_tau0.3,iir_ema,internal_input,True,0,20.72
55.7002,26546.3,26490.6,26546.3,t_on+4.6~5.4s中位(=08-v6.1 P 口径),27280.8,后1/3段中位(不足60s),-4.82397,-12.1576,-4.82397,100.21,98.6614,100.21,-7.59644,,,,False,3446.92,0.909573,-13.4962,26.9167,-3446.92,95.176,-0.210264,-1277.9,-26546.3,SW3,39.08,onset,ADC域,iir_ema_tau0.3,iir_ema,internal_input,True,0,39.08
27705.9,53.7013,-27652.1,53.7013,段末帧(退化),27280.8,后1/3段中位(不足60s),0.194203,0.194203,0.194203,90.8729,90.8729,90.8729,98.657,,,,False,2538.69,0.908241,-8.97093,0,-2538.69,-9.12709,-100.194,25128.3,-53.7013,SW3,60.78,restep,ADC域,iir_ema_tau0.3,iir_ema,internal_input,True,0,60.78
83.9854,15387.6,15303.6,15387.6,t_on+4.6~5.4s中位(=08-v6.1 P 口径),20792.9,t0+60s后中位,28.5854,-18.1745,28.5854,95.7843,95.7843,95.7843,-6.73484,,,37.54,True,5330.05,0.807902,-22.4561,7.46183,-5330.05,128.585,4.21574,4374.6,-14658.4,SW4,8.41,onset,ADC域,iir_ema_tau0.3,iir_ema,internal_input,True,0,8.41
16024,22475.3,6451.33,22475.3,t_on+4.6~5.4s中位(=08-v6.1 P 口径),27854.3,t0+60s后中位,-42.0553,-65.9113,-42.0553,151.312,151.312,151.312,-125.434,,,,False,5647.27,0.770729,-15.1229,-3444.94,-5647.27,57.9447,-51.3118,-2713.12,-9761.62,SW4,18.68,restep,ADC域,iir_ema_tau0.3,iir_ema,internal_input,True,0,18.68
22914.1,24084.5,1170.35,24084.5,t_on+4.6~5.4s中位(=08-v6.1 P 口径),28233.9,t0+60s后中位,-369.317,-408.6,-369.317,767.833,767.833,767.833,-723.865,,,,False,5647.27,1.96749,-251.634,-4361.62,-5647.27,-269.317,-667.833,-4322.29,-8986.3,SW4,26.57,restep,ADC域,iir_ema_tau0.3,iir_ema,internal_input,True,0,26.57
21332.6,24123.4,2790.75,24123.4,t_on+4.6~5.4s中位(=08-v6.1 P 口径),28267.4,t0+60s后中位,-156.273,-172.747,-156.273,323.397,323.397,323.397,-304.765,,,,False,5647.27,0.424095,50.2875,-4361.62,-5647.27,-56.2731,-223.397,-4361.19,-9025.2,SW4,27.6,restep,ADC域,iir_ema_tau0.3,iir_ema,internal_input,True,0,27.6
20978.7,24423.8,3445.04,24423.8,t_on+4.6~5.4s中位(=08-v6.1 P 口径),27950.9,后1/3段中位(不足60s),9.99042,-134.341,9.99042,708.955,212.691,708.955,-92.3931,,,,False,5621.93,0.777536,-50.5988,0,-5621.93,109.99,-608.955,344.174,-24423.8,SW4,61.37,restep,ADC域,iir_ema_tau0.3,iir_ema,internal_input,True,0,61.37
77.1694,27864.1,27786.9,27864.1,t_on+4.6~5.4s中位(=08-v6.1 P 口径),27950.9,后1/3段中位(不足60s),8.65946,-11.0153,8.65946,100.022,83.2647,100.022,8.347,,,,False,3119.67,0.928743,-27.8778,0,-3119.67,108.659,-0.0219916,2406.2,-27793,SW4,88,onset,ADC域,iir_ema_tau0.3,iir_ema,internal_input,True,0,88
28331.4,30179,1847.64,30179,t_on+4.6~5.4s中位(=08-v6.1 P 口径),27950.9,后1/3段中位(不足60s),4.93897,-73.89,4.93897,1629.54,197.112,1629.54,125.532,,,,False,2385.33,0.92039,-15.9821,0,-2385.33,104.939,-1529.54,91.2543,-30108,SW4,99.36,restep,ADC域,iir_ema_tau0.3,iir_ema,internal_input,True,0,99.36
29436.6,32138.5,2701.91,32142.4,t_on+4.6~5.4s中位(=08-v6.1 P 口径),27950.9,后1/3段中位(不足60s),-69.2885,-70.9312,-69.2885,1186.99,150.648,1186.99,85.8419,,,,False,2262.64,0.943151,-28.449,0,-2262.64,30.8572,-1086.84,-1872.12,-32071.3,SW4,104.24,restep,ADC域,iir_ema_tau0.3,iir_ema,internal_input,True,0,104.24
0.57688,14.6364,14.0595,14.6364,t_on+4.6~5.4s中位(=08-v6.1 P 口径),16.0724,t0+60s后中位,-23.3593,-25.4747,-23.3593,99.3976,99.3976,99.3976,-33.5727,,,,False,5.64748,0.660331,-26.0806,0.0274546,-5.64748,76.6407,0.602417,-3.28421,-13.9748,RT1,8.27,onset,显示域,iir_ema_tau0.5,iir_ema,internal_input,True,0,8.27
14.4508,15.8234,1.37266,15.8234,t_on+4.6~5.4s中位(=08-v6.1 P 口径),1.12962,t0+60s后中位,-325.734,-325.734,-325.734,353.891,345.743,353.891,744.728,,,,False,5.93325,-0.0408222,-79.9921,-3.59827,-5.93325,-225.734,-253.891,-4.47122,-4.85772,RT1,13.6,restep,显示域,iir_ema_tau0.5,iir_ema,internal_input,True,0,13.6
0.287273,16.5462,16.2589,16.5462,t_on+4.6~5.4s中位(=08-v6.1 P 口径),19.7623,t0+60s后中位,-24.7617,-26.2049,-24.7617,99.7188,99.7188,99.7188,-44.542,,,,False,6.39801,0.662439,-26.7907,0.0325636,-6.39801,75.2383,0.281151,-4.02599,-16.2132,RT2,12.32,onset,显示域,iir_ema_tau0.5,iir_ema,internal_input,True,0,12.32
20.8001,21.9867,1.18659,21.987,t_on+4.6~5.4s中位(=08-v6.1 P 口径),0.328564,t0+60s后中位,-766.175,-766.175,-766.175,1845.07,851.526,1845.07,1059.09,,,,False,9.66705,0.5703,-82.128,0,-9.66705,-666.152,-1745.05,-9.09139,-21.8935,RT2,147.11,restep,显示域,iir_ema_tau0.5,iir_ema,internal_input,True,0,147.11
0.0432856,16.5227,16.4794,16.5227,t_on+4.6~5.4s中位(=08-v6.1 P 口径),20.5327,t0+60s后中位,-16.0314,-21.822,-16.0314,99.969,99.969,99.969,-40.3652,,,,False,4.96091,0.742758,-22.149,0.0375333,-4.96091,83.9686,0.0309632,-2.64188,-16.4743,RT3,10.59,onset,显示域,iir_ema_tau0.5,iir_ema,internal_input,True,0,10.59
2.04275e-09,15.2071,15.2071,15.2071,t_on+4.6~5.4s中位(=08-v6.1 P 口径),17.8143,t0+60s后中位,-16.9744,-21.7977,-16.9744,100,100,100,-34.119,,,,False,4.66445,0.738255,-22.0857,0.0399085,-4.66445,83.0256,-1.16331e-08,-2.58131,-15.2071,LT1,11.69,onset,显示域,iir_ema_tau0.5,iir_ema,internal_input,True,0,11.69
0,16.0347,16.0347,16.0347,t_on+4.6~5.4s中位(=08-v6.1 P 口径),17.998,t0+60s后中位,-20.9954,-22.3218,-20.9954,98.9454,98.9454,98.9454,-33.2398,,,,False,4.88458,0.731581,-23.3764,0.0332839,-4.88458,79.0046,1.05462,-3.36655,-15.8656,LT2,14.92,onset,显示域,iir_ema_tau0.5,iir_ema,internal_input,True,0,14.92
0,17.4133,17.4133,17.4133,t_on+4.6~5.4s中位(=08-v6.1 P 口径),18.8448,t0+60s后中位,-21.6472,-22.5946,-21.6472,99.3387,99.3387,99.3387,-29.8679,,,,False,5.04968,0.735804,-23.2558,0.0428166,-5.04968,78.3528,0.661286,-3.76949,-17.2982,LT3,10.87,onset,显示域,iir_ema_tau0.5,iir_ema,internal_input,True,0,10.87
0.0681603,13.3182,13.2501,13.3182,t_on+4.6~5.4s中位(=08-v6.1 P 口径),13.1262,t0+60s后中位,-23.6794,-25.9839,-23.6794,99.3185,99.3185,99.3185,-22.23,,,,False,5.43193,0.66946,-26.6654,0.030765,-5.43193,76.3206,0.681502,-3.13754,-13.1598,F41,10.94,onset,显示域,iir_ema_tau0.5,iir_ema,internal_input,True,0,10.94
4.21113,13.4758,9.26466,13.4758,t_on+4.6~5.4s中位(=08-v6.1 P 口径),3.7609,t0+60s后中位,-35.5663,-38.1397,-35.5663,39.1226,38.8621,39.1226,69.2933,,,,False,5.45907,0.0478568,-100,-0.764346,-5.45907,64.4337,60.8774,-3.2951,-3.62458,F41,12.19,restep,显示域,iir_ema_tau0.5,iir_ema,internal_input,True,0,12.19
0.065521,14.4567,14.3912,14.4567,t_on+4.6~5.4s中位(=08-v6.1 P 口径),16.6228,t0+60s后中位,-24.5447,-25.5235,-24.5447,99.85,99.85,99.85,-39.596,,,,False,5.58294,0.671191,-25.9794,0.0241491,-5.58294,75.4553,0.150024,-3.53227,-14.3696,F42,11.03,onset,显示域,iir_ema_tau0.5,iir_ema,internal_input,True,0,11.03
0.0679972,15.2366,15.1686,15.2366,t_on+4.6~5.4s中位(=08-v6.1 P 口径),16.9787,t0+60s后中位,-22.3554,-23.4621,-22.3554,99.4449,99.4449,99.4449,-33.8403,,,,False,4.89976,0.715658,-24.0172,0.0200792,-4.89976,77.6446,0.555143,-3.39099,-15.0844,F43,11,onset,显示域,iir_ema_tau0.5,iir_ema,internal_input,True,0,11
76.0651,4190.01,4113.94,4190.01,t_on+4.6~5.4s中位(=08-v6.1 P 口径),22164.9,t0+60s后中位,112.997,-16.7843,112.997,98.3836,98.3836,98.3836,-323.929,,,,False,3455.63,0.776683,-29.4887,8.75239,-3455.63,212.997,1.61635,4648.64,-4047.45,SW1,10.84,onset,ADC域,iir_ema_tau0.5,iir_ema,internal_input,True,0,10.84
4789.57,11570.4,6780.85,11570.4,t_on+4.6~5.4s中位(=08-v6.1 P 口径),25052.4,t0+60s后中位,-40.2866,-40.2866,-40.2866,92.1661,92.1661,92.1661,-239.112,,,,False,3743.27,0.39176,-61.223,0,-3743.27,59.7134,7.83393,-2731.77,-6249.64,SW1,28.63,onset,ADC域,iir_ema_tau0.5,iir_ema,internal_input,True,0,28.63
12287.9,12455.3,167.398,12455.3,t_on+4.6~5.4s中位(=08-v6.1 P 口径),25379.3,t0+60s后中位,-1523.18,-1737.83,-1523.18,5706.36,5706.36,5706.36,-9243.75,,,,False,10050.7,0.0244179,-3247.48,-2499.96,-10050.7,-1423.18,-5606.36,-2549.77,-9552.32,SW1,71.67,restep,ADC域,iir_ema_tau0.5,iir_ema,internal_input,True,0,71.67
5477.54,18018,12540.4,18018,t_on+4.6~5.4s中位(=08-v6.1 P 口径),25551.1,t0+60s后中位,-64.6904,-64.6904,-64.6904,113.239,113.239,113.239,-124.761,,,,False,10050.7,0.405943,-52.4319,-2518.1,-10050.7,35.3096,-13.2392,-8112.45,-14200.7,SW1,75.89,onset,ADC域,iir_ema_tau0.5,iir_ema,internal_input,True,0,75.89
19382.1,25831.7,6449.59,25831.7,t_on+4.6~5.4s中位(=08-v6.1 P 口径),22098.2,t0+60s后中位,-72.2947,-179.694,-72.2947,399.474,253.886,399.474,-14.4067,,,,False,12303.7,0.52628,-34.7183,16.21,-12303.7,27.7053,-299.474,-4662.71,-25764.4,SW1,110.45,restep,ADC域,iir_ema_tau0.5,iir_ema,internal_input,True,0,110.45
93.3623,27126.3,27033,27126.8,t_on+4.6~5.4s中位(=08-v6.1 P 口径),20103.7,t0+60s后中位,-21.4695,-22.0389,-21.4695,100.096,100.096,100.096,4.51005,,,,False,6445.58,0.770833,-22.3125,14.1983,-6445.58,78.5321,-0.0943926,-5803.83,-27058.9,SW1,133.83,onset,ADC域,iir_ema_tau0.5,iir_ema,internal_input,True,0,133.83
127.345,25186.9,25059.5,25186.9,t_on+4.6~5.4s中位(=08-v6.1 P 口径),2356.92,t0+60s后中位,-15.839,-17.6564,-15.839,100.246,100.246,100.246,75.2639,,,,False,4961.61,0.80861,-17.7016,54.8253,-4961.61,84.161,-0.246211,-3969.18,-25121.2,SW1,185.97,onset,ADC域,iir_ema_tau0.5,iir_ema,internal_input,True,0,185.97
5733.6,11800.6,6066.97,11800.6,t_on+4.6~5.4s中位(=08-v6.1 P 口径),22097.4,后1/3段中位(不足60s),48.1165,-74.3574,48.1165,167.359,131.645,167.359,-121.603,,,,False,11270,0.478649,-44.2668,-1951.13,-11270,148.117,-67.3593,2919.21,-10153.6,SW1,217.74,restep,ADC域,iir_ema_tau0.5,iir_ema,internal_input,True,0,217.74
12085.5,19517.6,7432.09,19517.6,t_on+4.6~5.4s中位(=08-v6.1 P 口径),22097.4,后1/3段中位(不足60s),-63.5909,-106.682,-63.5909,262.346,240.452,262.346,-98.3029,,,,False,11270,0.815764,-169.308,0,-11270,36.4091,-162.346,-4726.13,-19497.8,SW1,230.64,restep,ADC域,iir_ema_tau0.5,iir_ema,internal_input,True,0,230.64
5628.05,20171.6,14543.6,20171.6,t_on+4.6~5.4s中位(=08-v6.1 P 口径),22097.4,后1/3段中位(不足60s),-36.9934,-59.0139,-36.9934,138.562,124.118,138.562,-50.235,,,,False,11270,0.477099,-38.8305,0,-11270,63.0066,-38.5617,-5380.16,-20151.8,SW1,233.05,onset,ADC域,iir_ema_tau0.5,iir_ema,internal_input,True,0,233.05
20376.3,25625,5248.64,25625,t_on+4.6~5.4s中位(=08-v6.1 P 口径),22097.4,后1/3段中位(不足60s),-206.406,-212.883,-206.406,487.844,284.773,487.844,-139.197,,,,False,11270,0.52024,-29.3306,0,-11270,-106.406,-387.844,-10833.5,-25605.2,SW1,240.72,restep,ADC域,iir_ema_tau0.5,iir_ema,internal_input,True,0,240.72
62.2761,14417.4,14355.2,14417.4,t_on+4.6~5.4s中位(=08-v6.1 P 口径),23148.3,后1/3段中位(不足60s),18.216,-21.421,18.216,100.434,97.7555,100.434,-42.6041,,,,False,5275.69,0.161523,-23.9783,20.4987,-5275.69,118.216,-0.433823,2614.94,-14417.4,SW2,11.79,onset,ADC域,iir_ema_tau0.5,iir_ema,internal_input,True,0,11.79
10998.5,14819.8,3821.33,14819.8,t_on+4.6~5.4s中位(=08-v6.1 P 口径),23148.3,后1/3段中位(不足60s),82.496,-86.8325,82.496,387.819,92.1749,387.819,-135.45,,,,False,5275.69,0.828124,-100,13.5359,-5275.69,182.496,-287.819,3152.44,-14819.8,SW2,13.7,restep,ADC域,iir_ema_tau0.5,iir_ema,internal_input,True,0,13.7
13963.6,15241.3,1277.69,15241.3,t_on+4.6~5.4s中位(=08-v6.1 P 口径),23148.3,后1/3段中位(不足60s),280.301,-277.311,280.301,1192.88,308.662,1192.88,-338.551,,,,False,5275.69,0.742011,-100,13.5359,-5275.69,380.301,-1092.88,3581.38,-15241.3,SW2,14.86,restep,ADC域,iir_ema_tau0.5,iir_ema,internal_input,True,0,14.86
16007.2,6009.35,-9997.81,6009.35,t_on+4.6~5.4s中位(=08-v6.1 P 口径),23148.3,后1/3段中位(不足60s),60.1067,60.1067,60.1067,140.163,51.2003,140.163,231.533,,,,False,5275.69,0.796526,11.3058,26.0068,-5275.69,40.163,-160.107,14013.2,-6009.35,SW2,31.22,restep,ADC域,iir_ema_tau0.5,iir_ema,internal_input,True,0,31.22
46.7691,21605.4,21558.7,21605.4,t_on+4.6~5.4s中位(=08-v6.1 P 口径),23148.3,后1/3段中位(不足60s),-0.980405,-21.4176,-0.980405,100.207,99.1276,100.207,-8.13686,,,,False,5275.69,1,-22.2901,26.0068,-5275.69,99.0196,-0.206594,-211.362,-21603.2,SW2,35.96,onset,ADC域,iir_ema_tau0.5,iir_ema,internal_input,True,0,35.96
38.5357,25143,25104.5,25143,t_on+4.6~5.4s中位(=08-v6.1 P 口径),23148.3,后1/3段中位(不足60s),-14.6586,-20.3964,-14.6586,99.8108,99.8108,99.8108,-6.71293,,,,False,5121.04,0.827593,-20.894,26.0068,-5121.04,85.3414,0.189247,-3679.96,-25057,SW2,57.3,onset,ADC域,iir_ema_tau0.5,iir_ema,internal_input,True,0,57.3
69.5369,17443.6,17374.1,17443.6,t_on+4.6~5.4s中位(=08-v6.1 P 口径),27262.2,后1/3段中位(不足60s),18.1337,-34.0176,18.1337,100.4,94.6413,100.4,-38.3787,,,,False,10700.9,0.306727,-39.7361,11.4351,-10700.9,118.134,-0.400233,3150.57,-17443.6,SW3,10.92,onset,ADC域,iir_ema_tau0.5,iir_ema,internal_input,True,0,10.92
18462.1,25418,6955.94,25418,t_on+4.6~5.4s中位(=08-v6.1 P 口径),27262.2,后1/3段中位(不足60s),-54.2683,-138.157,-54.2683,365.415,197.686,365.415,-80.7796,,,,False,10700.9,1.66224,-42.6309,11.4351,-10700.9,45.7317,-265.415,-3774.87,-25418,SW3,20.72,restep,ADC域,iir_ema_tau0.5,iir_ema,internal_input,True,0,20.72
55.2098,26495.5,26440.3,26495.5,t_on+4.6~5.4s中位(=08-v6.1 P 口径),27262.2,后1/3段中位(不足60s),-18.2456,-22.3193,-18.2456,100.209,99.1774,100.209,-21.1453,,,,False,6279.12,0.774355,-23.1419,11.4351,-6279.12,81.7544,-0.20881,-4824.17,-26495.5,SW3,39.08,onset,ADC域,iir_ema_tau0.5,iir_ema,internal_input,True,0,39.08
27699,111.666,-27587.3,111.666,段末帧(退化),27262.2,后1/3段中位(不足60s),0.404774,0.404774,0.404774,77.3101,77.3101,77.3101,98.8214,,,,False,6279.12,0.772552,-22.5195,0,-6279.12,-22.6899,-100.405,21327.8,-111.666,SW3,60.78,restep,ADC域,iir_ema_tau0.5,iir_ema,internal_input,True,0,60.78
83.9874,15336.8,15252.8,15336.8,t_on+4.6~5.4s中位(=08-v6.1 P 口径),19405.3,t0+60s后中位,6.48252,-28.6,6.48252,97.3591,97.3591,97.3591,-20.1913,,,,False,11045,0.683936,-31.3102,3.12379,-11045,106.483,2.64085,988.768,-14850,SW4,8.41,onset,ADC域,iir_ema_tau0.5,iir_ema,internal_input,True,0,8.41
15993.2,22460.6,6467.37,22460.6,t_on+4.6~5.4s中位(=08-v6.1 P 口径),27827.4,t0+60s后中位,-94.8609,-100.972,-94.8609,184.687,175.733,184.687,-177.843,,,,False,11100.2,0.267927,-26.4806,-5038.64,-11100.2,5.13914,-84.6872,-6135,-11944.4,SW4,18.68,restep,ADC域,iir_ema_tau0.5,iir_ema,internal_input,True,0,18.68
22887,24075.7,1188.73,24075.7,t_on+4.6~5.4s中位(=08-v6.1 P 口径),28221.3,t0+60s后中位,-686.892,-686.892,-686.892,1140.68,917.75,1140.68,-1035.64,,,,False,11100.2,5.86202,-254.677,-6555.83,-11100.2,-586.892,-1040.68,-8165.27,-13559.5,SW4,26.57,restep,ADC域,iir_ema_tau0.5,iir_ema,internal_input,True,0,26.57
21819.6,24116.8,2297.2,24116.8,t_on+4.6~5.4s中位(=08-v6.1 P 口径),28255.6,t0+60s后中位,-357.232,-357.232,-357.232,592.05,476.693,592.05,-537.401,,,,False,11100.2,-2.15801,19.0586,-6555.83,-11100.2,-257.232,-492.05,-8206.32,-13600.6,SW4,27.6,restep,ADC域,iir_ema_tau0.5,iir_ema,internal_input,True,0,27.6
20975.7,24413.9,3438.23,24413.9,t_on+4.6~5.4s中位(=08-v6.1 P 口径),27930.1,后1/3段中位(不足60s),-81.499,-293.282,-81.499,709.253,371.813,709.253,-183.765,,,,False,11260.3,0.535719,-50.0005,17.213,-11260.3,18.501,-609.253,-2802.13,-24385.8,SW4,61.37,restep,ADC域,iir_ema_tau0.5,iir_ema,internal_input,True,0,61.37
79.4852,27832.7,27753.2,27832.7,t_on+4.6~5.4s中位(=08-v6.1 P 口径),27930.1,后1/3段中位(不足60s),-19.1686,-22.4151,-19.1686,99.9993,89.0513,99.9993,-19.5195,,,,False,13001.3,0.59896,-33.3639,7.30198,-13001.3,80.8314,0.000674094,-5319.92,-27753,SW4,88,onset,ADC域,iir_ema_tau0.5,iir_ema,internal_input,True,0,88
28317.5,29960.3,1642.88,29960.3,t_on+4.6~5.4s中位(=08-v6.1 P 口径),27930.1,后1/3段中位(不足60s),-453.322,-453.322,-453.322,1818.93,594.145,1818.93,-329.742,,,,False,13001.3,0.728943,-49.5575,7.30198,-13001.3,-353.322,-1718.93,-7447.55,-29882.9,SW4,99.36,restep,ADC域,iir_ema_tau0.5,iir_ema,internal_input,True,0,99.36
29429.9,32134.5,2704.67,32139.3,t_on+4.6~5.4s中位(=08-v6.1 P 口径),27930.1,后1/3段中位(不足60s),-391.357,-391.357,-391.357,1185.43,448.104,1185.43,-235.728,,,,False,13001.3,0.685223,-57.0154,7.30198,-13001.3,-291.179,-1085.25,-10584.9,-32061.9,SW4,104.24,restep,ADC域,iir_ema_tau0.5,iir_ema,internal_input,True,0,104.24
0.581777,14.4086,13.8268,14.4086,t_on+4.6~5.4s中位(=08-v6.1 P 口径),17.9267,t0+60s后中位,-43.3187,-45.5496,-43.3187,99.8034,99.8034,99.8034,-68.7627,,,,False,8.46308,0.477826,-45.7461,0.00962991,-8.46308,56.6813,0.196557,-5.98961,-13.7997,RT1,8.27,onset,显示域,iir_ema_tau1,iir_ema,internal_input,True,0,8.27
14.1295,15.782,1.65255,15.782,t_on+4.6~5.4s中位(=08-v6.1 P 口径),2.19787,t0+60s后中位,-445.554,-445.554,-445.554,465.557,461.665,465.557,376.456,,,,False,8.72714,-0.00211738,-84.9032,-6.3429,-8.72714,-345.554,-365.557,-7.36302,-7.69358,RT1,13.6,restep,显示域,iir_ema_tau1,iir_ema,internal_input,True,0,13.6
0.274014,16.2299,15.9559,16.2299,t_on+4.6~5.4s中位(=08-v6.1 P 口径),19.7624,t0+60s后中位,-44.2814,-45.7105,-44.2814,99.763,99.763,99.763,-66.4205,,,,False,9.68196,0.477612,-46.3126,0.0106694,-9.68196,55.7186,0.23698,-7.06551,-15.9181,RT2,12.32,onset,显示域,iir_ema_tau1,iir_ema,internal_input,True,0,12.32
20.7785,21.9318,1.15335,21.9322,t_on+4.6~5.4s中位(=08-v6.1 P 口径),0.328535,t0+60s后中位,-1055.52,-1055.83,-1055.52,1853.49,1126.56,1853.49,817.602,,,,False,12.5385,0.414993,-91.955,0,-12.5385,-955.488,-1753.45,-12.1739,-21.3772,RT2,147.11,restep,显示域,iir_ema_tau1,iir_ema,internal_input,True,0,147.11
0.0423779,16.3035,16.2611,16.3035,t_on+4.6~5.4s中位(=08-v6.1 P 口径),20.5317,t0+60s后中位,-37.1614,-42.5592,-37.1614,99.9784,99.9784,99.9784,-63.1635,,,,False,8.48828,0.549902,-42.9491,0.0122801,-8.48828,62.8386,0.0215537,-6.04284,-16.2576,RT3,10.59,onset,显示域,iir_ema_tau1,iir_ema,internal_input,True,0,10.59
5.27739e-06,14.9727,14.9727,14.9727,t_on+4.6~5.4s中位(=08-v6.1 P 口径),17.8105,t0+60s后中位,-37.559,-42.2718,-37.559,100,100,100,-56.5123,,,,False,7.89286,0.539937,-42.6353,0.0132868,-7.89286,62.441,-2.23451e-05,-5.62359,-14.9727,LT1,11.69,onset,显示域,iir_ema_tau1,iir_ema,internal_input,True,0,11.69
0,15.8275,15.8275,15.8275,t_on+4.6~5.4s中位(=08-v6.1 P 口径),17.992,t0+60s后中位,-41.9063,-42.9339,-41.9063,99.4603,99.4603,99.4603,-55.582,,,,False,8.32988,0.5273,-43.4736,0.0109453,-8.32988,58.0937,0.539704,-6.63273,-15.7421,LT2,14.92,onset,显示域,iir_ema_tau1,iir_ema,internal_input,True,0,14.92
0,17.1734,17.1734,17.1734,t_on+4.6~5.4s中位(=08-v6.1 P 口径),18.8327,t0+60s后中位,-42.2116,-43.0688,-42.2116,99.6631,99.6631,99.6631,-51.8736,,,,False,8.81366,0.532257,-43.4058,0.0144696,-8.81366,57.7884,0.336938,-7.24918,-17.1156,LT3,10.87,onset,显示域,iir_ema_tau1,iir_ema,internal_input,True,0,10.87
0.0681112,13.1166,13.0485,13.1166,t_on+4.6~5.4s中位(=08-v6.1 P 口径),14.6675,t0+60s后中位,-43.4363,-45.4419,-43.4363,99.6475,99.6475,99.6475,-55.3222,,,,False,8.00109,0.493028,-45.7944,0.0103589,-8.00109,56.5637,0.352524,-5.66777,-13.0025,F41,10.94,onset,显示域,iir_ema_tau1,iir_ema,internal_input,True,0,10.94
2.39322,13.3712,10.9779,13.3712,t_on+4.6~5.4s中位(=08-v6.1 P 口径),7.85104,t0+60s后中位,-53.9479,-55.5449,-53.9479,56.8098,56.3317,56.8098,-3.6641,,,,False,8.02843,0.0378537,-100,-1.02356,-8.02843,46.0521,43.1902,-5.92237,-6.23656,F41,12.19,restep,显示域,iir_ema_tau1,iir_ema,internal_input,True,0,12.19
0.0656878,14.147,14.0813,14.147,t_on+4.6~5.4s中位(=08-v6.1 P 口径),16.6212,t0+60s后中位,-43.687,-45.0879,-43.687,99.924,99.924,99.924,-61.258,,,,False,8.54392,0.482605,-45.5325,0.00852111,-8.54392,56.313,0.0759836,-6.15169,-14.0706,F42,11.03,onset,显示域,iir_ema_tau1,iir_ema,internal_input,True,0,11.03
0.0677756,14.9858,14.9181,14.9858,t_on+4.6~5.4s中位(=08-v6.1 P 口径),16.9775,t0+60s后中位,-42.6149,-43.7402,-42.6149,99.7141,99.7141,99.7141,-55.9657,,,,False,8.10223,0.518436,-44.0262,0.00708404,-8.10223,57.3851,0.28593,-6.35731,-14.8754,F43,11,onset,显示域,iir_ema_tau1,iir_ema,internal_input,True,0,11
75.9808,4063.75,3987.76,4063.75,t_on+4.6~5.4s中位(=08-v6.1 P 口径),22160,t0+60s后中位,68.4711,-35.0051,68.4711,99.1501,99.1501,99.1501,-385.322,,,,False,5845.18,0.602638,-46.6887,2.61185,-5845.18,168.471,0.849927,2730.47,-3953.87,SW1,10.84,onset,ADC域,iir_ema_tau1,iir_ema,internal_input,True,0,10.84
4756.56,11475.7,6719.13,11475.7,t_on+4.6~5.4s中位(=08-v6.1 P 口径),24272.9,t0+60s后中位,-69.6739,-69.6739,-69.6739,121.06,121.06,121.06,-260.133,,,,False,6085.44,0.411277,-54.5735,0,-6085.44,30.3261,-21.06,-4681.48,-8134.18,SW1,28.63,onset,ADC域,iir_ema_tau1,iir_ema,internal_input,True,0,28.63
12284.1,10073.9,-2210.27,10073.9,t_on+4.6~5.4s中位(=08-v6.1 P 口径),25145.2,t0+60s后中位,378.193,378.193,378.193,-57.2303,-128.38,-57.2303,1060.07,,,,False,10618.2,0.300392,62.3537,-2643.59,-10618.2,-157.23,-478.193,-1264.94,-8359.07,SW1,71.67,restep,ADC域,iir_ema_tau1,iir_ema,internal_input,True,0,71.67
5747.42,17791.7,12044.3,17791.7,t_on+4.6~5.4s中位(=08-v6.1 P 口径),25328.6,t0+60s后中位,-73.9825,-78.194,-73.9825,119.578,119.578,119.578,-136.559,,,,False,10618.2,0.399246,-63.7733,-2643.59,-10618.2,26.0175,-19.5782,-8910.68,-14402.4,SW1,75.89,onset,ADC域,iir_ema_tau1,iir_ema,internal_input,True,0,75.89
19374.1,25749.4,6375.3,25749.4,t_on+4.6~5.4s中位(=08-v6.1 P 口径),22148.2,t0+60s后中位,-163.545,-210.182,-163.545,397.598,263.097,397.598,-107.058,,,,False,14861.1,0.494035,-55.454,54.3939,-14861.1,-63.5447,-297.598,-10426.5,-25348.1,SW1,110.45,restep,ADC域,iir_ema_tau1,iir_ema,internal_input,True,0,110.45
987.185,26838.4,25851.3,26840.1,t_on+4.6~5.4s中位(=08-v6.1 P 口径),19860.2,t0+60s后中位,-44.5516,-44.5516,-44.5516,102.273,102.273,102.273,-17.5513,,,,False,12984.9,0.527774,-43.1267,54.3939,-12984.9,55.4548,-2.26622,-11517.2,-26438.8,SW1,133.83,onset,ADC域,iir_ema_tau1,iir_ema,internal_input,True,0,133.83
1530.77,24937.5,23406.7,24937.5,t_on+4.6~5.4s中位(=08-v6.1 P 口径),7760.03,t0+60s后中位,-40.445,-40.445,-40.445,103.995,103.995,103.995,32.9419,,,,False,10743,0.535259,-37.2259,95.6598,-10743,59.555,-3.99474,-9466.84,-24341.7,SW1,185.97,onset,ADC域,iir_ema_tau1,iir_ema,internal_input,True,0,185.97
5915.21,11686.7,5771.44,11686.7,t_on+4.6~5.4s中位(=08-v6.1 P 口径),22148.2,后1/3段中位(不足60s),54.6341,-89.2398,54.6341,173.949,136.43,173.949,-126.63,,,,False,12638.7,0.248264,-65.2352,-2009.5,-12638.7,154.634,-73.949,3153.17,-10039.4,SW1,217.74,restep,ADC域,iir_ema_tau1,iir_ema,internal_input,True,0,217.74
12062.2,17984,5921.8,17984,t_on+4.6~5.4s中位(=08-v6.1 P 口径),22148.2,后1/3段中位(不足60s),-51.3926,-157.434,-51.3926,301.745,275.874,301.745,-121.713,,,,False,12638.7,1.84245,-131.891,40.7105,-12638.7,48.6074,-201.745,-3043.37,-17868.7,SW1,230.64,restep,ADC域,iir_ema_tau1,iir_ema,internal_input,True,0,230.64
6892.53,19951.7,13059.2,19951.7,t_on+4.6~5.4s中位(=08-v6.1 P 口径),22148.2,后1/3段中位(不足60s),-38.3721,-82.146,-38.3721,151.897,140.165,151.897,-55.1917,,,,False,12638.7,0.197895,-56.6666,40.7105,-12638.7,61.6279,-51.8968,-5011.08,-19836.4,SW1,233.05,onset,ADC域,iir_ema_tau1,iir_ema,internal_input,True,0,233.05
20290.5,25539.7,5249.27,25539.7,t_on+4.6~5.4s中位(=08-v6.1 P 口径),22148.2,后1/3段中位(不足60s),-201.916,-208.515,-201.916,484.343,304.707,484.343,-137.306,,,,False,10944.9,0.464617,-50.6732,40.7105,-10944.9,-101.916,-384.343,-10599.1,-25424.5,SW1,240.72,restep,ADC域,iir_ema_tau1,iir_ema,internal_input,True,0,240.72
62.3857,14344.9,14282.5,14344.9,t_on+4.6~5.4s中位(=08-v6.1 P 口径),22584,后1/3段中位(不足60s),-11.1429,-35.1712,-11.1429,100.437,98.8537,100.437,-68.8292,,,,False,9422.77,0.28831,-44.3541,7.07664,-9422.77,88.8571,-0.436797,-1591.49,-14344.9,SW2,11.79,onset,ADC域,iir_ema_tau1,iir_ema,internal_input,True,0,11.79
7819.46,14731.1,6911.63,14731.1,t_on+4.6~5.4s中位(=08-v6.1 P 口径),22584,后1/3段中位(不足60s),-15.0151,-78.2666,-15.0151,213.135,94.8738,213.135,-128.634,,,,False,9422.77,0.788503,-100,1.16658,-9422.77,84.9849,-113.135,-1037.79,-14731.1,SW2,13.7,restep,ADC域,iir_ema_tau1,iir_ema,internal_input,True,0,13.7
12166.2,15071.5,2905.29,15071.5,t_on+4.6~5.4s中位(=08-v6.1 P 口径),22584,后1/3段中位(不足60s),-25.3403,-193.011,-25.3403,518.76,200.041,518.76,-283.921,,,,False,9422.77,0.641622,-99.3049,1.16658,-9422.77,74.6597,-418.76,-736.21,-15071.5,SW2,14.86,restep,ADC域,iir_ema_tau1,iir_ema,internal_input,True,0,14.86
15976.1,3485.96,-12490.1,3485.96,t_on+4.6~5.4s中位(=08-v6.1 P 口径),22584,后1/3段中位(不足60s),27.9098,27.9098,27.9098,90.3801,46.3058,90.3801,180.815,,,,False,9747.69,1.27412,-29.5127,43.3849,-9747.69,-9.61985,-127.91,11288.6,-3485.96,SW2,31.22,restep,ADC域,iir_ema_tau1,iir_ema,internal_input,True,0,31.22
414.845,21351.8,20937,21351.8,t_on+4.6~5.4s中位(=08-v6.1 P 口径),22584,后1/3段中位(不足60s),-12.7517,-43.177,-12.7517,101.981,100.666,101.981,-18.637,,,,False,10346,1,-42.9101,43.3849,-10346,87.2483,-1.98052,-2669.81,-21351.6,SW2,35.96,onset,ADC域,iir_ema_tau1,iir_ema,internal_input,True,0,35.96
113.584,24852.9,24739.3,24852.9,t_on+4.6~5.4s中位(=08-v6.1 P 口径),22584,后1/3段中位(不足60s),-24.9438,-41.813,-24.9438,100.095,100.095,100.095,-15.7725,,,,False,10346,0.707632,-42.0978,9.16419,-10346,75.0562,-0.095462,-6170.93,-24762.9,SW2,57.3,onset,ADC域,iir_ema_tau1,iir_ema,internal_input,True,0,57.3
68.9158,17093.4,17024.4,17093.4,t_on+4.6~5.4s中位(=08-v6.1 P 口径),27214.3,后1/3段中位(不足60s),-13.2471,-45.5557,-13.2471,100.047,97.0785,100.047,-72.6964,,,,False,13970.7,0.306751,-56.5867,69.968,-13970.7,86.7529,-0.046695,-2255.25,-17032.4,SW3,10.92,onset,ADC域,iir_ema_tau1,iir_ema,internal_input,True,0,10.92
18349,25254.6,6905.64,25254.6,t_on+4.6~5.4s中位(=08-v6.1 P 口径),27214.3,后1/3段中位(不足60s),-128.96,-183.473,-128.96,364.827,229.321,364.827,-157.337,,,,False,13970.7,4.53554,-60.0297,69.968,-13970.7,-28.9595,-264.827,-8905.48,-25193.6,SW3,20.72,restep,ADC域,iir_ema_tau1,iir_ema,internal_input,True,0,20.72
70.3602,26168.7,26098.3,26168.7,t_on+4.6~5.4s中位(=08-v6.1 P 口径),27214.3,后1/3段中位(不足60s),-37.6252,-43.415,-37.6252,100.27,99.6136,100.27,-41.6315,,,,False,12073.1,0.565512,-44.1893,0,-12073.1,62.3748,-0.269597,-9819.54,-26168.7,SW3,39.08,onset,ADC域,iir_ema_tau1,iir_ema,internal_input,True,0,39.08
27680.7,1334.59,-26346.1,1334.59,段末帧(退化),27214.3,后1/3段中位(不足60s),5.0656,5.0656,5.0656,54.2765,54.2765,54.2765,103.295,,,,False,12073.1,0.542215,-44.3206,0,-12073.1,-45.7235,-105.066,14299.7,-1334.59,SW3,60.78,restep,ADC域,iir_ema_tau1,iir_ema,internal_input,True,0,60.78
83.9704,15052,14968,15052,t_on+4.6~5.4s中位(=08-v6.1 P 口径),18229,t0+60s后中位,-19.9004,-48.6441,-19.9004,98.6122,98.6122,98.6122,-41.126,,,,False,13251.8,0.495005,-50.1531,1.26114,-13251.8,80.0996,1.38778,-2978.69,-14760.3,SW4,8.41,onset,ADC域,iir_ema_tau1,iir_ema,internal_input,True,0,8.41
15914.7,22376.7,6461.94,22376.7,t_on+4.6~5.4s中位(=08-v6.1 P 口径),27573.9,t0+60s后中位,-159.447,-170.876,-159.447,224.096,224.096,224.096,-239.876,,,,False,13488.3,0.383887,-47.7261,-8168.26,-13488.3,-59.4471,-124.096,-10303.4,-14480.9,SW4,18.68,restep,ADC域,iir_ema_tau1,iir_ema,internal_input,True,0,18.68
22792.2,23978.4,1186.25,23978.4,t_on+4.6~5.4s中位(=08-v6.1 P 口径),28178,t0+60s后中位,-1003.59,-1003.59,-1003.59,1269.84,1242.05,1269.84,-1357.61,,,,False,13488.3,5.21762,-229.475,-10528.4,-13488.3,-903.593,-1169.84,-11905.2,-15063.5,SW4,26.57,restep,ADC域,iir_ema_tau1,iir_ema,internal_input,True,0,26.57
22267,24070.1,1803.03,24070.1,t_on+4.6~5.4s中位(=08-v6.1 P 口径),28217.9,t0+60s后中位,-665.368,-665.368,-665.368,840.538,822.254,840.538,-895.413,,,,False,13488.3,-0.356318,18.9498,-10477.5,-13488.3,-565.368,-740.538,-11996.8,-15155.2,SW4,27.6,restep,ADC域,iir_ema_tau1,iir_ema,internal_input,True,0,27.6
20968.5,24350.1,3381.51,24350.1,t_on+4.6~5.4s中位(=08-v6.1 P 口径),27793.2,后1/3段中位(不足60s),-264.976,-342.79,-264.976,720.094,396.717,720.094,-366.8,,,,False,12518.3,0.5107,-59.1862,46.7539,-12518.3,-164.976,-620.094,-8960.2,-24350.1,SW4,61.37,restep,ADC域,iir_ema_tau1,iir_ema,internal_input,True,0,61.37
83.4585,27557.5,27474,27557.5,t_on+4.6~5.4s中位(=08-v6.1 P 口径),27793.2,后1/3段中位(不足60s),-8.77972,-19.4037,-8.77972,98.1991,94.0963,98.1991,-9.63786,,,,False,12107.9,0.77196,-50.1914,0,-12107.9,91.2203,1.80094,-2412.14,-26979.2,SW4,88,onset,ADC域,iir_ema_tau1,iir_ema,internal_input,True,0,88
28278.8,29738.1,1459.26,29738.1,t_on+4.6~5.4s中位(=08-v6.1 P 口径),27793.2,后1/3段中位(不足60s),-314.732,-378.787,-314.732,2029.65,468.687,2029.65,-181.455,,,,False,7717.81,0.802051,-22.3258,0,-7717.81,-214.732,-1929.65,-4592.77,-29617.9,SW4,99.36,restep,ADC域,iir_ema_tau1,iir_ema,internal_input,True,0,99.36
29434.9,32100.8,2665.89,32103.3,t_on+4.6~5.4s中位(=08-v6.1 P 口径),27793.2,后1/3段中位(不足60s),-260.998,-260.998,-260.998,1199.71,326.25,1199.71,-99.3254,,,,False,7717.81,0.790536,-58.6032,0,-7717.81,-160.906,-1099.62,-6957.92,-31983,SW4,104.24,restep,ADC域,iir_ema_tau1,iir_ema,internal_input,True,0,104.24
0.56561,13.1642,12.5986,13.1642,t_on+4.6~5.4s中位(=08-v6.1 P 口径),17.9244,t0+60s后中位,-47.7256,-48.5251,-47.7256,99.8697,99.8697,99.8697,-85.509,,,,False,9.49206,0.409175,-63.0335,0,-9.49206,52.2744,0.130328,-6.01275,-12.5822,RT1,8.27,onset,显示域,iir_ema_tau2,iir_ema,internal_input,True,0,8.27
12.5529,15.5442,2.9913,15.5442,t_on+4.6~5.4s中位(=08-v6.1 P 口径),5.73546,t0+60s后中位,-278.156,-280.596,-278.156,286.25,284.706,286.25,49.7509,,,,False,9.67187,0.00968575,-100,-6.37536,-9.67187,-178.156,-186.25,-8.32049,-8.5626,RT1,13.6,restep,显示域,iir_ema_tau2,iir_ema,internal_input,True,0,13.6
0.255116,14.7311,14.476,14.7311,t_on+4.6~5.4s中位(=08-v6.1 P 口径),19.7577,t0+60s后中位,-48.3209,-48.5065,-48.3209,99.7849,99.7849,99.7849,-83.0444,,,,False,10.7796,0.408891,-63.4767,0.00279892,-10.7796,51.6791,0.215054,-6.99493,-14.4449,RT2,12.32,onset,显示域,iir_ema_tau2,iir_ema,internal_input,True,0,12.32
20.7627,21.7742,1.01153,21.7748,t_on+4.6~5.4s中位(=08-v6.1 P 口径),0.323059,t0+60s后中位,-1086.46,-1117.2,-1086.46,2095.33,1217.29,2095.33,1034.27,,,,False,11.3387,0.415311,-94.4808,0.438376,-11.3387,-986.401,-1995.27,-10.9898,-21.1949,RT2,147.11,restep,显示域,iir_ema_tau2,iir_ema,internal_input,True,0,147.11
0.0413099,14.8843,14.843,14.8843,t_on+4.6~5.4s中位(=08-v6.1 P 口径),20.5244,t0+60s后中位,-42.7065,-46.6822,-42.7065,99.9839,99.9839,99.9839,-80.7047,,,,False,10.0902,0.461569,-61.347,0.00484437,-10.0902,57.2935,0.0161493,-6.33894,-14.8406,RT3,10.59,onset,显示域,iir_ema_tau2,iir_ema,internal_input,True,0,10.59
0.000189717,13.6554,13.6552,13.6554,t_on+4.6~5.4s中位(=08-v6.1 P 口径),17.7892,t0+60s后中位,-41.4439,-46.5773,-41.4439,99.9963,99.9963,99.9963,-71.7165,,,,False,9.17493,0.457117,-61.0407,0.0060516,-9.17493,58.5561,0.00373905,-5.65926,-13.6547,LT1,11.69,onset,显示域,iir_ema_tau2,iir_ema,internal_input,True,0,11.69
0,14.4668,14.4668,14.4668,t_on+4.6~5.4s中位(=08-v6.1 P 口径),17.9824,t0+60s后中位,-45.5995,-46.9024,-45.5995,99.7032,99.7032,99.7032,-69.9011,,,,False,9.61104,0.44698,-61.6127,0.00451202,-9.61104,54.4005,0.296759,-6.59678,-14.4239,LT2,14.92,onset,显示域,iir_ema_tau2,iir_ema,internal_input,True,0,14.92
0,15.6729,15.6729,15.6729,t_on+4.6~5.4s中位(=08-v6.1 P 口径),18.8185,t0+60s后中位,-46.5636,-46.6329,-46.5636,99.8149,99.8149,99.8149,-66.6337,,,,False,10.2709,0.443161,-61.5249,0.00592698,-10.2709,53.4364,0.18506,-7.29787,-15.6439,LT3,10.87,onset,显示域,iir_ema_tau2,iir_ema,internal_input,True,0,10.87
0.0679033,11.9296,11.8617,11.9296,t_on+4.6~5.4s中位(=08-v6.1 P 口径),15.4841,t0+60s后中位,-46.0556,-47.4985,-46.0556,99.8033,99.8033,99.8033,-76.0209,,,,False,8.85738,0.427305,-62.9855,0.00427348,-8.85738,53.9444,0.196682,-5.463,-11.8384,F41,10.94,onset,显示域,iir_ema_tau2,iir_ema,internal_input,True,0,10.94
1.30209,12.643,11.3409,12.643,t_on+4.6~5.4s中位(=08-v6.1 P 口径),11.3284,t0+60s后中位,-54.3701,-55.9698,-54.3701,71.9624,71.9624,71.9624,-42.7789,,,,False,8.86746,0.200428,-100,-0.861437,-8.86746,45.6299,28.0376,-6.16604,-8.16115,F41,12.19,restep,显示域,iir_ema_tau2,iir_ema,internal_input,True,0,12.19
0.065639,12.8328,12.7672,12.8328,t_on+4.6~5.4s中位(=08-v6.1 P 口径),16.6123,t0+60s后中位,-47.0736,-48.047,-47.0736,99.9582,99.9582,99.9582,-76.6767,,,,False,9.37405,0.420353,-62.9517,0.00353579,-9.37405,52.9264,0.0417792,-6.00996,-12.7618,F42,11.03,onset,显示域,iir_ema_tau2,iir_ema,internal_input,True,0,11.03
0.0674161,13.6377,13.5703,13.6377,t_on+4.6~5.4s中位(=08-v6.1 P 口径),16.9748,t0+60s后中位,-46.6107,-47.4359,-46.6107,99.8408,99.8408,99.8408,-71.2015,,,,False,9.38009,0.440117,-61.9198,0.00299271,-9.38009,53.3893,0.159196,-6.32521,-13.5487,F43,11,onset,显示域,iir_ema_tau2,iir_ema,internal_input,True,0,11
75.3947,3643.05,3567.66,3643.05,t_on+4.6~5.4s中位(=08-v6.1 P 口径),22185.9,t0+60s后中位,50.0872,-47.0115,50.0872,99.5141,99.5141,99.5141,-469.663,,,,False,6527.63,0.469219,-62.8927,0.985954,-6527.63,150.087,0.485931,1786.94,-3550.32,SW1,10.84,onset,ADC域,iir_ema_tau2,iir_ema,internal_input,True,0,10.84
4717.2,10913.1,6195.9,10913.1,t_on+4.6~5.4s中位(=08-v6.1 P 口径),23043.2,t0+60s后中位,-85.4089,-92.4181,-85.4089,137.702,137.702,137.702,-281.184,,,59.35,True,6527.63,0.454335,-68.3415,-2716.5,-6527.63,14.5911,-37.7023,-5291.85,-8531.9,SW1,28.63,onset,ADC域,iir_ema_tau2,iir_ema,internal_input,True,0,28.63
12276.4,8692.58,-3583.78,8692.58,t_on+4.6~5.4s中位(=08-v6.1 P 口径),24042,t0+60s后中位,183.573,183.573,183.573,72.2978,-80.2625,72.2978,611.876,,,,False,11365.2,0.77934,-37.4947,-3848.12,-11365.2,-27.7022,-283.573,2591,-6578.87,SW1,71.67,restep,ADC域,iir_ema_tau2,iir_ema,internal_input,True,0,71.67
6853.64,16655.4,9801.81,16655.4,t_on+4.6~5.4s中位(=08-v6.1 P 口径),24453.1,t0+60s后中位,-53.7283,-78.2825,-53.7283,143.893,143.893,143.893,-133.282,74.37,74.37,74.37,False,11365.2,0.685433,-72.0394,-3848.12,-11365.2,46.2717,-43.8928,-5266.34,-14104.1,SW1,75.89,onset,ADC域,iir_ema_tau2,iir_ema,internal_input,True,0,75.89
19356.3,25151.2,5794.89,25151.2,t_on+4.6~5.4s中位(=08-v6.1 P 口径),21984.6,t0+60s后中位,-116.158,-136.489,-116.158,421.606,236.009,421.606,-61.5125,,,,False,16900.1,0.347529,-70.6922,-1009.66,-16900.1,-16.1581,-321.606,-6731.24,-24431.6,SW1,110.45,restep,ADC域,iir_ema_tau2,iir_ema,internal_input,True,0,110.45
4988.57,24788.2,19799.6,24794.2,t_on+4.6~5.4s中位(=08-v6.1 P 口径),18905.7,t0+60s后中位,-42.1694,-51.2339,-42.1694,114.963,114.963,114.963,-12.4292,,,,False,16900.1,0.580575,-67.6835,-1009.66,-16900.1,57.8607,-14.9332,-8349.39,-22762.3,SW1,133.83,onset,ADC域,iir_ema_tau2,iir_ema,internal_input,True,0,133.83
6481.42,23228.2,16746.8,23228.2,t_on+4.6~5.4s中位(=08-v6.1 P 口径),14089.1,t0+60s后中位,-67.7629,-78.5111,-67.7629,126.439,126.439,126.439,-13.1902,,,,False,14520,0.364236,-60.6008,-1887.31,-14520,32.2371,-26.4389,-11348.1,-21174.5,SW1,185.97,onset,ADC域,iir_ema_tau2,iir_ema,internal_input,True,0,185.97
7578.68,11155.5,3576.85,11155.5,t_on+4.6~5.4s中位(=08-v6.1 P 口径),21976.7,后1/3段中位(不足60s),63.211,-152.181,63.211,227.42,227.42,227.42,-239.322,,,,False,12107.7,0.438071,-80.3262,-2154.2,-12107.7,163.211,-127.42,2260.97,-8134.47,SW1,217.74,restep,ADC域,iir_ema_tau2,iir_ema,internal_input,True,0,217.74
12007.7,15211.1,3203.41,15211.1,t_on+4.6~5.4s中位(=08-v6.1 P 口径),21976.7,后1/3段中位(不足60s),-49.0112,-190.174,-49.0112,427.39,340.405,427.39,-260.212,,,,False,12107.7,-0.27638,-85.267,332.447,-12107.7,50.9888,-327.39,-1570.03,-13691.1,SW1,230.64,restep,ADC域,iir_ema_tau2,iir_ema,internal_input,True,0,230.64
8593.49,18651.4,10057.9,18651.4,t_on+4.6~5.4s中位(=08-v6.1 P 口径),21976.7,后1/3段中位(不足60s),-49.8153,-94.7752,-49.8153,170.327,140.959,170.327,-82.8765,,,,False,12107.7,0.786957,-70.8191,332.447,-12107.7,50.1847,-70.3274,-5010.39,-17131.4,SW1,233.05,onset,ADC域,iir_ema_tau2,iir_ema,internal_input,True,0,233.05
19618.3,25024.3,5405.97,25024.3,t_on+4.6~5.4s中位(=08-v6.1 P 口径),21976.7,后1/3段中位(不足60s),-210.568,-223.998,-210.568,434.784,309.069,434.784,-154.194,,,,False,12107.7,0.358616,-70.3123,332.447,-12107.7,-110.568,-334.784,-11383.3,-23504.3,SW1,240.72,restep,ADC域,iir_ema_tau2,iir_ema,internal_input,True,0,240.72
62.7789,13238.1,13175.4,13238.1,t_on+4.6~5.4s中位(=08-v6.1 P 口径),22334.5,后1/3段中位(不足60s),34.2832,-56.9631,34.2832,99.3748,99.3748,99.3748,-34.7574,,,,False,8144.23,0.34938,-62.5619,2.99447,-8144.23,134.283,0.625226,4516.94,-13093,SW2,11.79,onset,ADC域,iir_ema_tau2,iir_ema,internal_input,True,0,11.79
4796.04,14182.8,9386.74,14182.8,t_on+4.6~5.4s中位(=08-v6.1 P 口径),22334.5,后1/3段中位(不足60s),47.1501,-79.9396,47.1501,147.484,97.0524,147.484,-39.6926,,,,False,8144.23,0.367905,-100,-279.802,-8144.23,147.15,-47.4839,4425.86,-13843.9,SW2,13.7,restep,ADC域,iir_ema_tau2,iir_ema,internal_input,True,0,13.7
8881.84,14626.5,5744.69,14626.5,t_on+4.6~5.4s中位(=08-v6.1 P 口径),22334.5,后1/3段中位(不足60s),77.9731,-130.624,77.9731,248.711,166.307,248.711,-56.2022,,,,False,8144.23,0.323204,-100,-279.802,-8144.23,177.973,-148.711,4479.31,-14287.7,SW2,14.86,restep,ADC域,iir_ema_tau2,iir_ema,internal_input,True,0,14.86
15896,3113.02,-12782.9,3113.02,t_on+4.6~5.4s中位(=08-v6.1 P 口径),22334.5,后1/3段中位(不足60s),21.7021,21.7021,21.7021,132.327,41.3567,132.327,172.07,,,,False,11544.1,8.81911,-51.5203,594.402,-11544.1,32.3274,-121.702,16915.3,-2774.17,SW2,31.22,restep,ADC域,iir_ema_tau2,iir_ema,internal_input,True,0,31.22
2486.42,19642.4,17156,19642.4,t_on+4.6~5.4s中位(=08-v6.1 P 口径),22334.5,后1/3段中位(不足60s),2.24989,-15.0092,2.24989,109.606,106.976,109.606,-13.4421,,,,False,13761.8,52.9112,-66.6216,594.402,-13761.8,102.25,-9.60555,385.99,-18803.9,SW2,35.96,onset,ADC域,iir_ema_tau2,iir_ema,internal_input,True,0,35.96
1340.86,22812.7,21471.8,22812.7,t_on+4.6~5.4s中位(=08-v6.1 P 口径),22334.5,后1/3段中位(不足60s),-51.6548,-61.5808,-51.6548,102.34,102.34,102.34,-49.4276,,,,False,14029.2,0.436853,-59.9397,52.1799,-14029.2,48.3452,-2.33964,-11091.2,-21974.2,SW2,57.3,onset,ADC域,iir_ema_tau2,iir_ema,internal_input,True,0,57.3
67.8765,15519.1,15451.2,15519.1,t_on+4.6~5.4s中位(=08-v6.1 P 口径),26995.7,后1/3段中位(不足60s),22.1725,-44.8179,22.1725,100.439,98.3324,100.439,-52.1041,,,,False,10595.9,0.694041,-69.6163,0,-10595.9,122.172,-0.439271,3425.91,-15519.1,SW3,10.92,onset,ADC域,iir_ema_tau2,iir_ema,internal_input,True,0,10.92
17883.8,24537.5,6653.79,24537.5,t_on+4.6~5.4s中位(=08-v6.1 P 口径),26995.7,后1/3段中位(不足60s),-84.0509,-104.033,-84.0509,368.775,199.397,368.775,-120.994,,,,False,14341.4,0.3507,-71.1833,0,-14341.4,15.9491,-268.775,-5592.57,-24537.5,SW3,20.72,restep,ADC域,iir_ema_tau2,iir_ema,internal_input,True,0,20.72
691.956,23947.3,23255.4,23947.3,t_on+4.6~5.4s中位(=08-v6.1 P 口径),26995.7,后1/3段中位(不足60s),-44.6799,-61.2783,-44.6799,100.842,100.842,100.842,-57.7881,,,,False,14341.4,0.479482,-62.7649,0,-14341.4,55.3201,-0.841667,-10390.5,-23451.1,SW3,39.08,onset,ADC域,iir_ema_tau2,iir_ema,internal_input,True,0,39.08
27641.7,6001.13,-21640.6,6001.13,段末帧(退化),26995.7,后1/3段中位(不足60s),23.4619,23.4619,23.4619,34.9145,34.9145,34.9145,120.477,,,,False,14117.3,0.406232,-60.7956,-1248.55,-14117.3,-65.0855,-123.462,7555.71,-5077.31,SW3,60.78,restep,ADC域,iir_ema_tau2,iir_ema,internal_input,True,0,60.78
83.8922,13648.3,13564.5,13648.3,t_on+4.6~5.4s中位(=08-v6.1 P 口径),17656.7,t0+60s后中位,3.39077,-50.463,3.39077,99.2219,99.2219,99.2219,-26.1595,,,21.77,True,10159.8,0.532902,-65.9537,0.535525,-10159.8,103.391,0.778089,459.939,-13458.9,SW4,8.41,onset,ADC域,iir_ema_tau2,iir_ema,internal_input,True,0,8.41
15592.3,21794.9,6202.6,21794.9,t_on+4.6~5.4s中位(=08-v6.1 P 口径),25765.3,t0+60s后中位,-118.769,-163.827,-118.769,239.235,239.235,239.235,-182.781,,,,False,10159.8,0.846285,-75.0247,-8858.99,-10159.8,-18.7689,-139.235,-7366.76,-14838.8,SW4,18.68,restep,ADC域,iir_ema_tau2,iir_ema,internal_input,True,0,18.68
22458.7,23604.7,1145.97,23604.7,t_on+4.6~5.4s中位(=08-v6.1 P 口径),27803.8,t0+60s后中位,-800.766,-886.675,-800.766,1117.18,1100.26,1117.18,-1167.19,,,,False,10159.8,1,-203.773,-10159.8,-10159.8,-700.766,-1017.18,-9176.56,-12802.6,SW4,26.57,restep,ADC域,iir_ema_tau2,iir_ema,internal_input,True,0,26.57
22320,23812.1,1492.07,23812.1,t_on+4.6~5.4s中位(=08-v6.1 P 口径),27912.2,t0+60s后中位,-628.921,-680.975,-628.921,872.377,858.948,872.377,-903.718,,,,False,10159.8,1,-35.608,-10159.8,-10159.8,-528.921,-772.377,-9383.94,-13016.5,SW4,27.6,restep,ADC域,iir_ema_tau2,iir_ema,internal_input,True,0,27.6
20962,24035.9,3073.94,24035.9,t_on+4.6~5.4s中位(=08-v6.1 P 口径),26490.1,后1/3段中位(不足60s),-321.92,-330.546,-321.92,779.207,424.083,779.207,-401.759,,,,False,11928,0.517053,-66.7314,456.878,-11928,-221.92,-679.207,-9895.64,-23952.4,SW4,61.37,restep,ADC域,iir_ema_tau2,iir_ema,internal_input,True,0,61.37
88.6899,25355.5,25266.9,25355.5,t_on+4.6~5.4s中位(=08-v6.1 P 口径),26490.1,后1/3段中位(不足60s),-44.1723,-48.1431,-44.1723,96.6888,96.6888,96.6888,-48.6627,,,,False,19115.3,0.414048,-65.5073,28.9014,-19115.3,55.8277,3.3112,-11160.9,-24430.2,SW4,88,onset,ADC域,iir_ema_tau2,iir_ema,internal_input,True,0,88
28035.8,29549.8,1513.97,29549.8,t_on+4.6~5.4s中位(=08-v6.1 P 口径),26490.1,后1/3段中位(不足60s),-1014.24,-1056.74,-1014.24,1873.12,1108.72,1873.12,-812.139,,,,False,19115.3,0.401626,-59.5204,375.704,-19115.3,-914.236,-1773.12,-15355.2,-28358.4,SW4,99.36,restep,ADC域,iir_ema_tau2,iir_ema,internal_input,True,0,99.36
29347.9,31860.6,2512.7,31860.6,t_on+4.6~5.4s中位(=08-v6.1 P 口径),26490.1,后1/3段中位(不足60s),-703.066,-721.76,-703.066,1220.56,758.688,1220.56,-489.334,,,,False,19115.3,0.410549,-77.89,375.704,-19115.3,-603.066,-1120.56,-17666,-30669.2,SW4,104.24,restep,ADC域,iir_ema_tau2,iir_ema,internal_input,True,0,104.24
0.551644,11.6002,11.0485,11.6002,t_on+4.6~5.4s中位(=08-v6.1 P 口径),17.8701,t0+60s后中位,-7.86425,-68.0065,-7.86425,99.8647,99.8647,99.8647,-64.6131,,,37.01,True,7.68147,0.624572,-69.7068,0,-7.68147,92.1358,0.13534,-0.868882,-11.0336,RT1,8.27,onset,显示域,iir_ema_tau3,iir_ema,internal_input,True,0,8.27
10.8244,14.9926,4.16817,14.9926,t_on+4.6~5.4s中位(=08-v6.1 P 口径),8.51291,t0+60s后中位,-96.3007,-140.871,-96.3007,209.678,209.678,209.678,59.155,,,,False,5.87032,0.956853,-78.1425,-5.67621,-5.87032,3.69926,-109.678,-4.01398,-8.73975,RT1,13.6,restep,显示域,iir_ema_tau3,iir_ema,internal_input,True,0,13.6
0.240097,12.9083,12.6682,12.9083,t_on+4.6~5.4s中位(=08-v6.1 P 口径),19.7374,t0+60s后中位,-3.87818,-68.6595,-3.87818,99.791,99.791,99.791,-57.7852,23.63,23.63,23.63,False,8.83523,0.659641,-70.0024,0.000911277,-8.83523,96.1218,0.208987,-0.491296,-12.6417,RT2,12.32,onset,显示域,iir_ema_tau3,iir_ema,internal_input,True,0,12.32
20.7527,21.6215,0.868763,21.6221,t_on+4.6~5.4s中位(=08-v6.1 P 口径),0.318313,t0+60s后中位,-645.762,-698.706,-645.762,2420.32,799.766,2420.32,1806.44,,,,False,6.3315,0.772634,-95.0048,1.08751,-6.3315,-545.687,-2320.25,-5.61014,-21.0269,RT2,147.11,restep,显示域,iir_ema_tau3,iir_ema,internal_input,True,0,147.11
0.0404857,13.0638,13.0233,13.0638,t_on+4.6~5.4s中位(=08-v6.1 P 口径),20.4901,t0+60s后中位,-5.88864,-67.5209,-5.88864,99.9853,99.9853,99.9853,-62.9117,,,32.91,True,8.86604,0.652041,-68.3341,0.00296216,-8.86604,94.1114,0.0147201,-0.766897,-13.0214,RT3,10.59,onset,显示域,iir_ema_tau3,iir_ema,internal_input,True,0,10.59
0.00052594,11.9813,11.9808,11.9813,t_on+4.6~5.4s中位(=08-v6.1 P 口径),17.7661,t0+60s后中位,-5.73272,-67.3268,-5.73272,99.9944,99.9944,99.9944,-54.0168,32.36,32.36,32.36,False,8.13658,0.649915,-68.0657,0.00424325,-8.13658,94.2673,0.00559086,-0.686825,-11.9801,LT1,11.69,onset,显示域,iir_ema_tau3,iir_ema,internal_input,True,0,11.69
0,12.7032,12.7032,12.7032,t_on+4.6~5.4s中位(=08-v6.1 P 口径),17.9739,t0+60s后中位,-10.225,-47.565,-10.225,99.7743,99.7743,99.7743,-51.7158,73.99,73.99,73.99,False,8.66167,0.644925,-68.5181,0.00278695,-8.66167,89.775,0.225694,-1.2989,-12.6745,LT2,14.92,onset,显示域,iir_ema_tau3,iir_ema,internal_input,True,0,14.92
0,13.7503,13.7503,13.7503,t_on+4.6~5.4s中位(=08-v6.1 P 口径),18.8012,t0+60s后中位,-12.9627,-67.7885,-12.9627,99.8593,99.8593,99.8593,-49.695,,,,False,9.3854,0.64077,-68.4423,0.00372142,-9.3854,87.0373,0.14074,-1.78242,-13.731,LT3,10.87,onset,显示域,iir_ema_tau3,iir_ema,internal_input,True,0,10.87
0.0677591,10.4501,10.3824,10.4501,t_on+4.6~5.4s中位(=08-v6.1 P 口径),15.7558,t0+60s后中位,-0.248124,-68.6705,-0.248124,99.8492,99.8492,99.8492,-51.3508,20.66,20.66,20.66,False,7.20181,0.667716,-69.5636,0.00265858,-7.20181,99.7519,0.150837,-0.0257612,-10.3667,F41,10.94,onset,显示域,iir_ema_tau3,iir_ema,internal_input,True,0,10.94
0.907394,11.4763,10.5689,11.4763,t_on+4.6~5.4s中位(=08-v6.1 P 口径),12.7927,t0+60s后中位,-9.69959,-46.0614,-9.69959,77.897,77.897,77.897,-22.1554,54.14,54.14,54.14,False,7.20181,0.612988,-100.477,-0.634761,-7.20181,90.3004,22.103,-1.02514,-8.23285,F41,12.19,restep,显示域,iir_ema_tau3,iir_ema,internal_input,True,0,12.19
0.0666083,11.2347,11.1681,11.2347,t_on+4.6~5.4s中位(=08-v6.1 P 口径),16.6024,t0+60s后中位,-3.00473,-68.2401,-3.00473,99.9696,99.9696,99.9696,-51.0677,23.16,23.16,23.16,False,7.75445,0.665552,-69.5904,0.00229685,-7.75445,96.9953,0.030404,-0.33557,-11.1647,F42,11.03,onset,显示域,iir_ema_tau3,iir_ema,internal_input,True,0,11.03
0.0669795,11.9566,11.8896,11.9566,t_on+4.6~5.4s中位(=08-v6.1 P 口径),16.972,t0+60s后中位,-9.19196,-67.8554,-9.19196,99.8775,99.8775,99.8775,-51.3746,80.25,80.25,80.25,False,8.15436,0.647108,-68.7534,0.00186696,-8.15436,90.808,0.122517,-1.09289,-11.8751,F43,11,onset,显示域,iir_ema_tau3,iir_ema,internal_input,True,0,11
74.7148,3181.01,3106.29,3181.01,t_on+4.6~5.4s中位(=08-v6.1 P 口径),21446.8,t0+60s后中位,80.2556,-50.4272,80.2556,99.6202,99.6202,99.6202,-507.769,,,,False,6050.39,0.491264,-68.9959,0.739145,-6050.39,180.256,0.379845,2492.97,-3094.49,SW1,10.84,onset,ADC域,iir_ema_tau3,iir_ema,internal_input,True,0,10.84
4666.87,10170.1,5503.25,10170.1,t_on+4.6~5.4s中位(=08-v6.1 P 口径),22666.3,t0+60s后中位,-75.1108,-95.0547,-75.1108,137.179,137.179,137.179,-302.18,,,64.36,True,6066,0.468036,-73.6227,-2323.63,-6066,24.8892,-37.1792,-4133.53,-7549.31,SW1,28.63,onset,ADC域,iir_ema_tau3,iir_ema,internal_input,True,0,28.63
12266.4,8642.77,-3623.62,8642.77,t_on+4.6~5.4s中位(=08-v6.1 P 口径),23316.5,t0+60s后中位,144.936,144.936,144.936,46.8126,-66.7446,46.8126,549.885,,,,False,9770.67,0.566524,-69.6925,-3689.7,-9770.67,-53.1874,-244.936,1696.31,-5251.94,SW1,71.67,restep,ADC域,iir_ema_tau3,iir_ema,internal_input,True,0,71.67
7833.01,15466.7,7633.68,15466.7,t_on+4.6~5.4s中位(=08-v6.1 P 口径),23661.3,t0+60s后中位,-65.5671,-122.917,-65.5671,156.534,156.534,156.534,-172.915,,,,False,9770.67,0.567825,-76.1135,-3689.7,-9770.67,34.4329,-56.5344,-5005.18,-11949.3,SW1,75.89,onset,ADC域,iir_ema_tau3,iir_ema,internal_input,True,0,75.89
19335.8,24402.1,5066.3,24402.1,t_on+4.6~5.4s中位(=08-v6.1 P 口径),21137.5,t0+60s后中位,-136.658,-173.874,-136.658,440.896,273.149,440.896,-72.219,,,,False,13559.9,-5.93037,-76.1905,-2602.47,-13559.9,-36.6575,-340.896,-6923.48,-22337.1,SW1,110.45,restep,ADC域,iir_ema_tau3,iir_ema,internal_input,True,0,110.45
8654.54,22699.8,14045.2,22707.2,t_on+4.6~5.4s中位(=08-v6.1 P 口径),18221.6,t0+60s后中位,-42.3251,-67.9928,-42.3251,136.085,136.085,136.085,-10.388,,,,False,13559.9,0.608209,-69.9912,-2602.47,-13559.9,57.7279,-36.0322,-5944.67,-19113.5,SW1,133.83,onset,ADC域,iir_ema_tau3,iir_ema,internal_input,True,0,133.83
10540.9,21595.8,11055,21595.8,t_on+4.6~5.4s中位(=08-v6.1 P 口径),17002,t0+60s后中位,-87.0396,-106.861,-87.0396,157.873,151.334,157.873,-45.4846,,,,False,13955.6,0.30135,-66.0949,-2690.23,-13955.6,12.9604,-57.8729,-9622.19,-17452.8,SW1,185.97,onset,ADC域,iir_ema_tau3,iir_ema,internal_input,True,0,185.97
9610.61,10867.2,1256.59,10867.2,t_on+4.6~5.4s中位(=08-v6.1 P 口径),21133.7,后1/3段中位(不足60s),310.158,-410.307,310.158,581.208,581.208,581.208,-506.853,,,,False,10806.3,0.36272,-89.4049,-3719.51,-10806.3,410.158,-481.208,3897.41,-7303.41,SW1,217.74,restep,ADC域,iir_ema_tau3,iir_ema,internal_input,True,0,217.74
11907.7,13803.5,1895.76,13803.5,t_on+4.6~5.4s中位(=08-v6.1 P 口径),21133.7,后1/3段中位(不足60s),72.4428,-358.995,72.4428,651.83,525.97,651.83,-314.22,,,,False,12292.3,0.0570577,-173.358,-1958.95,-12292.3,172.443,-551.83,1373.34,-12357.2,SW1,230.64,restep,ADC域,iir_ema_tau3,iir_ema,internal_input,True,0,230.64
9437.2,17288.7,7851.55,17288.7,t_on+4.6~5.4s中位(=08-v6.1 P 口径),21133.7,后1/3段中位(不足60s),-26.8982,-131.069,-26.8982,201.775,171.385,201.775,-75.8687,,,,False,12292.3,118.96,-77.7652,-1958.95,-12292.3,73.1018,-101.775,-2111.93,-15842.4,SW1,233.05,onset,ADC域,iir_ema_tau3,iir_ema,internal_input,True,0,233.05
18598.1,24231.2,5633.18,24231.2,t_on+4.6~5.4s中位(=08-v6.1 P 口径),21133.7,后1/3段中位(不足60s),-160.734,-181.78,-160.734,404.477,259.889,404.477,-105.746,,,,False,12292.3,0.517913,-76.4039,-1958.95,-12292.3,-60.7337,-304.477,-9054.42,-22784.9,SW1,240.72,restep,ADC域,iir_ema_tau3,iir_ema,internal_input,True,0,240.72
63.1692,11672,11608.9,11672,t_on+4.6~5.4s中位(=08-v6.1 P 口径),20915.1,后1/3段中位(不足60s),39.8684,-46.6987,39.8684,99.5266,99.5266,99.5266,-39.7525,,,,False,7977.3,0.582496,-69.3722,1.89657,-7977.3,139.868,0.473403,4628.27,-11553.9,SW2,11.79,onset,ADC域,iir_ema_tau3,iir_ema,internal_input,True,0,11.79
3447.94,13128.3,9680.32,13128.3,t_on+4.6~5.4s中位(=08-v6.1 P 口径),20915.1,后1/3段中位(不足60s),47.455,-55.984,47.455,124.072,97.7857,124.072,-32.9853,,,,False,7977.3,-2.85364,-100.544,-2202.41,-7977.3,147.455,-24.0723,4593.79,-12010.6,SW2,13.7,restep,ADC域,iir_ema_tau3,iir_ema,internal_input,True,0,13.7
6849.75,13785.7,6935.98,13785.7,t_on+4.6~5.4s中位(=08-v6.1 P 口径),20915.1,后1/3段中位(不足60s),66.8597,-78.1321,66.8597,182.643,145.956,182.643,-35.9289,,,,False,7977.3,0.334154,-100,-2202.41,-7977.3,166.86,-82.6428,4637.37,-12668.1,SW2,14.86,restep,ADC域,iir_ema_tau3,iir_ema,internal_input,True,0,14.86
15783.3,4226.85,-11556.5,4226.85,t_on+4.6~5.4s中位(=08-v6.1 P 口径),20915.1,后1/3段中位(不足60s),26.9042,26.9042,26.9042,136.234,53.4612,136.234,171.311,,,,False,7398.77,2.4551,-61.6881,1778.91,-7398.77,36.2337,-126.904,15743.8,-3109.18,SW2,31.22,restep,ADC域,iir_ema_tau3,iir_ema,internal_input,True,0,31.22
4580.41,17751.2,13170.8,17751.2,t_on+4.6~5.4s中位(=08-v6.1 P 口径),20915.1,后1/3段中位(不足60s),16.8517,-18.203,16.8517,126.286,126.286,126.286,-7.17092,,,,False,8780.6,6.83102,-67.8524,1778.91,-8780.6,116.852,-26.2858,2219.5,-16632.8,SW2,35.96,onset,ADC域,iir_ema_tau3,iir_ema,internal_input,True,0,35.96
3374.51,20438.8,17064.3,20438.8,t_on+4.6~5.4s中位(=08-v6.1 P 口径),20915.1,后1/3段中位(不足60s),-22.5188,-49.5528,-22.5188,96.0695,96.0695,96.0695,-25.3098,,,,False,8846.12,0.545471,-68.3628,1778.91,-8846.12,77.4812,3.93047,-3842.68,-16393.6,SW2,57.3,onset,ADC域,iir_ema_tau3,iir_ema,internal_input,True,0,57.3
67.1282,13597.3,13530.2,13597.3,t_on+4.6~5.4s中位(=08-v6.1 P 口径),26373.4,后1/3段中位(不足60s),51.6069,-36.4097,51.6069,98.7142,98.7142,98.7142,-42.8195,,,,False,9931.25,0.788854,-74.8269,2984.11,-9931.25,151.607,1.28584,6982.52,-13356.2,SW3,10.92,onset,ADC域,iir_ema_tau3,iir_ema,internal_input,True,0,10.92
16952,23561.9,6609.91,23561.9,t_on+4.6~5.4s中位(=08-v6.1 P 口径),26373.4,后1/3段中位(不足60s),-45.1147,-74.4776,-45.1147,311.375,167.094,311.375,-87.6497,,,,False,10150.4,-0.0320889,-76.0384,2984.11,-10150.4,54.8853,-211.375,-2982.04,-20581.6,SW3,20.72,restep,ADC域,iir_ema_tau3,iir_ema,internal_input,True,0,20.72
2214.32,21282.3,19067.9,21282.3,t_on+4.6~5.4s中位(=08-v6.1 P 口径),26373.4,后1/3段中位(不足60s),-20.0279,-34.6579,-20.0279,91.5022,88.5636,91.5022,-46.7281,,,,False,12995.2,0.501554,-68.8413,2984.11,-12995.2,79.9721,8.49782,-3818.91,-17447.6,SW3,39.08,onset,ADC域,iir_ema_tau3,iir_ema,internal_input,True,0,39.08
27569.9,9955.28,-17614.6,9955.28,段末帧(退化),26373.4,后1/3段中位(不足60s),34.7472,34.7472,34.7472,42.6241,42.6241,42.6241,127.955,,,,False,12995.2,0.655634,-40.7655,-4069.45,-12995.2,-57.3759,-134.747,7508.08,-6120.59,SW3,60.78,restep,ADC域,iir_ema_tau3,iir_ema,internal_input,True,0,60.78
83.7458,11945.6,11861.8,11945.6,t_on+4.6~5.4s中位(=08-v6.1 P 口径),17483.3,t0+60s后中位,60.286,-42.7758,60.286,99.4033,99.4033,99.4033,13.6009,,,,False,8406.89,0.765298,-71.9383,0.346091,-8406.89,160.286,0.596727,7151.03,-11791.1,SW4,8.41,onset,ADC域,iir_ema_tau3,iir_ema,internal_input,True,0,8.41
14886.7,20944.1,6057.42,20944.1,t_on+4.6~5.4s中位(=08-v6.1 P 口径),23693.2,t0+60s后中位,-24.4207,-83.7099,-24.4207,177.709,177.709,177.709,-69.8039,,,,False,5068.12,1,-72.0903,-5068.12,-5068.12,75.5793,-77.7088,-1479.26,-10764.6,SW4,18.68,restep,ADC域,iir_ema_tau3,iir_ema,internal_input,True,0,18.68
21860.3,23232,1371.72,23232,t_on+4.6~5.4s中位(=08-v6.1 P 口径),26814,t0+60s后中位,-274.631,-369.577,-274.631,529.171,517.052,529.171,-535.76,,,,False,5068.12,1,-154.288,-5068.12,-5068.12,-174.631,-429.171,-3767.17,-7258.74,SW4,26.57,restep,ADC域,iir_ema_tau3,iir_ema,internal_input,True,0,26.57
21890.6,23490,1599.33,23490,t_on+4.6~5.4s中位(=08-v6.1 P 口径),27037.2,t0+60s后中位,-251.674,-316.957,-251.674,471.651,459.595,471.651,-473.471,,,,False,5068.12,1,-57.9956,-5068.12,-5068.12,-151.674,-371.651,-4025.09,-7543.25,SW4,27.6,restep,ADC域,iir_ema_tau3,iir_ema,internal_input,True,0,27.6
20983.3,23657.6,2674.21,23657.6,t_on+4.6~5.4s中位(=08-v6.1 P 口径),24634.2,后1/3段中位(不足60s),-173.983,-189.566,-173.983,879.917,284.749,879.917,-210.506,,,,False,11300.7,0.754682,-72.0086,0,-11300.7,-73.9832,-779.917,-4652.68,-23530.9,SW4,61.37,restep,ADC域,iir_ema_tau3,iir_ema,internal_input,True,0,61.37
146.244,22375.9,22229.7,22375.9,t_on+4.6~5.4s中位(=08-v6.1 P 口径),24634.2,后1/3段中位(不足60s),-3.53645,-46.4503,-3.53645,97.5464,97.5464,97.5464,-13.6954,,,,False,15053.9,0.652894,-70.6785,0,-15053.9,96.4635,2.4536,-786.143,-21684.3,SW4,88,onset,ADC域,iir_ema_tau3,iir_ema,internal_input,True,0,88
27230.7,29275.9,2045.2,29275.9,t_on+4.6~5.4s中位(=08-v6.1 P 口径),24634.2,后1/3段中位(不足60s),-375.812,-517.013,-375.812,1382.94,596.737,1382.94,-148.858,,,,False,10763,0.670693,-58.5258,-2487.28,-10763,-275.812,-1282.94,-7686.12,-28283.9,SW4,99.36,restep,ADC域,iir_ema_tau3,iir_ema,internal_input,True,0,99.36
29040,31509.4,2469.41,31509.4,t_on+4.6~5.4s中位(=08-v6.1 P 口径),24634.2,后1/3段中位(不足60s),-401.698,-429.007,-401.698,1235.81,521.332,1235.81,-123.286,,,,False,10763,0.685809,-73.923,-2487.28,-10763,-301.698,-1135.81,-9919.57,-30517.3,SW4,104.24,restep,ADC域,iir_ema_tau3,iir_ema,internal_input,True,0,104.24
0.550084,14.7065,14.1564,14.7052,t_on+4.6~5.4s中位(=08-v6.1 P 口径),1.16117,t0+60s后中位,4.72802,-0.966779,4.72802,91.0721,91.0721,91.0721,100.403,0.51,0.51,0.51,False,2.25288,0.871159,-10.6945,1.69905,-2.25288,104.719,8.91939,0.669316,-12.8925,RT1,8.27,onset,显示域,med_w0.03,causal_median,internal_input,True,0,8.27
14.626,15.8375,1.21152,15.8249,t_on+4.6~5.4s中位(=08-v6.1 P 口径),1.11167,t0+60s后中位,-37.1748,-37.1748,-37.1748,120.223,114.233,120.223,1177.27,,,,False,2.54838,-0.038037,-80.1963,-0.239871,-2.54838,61.7882,-21.2603,-0.45038,-1.45653,RT1,13.6,restep,显示域,med_w0.03,causal_median,internal_input,True,0,13.6
0.292857,16.7259,16.4331,16.7259,t_on+4.6~5.4s中位(=08-v6.1 P 口径),19.7617,t0+60s后中位,-0.953912,-1.64037,-0.953912,100.329,100.329,100.329,-19.4276,13.17,13.17,0.56,False,2.42104,0.87985,-1.99155,2.06853,-2.42104,99.0461,-0.329435,-0.156757,-16.4872,RT2,12.32,onset,显示域,med_w0.03,causal_median,internal_input,True,0,12.32
20.8469,22.0159,1.16891,22.0179,t_on+4.6~5.4s中位(=08-v6.1 P 口径),0.32879,t0+60s后中位,-428.024,-428.024,-428.024,1883.63,799.855,1883.63,1427.48,,,,False,6.11624,0.763016,-58.7758,0,-6.11624,-327.85,-1783.46,-5.0032,-22.0179,RT2,147.11,restep,显示域,med_w0.03,causal_median,internal_input,True,0,147.11
0.043,16.5514,16.5084,16.5391,t_on+4.6~5.4s中位(=08-v6.1 P 口径),20.5363,t0+60s后中位,7.719,5.27876,7.719,99.3621,99.3621,99.3621,-16.4945,,,,False,2.36227,0.946718,4.31681,2.36227,-1.28283,107.644,0.56335,1.27428,-16.4031,RT3,10.59,onset,显示域,med_w0.03,causal_median,internal_input,True,0,10.59
0,15.2811,15.2811,15.2811,t_on+4.6~5.4s中位(=08-v6.1 P 口径),17.8104,t0+60s后中位,13.1325,4.89218,13.1325,100,100,100,-3.41945,,,,False,2.18473,1.01279,4.43682,2.18473,-0.0609881,113.132,0,2.00678,-15.2811,LT1,11.69,onset,显示域,med_w0.03,causal_median,internal_input,True,0,11.69
0,16.1227,16.1227,16.1227,t_on+4.6~5.4s中位(=08-v6.1 P 口径),18.0018,t0+60s后中位,4.42676,4.42676,4.42676,94.6101,94.6101,94.6101,-7.22785,1.68,1.68,1.68,False,2.41189,0.952037,-1.46255,2.41189,-1.10254,104.427,5.38991,0.713713,-15.2537,LT2,14.92,onset,显示域,med_w0.03,causal_median,internal_input,True,0,14.92
0,17.5159,17.5159,17.5159,t_on+4.6~5.4s中位(=08-v6.1 P 口径),18.8572,t0+60s后中位,5.96085,3.64624,5.96085,100,100,100,-1.69639,,,78.52,True,2.43536,1.00478,3.13113,2.43536,-0.0989534,105.961,0,1.0441,-17.5159,LT3,10.87,onset,显示域,med_w0.03,causal_median,internal_input,True,0,10.87
0.064,13.3839,13.3199,13.3839,t_on+4.6~5.4s中位(=08-v6.1 P 口径),0.0912279,t0+60s后中位,1.42139,-0.623069,1.42139,99.0793,99.0793,99.0793,101.217,0.52,0.52,0.52,False,2.06949,0.884544,-1.93595,1.81476,-2.06949,101.421,0.920678,0.189328,-13.1973,F41,10.94,onset,显示域,med_w0.03,causal_median,internal_input,True,0,10.94
10.8362,13.5556,2.71937,13.5556,t_on+4.6~5.4s中位(=08-v6.1 P 口径),0.0819246,t0+60s后中位,0.650037,-5.58345,0.650037,14.4264,11.3097,14.4264,496.12,,,,False,2.07949,0.0189657,-100,1.35139,-2.07949,100.65,85.5736,0.0176769,-0.392307,F41,12.19,restep,显示域,med_w0.03,causal_median,internal_input,True,0,12.19
0.063,14.7434,14.6804,14.7434,t_on+4.6~5.4s中位(=08-v6.1 P 口径),16.5137,t0+60s后中位,-1.59484,-1.85736,-1.59484,100.007,100.007,100.007,-13.6536,0.53,0.53,0.53,False,2.0447,0.900626,-2.36184,2.0447,-1.90946,98.4052,-0.00681181,-0.234129,-14.6814,F42,11.03,onset,显示域,med_w0.03,causal_median,internal_input,True,0,11.03
0.068,15.3134,15.2454,15.3134,t_on+4.6~5.4s中位(=08-v6.1 P 口径),16.9838,t0+60s后中位,5.93277,3.29722,5.93277,93.6618,93.6618,93.6618,-5.02404,33.73,33.73,33.73,False,2.21791,0.987373,-3.55502,2.21791,-0.603232,105.933,6.33822,0.904474,-14.2791,F43,11,onset,显示域,med_w0.03,causal_median,internal_input,True,0,11
76,4239.66,4163.66,4239.66,t_on+4.6~5.4s中位(=08-v6.1 P 口径),22201.5,t0+60s后中位,182.816,0.537385,182.816,77.8263,77.8263,77.8263,-248.581,,,3.39,True,893.808,0.951598,-25.9401,725.205,-893.808,282.816,22.1737,7611.81,-3240.42,SW1,10.84,onset,ADC域,med_w0.03,causal_median,internal_input,True,0,10.84
4811.4,11604.8,6793.41,11604.8,t_on+4.6~5.4s中位(=08-v6.1 P 口径),25340.5,t0+60s后中位,3.6308,3.6308,3.6308,35.2143,35.2143,35.2143,-198.56,,,,False,1101.08,-5.06749,-118.814,310.877,-1101.08,103.631,64.7857,246.655,-2392.25,SW1,28.63,onset,ADC域,med_w0.03,causal_median,internal_input,True,0,28.63
12297.8,16206,3908.25,16197.7,t_on+4.6~5.4s中位(=08-v6.1 P 口径),25571,t0+60s后中位,4.78803,-23.2045,4.78803,310.981,310.981,310.981,-235.046,,,,False,4462.64,0.483459,-287.424,0,-4462.64,104.575,-211.194,187.128,-12153.9,SW1,71.67,restep,ADC域,med_w0.03,causal_median,internal_input,True,0,71.67
5446.62,18089.1,12642.5,18089.1,t_on+4.6~5.4s中位(=08-v6.1 P 口径),25608.2,t0+60s后中位,-13.4805,-13.4805,-13.4805,108.822,108.822,108.822,-72.9558,,,,False,4462.64,0.546293,-62.9611,-929.587,-4462.64,86.5195,-8.82181,-1704.26,-13757.7,SW1,75.89,onset,ADC域,med_w0.03,causal_median,internal_input,True,0,75.89
19383.8,25849.4,6465.65,25849.2,t_on+4.6~5.4s中位(=08-v6.1 P 口径),22087.9,t0+60s后中位,43.1324,-71.8852,43.1324,399.792,182.127,399.792,101.306,,,,False,5470.87,0.770284,1.40585,3322.94,-5470.87,143.128,-299.796,2788.79,-25849.2,SW1,110.45,restep,ADC域,med_w0.03,causal_median,internal_input,True,0,110.45
61.0285,27162.8,27101.7,27164.3,t_on+4.6~5.4s中位(=08-v6.1 P 口径),20125.3,t0+60s后中位,5.4375,5.4375,5.4375,99.9726,99.9726,99.9726,31.41,,,0.86,True,3322.94,1.0334,4.77626,3322.94,-5.03081,105.443,0.0331032,1473.66,-27094.3,SW1,133.83,onset,ADC域,med_w0.03,causal_median,internal_input,True,0,133.83
52.8424,25247.5,25194.7,25247.5,t_on+4.6~5.4s中位(=08-v6.1 P 口径),60.6441,t0+60s后中位,11.6667,11.6667,11.6667,99.9835,99.9835,99.9835,111.636,,,3.27,True,4024.05,0.976728,10.8828,4024.05,-721.522,111.667,0.0164838,2939.39,-25190.5,SW1,185.97,onset,ADC域,med_w0.03,causal_median,internal_input,True,0,185.97
5760.98,11856,6095.06,11857.3,t_on+4.6~5.4s中位(=08-v6.1 P 口径),22087,后1/3段中位(不足60s),205.552,-8.54991,205.552,175.092,106.749,175.092,37.7149,,,,False,2774.79,0.883856,-40.0519,0,-2774.79,305.572,-75.0713,12528.5,-10671.9,SW1,217.74,restep,ADC域,med_w0.03,causal_median,internal_input,True,0,217.74
12122.1,19873.7,7751.59,19873.7,t_on+4.6~5.4s中位(=08-v6.1 P 口径),22087,后1/3段中位(不足60s),58.2078,-23.4027,58.2078,256.382,241.091,256.382,29.6551,,,,False,2561.69,0.793473,-146.389,0,-2561.69,158.208,-156.382,4512.03,-19873.7,SW1,230.64,restep,ADC域,med_w0.03,causal_median,internal_input,True,0,230.64
5209.2,20246.2,15037,20246.2,t_on+4.6~5.4s中位(=08-v6.1 P 口径),22087,后1/3段中位(不足60s),27.5294,-14.541,27.5294,134.643,124.33,134.643,15.2873,,,,False,2561.69,0.547777,9.3403,0,-2561.69,127.529,-34.6427,4139.59,-20246.2,SW1,233.05,onset,ADC域,med_w0.03,causal_median,internal_input,True,0,233.05
20414.5,25669.8,5255.31,25669.8,t_on+4.6~5.4s中位(=08-v6.1 P 口径),22087,后1/3段中位(不足60s),-24.4325,-24.4325,-24.4325,488.454,138.04,488.454,43.7413,,,,False,2341.9,0.897018,-4.43056,0,-2341.9,75.5675,-388.454,-1284.01,-25669.8,SW1,240.72,restep,ADC域,med_w0.03,causal_median,internal_input,True,0,240.72
62,14454.9,14392.9,14454.9,t_on+4.6~5.4s中位(=08-v6.1 P 口径),24132.7,后1/3段中位(不足60s),57.7647,12.8465,57.7647,100.431,65.9617,100.431,-9.4753,,,,False,2386.72,1.00174,-28.4237,2386.72,-366.396,157.765,-0.430767,8314.03,-14454.9,SW2,11.79,onset,ADC域,med_w0.03,causal_median,internal_input,True,0,11.79
13421.9,14857.9,1435.99,14851.8,t_on+4.6~5.4s中位(=08-v6.1 P 口径),24132.7,后1/3段中位(不足60s),558.108,101.123,558.108,1034.25,2.97553,1034.25,-88.2001,,,,False,2386.72,1.03995,-100,2386.72,-366.396,657.685,-934.674,8014.39,-14851.8,SW2,13.7,restep,ADC域,med_w0.03,causal_median,internal_input,True,0,13.7
14919.7,15402.5,482.756,15405.4,t_on+4.6~5.4s中位(=08-v6.1 P 口径),24132.7,后1/3段中位(不足60s),1674.68,186.118,1674.68,3191.14,123.53,3191.14,-133.132,,,,False,2386.72,0.990335,-100,2386.72,-284.015,1775.28,-3090.53,8084.61,-15405.4,SW2,14.86,restep,ADC域,med_w0.03,causal_median,internal_input,True,0,14.86
16008.1,17263.5,1255.37,17263.5,t_on+4.6~5.4s中位(=08-v6.1 P 口径),24132.7,后1/3段中位(不足60s),768.227,-7.19666,768.227,1375.17,1375.17,1375.17,221.038,,,,False,3725.69,0.931518,-1083.76,3725.69,-280.468,868.227,-1275.17,9644.1,-17263.5,SW2,31.22,restep,ADC域,med_w0.03,causal_median,internal_input,True,0,31.22
37.4533,21643.3,21605.8,21638.9,t_on+4.6~5.4s中位(=08-v6.1 P 口径),24132.7,后1/3段中位(不足60s),26.0489,4.92746,26.0489,100.042,86.8886,100.042,14.5062,,,,False,3725.69,1,-8.67209,3725.69,-14.3548,126.028,-0.0622669,5628.08,-21614.9,SW2,35.96,onset,ADC域,med_w0.03,causal_median,internal_input,True,0,35.96
38,25208.6,25170.6,25208.6,t_on+4.6~5.4s中位(=08-v6.1 P 口径),24132.7,后1/3段中位(不足60s),8.60249,7.24184,8.60249,97.4025,97.4025,97.4025,12.8767,,,,False,3725.69,1.05595,4.00582,3725.69,0,108.602,2.59753,2165.3,-24516.8,SW2,57.3,onset,ADC域,med_w0.03,causal_median,internal_input,True,0,57.3
69.5019,17684,17614.5,17684,t_on+4.6~5.4s中位(=08-v6.1 P 口径),27304.9,后1/3段中位(不足60s),59.4166,-12.1851,59.4166,100.395,69.1626,100.395,4.79769,,,,False,5393.67,1.00483,-43.5969,3966.62,-5393.67,159.417,-0.394571,10466,-17684,SW3,10.92,onset,ADC域,med_w0.03,causal_median,internal_input,True,0,10.92
18559.8,25621.6,7061.76,25621.6,t_on+4.6~5.4s中位(=08-v6.1 P 口径),27304.9,后1/3段中位(不足60s),38.0847,-58.2522,38.0847,362.821,136.151,362.821,14.2475,,,,False,5393.67,1.88595,-27.0599,3966.62,-5393.67,138.085,-262.821,2689.45,-25621.6,SW3,20.72,restep,ADC域,med_w0.03,causal_median,internal_input,True,0,20.72
55.4354,26635.5,26580.1,26635.5,t_on+4.6~5.4s中位(=08-v6.1 P 口径),27304.9,后1/3段中位(不足60s),6.67861,5.69767,6.67861,100.028,85.9447,100.028,4.16036,,,,False,3966.62,1.02549,-8.80307,3966.62,0,106.679,-0.0279737,1775.18,-26587.5,SW3,39.08,onset,ADC域,med_w0.03,causal_median,internal_input,True,0,39.08
27715.8,53,-27662.8,53,段末帧(退化),27304.9,后1/3段中位(不足60s),0.0180748,0.0180748,0.0180748,102.275,102.275,102.275,98.5327,,,,False,740.807,1.01789,2.27578,740.807,0,2.27529,-100.018,28292.2,-5,SW3,60.78,restep,ADC域,med_w0.03,causal_median,internal_input,True,0,60.78
84,15448.2,15364.2,15448.2,t_on+4.6~5.4s中位(=08-v6.1 P 口径),24173.7,t0+60s后中位,52.5356,-2.88193,52.5356,69.5875,69.5875,69.5875,-4.25572,,,,False,1937.67,0.942518,-33.8745,1756.55,-1937.67,152.536,30.4125,8071.65,-10691.5,SW4,8.41,onset,ADC域,med_w0.03,causal_median,internal_input,True,0,8.41
16082.7,22497,6414.36,22497,t_on+4.6~5.4s中位(=08-v6.1 P 口径),27883.7,t0+60s后中位,15.9456,-18.8204,15.9456,117.011,117.011,117.011,-68.0329,,,,False,2192.59,0.939268,-1.81974,0,-2192.59,115.946,-17.0114,1022.81,-7505.53,SW4,18.68,restep,ADC域,med_w0.03,causal_median,internal_input,True,0,18.68
22913.5,24096.2,1182.68,24095.9,t_on+4.6~5.4s中位(=08-v6.1 P 口径),28247.1,t0+60s后中位,-48.7095,-48.7095,-48.7095,636.685,636.685,636.685,-399.709,,,,False,2287.13,0.513021,-113.612,0,-2287.13,51.2654,-536.71,-576.077,-7529.93,SW4,26.57,restep,ADC域,med_w0.03,causal_median,internal_input,True,0,26.57
19467.8,24133.1,4665.25,24132.6,t_on+4.6~5.4s中位(=08-v6.1 P 口径),28278.7,t0+60s后中位,-13.1349,-13.1349,-13.1349,135.129,135.129,135.129,-102.007,,,,False,2306.87,0.642897,6.23562,0,-2306.87,86.8554,-35.1382,-612.776,-6304.09,SW4,27.6,restep,ADC域,med_w0.03,causal_median,internal_input,True,0,27.6
20983.2,24429.9,3446.68,24428.6,t_on+4.6~5.4s中位(=08-v6.1 P 口径),27976.7,后1/3段中位(不足60s),156.684,-72.936,156.684,708.757,119.527,708.757,53.7433,,,,False,3772.24,0.899879,-87.3283,3772.24,-2923.59,256.647,-608.794,5400.39,-24428.6,SW4,61.37,restep,ADC域,med_w0.03,causal_median,internal_input,True,0,61.37
75,27895.6,27820.6,27895.6,t_on+4.6~5.4s中位(=08-v6.1 P 口径),27976.7,后1/3段中位(不足60s),23.3182,6.94954,23.3182,100.056,40.297,100.056,23.0269,,,,False,3772.24,1.10442,-52.8322,3772.24,-9.23203,123.318,-0.0562222,6487.26,-27836.3,SW4,88,onset,ADC域,med_w0.03,causal_median,internal_input,True,0,88
28338.1,30739.9,2401.8,30739.9,t_on+4.6~5.4s中位(=08-v6.1 P 口径),27976.7,后1/3段中位(不足60s),151.679,126.166,151.679,1277.4,11.9812,1277.4,266.726,,,,False,3552.87,1.04441,-76.6501,3552.87,0,251.679,-1177.4,3643.02,-30680.5,SW4,99.36,restep,ADC域,med_w0.03,causal_median,internal_input,True,0,99.36
29454.2,32163.6,2709.42,32157.3,t_on+4.6~5.4s中位(=08-v6.1 P 口径),27976.7,后1/3段中位(不足60s),82.1415,82.1415,82.1415,1184.68,-16.6858,1184.68,236.442,,,,False,2594.23,1.08656,-42.6579,2594.23,0,181.908,-1084.91,2225.56,-32098,SW4,104.24,restep,ADC域,med_w0.03,causal_median,internal_input,True,0,104.24
0.547879,14.7063,14.1584,14.7049,t_on+4.6~5.4s中位(=08-v6.1 P 口径),1.16299,t0+60s后中位,4.71526,-1.23916,4.71526,90.8241,90.8241,90.8241,100.361,0.52,0.52,0.52,False,2.25111,0.871115,-10.9337,1.68507,-2.25111,104.706,9.16621,0.667605,-12.8592,RT1,8.27,onset,显示域,med_w0.05,causal_median,internal_input,True,0,8.27
14.6229,15.8374,1.21448,15.8239,t_on+4.6~5.4s中位(=08-v6.1 P 口径),1.11159,t0+60s后中位,-37.1689,-37.1689,-37.1689,119.412,113.95,119.412,1174.24,,,,False,2.54748,-0.0225514,-78.7003,-0.237854,-2.54748,61.7241,-20.5194,-0.45141,-1.45024,RT1,13.6,restep,显示域,med_w0.05,causal_median,internal_input,True,0,13.6
0.293917,16.7247,16.4307,16.7247,t_on+4.6~5.4s中位(=08-v6.1 P 口径),19.7618,t0+60s后中位,-0.93979,-2.10639,-0.93979,100.07,100.07,100.07,-19.4245,0.57,0.57,0.57,False,2.41058,0.879633,-2.67508,2.05718,-2.41058,99.0602,-0.0695465,-0.154414,-16.4422,RT2,12.32,onset,显示域,med_w0.05,causal_median,internal_input,True,0,12.32
20.8284,22.0161,1.18769,22.0165,t_on+4.6~5.4s中位(=08-v6.1 P 口径),0.329073,t0+60s后中位,-420.888,-420.888,-420.888,1853.72,715.46,1853.72,1405.12,,,,False,6.07725,0.762901,-50.537,0,-6.07725,-320.853,-1753.68,-4.99887,-22.0165,RT2,147.11,restep,显示域,med_w0.05,causal_median,internal_input,True,0,147.11
0.043,16.5482,16.5052,16.5369,t_on+4.6~5.4s中位(=08-v6.1 P 口径),20.5365,t0+60s后中位,7.74654,5.23852,7.74654,99.9315,99.9315,99.9315,-16.486,,,,False,2.31708,0.947226,4.84244,2.31708,-1.27448,107.678,0,1.27858,-16.4939,RT3,10.59,onset,显示域,med_w0.05,causal_median,internal_input,True,0,10.59
0,15.282,15.282,15.282,t_on+4.6~5.4s中位(=08-v6.1 P 口径),17.8105,t0+60s后中位,13.0303,4.86143,13.0303,100,100,100,-3.51487,,,,False,2.18404,1.01276,4.41546,2.18404,-0.0610151,113.03,0,1.99129,-15.282,LT1,11.69,onset,显示域,med_w0.05,causal_median,internal_input,True,0,11.69
0,16.1225,16.1225,16.1225,t_on+4.6~5.4s中位(=08-v6.1 P 口径),18.0025,t0+60s后中位,4.4205,4.4205,4.4205,94.6534,94.6534,94.6534,-7.24058,1.69,1.69,1.69,False,2.40689,0.951955,-1.4255,2.40689,-1.10286,104.42,5.34656,0.712694,-15.2605,LT2,14.92,onset,显示域,med_w0.05,causal_median,internal_input,True,0,14.92
0,17.5153,17.5153,17.5153,t_on+4.6~5.4s中位(=08-v6.1 P 口径),18.8585,t0+60s后中位,5.94703,3.67103,5.94703,100,100,100,-1.72162,,,79.13,True,2.43622,1.00484,3.14328,2.43622,-0.0958123,105.947,0,1.04164,-17.5153,LT3,10.87,onset,显示域,med_w0.05,causal_median,internal_input,True,0,10.87
0.064,13.3847,13.3207,13.3847,t_on+4.6~5.4s中位(=08-v6.1 P 口径),0.0923558,t0+60s后中位,1.38719,-0.64405,1.38719,100.094,100.094,100.094,101.174,0.53,0.53,0.53,False,2.07187,0.886078,-0.942695,1.81341,-2.07187,101.387,-0.0938178,0.184784,-13.3332,F41,10.94,onset,显示域,med_w0.05,causal_median,internal_input,True,0,10.94
10.8329,13.5498,2.71693,13.5498,t_on+4.6~5.4s中位(=08-v6.1 P 口径),0.081506,t0+60s后中位,0.725258,-5.43513,0.725258,14.0311,11.1861,14.0311,496.443,,,,False,2.0818,0.0218544,-100,1.36657,-2.0818,100.725,85.9689,0.0197048,-0.381215,F41,12.19,restep,显示域,med_w0.05,causal_median,internal_input,True,0,12.19
0.063,14.7434,14.6804,14.7434,t_on+4.6~5.4s中位(=08-v6.1 P 口径),16.5477,t0+60s后中位,-1.60049,-2.04056,-1.60049,100.007,100.007,100.007,-13.8911,0.54,0.54,0.54,False,2.0391,0.900908,-2.36155,2.0391,-1.90833,98.3995,-0.00681181,-0.234958,-14.6814,F42,11.03,onset,显示域,med_w0.05,causal_median,internal_input,True,0,11.03
0.068,15.3137,15.2457,15.3137,t_on+4.6~5.4s中位(=08-v6.1 P 口径),16.9829,t0+60s后中位,5.93325,3.32978,5.93325,99.5584,99.5584,99.5584,-5.01495,34.13,34.13,34.13,False,2.21284,0.988378,2.36114,2.21284,-0.599019,105.933,0.441575,0.904568,-15.1784,F43,11,onset,显示域,med_w0.05,causal_median,internal_input,True,0,11
76,4238.84,4162.84,4238.84,t_on+4.6~5.4s中位(=08-v6.1 P 口径),22201.1,t0+60s后中位,172.122,0.0883231,172.122,81.091,81.091,81.091,-259.37,,,3.4,True,915.882,0.951623,-22.6576,724.555,-915.882,272.122,18.909,7165.16,-3375.69,SW1,10.84,onset,ADC域,med_w0.05,causal_median,internal_input,True,0,10.84
4814.26,11603.2,6788.96,11603.2,t_on+4.6~5.4s中位(=08-v6.1 P 口径),25340.8,t0+60s后中位,-2.9345,-2.9345,-2.9345,34.5919,34.5919,34.5919,-205.287,,,,False,1125.3,-0.726722,-112.57,270.558,-1125.3,97.0655,65.4081,-199.222,-2348.43,SW1,28.63,onset,ADC域,med_w0.05,causal_median,internal_input,True,0,28.63
12295.1,16178.2,3883.18,16178.2,t_on+4.6~5.4s中位(=08-v6.1 P 口径),25570.6,t0+60s后中位,3.65131,-28.6761,3.65131,313.832,313.832,313.832,-238.221,,,,False,4576.47,0.466725,-289.981,0,-4576.47,103.651,-213.832,141.787,-12186.7,SW1,71.67,restep,ADC域,med_w0.05,causal_median,internal_input,True,0,71.67
5445.17,18083.4,12638.2,18083.4,t_on+4.6~5.4s中位(=08-v6.1 P 口径),25609.5,t0+60s后中位,-13.9525,-13.9525,-13.9525,109.327,109.327,109.327,-73.5029,,,,False,4576.47,0.590723,-56.0746,-1001.7,-4576.47,86.0475,-9.32728,-1763.35,-13817,SW1,75.89,onset,ADC域,med_w0.05,causal_median,internal_input,True,0,75.89
19384.4,25848.8,6464.41,25848.8,t_on+4.6~5.4s中位(=08-v6.1 P 口径),22085.3,t0+60s后中位,44.6135,-73.863,44.6135,399.863,183.464,399.863,102.832,,,,False,5465.96,0.782117,-23.1358,3414.66,-5465.96,144.613,-299.863,2884,-25848.8,SW1,110.45,restep,ADC域,med_w0.05,causal_median,internal_input,True,0,110.45
61.0285,27162.9,27101.9,27163.3,t_on+4.6~5.4s中位(=08-v6.1 P 口径),20126.5,t0+60s后中位,6.12802,5.79112,6.12802,99.9683,99.9683,99.9683,32.0923,,,,False,3414.66,1.04072,5.07478,3414.66,-4.67081,106.129,0.033103,1660.81,-27093.3,SW1,133.83,onset,ADC域,med_w0.05,causal_median,internal_input,True,0,133.83
52.8424,25246.5,25193.7,25246.5,t_on+4.6~5.4s中位(=08-v6.1 P 口径),60.6441,t0+60s后中位,11.8686,11.8686,11.8686,99.9635,99.9635,99.9635,111.838,,,3.86,True,4083.18,0.975738,11.0292,4083.18,-803.305,111.869,0.0364857,2990.14,-25184.5,SW1,185.97,onset,ADC域,med_w0.05,causal_median,internal_input,True,0,185.97
5760.42,11849.8,6089.34,11851.3,t_on+4.6~5.4s中位(=08-v6.1 P 口径),22085.2,后1/3段中位(不足60s),196.276,-8.41456,196.276,173.254,107.893,173.254,28.215,,,,False,3177.03,0.866078,-41.6173,0,-3177.03,296.302,-73.2279,11951.9,-10550,SW1,217.74,restep,ADC域,med_w0.05,causal_median,internal_input,True,0,217.74
12123.6,19870.5,7746.95,19870.5,t_on+4.6~5.4s中位(=08-v6.1 P 口径),22085.2,后1/3段中位(不足60s),50.7647,-27.0926,50.7647,256.495,239.697,256.495,22.1779,,,,False,3177.03,0.75366,-146.721,0,-3177.03,150.765,-156.495,3932.71,-19870.5,SW1,230.64,restep,ADC域,med_w0.05,causal_median,internal_input,True,0,230.64
5211.3,20245.9,15034.6,20245.9,t_on+4.6~5.4s中位(=08-v6.1 P 口径),22085.2,后1/3段中位(不足60s),23.6612,-16.4567,23.6612,134.662,125.754,134.662,11.4277,,,,False,3177.03,0.455487,8.57898,0,-3177.03,123.661,-34.662,3557.37,-20245.9,SW1,233.05,onset,ADC域,med_w0.05,causal_median,internal_input,True,0,233.05
20413.4,25668.1,5254.61,25668.1,t_on+4.6~5.4s中位(=08-v6.1 P 口径),22085.2,后1/3段中位(不足60s),-35.4888,-35.4888,-35.4888,488.487,149.938,488.487,32.6972,,,,False,2978.29,0.866577,-4.72493,0,-2978.29,64.5112,-388.487,-1864.79,-25668.1,SW1,240.72,restep,ADC域,med_w0.05,causal_median,internal_input,True,0,240.72
62,14452.7,14390.7,14452.7,t_on+4.6~5.4s中位(=08-v6.1 P 口径),24133.1,后1/3段中位(不足60s),58.2847,12.7427,58.2847,100.431,76.5427,100.431,-8.98343,,,,False,2411.03,1.00266,-17.8095,2411.03,-361.98,158.285,-0.430667,8387.59,-14452.7,SW2,11.79,onset,ADC域,med_w0.05,causal_median,internal_input,True,0,11.79
13418.6,14856.7,1438.1,14851,t_on+4.6~5.4s中位(=08-v6.1 P 口径),24133.1,后1/3段中位(不足60s),560.556,99.815,560.556,1032.68,2.06126,1032.68,-84.88,,,,False,2411.03,1.04363,-102.71,2411.03,-361.98,660.161,-933.075,8061.38,-14851,SW2,13.7,restep,ADC域,med_w0.05,causal_median,internal_input,True,0,13.7
14914.2,15403.4,489.21,15407.7,t_on+4.6~5.4s中位(=08-v6.1 P 口径),24133.1,后1/3段中位(不足60s),1666.35,179.632,1666.35,3149.5,119.848,3149.5,-117.218,,,,False,2411.03,0.99059,-100,2411.03,-280.229,1767.23,-3048.62,8151.94,-15407.7,SW2,14.86,restep,ADC域,med_w0.05,causal_median,internal_input,True,0,14.86
16008.3,17124.6,1116.28,17124.6,t_on+4.6~5.4s中位(=08-v6.1 P 口径),24133.1,后1/3段中位(不足60s),877.221,0.00652345,877.221,1534.08,1534.08,1534.08,249.375,,,,False,3664.16,0.93774,-1361.28,3664.16,-278.683,977.221,-1434.08,9792.22,-17124.5,SW2,31.22,restep,ADC域,med_w0.05,causal_median,internal_input,True,0,31.22
37.4158,21643.7,21606.3,21638.8,t_on+4.6~5.4s中位(=08-v6.1 P 口径),24133.1,后1/3段中位(不足60s),26.0543,5.25936,26.0543,100.039,89.7266,100.039,14.5099,,,,False,3664.16,1,-5.52372,3664.16,-13.4808,126.031,-0.0620919,5629.37,-21614.8,SW2,35.96,onset,ADC域,med_w0.05,causal_median,internal_input,True,0,35.96
38,25209.1,25171.1,25209.1,t_on+4.6~5.4s中位(=08-v6.1 P 口径),24133.1,后1/3段中位(不足60s),8.60979,6.78419,8.60979,97.6461,97.6461,97.6461,12.8848,,,,False,3664.16,1.05599,4.26516,3664.16,0,108.61,2.35394,2167.18,-24578.6,SW2,57.3,onset,ADC域,med_w0.05,causal_median,internal_input,True,0,57.3
69.5025,17666.7,17597.2,17666.7,t_on+4.6~5.4s中位(=08-v6.1 P 口径),27304.4,后1/3段中位(不足60s),59.5776,-12.1139,59.5776,100.395,69.699,100.395,4.80909,,,,False,5365.49,1.00406,-42.976,3966.84,-5365.49,159.578,-0.394965,10484,-17666.7,SW3,10.92,onset,ADC域,med_w0.05,causal_median,internal_input,True,0,10.92
18560.4,25622.8,7062.4,25622.8,t_on+4.6~5.4s中位(=08-v6.1 P 口径),27304.4,后1/3段中位(不足60s),38.2845,-57.923,38.2845,362.806,137.809,362.806,14.4749,,,,False,5365.49,1.86968,-25.0977,3966.84,-5365.49,138.285,-262.806,2703.81,-25622.8,SW3,20.72,restep,ADC域,med_w0.05,causal_median,internal_input,True,0,20.72
55.5935,26633.2,26577.6,26633.2,t_on+4.6~5.4s中位(=08-v6.1 P 口径),27304.4,后1/3段中位(不足60s),6.73858,5.7096,6.73858,100.029,85.9776,100.029,4.21311,,,,False,3966.84,1.02613,-8.73793,3966.84,0,106.739,-0.028571,1790.95,-26585.2,SW3,39.08,onset,ADC域,med_w0.05,causal_median,internal_input,True,0,39.08
27717.3,54,-27663.3,54,段末帧(退化),27304.4,后1/3段中位(不足60s),0.0216894,0.0216894,0.0216894,102.441,102.441,102.441,98.529,,,,False,840.065,1.01847,2.44471,840.065,0,2.44105,-100.022,28338.6,-6,SW3,60.78,restep,ADC域,med_w0.05,causal_median,internal_input,True,0,60.78
84,15446.9,15362.9,15446.9,t_on+4.6~5.4s中位(=08-v6.1 P 口径),24174.8,t0+60s后中位,51.8512,-2.95614,51.8512,73.6286,73.6286,73.6286,-4.96057,,,,False,1919.27,0.945067,-29.8399,1753.82,-1919.27,151.851,26.3714,7965.83,-11311.5,SW4,8.41,onset,ADC域,med_w0.05,causal_median,internal_input,True,0,8.41
16082.4,22494.2,6411.85,22494.2,t_on+4.6~5.4s中位(=08-v6.1 P 口径),27882.8,t0+60s后中位,14.3247,-18.5322,14.3247,117.012,117.012,117.012,-69.716,,,,False,2173.57,0.940318,-1.51978,0,-2173.57,114.325,-17.0124,918.478,-7502.66,SW4,18.68,restep,ADC域,med_w0.05,causal_median,internal_input,True,0,18.68
22915.4,24096.7,1181.35,24096.7,t_on+4.6~5.4s中位(=08-v6.1 P 口径),28249.5,t0+60s后中位,-57.8985,-57.8985,-57.8985,634.483,634.483,634.483,-409.427,,,,False,2268.8,0.586442,-110.629,0,-2268.8,42.1015,-534.483,-683.982,-7495.44,SW4,26.57,restep,ADC域,med_w0.05,causal_median,internal_input,True,0,26.57
19538.6,24133.6,4594.94,24131.7,t_on+4.6~5.4s中位(=08-v6.1 P 口径),28281.2,t0+60s后中位,-15.6477,-15.6477,-15.6477,136.699,136.699,136.699,-105.953,,,,False,2288.13,0.641904,7.73818,0,-2288.13,84.3115,-36.7399,-719.003,-6281.24,SW4,27.6,restep,ADC域,med_w0.05,causal_median,internal_input,True,0,27.6
20983.2,24429.2,3445.93,24428.8,t_on+4.6~5.4s中位(=08-v6.1 P 口径),27978.9,后1/3段中位(不足60s),155.81,-72.2603,155.81,708.917,118.362,708.917,52.7869,,,,False,3758.75,0.900617,-87.7851,3758.75,-2929.08,255.798,-608.929,5369.09,-24428.8,SW4,61.37,restep,ADC域,med_w0.05,causal_median,internal_input,True,0,61.37
75,27895.4,27820.4,27895.4,t_on+4.6~5.4s中位(=08-v6.1 P 口径),27978.9,后1/3段中位(不足60s),23.2499,6.8383,23.2499,100.055,42.2268,100.055,22.9499,,,,False,3758.75,1.09993,-50.9859,3758.75,-9.1682,123.25,-0.0554746,6468.22,-27835.9,SW4,88,onset,ADC域,med_w0.05,causal_median,internal_input,True,0,88
28338.7,30675.8,2337.1,30675.8,t_on+4.6~5.4s中位(=08-v6.1 P 口径),27978.9,后1/3段中位(不足60s),157.796,130.316,157.796,1310.01,10.3797,1310.01,273.192,,,,False,3526.67,1.04394,-78.2752,3526.67,0,257.796,-1210.01,3687.85,-30616.2,SW4,99.36,restep,ADC域,med_w0.05,causal_median,internal_input,True,0,99.36
29452.7,32162.6,2709.94,32165.3,t_on+4.6~5.4s中位(=08-v6.1 P 口径),27978.9,后1/3段中位(不足60s),81.122,81.122,81.122,1184.74,-15.5548,1184.74,235.605,,,,False,2580.13,1.08623,-40.8656,2580.13,0,181.22,-1084.64,2198.36,-32105.7,SW4,104.24,restep,ADC域,med_w0.05,causal_median,internal_input,True,0,104.24
0.549576,14.705,14.1554,14.7032,t_on+4.6~5.4s中位(=08-v6.1 P 口径),1.16466,t0+60s后中位,4.2021,-1.84105,4.2021,98.43,98.43,98.43,99.8445,0.54,0.54,0.54,False,2.27038,0.878846,-3.411,1.66772,-2.27038,104.19,1.55755,0.594824,-13.9332,RT1,8.27,onset,显示域,med_w0.1,causal_median,internal_input,True,0,8.27
14.614,15.8374,1.22343,15.823,t_on+4.6~5.4s中位(=08-v6.1 P 口径),1.11221,t0+60s后中位,-42.9066,-42.9066,-42.9066,119.41,114.019,119.41,1159.51,,,,False,2.56528,0.00184917,-75.837,-0.255899,-2.56528,55.9133,-20.5905,-0.524932,-1.4609,RT1,13.6,restep,显示域,med_w0.1,causal_median,internal_input,True,0,13.6
0.292339,16.7208,16.4285,16.7208,t_on+4.6~5.4s中位(=08-v6.1 P 口径),19.7646,t0+60s后中位,-1.11376,-2.79103,-1.11376,100.042,100.042,100.042,-19.641,0.59,0.59,0.59,False,2.4312,0.878416,-2.82904,2.08921,-2.4312,98.8862,-0.0421206,-0.182974,-16.4354,RT2,12.32,onset,显示域,med_w0.1,causal_median,internal_input,True,0,12.32
20.8339,22.0177,1.18378,22.0178,t_on+4.6~5.4s中位(=08-v6.1 P 口径),0.329269,t0+60s后中位,-360.471,-363.225,-360.471,1859.95,600.519,1859.95,1471.66,,,,False,4.83468,0.761664,12.9002,0,-4.83468,-260.464,-1759.94,-4.26721,-22.0178,RT2,147.11,restep,显示域,med_w0.1,causal_median,internal_input,True,0,147.11
0.043,16.5456,16.5026,16.5372,t_on+4.6~5.4s中位(=08-v6.1 P 口径),20.5373,t0+60s后中位,12.7409,5.21216,12.7409,99.9282,99.9282,99.9282,-11.4981,,,,False,2.3275,1.00744,4.81084,2.3275,-0.179697,112.69,0.0212088,2.10257,-16.4907,RT3,10.59,onset,显示域,med_w0.1,causal_median,internal_input,True,0,10.59
0,15.2822,15.2822,15.2822,t_on+4.6~5.4s中位(=08-v6.1 P 口径),17.8118,t0+60s后中位,12.9415,4.86977,12.9415,100,100,100,-3.61111,,,,False,2.19142,1.01307,4.44651,2.19142,-0.0483535,112.942,0,1.97775,-15.2822,LT1,11.69,onset,显示域,med_w0.1,causal_median,internal_input,True,0,11.69
0,16.1176,16.1176,16.1176,t_on+4.6~5.4s中位(=08-v6.1 P 口径),18.0047,t0+60s后中位,4.67508,4.67508,4.67508,99.7361,99.7361,99.7361,-7.03348,1.71,1.71,1.71,False,2.44434,0.954888,3.83231,2.44434,-1.09191,104.675,0.263941,0.75351,-16.0751,LT2,14.92,onset,显示域,med_w0.1,causal_median,internal_input,True,0,14.92
0,17.5074,17.5074,17.5074,t_on+4.6~5.4s中位(=08-v6.1 P 口径),18.8576,t0+60s后中位,5.97015,3.4488,5.97015,100,100,100,-1.74229,,,77.97,True,2.44225,1.00483,3.18922,2.44225,-0.0859338,105.97,0,1.04522,-17.5074,LT3,10.87,onset,显示域,med_w0.1,causal_median,internal_input,True,0,10.87
0.064,13.3816,13.3176,13.3816,t_on+4.6~5.4s中位(=08-v6.1 P 口径),0.0877313,t0+60s后中位,0.943571,-0.963025,0.943571,99.8774,99.8774,99.8774,100.765,0.55,0.55,0.55,False,2.12084,0.883155,-1.45686,1.77483,-2.12084,100.944,0.122589,0.125661,-13.3013,F41,10.94,onset,显示域,med_w0.1,causal_median,internal_input,True,0,10.94
10.8141,13.5475,2.73336,13.5475,t_on+4.6~5.4s中位(=08-v6.1 P 口径),0.0812277,t0+60s后中位,-1.47129,-7.21847,-1.47129,15.2538,12.6014,15.2538,491.192,,,,False,2.13063,0.0257487,-100,1.35702,-2.13063,98.5287,84.7462,-0.0402157,-0.41694,F41,12.19,restep,显示域,med_w0.1,causal_median,internal_input,True,0,12.19
0.063,14.7377,14.6747,14.7377,t_on+4.6~5.4s中位(=08-v6.1 P 口径),16.6084,t0+60s后中位,-1.83692,-2.29192,-1.83692,99.9851,99.9851,99.9851,-14.5846,0.57,0.57,0.57,False,1.99709,0.899011,-2.52788,1.99709,-1.94232,98.1631,0.0149075,-0.269564,-14.6726,F42,11.03,onset,显示域,med_w0.1,causal_median,internal_input,True,0,11.03
0.0680002,15.3139,15.2459,15.3139,t_on+4.6~5.4s中位(=08-v6.1 P 口径),16.9821,t0+60s后中位,5.81687,3.28423,5.81687,99.9934,99.9934,99.9934,-5.12503,34.17,34.17,34.17,False,2.19613,0.987999,2.7584,2.19613,-0.603062,105.817,0.00655803,0.886835,-15.2449,F43,11,onset,显示域,med_w0.1,causal_median,internal_input,True,0,11
76,4236.98,4160.98,4236.98,t_on+4.6~5.4s中位(=08-v6.1 P 口径),22199.7,t0+60s后中位,166.065,-1.56698,166.065,99.5334,99.5334,99.5334,-265.629,,,3.41,True,926.287,0.981959,-4.51136,715.441,-926.287,266.065,0.466564,6909.94,-4141.57,SW1,10.84,onset,ADC域,med_w0.1,causal_median,internal_input,True,0,10.84
4819.07,11601.4,6782.32,11601.4,t_on+4.6~5.4s中位(=08-v6.1 P 口径),25336.3,t0+60s后中位,-6.70072,-7.62049,-6.70072,34.8258,34.8258,34.8258,-209.211,,,,False,1145.8,0.601925,-72.7947,212.628,-1145.8,93.2993,65.1742,-454.464,-2362,SW1,28.63,onset,ADC域,med_w0.1,causal_median,internal_input,True,0,28.63
12295.1,16206.7,3911.61,16206.7,t_on+4.6~5.4s中位(=08-v6.1 P 口径),25578,t0+60s后中位,-15.4568,-29.792,-15.4568,309.759,309.759,309.759,-255.032,,,,False,4506.09,0.558412,-257.077,-873.37,-4506.09,84.5432,-209.759,-604.608,-12116.6,SW1,71.67,restep,ADC域,med_w0.1,causal_median,internal_input,True,0,71.67
5435.99,18083.5,12647.5,18083.5,t_on+4.6~5.4s中位(=08-v6.1 P 口径),25610.2,t0+60s后中位,-19.6196,-19.6196,-19.6196,97.4828,97.4828,97.4828,-79.1306,,,,False,4506.09,0.683648,-36.5016,-873.37,-4506.09,80.3804,2.51716,-2481.4,-12329.2,SW1,75.89,onset,ADC域,med_w0.1,causal_median,internal_input,True,0,75.89
19383.8,25846.9,6463.11,25846.9,t_on+4.6~5.4s中位(=08-v6.1 P 口径),22087.3,t0+60s后中位,39.2609,-72.5173,39.2609,399.915,178.95,399.915,97.4319,,,,False,5482.97,0.774107,-5.59241,2802.13,-5482.97,139.261,-299.915,2537.48,-25846.9,SW1,110.45,restep,ADC域,med_w0.1,causal_median,internal_input,True,0,110.45
61,27163.2,27102.2,27165.8,t_on+4.6~5.4s中位(=08-v6.1 P 口径),20132.9,t0+60s后中位,5.30963,4.49652,5.30963,99.9764,99.9764,99.9764,31.259,,,0.48,True,2802.13,1.03274,4.47288,2802.13,-5.13366,105.319,0.0332077,1439.03,-27095.8,SW1,133.83,onset,ADC域,med_w0.1,causal_median,internal_input,True,0,133.83
52.3136,25244.4,25192.1,25244.4,t_on+4.6~5.4s中位(=08-v6.1 P 口径),60.6815,t0+60s后中位,12.0486,12.0486,12.0486,99.9505,99.9505,99.9505,112.015,,,2.67,True,4123.44,0.981115,11.1191,4123.44,-610.877,112.049,0.0495072,3035.31,-25179.6,SW1,185.97,onset,ADC域,med_w0.1,causal_median,internal_input,True,0,185.97
5760.28,11843.7,6083.4,11843.7,t_on+4.6~5.4s中位(=08-v6.1 P 口径),22087,后1/3段中位(不足60s),220.13,0.338636,220.13,147.654,103.389,147.654,51.7485,,,,False,699.59,0.984124,-12.2794,461.698,-699.59,320.13,-47.6542,13391.4,-8982.4,SW1,217.74,restep,ADC域,med_w0.1,causal_median,internal_input,True,0,217.74
12129.5,19856,7726.54,19856,t_on+4.6~5.4s中位(=08-v6.1 P 口径),22087,后1/3段中位(不足60s),72.0214,-1.58149,72.0214,256.985,219.953,256.985,43.1471,,,,False,699.59,1,-150.037,461.698,-699.59,172.021,-156.985,5564.77,-19856,SW1,230.64,restep,ADC域,med_w0.1,causal_median,internal_input,True,0,230.64
5212.01,20241.9,15029.9,20241.9,t_on+4.6~5.4s中位(=08-v6.1 P 口径),22087,后1/3段中位(不足60s),34.4573,-3.38035,34.4573,134.678,115.64,134.678,22.181,,,,False,699.59,1,11.2787,461.698,-699.59,134.457,-34.6777,5178.9,-20241.9,SW1,233.05,onset,ADC域,med_w0.1,causal_median,internal_input,True,0,233.05
20410.6,25658,5247.34,25658,t_on+4.6~5.4s中位(=08-v6.1 P 口径),22087,后1/3段中位(不足60s),-4.52015,-11.7576,-4.52015,488.971,108.552,488.971,63.5327,,,,False,699.59,0.972606,-4.57809,0,-699.59,95.4798,-388.971,-237.188,-25658,SW1,240.72,restep,ADC域,med_w0.1,causal_median,internal_input,True,0,240.72
62.1562,14446.7,14384.5,14446.7,t_on+4.6~5.4s中位(=08-v6.1 P 口径),24129.6,后1/3段中位(不足60s),57.0656,5.99477,57.0656,100.432,99.7524,100.432,-10.2496,,,,False,2305.87,1.02077,5.30877,2305.87,-372.02,157.066,-0.432106,8208.59,-14446.7,SW2,11.79,onset,ADC域,med_w0.1,causal_median,internal_input,True,0,11.79
13410.2,14856.2,1445.92,14854.4,t_on+4.6~5.4s中位(=08-v6.1 P 口径),24129.6,后1/3段中位(不足60s),542.619,51.4388,542.619,1027.33,-13.5189,1027.33,-98.8578,,,,False,2305.87,1.05732,-100,2305.87,-372.02,642.494,-927.454,7845.84,-14854.4,SW2,13.7,restep,ADC域,med_w0.1,causal_median,internal_input,True,0,13.7
14910.1,15405.6,495.555,15407.4,t_on+4.6~5.4s中位(=08-v6.1 P 口径),24129.6,后1/3段中位(不足60s),1606.55,130.593,1606.55,3109.12,72.1643,3109.12,-153.524,,,,False,2305.87,0.997542,-100,2305.87,-299.091,1706.92,-3008.76,7961.36,-15407.4,SW2,14.86,restep,ADC域,med_w0.1,causal_median,internal_input,True,0,14.86
16014.2,17049.6,1035.4,17049.6,t_on+4.6~5.4s中位(=08-v6.1 P 口径),24129.6,后1/3段中位(不足60s),945.316,-10.2183,945.316,1646.66,1646.66,1646.66,261.518,,,,False,3672.73,0.948963,-1615.85,3672.73,-299.091,1045.32,-1546.66,9787.8,-17049.6,SW2,31.22,restep,ADC域,med_w0.1,causal_median,internal_input,True,0,31.22
37.2758,21641.9,21604.7,21639.9,t_on+4.6~5.4s中位(=08-v6.1 P 口径),24129.6,后1/3段中位(不足60s),25.3901,4.14543,25.3901,100.049,99.8687,100.049,13.8662,,,,False,3672.73,1,4.01411,3672.73,-9.77683,125.381,-0.0587625,5485.45,-21615.3,SW2,35.96,onset,ADC域,med_w0.1,causal_median,internal_input,True,0,35.96
38,25212.5,25174.5,25212.5,t_on+4.6~5.4s中位(=08-v6.1 P 口径),24129.6,后1/3段中位(不足60s),8.07314,6.45421,8.07314,100.001,100.001,100.001,12.3749,,,,False,3672.73,1.04993,6.37287,3672.73,0,108.073,-0.000965832,2032.38,-25174.8,SW2,57.3,onset,ADC域,med_w0.1,causal_median,internal_input,True,0,57.3
69.6602,17657.6,17587.9,17657.6,t_on+4.6~5.4s中位(=08-v6.1 P 口径),27308.7,后1/3段中位(不足60s),59.4498,-4.51015,59.4498,100.396,80.0969,100.396,4.57597,,,,False,4009.06,1.00272,-24.4782,3933.69,-4009.06,159.45,-0.396069,10456,-17657.6,SW3,10.92,onset,ADC域,med_w0.1,causal_median,internal_input,True,0,10.92
18553.9,25616.8,7062.95,25616.8,t_on+4.6~5.4s中位(=08-v6.1 P 口径),27308.7,后1/3段中位(不足60s),37.3538,-38.2662,37.3538,362.693,120.914,362.693,13.3987,,,,False,4009.06,1.60031,-21.1668,3933.69,-4009.06,137.354,-262.693,2638.28,-25616.8,SW3,20.72,restep,ADC域,med_w0.1,causal_median,internal_input,True,0,20.72
55.1827,26627.7,26572.6,26627.7,t_on+4.6~5.4s中位(=08-v6.1 P 口径),27308.7,后1/3段中位(不足60s),6.40306,5.59157,6.40306,100.027,100.008,100.027,3.84024,,,,False,3933.69,1.02126,5.19576,3933.69,0,106.403,-0.0270304,1701.46,-26579.7,SW3,39.08,onset,ADC域,med_w0.1,causal_median,internal_input,True,0,39.08
27716.8,54,-27662.8,54,段末帧(退化),27308.7,后1/3段中位(不足60s),0.0216898,0.0216898,0.0216898,102.053,102.053,102.053,98.5466,,,,False,779.969,1.01789,2.05907,779.969,0,2.05341,-100.022,28230.8,-6,SW3,60.78,restep,ADC域,med_w0.1,causal_median,internal_input,True,0,60.78
84,15438.5,15354.5,15438.5,t_on+4.6~5.4s中位(=08-v6.1 P 口径),24177,t0+60s后中位,51.85,-2.68009,51.85,95.1843,95.1843,95.1843,-5.06134,,,,False,1875.12,0.955636,-7.52001,1839.75,-1875.12,151.85,4.81573,7961.31,-14615.1,SW4,8.41,onset,ADC域,med_w0.1,causal_median,internal_input,True,0,8.41
16083.9,22492.5,6408.66,22492.5,t_on+4.6~5.4s中位(=08-v6.1 P 口径),27881.2,t0+60s后中位,14.1571,-17.1551,14.1571,115.808,115.808,115.808,-69.9264,,,,False,2034.66,0.935966,-1.34671,0,-2034.66,114.157,-15.8084,907.281,-7421.77,SW4,18.68,restep,ADC域,med_w0.1,causal_median,internal_input,True,0,18.68
22923.9,24093.3,1169.45,24093.3,t_on+4.6~5.4s中位(=08-v6.1 P 口径),28257.8,t0+60s后中位,-59.3002,-59.3002,-59.3002,557.222,557.222,557.222,-415.408,,,,False,2144.08,0.59798,-156.321,0,-2144.08,40.6998,-457.222,-693.483,-6516.4,SW4,26.57,restep,ADC域,med_w0.1,causal_median,internal_input,True,0,26.57
19622,24131,4508.98,24130.7,t_on+4.6~5.4s中位(=08-v6.1 P 口径),28281.5,t0+60s后中位,-16.2099,-16.2099,-16.2099,138.044,138.044,138.044,-108.265,,,,False,2165.19,0.702808,9.72244,0,-2165.19,83.7836,-38.0505,-730.901,-6224.38,SW4,27.6,restep,ADC域,med_w0.1,causal_median,internal_input,True,0,27.6
20983.7,24430,3446.39,24428.8,t_on+4.6~5.4s中位(=08-v6.1 P 口径),27977,后1/3段中位(不足60s),155.087,-70.6214,155.087,708.823,101.575,708.823,52.1336,,,,False,3711.06,0.905645,-84.7255,3711.06,-2730.18,255.051,-608.859,5344.9,-24428.8,SW4,61.37,restep,ADC域,med_w0.1,causal_median,internal_input,True,0,61.37
75,27894.4,27819.4,27894.4,t_on+4.6~5.4s中位(=08-v6.1 P 口径),27977,后1/3段中位(不足60s),21.92,6.75551,21.92,100.054,56.8341,100.054,21.623,,,,False,3711.06,1.06279,-36.4493,3711.06,-9.31973,121.92,-0.0539501,6098,-27834.4,SW4,88,onset,ADC域,med_w0.1,causal_median,internal_input,True,0,88
28332.1,30510.5,2178.37,30510.5,t_on+4.6~5.4s中位(=08-v6.1 P 口径),27977,后1/3段中位(不足60s),159.84,132.2,159.84,1397.85,-4.28649,1397.85,276.142,,,,False,3347.97,1.04413,-65.1282,3347.97,0,259.84,-1297.85,3481.91,-30450.5,SW4,99.36,restep,ADC域,med_w0.1,causal_median,internal_input,True,0,99.36
29447.9,32165.5,2717.58,32182.8,t_on+4.6~5.4s中位(=08-v6.1 P 口径),27977,后1/3段中位(不足60s),66.5891,66.5891,66.5891,1182.03,-5.56046,1182.03,221.351,,,,False,2276.71,1.07596,-45.3445,2276.71,0,167.223,-1081.4,1809.61,-32122.8,SW4,104.24,restep,ADC域,med_w0.1,causal_median,internal_input,True,0,104.24
0.555409,14.7016,14.1462,14.7016,t_on+4.6~5.4s中位(=08-v6.1 P 口径),5.01988,t0+60s后中位,0.79565,-1.98506,0.79565,100.551,100.551,100.551,69.2361,0.6,0.6,0.6,False,2.29132,0.879095,-1.43398,1.5843,-2.29132,100.796,-0.551087,0.112554,-14.2241,RT1,8.27,onset,显示域,med_w0.2,causal_median,internal_input,True,0,8.27
14.5816,15.8345,1.25293,15.8241,t_on+4.6~5.4s中位(=08-v6.1 P 口径),1.11228,t0+60s后中位,-80.6098,-80.6098,-80.6098,117.905,112.717,117.905,1093.59,,,,False,2.58582,0.0124923,-75.9977,-0.286526,-2.58582,18.5632,-18.732,-1.00998,-1.47726,RT1,13.6,restep,显示域,med_w0.2,causal_median,internal_input,True,0,13.6
0.304126,16.7041,16.4,16.7041,t_on+4.6~5.4s中位(=08-v6.1 P 口径),19.7647,t0+60s后中位,-1.06374,-2.84363,-1.06374,100.131,100.131,100.131,-19.7261,0.65,0.65,0.65,False,2.44224,0.87843,-2.71972,1.95772,-2.44224,98.9363,-0.13059,-0.174452,-16.4214,RT2,12.32,onset,显示域,med_w0.2,causal_median,internal_input,True,0,12.32
20.8462,22.0175,1.17129,22.0175,t_on+4.6~5.4s中位(=08-v6.1 P 口径),0.32781,t0+60s后中位,-431.596,-431.596,-431.596,1879.76,585.769,1879.76,1420.18,,,,False,5.53383,0.761086,-55.8784,0,-5.53383,-331.593,-1779.76,-5.05525,-22.0175,RT2,147.11,restep,显示域,med_w0.2,causal_median,internal_input,True,0,147.11
0.043,16.5434,16.5004,16.5437,t_on+4.6~5.4s中位(=08-v6.1 P 口径),20.5378,t0+60s后中位,12.5388,5.09516,12.5388,99.9778,99.9778,99.9778,-11.6672,,,,False,2.32918,1.0062,4.76846,2.32918,-0.191017,112.541,0.0242419,2.06895,-16.4967,RT3,10.59,onset,显示域,med_w0.2,causal_median,internal_input,True,0,10.59
0,15.2816,15.2816,15.2816,t_on+4.6~5.4s中位(=08-v6.1 P 口径),17.8122,t0+60s后中位,12.8708,4.90099,12.8708,100,100,100,-3.68944,,,,False,2.19979,1.01288,4.43774,2.19979,-0.0534914,112.871,0,1.96685,-15.2816,LT1,11.69,onset,显示域,med_w0.2,causal_median,internal_input,True,0,11.69
0,16.0961,16.0961,16.0961,t_on+4.6~5.4s中位(=08-v6.1 P 口径),18.0042,t0+60s后中位,4.70877,4.70877,4.70877,100,100,100,-7.14538,1.77,1.77,1.77,False,2.40714,0.955731,4.17614,2.40714,-1.08154,104.709,0,0.757929,-16.0961,LT2,14.92,onset,显示域,med_w0.2,causal_median,internal_input,True,0,14.92
0,17.4935,17.4935,17.4935,t_on+4.6~5.4s中位(=08-v6.1 P 口径),18.8587,t0+60s后中位,5.98336,3.49822,5.98336,100,100,100,-1.82054,,,77.91,True,2.4447,1.00462,3.22449,2.4447,-0.0953904,105.983,0,1.0467,-17.4935,LT3,10.87,onset,显示域,med_w0.2,causal_median,internal_input,True,0,10.87
0.064,13.3739,13.3099,13.3739,t_on+4.6~5.4s中位(=08-v6.1 P 口径),0.0895928,t0+60s后中位,0.939062,-0.848067,0.939062,100.011,100.011,100.011,100.747,0.59,0.59,0.59,False,2.11178,0.884521,-1.21808,1.78667,-2.11178,100.939,-0.011097,0.124988,-13.3114,F41,10.94,onset,显示域,med_w0.2,causal_median,internal_input,True,0,10.94
10.702,13.5443,2.84232,13.5443,t_on+4.6~5.4s中位(=08-v6.1 P 口径),0.0810114,t0+60s后中位,-1.59772,-6.67502,-1.59772,14.1215,11.7816,14.1215,472.076,,,,False,2.12173,0.0297712,-100,1.38178,-2.12173,98.4023,85.8785,-0.0454123,-0.401379,F41,12.19,restep,显示域,med_w0.2,causal_median,internal_input,True,0,12.19
0.063,14.7033,14.6403,14.7033,t_on+4.6~5.4s中位(=08-v6.1 P 口径),16.6204,t0+60s后中位,-1.89319,-2.43003,-1.89319,100.059,100.059,100.059,-14.988,0.63,0.63,0.63,False,1.9867,0.896494,-2.53362,1.8949,-1.9867,98.1068,-0.0586764,-0.277168,-14.6489,F42,11.03,onset,显示域,med_w0.2,causal_median,internal_input,True,0,11.03
0.068,15.3113,15.2433,15.3113,t_on+4.6~5.4s中位(=08-v6.1 P 口径),16.982,t0+60s后中位,5.79732,3.2257,5.79732,99.9934,99.9934,99.9934,-5.16242,23.63,23.63,23.63,False,2.18411,0.988028,2.74208,2.18411,-0.611107,105.797,0.00656024,0.883705,-15.2423,F43,11,onset,显示域,med_w0.2,causal_median,internal_input,True,0,11
76,4232.74,4156.74,4232.74,t_on+4.6~5.4s中位(=08-v6.1 P 口径),22198.1,t0+60s后中位,166.493,-0.691374,166.493,100.034,100.034,100.034,-265.705,,,3.47,True,901.739,0.983558,-4.05517,688.78,-901.739,266.493,-0.0341265,6920.69,-4158.16,SW1,10.84,onset,ADC域,med_w0.2,causal_median,internal_input,True,0,10.84
4817.6,11598.9,6781.28,11598.9,t_on+4.6~5.4s中位(=08-v6.1 P 口径),25336.1,t0+60s后中位,-6.56876,-7.43176,-6.56876,48.626,48.626,48.626,-209.144,,,,False,1124.16,0.712364,-58.8058,215.754,-1124.16,93.4312,51.374,-445.446,-3297.46,SW1,28.63,onset,ADC域,med_w0.2,causal_median,internal_input,True,0,28.63
12295.6,16073.9,3778.35,16073.9,t_on+4.6~5.4s中位(=08-v6.1 P 口径),25576.7,t0+60s后中位,-18.8478,-25.0985,-18.8478,313.829,313.829,313.829,-270.354,,,,False,4220.43,0.550107,-280.982,0,-4220.43,81.1522,-213.829,-712.137,-11857.5,SW1,71.67,restep,ADC域,med_w0.2,causal_median,internal_input,True,0,71.67
5433.27,18072.4,12639.1,18072.4,t_on+4.6~5.4s中位(=08-v6.1 P 口径),25606.5,t0+60s后中位,-21.446,-21.446,-21.446,91.4497,91.4497,91.4497,-81.055,,,,False,4220.43,0.719708,-30.5713,0,-4220.43,78.554,8.55033,-2710.59,-11558.4,SW1,75.89,onset,ADC域,med_w0.2,causal_median,internal_input,True,0,75.89
19385.1,25842.3,6457.28,25842.3,t_on+4.6~5.4s中位(=08-v6.1 P 口径),22086.8,t0+60s后中位,40.7139,-60.6255,40.7139,400.205,169.682,400.205,98.8731,,,,False,4896.58,0.78617,-1.88698,2841.15,-4896.58,140.714,-300.205,2629.01,-25842.3,SW1,110.45,restep,ADC域,med_w0.2,causal_median,internal_input,True,0,110.45
60.9871,27164.2,27103.2,27165.2,t_on+4.6~5.4s中位(=08-v6.1 P 口径),20146.1,t0+60s后中位,5.81815,4.81923,5.81815,99.9704,99.9704,99.9704,31.7157,,,,False,2841.15,1.03804,4.78961,2841.15,-4.75081,105.822,0.033254,1576.9,-27095.2,SW1,133.83,onset,ADC域,med_w0.2,causal_median,internal_input,True,0,133.83
52.4276,25240.3,25187.9,25240.3,t_on+4.6~5.4s中位(=08-v6.1 P 口径),60.3995,t0+60s后中位,12.2484,12.2484,12.2484,99.9921,99.9921,99.9921,112.217,,,2.66,True,4178.14,0.981763,11.3241,4178.14,-557.421,112.248,0.00791038,3085.12,-25185.9,SW1,185.97,onset,ADC域,med_w0.2,causal_median,internal_input,True,0,185.97
5760.66,11830,6069.35,11832.1,t_on+4.6~5.4s中位(=08-v6.1 P 口径),22085.7,后1/3段中位(不足60s),215.916,-17.7548,215.916,143.006,102.281,143.006,46.9753,,,,False,1112.49,0.961349,-16.0455,184.189,-1112.49,315.951,-42.9712,13104.7,-8679.51,SW1,217.74,restep,ADC域,med_w0.2,causal_median,internal_input,True,0,217.74
12124.3,19823.7,7699.41,19823.7,t_on+4.6~5.4s中位(=08-v6.1 P 口径),22085.7,后1/3段中位(不足60s),68.9801,-4.70576,68.9801,257.47,216.524,257.47,39.6007,,,,False,1006.85,0.91919,-186.766,184.189,-1006.85,168.98,-157.47,5311.06,-19823.7,SW1,230.64,restep,ADC域,med_w0.2,causal_median,internal_input,True,0,230.64
5213.64,20230.1,15016.5,20230.1,t_on+4.6~5.4s中位(=08-v6.1 P 口径),22085.7,后1/3段中位(不足60s),32.6617,-5.11936,32.6617,134.719,113.725,134.719,20.3045,,,,False,1006.85,0.844435,-1.20084,184.189,-1006.85,132.662,-34.7195,4904.63,-20230.1,SW1,233.05,onset,ADC域,med_w0.2,causal_median,internal_input,True,0,233.05
20409.3,25654.3,5244.97,25654.3,t_on+4.6~5.4s中位(=08-v6.1 P 口径),22085.7,后1/3段中位(不足60s),-9.90527,-17.8948,-9.90527,489.121,112.652,489.121,58.1323,,,,False,1006.85,0.961786,-6.23507,0,-1006.85,90.0947,-389.121,-519.528,-25654.3,SW1,240.72,restep,ADC域,med_w0.2,causal_median,internal_input,True,0,240.72
62.1705,14446.5,14384.3,14446.5,t_on+4.6~5.4s中位(=08-v6.1 P 口径),24105.7,后1/3段中位(不足60s),57.5985,6.01404,57.5985,100.432,100.001,100.432,-9.55222,,,,False,2324.49,1.0684,5.537,2324.49,-351.258,157.599,-0.43221,8285.16,-14446.5,SW2,11.79,onset,ADC域,med_w0.2,causal_median,internal_input,True,0,11.79
13391.7,14847.6,1455.88,14849.2,t_on+4.6~5.4s中位(=08-v6.1 P 口径),24105.7,后1/3段中位(不足60s),544.767,50.9854,544.767,1019.94,-13.2662,1019.94,-91.0363,,,,False,2324.49,1.07832,-100,2324.49,-351.258,644.873,-919.838,7931.15,-14849.2,SW2,13.7,restep,ADC域,med_w0.2,causal_median,internal_input,True,0,13.7
14896.8,15404.4,507.576,15408.6,t_on+4.6~5.4s中位(=08-v6.1 P 口径),24105.7,后1/3段中位(不足60s),1582.75,126.45,1582.75,3035.72,72.1649,3035.72,-130.703,,,,False,2324.49,0.992278,-100,2324.49,-288.955,1683.58,-2934.89,8033.68,-15408.6,SW2,14.86,restep,ADC域,med_w0.2,causal_median,internal_input,True,0,14.86
16011,14830.3,-1180.71,14830.3,t_on+4.6~5.4s中位(=08-v6.1 P 口径),24105.7,后1/3段中位(不足60s),1256.05,1256.05,1256.05,1016.17,82.9173,1016.17,2041.63,,,,False,3556.76,0.94846,1236.17,3556.76,-288.955,916.171,-1356.05,11998,-14830.3,SW2,31.22,restep,ADC域,med_w0.2,causal_median,internal_input,True,0,31.22
37.4,21641.6,21604.2,21638.2,t_on+4.6~5.4s中位(=08-v6.1 P 口径),24105.7,后1/3段中位(不足60s),25.3652,4.52954,25.3652,100.027,99.9858,100.027,13.9436,,,,False,3556.76,1,4.51537,3556.76,-14.1695,125.349,-0.0435099,5479.94,-21610.2,SW2,35.96,onset,ADC域,med_w0.2,causal_median,internal_input,True,0,35.96
38,25208.7,25170.7,25208.7,t_on+4.6~5.4s中位(=08-v6.1 P 口径),24105.7,后1/3段中位(不足60s),8.06354,6.43439,8.06354,100,100,100,12.4458,,,,False,3556.76,1.04991,6.368,3556.76,-0.375016,108.064,0,2029.65,-25170.7,SW2,57.3,onset,ADC域,med_w0.2,causal_median,internal_input,True,0,57.3
69.6403,17650.8,17581.2,17650.8,t_on+4.6~5.4s中位(=08-v6.1 P 口径),27308.7,后1/3段中位(不足60s),59.2774,-8.02734,59.2774,100.396,85.5427,100.396,4.34478,,,,False,4736.56,1.00269,-22.6738,3888.42,-4736.56,159.277,-0.396107,10421.7,-17650.8,SW3,10.92,onset,ADC域,med_w0.2,causal_median,internal_input,True,0,10.92
18546.5,25606,7059.46,25606,t_on+4.6~5.4s中位(=08-v6.1 P 口径),27308.7,后1/3段中位(不足60s),37.958,-50.1577,37.958,362.719,131.086,362.719,13.8393,,,,False,4736.56,1.70254,-25.6646,3888.42,-4736.56,137.958,-262.719,2679.63,-25606,SW3,20.72,restep,ADC域,med_w0.2,causal_median,internal_input,True,0,20.72
55.156,26600.9,26545.7,26600.9,t_on+4.6~5.4s中位(=08-v6.1 P 口径),27308.7,后1/3段中位(不足60s),6.57148,5.54369,6.57148,100.019,100.003,100.019,3.90534,,,,False,3888.42,1.02184,5.1985,3888.42,0,106.571,-0.0194229,1744.45,-26550.9,SW3,39.08,onset,ADC域,med_w0.2,causal_median,internal_input,True,0,39.08
27717.6,53.5025,-27664.1,53.5025,段末帧(退化),27308.7,后1/3段中位(不足60s),0.0126608,0.0126608,0.0126608,102.06,102.06,102.06,98.5345,,,,False,813.325,1.01833,2.06416,813.325,0,2.0602,-100.013,28234,-3.50249,SW3,60.78,restep,ADC域,med_w0.2,causal_median,internal_input,True,0,60.78
84,15415.8,15331.8,15415.8,t_on+4.6~5.4s中位(=08-v6.1 P 口径),24153.3,t0+60s后中位,50.8055,-2.61841,50.8055,99.9683,99.9683,99.9683,-6.1835,,,,False,1840.13,0.959198,-2.65014,1840.13,-1815.25,150.806,0.0317336,7789.42,-15327,SW4,8.41,onset,ADC域,med_w0.2,causal_median,internal_input,True,0,8.41
16064.4,22485.4,6421.04,22485.4,t_on+4.6~5.4s中位(=08-v6.1 P 口径),27882.5,t0+60s后中位,11.2111,-16.5777,11.2111,115.46,115.46,115.46,-72.8428,,,,False,1985.6,0.943575,-1.15654,0,-1985.6,111.211,-15.4595,719.869,-7413.7,SW4,18.68,restep,ADC域,med_w0.2,causal_median,internal_input,True,0,18.68
22925.8,24090.5,1164.75,24090.5,t_on+4.6~5.4s中位(=08-v6.1 P 口径),28260.5,t0+60s后中位,-76.0042,-76.0042,-76.0042,543.196,543.196,543.196,-434.019,,,,False,2087.93,0.630559,-168.384,0,-2087.93,23.9958,-443.196,-885.259,-6326.88,SW4,26.57,restep,ADC域,med_w0.2,causal_median,internal_input,True,0,26.57
20252.1,24126.8,3874.72,24126.8,t_on+4.6~5.4s中位(=08-v6.1 P 口径),28282.9,t0+60s后中位,-23.7841,-23.7841,-23.7841,159.152,159.152,159.152,-131.045,,,,False,2105.94,0.698716,27.7769,0,-2105.94,76.2159,-59.1521,-921.568,-6166.7,SW4,27.6,restep,ADC域,med_w0.2,causal_median,internal_input,True,0,27.6
20982.9,24429.1,3446.21,24429.1,t_on+4.6~5.4s中位(=08-v6.1 P 口径),27975.9,后1/3段中位(不足60s),152.685,-66.5899,152.685,708.867,106.398,708.867,49.7644,,,,False,3623.27,0.90465,-69.3303,3623.27,-2615.36,252.685,-608.867,5261.83,-24429.1,SW4,61.37,restep,ADC域,med_w0.2,causal_median,internal_input,True,0,61.37
75,27889.1,27814.1,27889.1,t_on+4.6~5.4s中位(=08-v6.1 P 口径),27975.9,后1/3段中位(不足60s),18.2975,6.47786,18.2975,100.27,74.328,100.27,17.9855,,,,False,3623.27,0.999642,-19.2035,3623.27,-507.046,118.297,-0.269647,5089.29,-27889.1,SW4,88,onset,ADC域,med_w0.2,causal_median,internal_input,True,0,88
28326.4,30556.1,2229.63,30556.1,t_on+4.6~5.4s中位(=08-v6.1 P 口径),27975.9,后1/3段中位(不足60s),108.644,108.644,108.644,1370.45,-4.71336,1370.45,224.365,,,,False,2545.14,1.0428,-86.5097,2545.14,-507.046,208.644,-1270.45,2422.36,-30556.1,SW4,99.36,restep,ADC域,med_w0.2,causal_median,internal_input,True,0,99.36
29448,32161.1,2713.13,32161.5,t_on+4.6~5.4s中位(=08-v6.1 P 口径),27975.9,后1/3段中位(不足60s),18.7493,18.7493,18.7493,1185.4,46.0952,1185.4,173.022,,,,False,986.878,1.03294,-35.7377,986.878,-507.046,118.764,-1085.39,508.694,-32161.5,SW4,104.24,restep,ADC域,med_w0.2,causal_median,internal_input,True,0,104.24
0.55542,14.701,14.1456,14.701,t_on+4.6~5.4s中位(=08-v6.1 P 口径),18.0615,t0+60s后中位,1.41441,-2.11971,1.41441,100.5,100.5,100.5,-22.3419,0.65,0.65,0.65,False,2.30854,0.878058,-1.61945,1.55756,-2.30854,101.414,-0.500263,0.200077,-14.2164,RT1,8.27,onset,显示域,med_w0.3,causal_median,internal_input,True,0,8.27
14.5626,15.8314,1.26874,15.8275,t_on+4.6~5.4s中位(=08-v6.1 P 口径),1.11388,t0+60s后中位,-73.0177,-73.0177,-73.0177,118.369,112.835,118.369,1086.69,,,,False,2.60394,0.0111258,-74.9935,-0.299511,-2.60394,26.6769,-18.6747,-0.926402,-1.5018,RT1,13.6,restep,显示域,med_w0.3,causal_median,internal_input,True,0,13.6
0.307077,16.6819,16.3748,16.6819,t_on+4.6~5.4s中位(=08-v6.1 P 口径),19.7653,t0+60s后中位,-0.941985,-2.70011,-0.941985,100.211,100.211,100.211,-19.7722,0.7,0.7,0.7,False,2.44756,0.878842,-2.49695,1.95689,-2.44756,99.058,-0.211255,-0.154248,-16.4094,RT2,12.32,onset,显示域,med_w0.3,causal_median,internal_input,True,0,12.32
20.8426,22.0155,1.17289,22.0158,t_on+4.6~5.4s中位(=08-v6.1 P 口径),0.326477,t0+60s后中位,-433.223,-433.223,-433.223,1877.06,570.495,1877.06,1416,,,,False,5.51036,0.760848,-55.5188,0,-5.51036,-333.195,-1777.03,-5.08122,-22.0158,RT2,147.11,restep,显示域,med_w0.3,causal_median,internal_input,True,0,147.11
0.043,16.5416,16.4986,16.5643,t_on+4.6~5.4s中位(=08-v6.1 P 口径),20.5385,t0+60s后中位,12.7353,4.87184,12.7353,100.117,100.117,100.117,-11.3526,,,,False,2.29746,1.00882,4.71679,2.29746,-0.13362,112.873,0.0205675,2.10115,-16.5179,RT3,10.59,onset,显示域,med_w0.3,causal_median,internal_input,True,0,10.59
0,15.278,15.278,15.278,t_on+4.6~5.4s中位(=08-v6.1 P 口径),17.8118,t0+60s后中位,13.0303,4.99085,13.0303,100,100,100,-3.554,,,,False,2.21284,1.01424,4.52475,2.21284,-0.0363289,113.03,0,1.99077,-15.278,LT1,11.69,onset,显示域,med_w0.3,causal_median,internal_input,True,0,11.69
0,16.0977,16.0977,16.0977,t_on+4.6~5.4s中位(=08-v6.1 P 口径),18.0036,t0+60s后中位,4.68982,4.68982,4.68982,100,100,100,-7.15028,1.83,1.83,1.83,False,2.404,0.956164,4.12219,2.404,-1.07436,104.69,0,0.754951,-16.0977,LT2,14.92,onset,显示域,med_w0.3,causal_median,internal_input,True,0,14.92
0,17.4842,17.4842,17.4842,t_on+4.6~5.4s中位(=08-v6.1 P 口径),18.8591,t0+60s后中位,6.00593,3.60163,6.00593,100,100,100,-1.85787,,,78.02,True,2.48878,1.00487,3.28276,2.48878,-0.0990852,106.006,0,1.05009,-17.4842,LT3,10.87,onset,显示域,med_w0.3,causal_median,internal_input,True,0,10.87
0.064,13.3686,13.3046,13.3686,t_on+4.6~5.4s中位(=08-v6.1 P 口径),15.9404,t0+60s后中位,0.839691,-0.884971,0.839691,100.006,100.006,100.006,-18.4907,0.65,0.65,0.65,False,2.11522,0.884505,-1.23088,1.77232,-2.11522,100.84,-0.00551202,0.111717,-13.3053,F41,10.94,onset,显示域,med_w0.3,causal_median,internal_input,True,0,10.94
10.4714,13.5361,3.06471,13.5361,t_on+4.6~5.4s中位(=08-v6.1 P 口径),0.0817445,t0+60s后中位,-1.82233,-6.33548,-1.82233,13.0467,10.8636,13.0467,437.187,,,,False,2.12561,0.0320346,-100,1.40408,-2.12561,98.1777,86.9533,-0.0558492,-0.399843,F41,12.19,restep,显示域,med_w0.3,causal_median,internal_input,True,0,12.19
0.0632247,14.6635,14.6003,14.6635,t_on+4.6~5.4s中位(=08-v6.1 P 口径),16.6231,t0+60s后中位,-1.53944,-2.06009,-1.53944,99.9852,99.9852,99.9852,-14.9605,0.66,0.66,0.66,False,1.97003,0.897474,-2.23474,1.8903,-1.97003,98.4606,0.0147861,-0.224763,-14.5982,F42,11.03,onset,显示域,med_w0.3,causal_median,internal_input,True,0,11.03
0.068,15.3013,15.2333,15.3013,t_on+4.6~5.4s中位(=08-v6.1 P 口径),16.9818,t0+60s后中位,5.77609,3.25587,5.77609,99.9949,99.9949,99.9949,-5.25569,23.42,23.42,23.42,False,2.17834,0.98755,2.75917,2.17834,-0.620488,105.776,0.00506914,0.87989,-15.2325,F43,11,onset,显示域,med_w0.3,causal_median,internal_input,True,0,11
76,4231.3,4155.3,4231.3,t_on+4.6~5.4s中位(=08-v6.1 P 口径),22196.2,t0+60s后中位,166.621,-0.878822,166.621,99.9994,99.9994,99.9994,-265.715,,,3.51,True,895.315,0.984925,-3.92054,657.158,-895.315,266.621,0.000557606,6923.61,-4155.28,SW1,10.84,onset,ADC域,med_w0.3,causal_median,internal_input,True,0,10.84
4817.79,11592.1,6774.3,11592.1,t_on+4.6~5.4s中位(=08-v6.1 P 口径),25330.8,t0+60s后中位,-6.4534,-7.20093,-6.4534,81.4335,81.4335,81.4335,-209.26,,,,False,1122.08,0.902793,-25.7674,186.865,-1122.08,93.5466,18.5665,-437.173,-5516.55,SW1,28.63,onset,ADC域,med_w0.3,causal_median,internal_input,True,0,28.63
12291.7,15977,3685.35,15977,t_on+4.6~5.4s中位(=08-v6.1 P 口径),25579.4,t0+60s后中位,-17.1468,-25.9134,-17.1468,318.22,318.22,318.22,-277.702,,,,False,4169.24,0.565894,-282.822,0,-4169.24,82.8532,-218.22,-631.92,-11727.5,SW1,71.67,restep,ADC域,med_w0.3,causal_median,internal_input,True,0,71.67
5429.98,18064.9,12635,18064.9,t_on+4.6~5.4s中位(=08-v6.1 P 口径),25609.4,t0+60s后中位,-21.5263,-21.5263,-21.5263,106.059,106.059,106.059,-81.2374,,,,False,4169.24,0.754258,-17.7482,0,-4169.24,78.4737,-6.05902,-2719.84,-13400.5,SW1,75.89,onset,ADC域,med_w0.3,causal_median,internal_input,True,0,75.89
19387.5,25840.8,6453.31,25840.8,t_on+4.6~5.4s中位(=08-v6.1 P 口径),22096.7,t0+60s后中位,39.062,-63.4879,39.062,400.426,166.192,400.426,97.0802,,,,False,5092.52,0.788813,-4.13368,2617.96,-5092.52,139.062,-300.426,2520.79,-25840.8,SW1,110.45,restep,ADC域,med_w0.3,causal_median,internal_input,True,0,110.45
60.7861,27159.8,27099.1,27160.1,t_on+4.6~5.4s中位(=08-v6.1 P 口径),20149.4,t0+60s后中位,5.07324,4.43357,5.07324,99.9842,99.9842,99.9842,30.944,,,0.58,True,2617.96,1.03067,4.41772,2617.96,-5.07081,105.074,0.016854,1374.8,-27094.8,SW1,133.83,onset,ADC域,med_w0.3,causal_median,internal_input,True,0,133.83
52.5876,25236.4,25183.8,25236.4,t_on+4.6~5.4s中位(=08-v6.1 P 口径),60.2484,t0+60s后中位,12.3101,12.3101,12.3101,99.9966,99.9966,99.9966,112.28,,,2.43,True,4184.98,0.982751,11.4122,4184.98,-563.263,112.31,0.00341825,3100.16,-25183,SW1,185.97,onset,ADC域,med_w0.3,causal_median,internal_input,True,0,185.97
5760.99,11822.1,6061.12,11823.6,t_on+4.6~5.4s中位(=08-v6.1 P 口径),22095.5,后1/3段中位(不足60s),220.249,-17.3091,220.249,139.381,102.123,139.381,50.7773,,,,False,1080.26,0.97521,-16.1133,390.074,-1080.26,320.275,-39.3553,13349.6,-8448.02,SW1,217.74,restep,ADC域,med_w0.3,causal_median,internal_input,True,0,217.74
12120,19806.4,7686.34,19806.4,t_on+4.6~5.4s中位(=08-v6.1 P 口径),22095.5,后1/3段中位(不足60s),72.4129,-1.81093,72.4129,257.682,213.765,257.682,42.6305,,,,False,882.713,0.928868,-191.956,390.074,-882.713,172.413,-157.682,5565.9,-19806.4,SW1,230.64,restep,ADC域,med_w0.3,causal_median,internal_input,True,0,230.64
5212.96,20221.7,15008.8,20221.7,t_on+4.6~5.4s中位(=08-v6.1 P 口径),22095.5,后1/3段中位(不足60s),34.3169,-3.69486,34.3169,134.733,112.242,134.733,21.8321,,,,False,783.198,0.866346,-1.48267,390.074,-783.198,134.317,-34.7328,5150.54,-20221.7,SW1,233.05,onset,ADC域,med_w0.3,causal_median,internal_input,True,0,233.05
20408.4,25651.7,5243.27,25651.7,t_on+4.6~5.4s中位(=08-v6.1 P 口径),22095.5,后1/3段中位(不足60s),-5.32967,-13.7244,-5.32967,489.231,108.707,489.231,62.494,,,,False,783.198,0.972224,-5.85723,0,-783.198,94.6703,-389.231,-279.449,-25651.7,SW1,240.72,restep,ADC域,med_w0.3,causal_median,internal_input,True,0,240.72
62.3744,14446.4,14384,14446.4,t_on+4.6~5.4s中位(=08-v6.1 P 口径),24049.7,后1/3段中位(不足60s),57.2512,5.91412,57.2512,100.434,99.9887,100.434,-9.51273,,,,False,2275.28,1.03098,5.46181,2275.28,-336.569,157.251,-0.433637,8235.02,-14446.4,SW2,11.79,onset,ADC域,med_w0.3,causal_median,internal_input,True,0,11.79
13307.5,14847.2,1539.72,14848.9,t_on+4.6~5.4s中位(=08-v6.1 P 口径),24049.7,后1/3段中位(不足60s),511.105,47.1072,511.105,964.389,-11.9295,964.389,-86.4558,,,,False,2275.28,1.08201,-100,2275.28,-336.569,611.215,-864.279,7869.61,-14848.9,SW2,13.7,restep,ADC域,med_w0.3,causal_median,internal_input,True,0,13.7
14777.5,15406.2,628.712,15406.2,t_on+4.6~5.4s中位(=08-v6.1 P 口径),24049.7,后1/3段中位(不足60s),1269.87,99.6623,1269.87,2450.44,59.4267,2450.44,-104.924,,,,False,2275.28,0.981843,-100,2275.28,-284.515,1369.87,-2350.44,7983.82,-15406.2,SW2,14.86,restep,ADC域,med_w0.3,causal_median,internal_input,True,0,14.86
16011.8,12682,-3329.78,12682,t_on+4.6~5.4s中位(=08-v6.1 P 口径),24049.7,后1/3段中位(不足60s),380.867,380.867,380.867,424.72,92.3954,424.72,722.261,,,,False,3493.47,0.950008,372.271,3493.47,-284.515,324.72,-480.867,14142.3,-12682,SW2,31.22,restep,ADC域,med_w0.3,causal_median,internal_input,True,0,31.22
37.4415,21640.9,21603.4,21640.7,t_on+4.6~5.4s中位(=08-v6.1 P 口径),24049.7,后1/3段中位(不足60s),25.3228,4.32173,25.3228,100.043,99.9978,100.043,14.1719,,,,False,3493.47,1,4.31953,3493.47,-14.0286,125.322,-0.0437035,5470.6,-21612.7,SW2,35.96,onset,ADC域,med_w0.3,causal_median,internal_input,True,0,35.96
38,25207.1,25169.1,25207.1,t_on+4.6~5.4s中位(=08-v6.1 P 口径),24049.7,后1/3段中位(不足60s),8.06573,6.42518,8.06573,100,100,100,12.6643,,,,False,3493.47,1.04979,6.36696,3493.47,-0.375016,108.066,0,2030.08,-25169.1,SW2,57.3,onset,ADC域,med_w0.3,causal_median,internal_input,True,0,57.3
69.5849,17628.7,17559.1,17628.7,t_on+4.6~5.4s中位(=08-v6.1 P 口径),27308.5,后1/3段中位(不足60s),59.762,-8.81895,59.762,100.396,91.8806,100.396,4.63531,,,,False,4805.68,1.00877,-17.0821,3843.16,-4805.68,159.762,-0.396289,10493.7,-17628.7,SW3,10.92,onset,ADC域,med_w0.3,causal_median,internal_input,True,0,10.92
18539.7,25543.5,7003.72,25543.5,t_on+4.6~5.4s中位(=08-v6.1 P 口径),27308.5,后1/3段中位(不足60s),39.2445,-51.0188,39.2445,364.713,133.436,364.713,14.0433,,,,False,4805.68,1.73192,-25.9371,3843.16,-4805.68,139.244,-264.713,2748.58,-25543.5,SW3,20.72,restep,ADC域,med_w0.3,causal_median,internal_input,True,0,20.72
55.068,26577.5,26522.5,26577.5,t_on+4.6~5.4s中位(=08-v6.1 P 口径),27308.5,后1/3段中位(不足60s),6.71701,5.8247,6.71701,100.019,100.003,100.019,3.96111,,,,False,3843.16,1.02259,5.41814,3843.16,0,106.717,-0.0191084,1781.52,-26527.5,SW3,39.08,onset,ADC域,med_w0.3,causal_median,internal_input,True,0,39.08
27717.2,53.006,-27664.2,53.006,段末帧(退化),27308.5,后1/3段中位(不足60s),0.0108661,0.0108661,0.0108661,102.166,102.166,102.166,98.5336,,,,False,829.121,1.0192,2.16504,829.121,0,2.16607,-100.011,28263.4,-3.00601,SW3,60.78,restep,ADC域,med_w0.3,causal_median,internal_input,True,0,60.78
84,15410.1,15326.1,15410.1,t_on+4.6~5.4s中位(=08-v6.1 P 口径),24171.6,t0+60s后中位,51.9132,-2.71745,51.9132,99.9035,99.9035,99.9035,-5.25375,,,,False,1810.44,0.959808,-2.81399,1810.44,-1782.34,151.913,0.0965436,7956.28,-15311.3,SW4,8.41,onset,ADC域,med_w0.3,causal_median,internal_input,True,0,8.41
16039.2,22486.6,6447.41,22486.6,t_on+4.6~5.4s中位(=08-v6.1 P 口径),27882.2,t0+60s后中位,13.6463,-16.4838,13.6463,115.09,115.09,115.09,-70.0408,,,,False,1973.88,0.948477,-1.46586,0,-1973.88,113.646,-15.0897,879.836,-7420.31,SW4,18.68,restep,ADC域,med_w0.3,causal_median,internal_input,True,0,18.68
22925.6,24088.6,1163,24088.6,t_on+4.6~5.4s中位(=08-v6.1 P 口径),28265,t0+60s后中位,-62.0971,-62.0971,-62.0971,533.786,533.786,533.786,-421.205,,,,False,2079.28,1.26336,-254.872,0,-2079.28,37.9029,-433.786,-722.192,-6207.95,SW4,26.57,restep,ADC域,med_w0.3,causal_median,internal_input,True,0,26.57
20890.6,24127,3236.38,24127,t_on+4.6~5.4s中位(=08-v6.1 P 口径),28283.4,t0+60s后中位,-23.5005,-23.5005,-23.5005,189.974,189.974,189.974,-151.93,,,,False,2097.38,0.684323,52.9826,0,-2097.38,76.4995,-89.9744,-760.564,-6148.29,SW4,27.6,restep,ADC域,med_w0.3,causal_median,internal_input,True,0,27.6
20980.9,24428.1,3447.16,24428.1,t_on+4.6~5.4s中位(=08-v6.1 P 口径),27980.3,后1/3段中位(不足60s),152.396,-71.3109,152.396,708.645,125.153,708.645,49.3479,,,,False,3608.26,0.903112,-53.6443,3608.26,-2716.43,252.396,-608.645,5253.34,-24428.1,SW4,61.37,restep,ADC域,med_w0.3,causal_median,internal_input,True,0,61.37
75,27882.2,27807.2,27882.2,t_on+4.6~5.4s中位(=08-v6.1 P 口径),27980.3,后1/3段中位(不足60s),17.905,6.47027,17.905,100.27,80.4381,100.27,17.5522,,,,False,3608.26,0.995215,-13.1003,3608.26,-505.826,117.905,-0.269714,4978.89,-27882.2,SW4,88,onset,ADC域,med_w0.3,causal_median,internal_input,True,0,88
28320.8,30206.2,1885.43,30206.2,t_on+4.6~5.4s中位(=08-v6.1 P 口径),27980.3,后1/3段中位(不足60s),140.81,140.81,140.81,1602.09,12.596,1602.09,258.869,,,,False,2734.42,1.04373,-39.5775,2734.42,-505.826,240.81,-1502.09,2654.88,-30206.2,SW4,99.36,restep,ADC域,med_w0.3,causal_median,internal_input,True,0,99.36
29445.9,32162.7,2716.8,32164.3,t_on+4.6~5.4s中位(=08-v6.1 P 口径),27980.3,后1/3段中位(不足60s),20.5515,20.5515,20.5515,1183.9,36.7748,1183.9,174.554,,,,False,1120.19,1.03739,-44.3412,1120.19,-505.826,120.608,-1083.85,558.342,-32164.3,SW4,104.24,restep,ADC域,med_w0.3,causal_median,internal_input,True,0,104.24
0.556923,14.7055,14.1486,14.7055,t_on+4.6~5.4s中位(=08-v6.1 P 口径),18.0645,t0+60s后中位,1.11765,-2.32625,1.11765,100.489,100.489,100.489,-22.6237,0.76,0.76,0.76,False,2.32606,0.876586,-1.83687,1.5808,-2.32606,101.118,-0.48938,0.158131,-14.2178,RT1,8.27,onset,显示域,med_w0.5,causal_median,internal_input,True,0,8.27
14.522,15.8287,1.30664,15.8286,t_on+4.6~5.4s中位(=08-v6.1 P 口径),1.11554,t0+60s后中位,-73.8514,-73.8514,-73.8514,116.583,111.375,116.583,1052.17,,,,False,2.61659,0.0105849,-76.404,-0.330646,-2.61659,26.1426,-16.5891,-0.964969,-1.52332,RT1,13.6,restep,显示域,med_w0.5,causal_median,internal_input,True,0,13.6
0.3044,16.663,16.3586,16.663,t_on+4.6~5.4s中位(=08-v6.1 P 口径),19.7639,t0+60s后中位,-0.779574,-2.52262,-0.779574,100.119,100.119,100.119,-19.7354,0.8,0.8,0.8,False,2.45237,0.880096,-2.66491,1.97752,-2.45237,99.2204,-0.118567,-0.127528,-16.378,RT2,12.32,onset,显示域,med_w0.5,causal_median,internal_input,True,0,12.32
20.8,22.0102,1.21015,22.0103,t_on+4.6~5.4s中位(=08-v6.1 P 口径),0.327313,t0+60s后中位,-421.778,-421.778,-421.778,1815.72,514.393,1815.72,1369.98,,,,False,5.48139,0.761503,-66.407,0,-5.48139,-321.766,-1715.71,-5.10416,-21.973,RT2,147.11,restep,显示域,med_w0.5,causal_median,internal_input,True,0,147.11
0.043,16.5615,16.5185,16.572,t_on+4.6~5.4s中位(=08-v6.1 P 口径),20.539,t0+60s后中位,13.1092,4.88025,13.1092,100.063,100.063,100.063,-10.906,,,,False,2.30786,1.01276,4.73151,2.30786,-0.0529498,113.173,0,2.16545,-16.529,RT3,10.59,onset,显示域,med_w0.5,causal_median,internal_input,True,0,10.59
0,15.2723,15.2723,15.2723,t_on+4.6~5.4s中位(=08-v6.1 P 口径),17.8193,t0+60s后中位,13.0985,5.02797,13.0985,100,100,100,-3.57876,,,,False,2.21233,1.01524,4.68792,2.21233,-0.0318292,113.099,0,2.00045,-15.2723,LT1,11.69,onset,显示域,med_w0.5,causal_median,internal_input,True,0,11.69
0,16.0758,16.0758,16.0758,t_on+4.6~5.4s中位(=08-v6.1 P 口径),18.0035,t0+60s后中位,4.84324,4.84324,4.84324,100,100,100,-7.14825,1.96,1.96,1.96,False,2.40296,0.956187,4.34145,2.40296,-1.06974,104.843,0,0.778589,-16.0758,LT2,14.92,onset,显示域,med_w0.5,causal_median,internal_input,True,0,14.92
0,17.4661,17.4661,17.4661,t_on+4.6~5.4s中位(=08-v6.1 P 口径),18.8587,t0+60s后中位,5.93479,3.57333,5.93479,100,100,100,-2.03878,,,77.53,True,2.53852,1.00387,3.26213,2.53852,-0.123985,105.935,0,1.03657,-17.4661,LT3,10.87,onset,显示域,med_w0.5,causal_median,internal_input,True,0,10.87
0.064,13.357,13.293,13.357,t_on+4.6~5.4s中位(=08-v6.1 P 口径),15.9404,t0+60s后中位,0.857808,-0.782588,0.857808,100,100,100,-18.5764,0.74,0.74,0.74,False,2.11407,0.8855,-1.09124,1.77815,-2.11407,100.858,0,0.114029,-13.293,F41,10.94,onset,显示域,med_w0.5,causal_median,internal_input,True,0,10.94
4.75603,13.5054,8.74941,13.5054,t_on+4.6~5.4s中位(=08-v6.1 P 口径),0.082,t0+60s后中位,-0.393144,-2.19923,-0.393144,4.18449,3.4827,4.18449,153.028,0,0,0,False,2.12524,0.0336491,-100,1.50159,-2.12524,99.6069,95.8155,-0.0343978,-0.366118,F41,12.19,restep,显示域,med_w0.5,causal_median,internal_input,True,0,12.19
0.0630751,14.6037,14.5406,14.6037,t_on+4.6~5.4s中位(=08-v6.1 P 口径),16.6221,t0+60s后中位,11.1496,-0.00961509,11.1496,99.9486,99.9486,99.9486,-2.73182,,,,False,0,1,-12.9938,0,0,111.15,0.0514231,1.62122,-14.5331,F42,11.03,onset,显示域,med_w0.5,causal_median,internal_input,True,0,11.03
0.068,15.2889,15.2209,15.2889,t_on+4.6~5.4s中位(=08-v6.1 P 口径),16.9812,t0+60s后中位,5.91355,3.34756,5.91355,99.9959,99.9959,99.9959,-5.20481,35.23,35.23,35.23,False,2.17926,0.988295,2.94121,2.17926,-0.609361,105.914,0.0040627,0.900096,-15.2203,F43,11,onset,显示域,med_w0.5,causal_median,internal_input,True,0,11
76,4224.5,4148.5,4224.5,t_on+4.6~5.4s中位(=08-v6.1 P 口径),22195.8,t0+60s后中位,167.636,-1.28187,167.636,100,100,100,-265.563,,,3.57,True,863.874,0.988284,-3.61537,627.589,-863.874,267.636,0,6954.37,-4148.5,SW1,10.84,onset,ADC域,med_w0.5,causal_median,internal_input,True,0,10.84
4816.1,11589,6772.89,11589,t_on+4.6~5.4s中位(=08-v6.1 P 口径),25335.1,t0+60s后中位,-6.05515,-6.69856,-6.05515,107.44,107.44,107.44,-209.013,,,,False,1099.92,0.927369,0.741309,164.71,-1099.92,93.9448,-7.43987,-410.109,-7276.78,SW1,28.63,onset,ADC域,med_w0.5,causal_median,internal_input,True,0,28.63
12290.4,15602,3311.56,15602,t_on+4.6~5.4s中位(=08-v6.1 P 口径),25571.9,t0+60s后中位,-8.92689,-30.3517,-8.92689,341.685,341.685,341.685,-309.991,,,,False,4214.24,0.56082,-302.218,-894.542,-4214.24,91.0731,-241.685,-295.62,-11315.1,SW1,71.67,restep,ADC域,med_w0.5,causal_median,internal_input,True,0,71.67
5423.14,18056.7,12633.5,18056.7,t_on+4.6~5.4s中位(=08-v6.1 P 口径),25611.5,t0+60s后中位,-21.7697,-21.7697,-21.7697,105.149,105.149,105.149,-81.5693,,,,False,4214.24,0.751643,-17.5456,-894.542,-4214.24,78.2303,-5.1488,-2750.29,-13284,SW1,75.89,onset,ADC域,med_w0.5,causal_median,internal_input,True,0,75.89
19385.5,25839,6453.46,25839,t_on+4.6~5.4s中位(=08-v6.1 P 口径),22112.6,t0+60s后中位,40.2498,-59.932,40.2498,400.389,164.34,400.389,97.9911,,,,False,5204.78,0.786206,-7.35213,2679.49,-5204.78,140.25,-300.389,2597.51,-25839,SW1,110.45,restep,ADC域,med_w0.5,causal_median,internal_input,True,0,110.45
60.8869,27155.8,27094.9,27156.1,t_on+4.6~5.4s中位(=08-v6.1 P 口径),20155.2,t0+60s后中位,5.44689,4.72533,5.44689,99.9933,99.9933,99.9933,31.2855,,,0.68,True,2679.49,1.0346,4.4513,2679.49,-4.67679,105.448,0.00779893,1475.83,-27093.1,SW1,133.83,onset,ADC域,med_w0.5,causal_median,internal_input,True,0,133.83
54.4138,25228.6,25174.2,25228.6,t_on+4.6~5.4s中位(=08-v6.1 P 口径),60.2952,t0+60s后中位,12.4867,12.4867,12.4867,100.004,100.004,100.004,112.463,,,2.52,True,4224.84,0.983459,11.7606,4224.84,-541.341,112.487,-0.00401002,3143.41,-25175.2,SW1,185.97,onset,ADC域,med_w0.5,causal_median,internal_input,True,0,185.97
5757.34,11810,6052.61,11817.9,t_on+4.6~5.4s中位(=08-v6.1 P 口径),22111.7,后1/3段中位(不足60s),219.672,-16.3199,219.672,135.391,102.192,135.391,49.5992,,,,False,1009.67,0.972641,-17.4199,343.636,-1009.67,319.803,-35.2596,13295.9,-8194.71,SW1,217.74,restep,ADC域,med_w0.5,causal_median,internal_input,True,0,217.74
12112.3,19792.4,7680.07,19792.4,t_on+4.6~5.4s中位(=08-v6.1 P 口径),22111.7,后1/3段中位(不足60s),71.8611,-2.18487,71.8611,257.711,210.534,257.711,41.6615,,,,False,864.539,0.930312,-191.084,343.636,-864.539,171.861,-157.711,5518.99,-19792.4,SW1,230.64,restep,ADC域,med_w0.5,causal_median,internal_input,True,0,230.64
5212.76,20199.4,14986.6,20199.4,t_on+4.6~5.4s中位(=08-v6.1 P 口径),22111.7,后1/3段中位(不足60s),34.1107,-3.83513,34.1107,134.783,110.606,134.783,21.35,,,,False,838.983,0.866706,-5.58046,343.636,-838.983,134.111,-34.7829,5112.03,-20199.4,SW1,233.05,onset,ADC域,med_w0.5,causal_median,internal_input,True,0,233.05
20399.7,25643.2,5243.53,25643.2,t_on+4.6~5.4s中位(=08-v6.1 P 口径),22111.7,后1/3段中位(不足60s),-6.32846,-15.0686,-6.32846,489.045,109.601,489.045,61.0207,,,,False,838.983,0.970099,-6.01796,0,-838.983,93.6715,-389.045,-331.834,-25643.2,SW1,240.72,restep,ADC域,med_w0.5,causal_median,internal_input,True,0,240.72
62.2518,14432.7,14370.5,14432.7,t_on+4.6~5.4s中位(=08-v6.1 P 口径),24010.8,后1/3段中位(不足60s),57.9913,6.05849,57.9913,100.433,99.9809,100.433,-8.65988,,,,False,2343.12,2.73128,5.54567,2343.12,-284.972,157.991,-0.433193,8333.61,-14432.7,SW2,11.79,onset,ADC域,med_w0.5,causal_median,internal_input,True,0,11.79
13229.2,14849.6,1620.39,14853.1,t_on+4.6~5.4s中位(=08-v6.1 P 口径),24010.8,后1/3段中位(不足60s),489.516,44.1147,489.516,916.638,-10.5535,916.638,-75.634,,,,False,2343.12,1.08551,-100,2343.12,-284.972,589.733,-816.421,7932.08,-14853.1,SW2,13.7,restep,ADC域,med_w0.5,causal_median,internal_input,True,0,13.7
14388.7,15404.2,1015.5,15404.2,t_on+4.6~5.4s中位(=08-v6.1 P 口径),24010.8,后1/3段中位(不足60s),792.199,61.5024,792.199,1516.91,37.4247,1516.91,-55.3276,,,,False,2343.12,0.98248,-100,2343.12,-284.972,892.199,-1416.91,8044.74,-15404.2,SW2,14.86,restep,ADC域,med_w0.5,causal_median,internal_input,True,0,14.86
16013.1,8919.4,-7093.73,8919.4,t_on+4.6~5.4s中位(=08-v6.1 P 口径),24010.8,后1/3段中位(不足60s),125.736,125.736,125.736,252.846,96.1832,252.846,338.479,,,,False,3494.88,0.947257,121.454,3494.88,-284.972,152.846,-225.736,17936.2,-8919.4,SW2,31.22,restep,ADC域,med_w0.5,causal_median,internal_input,True,0,31.22
37,21639.1,21602.1,21639.1,t_on+4.6~5.4s中位(=08-v6.1 P 口径),24010.8,后1/3段中位(不足60s),25.442,4.71961,25.442,100.042,99.9954,100.042,14.4629,,,,False,3494.88,1,4.66774,3494.88,-13.7389,125.442,-0.0416627,5496,-21611.1,SW2,35.96,onset,ADC域,med_w0.5,causal_median,internal_input,True,0,35.96
38.1808,25185.2,25147.1,25185.2,t_on+4.6~5.4s中位(=08-v6.1 P 口径),24010.8,后1/3段中位(不足60s),8.25233,6.64247,8.25233,100.001,100.001,100.001,12.9227,,,,False,3494.88,1.05107,6.58407,3494.88,-0.357229,108.252,-0.00071909,2075.22,-25147.2,SW2,57.3,onset,ADC域,med_w0.5,causal_median,internal_input,True,0,57.3
69.4699,17555.6,17486.1,17555.6,t_on+4.6~5.4s中位(=08-v6.1 P 口径),27303.5,后1/3段中位(不足60s),60.4728,-7.73141,60.4728,100.397,99.9639,100.397,4.72614,,,,False,4643.78,0.821215,-7.76754,3836.33,-4643.78,160.473,-0.397286,10574.4,-17555.6,SW3,10.92,onset,ADC域,med_w0.5,causal_median,internal_input,True,0,10.92
18516.3,25442.5,6926.13,25442.5,t_on+4.6~5.4s中位(=08-v6.1 P 口径),27303.5,后1/3段中位(不足60s),40.4,-47.54,40.4,367.34,131.423,367.34,13.5297,,,,False,4643.78,1.72481,-20.7912,3836.33,-4643.78,140.4,-267.34,2798.16,-25442.5,SW3,20.72,restep,ADC域,med_w0.5,causal_median,internal_input,True,0,20.72
55,26546.1,26491.1,26546.1,t_on+4.6~5.4s中位(=08-v6.1 P 口径),27303.5,后1/3段中位(不足60s),6.68846,5.97875,6.68846,100.019,99.9962,100.019,3.82931,,,,False,3836.33,1.0216,5.60362,3836.33,-0.574486,106.688,-0.0188742,1771.85,-26496.1,SW3,39.08,onset,ADC域,med_w0.5,causal_median,internal_input,True,0,39.08
27712.8,53,-27659.8,53,段末帧(退化),27303.5,后1/3段中位(不足60s),0.0108461,0.0108461,0.0108461,101.959,101.959,101.959,98.5313,,,,False,791.175,1.01822,1.96194,791.175,0,1.95944,-100.011,28201.8,-3,SW3,60.78,restep,ADC域,med_w0.5,causal_median,internal_input,True,0,60.78
84,15392.4,15308.4,15392.4,t_on+4.6~5.4s中位(=08-v6.1 P 口径),24176.7,t0+60s后中位,52.128,-2.66454,52.128,100.007,100.007,100.007,-5.25366,,,,False,1905.24,0.952039,-2.65752,1806.71,-1905.24,152.128,-0.00701782,7979.98,-15309.5,SW4,8.41,onset,ADC域,med_w0.5,causal_median,internal_input,True,0,8.41
16019.9,22484.4,6464.57,22484.4,t_on+4.6~5.4s中位(=08-v6.1 P 口径),27881.4,t0+60s后中位,13.7362,-17.8963,13.7362,114.706,114.706,114.706,-69.7485,,,15.14,True,2120.58,0.931776,-3.93074,0,-2120.58,113.736,-14.7056,887.988,-7415.23,SW4,18.68,restep,ADC域,med_w0.5,causal_median,internal_input,True,0,18.68
22929,24088.2,1159.15,24088.2,t_on+4.6~5.4s中位(=08-v6.1 P 口径),28260.5,t0+60s后中位,-61.7459,-61.7459,-61.7459,540.427,540.427,540.427,-421.69,,,,False,2236.5,1.05981,-338.714,0,-2236.5,38.2541,-440.427,-715.73,-6264.38,SW4,26.57,restep,ADC域,med_w0.5,causal_median,internal_input,True,0,26.57
22321,24124.2,1803.29,24124.2,t_on+4.6~5.4s中位(=08-v6.1 P 口径),28285.2,t0+60s后中位,-41.6912,-41.6912,-41.6912,347.033,347.033,347.033,-272.432,,,,False,2243.63,0.660484,174.324,0,-2243.63,58.3088,-247.033,-751.813,-6258.03,SW4,27.6,restep,ADC域,med_w0.5,causal_median,internal_input,True,0,27.6
20980.5,24426.2,3445.65,24426.2,t_on+4.6~5.4s中位(=08-v6.1 P 口径),27980.6,后1/3段中位(不足60s),152.572,-77.4241,152.572,708.898,149.194,708.898,49.4138,,,,False,3568.16,0.894192,-34.5282,3568.16,-2937.85,252.572,-608.898,5257.1,-24426.2,SW4,61.37,restep,ADC域,med_w0.5,causal_median,internal_input,True,0,61.37
75,27874.9,27799.9,27874.9,t_on+4.6~5.4s中位(=08-v6.1 P 口径),27980.6,后1/3段中位(不足60s),17.5184,6.50485,17.5184,100.27,99.9593,100.27,17.1381,,,,False,3568.16,0.996352,6.46302,3568.16,-505.58,117.518,-0.269785,4870.11,-27874.9,SW4,88,onset,ADC域,med_w0.5,causal_median,internal_input,True,0,88
28315.8,30194.9,1879.05,30194.9,t_on+4.6~5.4s中位(=08-v6.1 P 口径),27980.6,后1/3段中位(不足60s),135.716,129.173,135.716,1606.92,25.9907,1606.92,253.553,,,,False,2389.3,1.04448,10.2197,2389.3,-505.58,235.716,-1506.92,2550.17,-30194.9,SW4,99.36,restep,ADC域,med_w0.5,causal_median,internal_input,True,0,99.36
29444.7,32164.2,2719.44,32164.4,t_on+4.6~5.4s中位(=08-v6.1 P 口径),27980.6,后1/3段中位(不足60s),21.3519,21.3519,21.3519,1182.76,50.834,1182.76,175.197,,,,False,1192.07,1.0404,-28.2839,1192.07,-505.58,121.36,-1082.75,580.653,-32164.4,SW4,104.24,restep,ADC域,med_w0.5,causal_median,internal_input,True,0,104.24
0.550216,14.7056,14.1554,14.7039,t_on+4.6~5.4s中位(=08-v6.1 P 口径),1.16332,t0+60s后中位,3.80771,-2.1564,3.80771,88.7919,88.7919,88.7919,99.4644,0.51,0.51,0.51,False,2.31568,0.863568,-13.3645,1.63331,-2.31568,103.796,11.196,0.538996,-12.5688,RT1,8.27,onset,显示域,mean_w0.05,causal_mean,internal_input,True,0,8.27
14.6242,15.8379,1.21372,15.8249,t_on+4.6~5.4s中位(=08-v6.1 P 口径),1.11186,t0+60s后中位,-47.9521,-47.9521,-47.9521,124.557,119.161,124.557,1164.27,,,,False,2.60586,-0.0360666,-80.5902,-0.305452,-2.60586,50.9733,-25.632,-0.582005,-1.51178,RT1,13.6,restep,显示域,mean_w0.05,causal_mean,internal_input,True,0,13.6
0.293925,16.7239,16.43,16.7239,t_on+4.6~5.4s中位(=08-v6.1 P 口径),19.7628,t0+60s后中位,-1.13937,-2.82171,-1.13937,98.2838,98.2838,98.2838,-19.6357,0.56,0.56,0.56,False,2.44204,0.875984,-4.6446,2.044,-2.44204,98.8606,1.71617,-0.187199,-16.148,RT2,12.32,onset,显示域,mean_w0.05,causal_mean,internal_input,True,0,12.32
20.8402,22.0138,1.1736,22.0207,t_on+4.6~5.4s中位(=08-v6.1 P 口径),0.328873,t0+60s后中位,-433.437,-433.437,-433.437,1876.34,712.347,1876.34,1414.88,,,,False,6.24078,0.760729,-53.6663,0,-6.24078,-332.854,-1775.76,-5.08681,-22.0207,RT2,147.11,restep,显示域,mean_w0.05,causal_mean,internal_input,True,0,147.11
0.0430755,16.5499,16.5068,16.5368,t_on+4.6~5.4s中位(=08-v6.1 P 口径),20.5363,t0+60s后中位,12.4776,4.92353,12.4776,99.6955,99.6955,99.6955,-11.7516,,,,False,2.32315,1.0053,4.3609,2.32315,-0.2177,112.398,0.224904,2.05966,-16.4566,RT3,10.59,onset,显示域,mean_w0.05,causal_mean,internal_input,True,0,10.59
0,15.2826,15.2826,15.2826,t_on+4.6~5.4s中位(=08-v6.1 P 口径),17.8098,t0+60s后中位,12.8646,4.59245,12.8646,100,100,100,-3.67183,,,,False,2.15554,1.01037,4.19542,2.15554,-0.0919826,112.865,0,1.96605,-15.2826,LT1,11.69,onset,显示域,mean_w0.05,causal_mean,internal_input,True,0,11.69
0,16.1224,16.1224,16.1224,t_on+4.6~5.4s中位(=08-v6.1 P 口径),18.0033,t0+60s后中位,7.819,4.34458,7.819,89.2933,89.2933,89.2933,-3.84739,,,,False,2.39109,1.00391,-6.8569,2.39109,-0.208228,107.819,10.7067,1.26061,-14.3962,LT2,14.92,onset,显示域,mean_w0.05,causal_mean,internal_input,True,0,14.92
0,17.5164,17.5164,17.5164,t_on+4.6~5.4s中位(=08-v6.1 P 口径),18.8572,t0+60s后中位,5.64358,3.0958,5.64358,93.3601,93.3601,93.3601,-2.01109,70.44,70.44,0.45,False,2.39224,1.00246,-3.77432,2.39224,-0.140971,105.644,6.63993,0.988549,-16.3533,LT3,10.87,onset,显示域,mean_w0.05,causal_mean,internal_input,True,0,10.87
0.0641048,13.3832,13.3191,13.3832,t_on+4.6~5.4s中位(=08-v6.1 P 口径),0.0883477,t0+60s后中位,1.04738,-0.975654,1.04738,93.2747,93.2747,93.2747,100.865,0.5,0.5,0.5,False,2.11054,0.876461,-8.0296,1.79331,-2.11054,101.047,6.72531,0.139502,-12.4234,F41,10.94,onset,显示域,mean_w0.05,causal_mean,internal_input,True,0,10.94
10.8488,13.5518,2.70304,13.5518,t_on+4.6~5.4s中位(=08-v6.1 P 口径),0.0817343,t0+60s后中位,-1.07576,-6.96397,-1.07576,15.8267,12.6964,15.8267,497.255,,,,False,2.12098,0.0243961,-100,1.31948,-2.12098,98.9242,84.1733,-0.0290782,-0.427803,F41,12.19,restep,显示域,mean_w0.05,causal_mean,internal_input,True,0,12.19
0.063,14.7449,14.6819,14.7449,t_on+4.6~5.4s中位(=08-v6.1 P 口径),15.4113,t0+60s后中位,-1.81087,-2.27491,-1.81087,98.5433,98.5433,98.5433,-6.35034,0.54,0.54,0.54,False,2.0142,0.898072,-3.98037,2.0142,-1.93668,98.1891,1.45672,-0.26587,-14.468,F42,11.03,onset,显示域,mean_w0.05,causal_mean,internal_input,True,0,11.03
0.068212,15.3132,15.245,15.3132,t_on+4.6~5.4s中位(=08-v6.1 P 口径),16.983,t0+60s后中位,5.75012,3.07199,5.75012,94.4196,94.4196,94.4196,-5.20269,23.11,23.11,23.11,False,2.17361,0.986098,-2.97486,2.17361,-0.6349,105.75,5.58045,0.876606,-14.3943,F43,11,onset,显示域,mean_w0.05,causal_mean,internal_input,True,0,11
76.0081,4241.25,4165.24,4241.25,t_on+4.6~5.4s中位(=08-v6.1 P 口径),22199,t0+60s后中位,172.86,-0.984446,172.86,83.5938,83.5938,83.5938,-258.274,,,3.4,True,943.974,0.94963,-20.525,717.903,-943.974,272.86,16.4062,7200.03,-3481.88,SW1,10.84,onset,ADC域,mean_w0.05,causal_mean,internal_input,True,0,10.84
4815.82,11602.8,6786.95,11602.8,t_on+4.6~5.4s中位(=08-v6.1 P 口径),25336.5,t0+60s后中位,-2.37933,-2.37933,-2.37933,34.0376,34.0376,34.0376,-204.735,,,,False,1159.58,-0.331047,-109.801,289.386,-1159.58,97.6207,65.9624,-161.484,-2310.11,SW1,28.63,onset,ADC域,mean_w0.05,causal_mean,internal_input,True,0,28.63
12295.6,16195.3,3899.66,16195.3,t_on+4.6~5.4s中位(=08-v6.1 P 口径),25569.7,t0+60s后中位,-8.21204,-30.5645,-8.21204,316.255,316.255,316.255,-248.604,,,,False,4612.36,0.505171,-278.147,0,-4612.36,91.788,-216.255,-320.241,-12332.9,SW1,71.67,restep,ADC域,mean_w0.05,causal_mean,internal_input,True,0,71.67
5446.2,18085.7,12639.5,18085.7,t_on+4.6~5.4s中位(=08-v6.1 P 口径),25607.7,t0+60s后中位,-17.4902,-17.4902,-17.4902,106.077,106.077,106.077,-77.0017,,,,False,4612.36,0.584401,-55.4628,-978.792,-4612.36,82.5098,-6.07713,-2210.67,-13407.6,SW1,75.89,onset,ADC域,mean_w0.05,causal_mean,internal_input,True,0,75.89
19384.9,25848.3,6463.44,25848.3,t_on+4.6~5.4s中位(=08-v6.1 P 口径),22083.8,t0+60s后中位,36.9653,-74.9761,36.9653,399.915,183.739,399.915,95.2088,,,,False,5519.46,0.770789,-11.9303,3020.06,-5519.46,136.965,-299.915,2389.23,-25848.3,SW1,110.45,restep,ADC域,mean_w0.05,causal_mean,internal_input,True,0,110.45
61.1023,27164.7,27103.6,27165.4,t_on+4.6~5.4s中位(=08-v6.1 P 口径),20123,t0+60s后中位,5.07455,3.95585,5.07455,99.9696,99.9696,99.9696,31.0576,,,0.46,True,3020.06,1.03041,3.92549,3020.06,-5.37248,105.077,0.0328283,1375.38,-27095.4,SW1,133.83,onset,ADC域,mean_w0.05,causal_mean,internal_input,True,0,133.83
52.207,25246.1,25193.9,25246.1,t_on+4.6~5.4s中位(=08-v6.1 P 口径),60.6,t0+60s后中位,11.3851,11.3851,11.3851,99.9611,99.9611,99.9611,111.352,,,1.17,True,3974.69,0.97426,10.661,3974.69,-843.971,111.385,0.038918,2868.36,-25184.1,SW1,185.97,onset,ADC域,mean_w0.05,causal_mean,internal_input,True,0,185.97
5760.31,11845,6084.71,11845,t_on+4.6~5.4s中位(=08-v6.1 P 口径),22083.7,后1/3段中位(不足60s),218.061,0.472758,218.061,148.006,106.76,148.006,49.7921,,,,False,799.249,0.995782,-8.70166,394.518,-799.249,318.061,-48.0063,13268.4,-9005.75,SW1,217.74,restep,ADC域,mean_w0.05,causal_mean,internal_input,True,0,217.74
12115.7,19869.6,7753.89,19869.6,t_on+4.6~5.4s中位(=08-v6.1 P 口径),22083.7,后1/3段中位(不足60s),70.6455,-2.6769,70.6455,256.253,219.635,256.253,42.0905,,,,False,799.249,1,-147.495,394.518,-799.249,170.645,-156.253,5477.77,-19869.6,SW1,230.64,restep,ADC域,mean_w0.05,causal_mean,internal_input,True,0,230.64
5211.11,20243.2,15032.1,20243.2,t_on+4.6~5.4s中位(=08-v6.1 P 口径),22083.7,后1/3段中位(不足60s),33.955,-3.86638,33.955,134.667,115.608,134.667,21.7112,,,,False,799.249,1,11.27,394.518,-799.249,133.955,-34.6666,5104.14,-20243.2,SW1,233.05,onset,ADC域,mean_w0.05,causal_mean,internal_input,True,0,233.05
20412.3,25665,5252.71,25665,t_on+4.6~5.4s中位(=08-v6.1 P 口径),22083.7,后1/3段中位(不足60s),-6.04836,-13.588,-6.04836,488.605,109.84,488.605,62.1327,,,,False,799.249,0.969331,-4.94972,0,-799.249,93.9516,-388.605,-317.703,-25665,SW1,240.72,restep,ADC域,mean_w0.05,causal_mean,internal_input,True,0,240.72
62.3854,14449.5,14387.1,14449.5,t_on+4.6~5.4s中位(=08-v6.1 P 口径),24140.5,后1/3段中位(不足60s),55.9646,9.59116,55.9646,100.359,76.9639,100.359,-11.3945,,,,False,2264.67,1.00357,-17.6202,2264.67,-504.482,155.965,-0.359135,8051.68,-14438.8,SW2,11.79,onset,ADC域,mean_w0.05,causal_mean,internal_input,True,0,11.79
13423.5,14857.5,1433.94,14853.8,t_on+4.6~5.4s中位(=08-v6.1 P 口径),24140.5,后1/3段中位(不足60s),538.915,68.0329,538.915,1035.13,-9.94544,1035.13,-108.721,,,,False,2205.56,1.04165,-100,2205.56,-504.482,638.662,-935.385,7727.7,-14843.1,SW2,13.7,restep,ADC域,mean_w0.05,causal_mean,internal_input,True,0,13.7
14909.3,15403.5,494.183,15405.4,t_on+4.6~5.4s中位(=08-v6.1 P 口径),24140.5,后1/3段中位(不足60s),1582.4,128.593,1582.4,3115.19,82.7603,3115.19,-185.18,,,,False,2205.56,0.990834,-100,2205.56,-504.482,1682.79,-3014.8,7819.96,-15394.7,SW2,14.86,restep,ADC域,mean_w0.05,causal_mean,internal_input,True,0,14.86
16010.7,17189.8,1179.11,17189.8,t_on+4.6~5.4s中位(=08-v6.1 P 口径),24140.5,后1/3段中位(不足60s),813.784,0.552032,813.784,1456.95,1456.95,1456.95,224.292,,,,False,3466.48,0.949607,-1263.01,3466.48,-289.571,913.784,-1356.95,9595.4,-17179,SW2,31.22,restep,ADC域,mean_w0.05,causal_mean,internal_input,True,0,31.22
37.6,21643.8,21606.2,21639.8,t_on+4.6~5.4s中位(=08-v6.1 P 口径),24140.5,后1/3段中位(不足60s),24.4455,3.92294,24.4455,100.045,90.6342,100.045,12.8716,,,,False,3466.48,1,-5.44286,3466.48,-165.287,124.427,-0.0629379,5281.74,-21615.8,SW2,35.96,onset,ADC域,mean_w0.05,causal_mean,internal_input,True,0,35.96
38,25210.9,25172.9,25210.9,t_on+4.6~5.4s中位(=08-v6.1 P 口径),24140.5,后1/3段中位(不足60s),7.35944,6.25381,7.35944,98.0197,98.0197,98.0197,11.6116,,,,False,3466.48,1.04387,4.06839,3466.48,-165.287,107.359,1.98033,1852.58,-24674.4,SW2,57.3,onset,ADC域,mean_w0.05,causal_mean,internal_input,True,0,57.3
69.5718,17669.7,17600.1,17669.7,t_on+4.6~5.4s中位(=08-v6.1 P 口径),27303.2,后1/3段中位(不足60s),58.8913,-12.647,58.8913,100.395,71.5023,100.395,4.15579,,,,False,5425.68,1.00494,-41.5526,3812.92,-5425.68,158.891,-0.395292,10364.9,-17669.7,SW3,10.92,onset,ADC域,mean_w0.05,causal_mean,internal_input,True,0,10.92
18559.7,25619.1,7059.38,25619.1,t_on+4.6~5.4s中位(=08-v6.1 P 口径),27303.2,后1/3段中位(不足60s),36.6608,-59.7811,36.6608,362.909,139.055,362.909,12.8055,,,,False,5425.68,1.86544,-25.0258,3812.92,-5425.68,136.661,-262.909,2588.03,-25619.1,SW3,20.72,restep,ADC域,mean_w0.05,causal_mean,internal_input,True,0,20.72
55.7952,26633.2,26577.4,26633.2,t_on+4.6~5.4s中位(=08-v6.1 P 口径),27303.2,后1/3段中位(不足60s),6.22842,5.27277,6.22842,100.029,91.571,100.029,3.7077,,,,False,3812.92,1.0205,-3.50065,3812.92,0,106.228,-0.0293301,1655.35,-26585.2,SW3,39.08,onset,ADC域,mean_w0.05,causal_mean,internal_input,True,0,39.08
27715.7,53.6,-27662.1,53.6,段末帧(退化),27303.2,后1/3段中位(不足60s),0.0202443,0.0202443,0.0202443,102.039,102.039,102.039,98.529,,,,False,662.236,1.01506,2.04107,662.236,0,2.03914,-100.02,28226.2,-5.6,SW3,60.78,restep,ADC域,mean_w0.05,causal_mean,internal_input,True,0,60.78
84,15450.4,15366.4,15450.4,t_on+4.6~5.4s中位(=08-v6.1 P 口径),24187,t0+60s后中位,51.816,-3.81306,51.816,77.3231,77.3231,77.3231,-5.03904,,,,False,2010.59,0.942004,-26.6172,1694.64,-2010.59,151.816,22.6769,7962.28,-11881.8,SW4,8.41,onset,ADC域,mean_w0.05,causal_mean,internal_input,True,0,8.41
16083.6,22498.3,6414.76,22498.3,t_on+4.6~5.4s中位(=08-v6.1 P 口径),27882.8,t0+60s后中位,14.2541,-20.2441,14.2541,118.073,118.073,118.073,-69.6843,,,14.16,True,2310.41,0.934914,-2.17131,0,-2310.41,114.254,-18.0728,914.366,-7574.09,SW4,18.68,restep,ADC域,mean_w0.05,causal_mean,internal_input,True,0,18.68
22918.3,24096.4,1178.07,24095.9,t_on+4.6~5.4s中位(=08-v6.1 P 口径),28250.7,t0+60s后中位,-57.9922,-57.9922,-57.9922,628.384,628.384,628.384,-410.669,,,,False,2415.53,0.533888,-121.112,0,-2415.53,41.9696,-528.422,-683.19,-7402.82,SW4,26.57,restep,ADC域,mean_w0.05,causal_mean,internal_input,True,0,26.57
19458.4,24132.7,4674.31,24131.3,t_on+4.6~5.4s中位(=08-v6.1 P 口径),28280.1,t0+60s后中位,-15.3726,-15.3726,-15.3726,136.523,136.523,136.523,-104.13,,,,False,2415.53,0.628866,6.05225,0,-2415.53,84.596,-36.5542,-718.564,-6381.5,SW4,27.6,restep,ADC域,mean_w0.05,causal_mean,internal_input,True,0,27.6
20983.6,24430,3446.37,24428.9,t_on+4.6~5.4s中位(=08-v6.1 P 口径),27975.8,后1/3段中位(不足60s),144.907,-75.4264,144.907,708.832,116.264,708.832,41.9911,,,,False,3283.36,0.895721,-88.3231,3283.36,-3047.77,244.877,-608.861,4994.02,-24428.9,SW4,61.37,restep,ADC域,mean_w0.05,causal_mean,internal_input,True,0,61.37
75.2267,27895.2,27820,27895.2,t_on+4.6~5.4s中位(=08-v6.1 P 口径),27975.8,后1/3段中位(不足60s),18.5481,5.49145,18.5481,100.27,46.3787,100.27,18.2585,,,,False,3283.36,0.994036,-48.1298,3283.36,-503.878,118.548,-0.270405,5160.07,-27895.2,SW4,88,onset,ADC域,mean_w0.05,causal_mean,internal_input,True,0,88
28339.8,30645.3,2305.56,30645.3,t_on+4.6~5.4s中位(=08-v6.1 P 口径),27975.8,后1/3段中位(不足60s),104.528,104.528,104.528,1329.19,15.784,1329.19,220.316,,,,False,2413.57,1.0343,-70.6481,2413.57,-503.878,204.528,-1229.19,2409.96,-30645.3,SW4,99.36,restep,ADC域,mean_w0.05,causal_mean,internal_input,True,0,99.36
29448.9,32158.2,2709.28,32157.8,t_on+4.6~5.4s中位(=08-v6.1 P 口径),27975.8,后1/3段中位(不足60s),13.9505,13.9505,13.9505,1186.95,49.2318,1186.95,168.308,,,,False,790.275,1.02639,-38.7174,790.275,-503.878,113.935,-1086.96,377.958,-32157.8,SW4,104.24,restep,ADC域,mean_w0.05,causal_mean,internal_input,True,0,104.24
0.55208,14.7039,14.1518,14.7018,t_on+4.6~5.4s中位(=08-v6.1 P 口径),1.16337,t0+60s后中位,1.58387,-2.48459,1.58387,94.7067,94.7067,94.7067,97.2498,0.53,0.53,0.53,False,2.36868,0.86743,-7.77793,1.57102,-2.36868,101.569,5.27883,0.224146,-13.4027,RT1,8.27,onset,显示域,mean_w0.1,causal_mean,internal_input,True,0,8.27
14.6107,15.8369,1.22618,15.8243,t_on+4.6~5.4s中位(=08-v6.1 P 口径),1.11189,t0+60s后中位,-73.2604,-73.2604,-73.2604,126.978,120.848,126.978,1126.6,,,,False,2.65761,-0.016723,-79.5507,-0.350325,-2.65761,25.7118,-28.0056,-0.898303,-1.55697,RT1,13.6,restep,显示域,mean_w0.1,causal_mean,internal_input,True,0,13.6
0.290983,16.721,16.4301,16.721,t_on+4.6~5.4s中位(=08-v6.1 P 口径),19.7649,t0+60s后中位,-1.66156,-3.3387,-1.66156,99.1237,99.1237,99.1237,-20.188,0.57,0.57,0.57,False,2.52046,0.873299,-4.22143,2.02431,-2.52046,98.3384,0.87632,-0.272996,-16.2861,RT2,12.32,onset,显示域,mean_w0.1,causal_mean,internal_input,True,0,12.32
20.8297,22.0175,1.18778,22.0179,t_on+4.6~5.4s中位(=08-v6.1 P 口径),0.328448,t0+60s后中位,-437.551,-437.551,-437.551,1853.69,608.942,1853.69,1388.49,,,,False,6.27836,0.75669,-55.6178,0,-6.27836,-337.519,-1753.66,-5.19716,-22.0179,RT2,147.11,restep,显示域,mean_w0.1,causal_mean,internal_input,True,0,147.11
0.0431888,16.5452,16.502,16.5436,t_on+4.6~5.4s中位(=08-v6.1 P 口径),20.537,t0+60s后中位,11.8488,4.37432,11.8488,99.8654,99.8654,99.8654,-12.351,,,,False,2.26642,0.999852,4.06788,2.26642,-0.3016,111.839,0.124941,1.95529,-16.4798,RT3,10.59,onset,显示域,mean_w0.1,causal_mean,internal_input,True,0,10.59
0,15.2822,15.2822,15.2822,t_on+4.6~5.4s中位(=08-v6.1 P 口径),17.8089,t0+60s后中位,12.3494,4.2037,12.3494,100,100,100,-4.18462,,,,False,2.1322,1.00732,3.88877,2.1322,-0.140399,112.349,0,1.88726,-15.2822,LT1,11.69,onset,显示域,mean_w0.1,causal_mean,internal_input,True,0,11.69
0,16.1103,16.1103,16.1103,t_on+4.6~5.4s中位(=08-v6.1 P 口径),18.0039,t0+60s后中位,7.56143,4.12479,7.56143,94.6426,94.6426,94.6426,-4.19256,,,,False,2.36348,1.00123,-1.68472,2.36348,-0.250119,107.561,5.35737,1.21817,-15.2472,LT2,14.92,onset,显示域,mean_w0.1,causal_mean,internal_input,True,0,14.92
0,17.5099,17.5099,17.5099,t_on+4.6~5.4s中位(=08-v6.1 P 口径),18.8571,t0+60s后中位,5.33494,2.73866,5.33494,96.6788,96.6788,96.6788,-2.35869,26.2,26.2,0.46,False,2.35455,0.999173,-0.7555,2.35455,-0.191662,105.335,3.32118,0.934145,-16.9284,LT3,10.87,onset,显示域,mean_w0.1,causal_mean,internal_input,True,0,10.87
0.0670135,13.3797,13.3126,13.3797,t_on+4.6~5.4s中位(=08-v6.1 P 口径),0.0871752,t0+60s后中位,0.73248,-1.24116,0.73248,96.6427,96.6427,96.6427,100.581,0.51,0.51,0.51,False,2.14216,0.878639,-4.87243,1.78867,-2.14216,100.732,3.35728,0.0975124,-12.8657,F41,10.94,onset,显示域,mean_w0.1,causal_mean,internal_input,True,0,10.94
10.7861,13.5506,2.76444,13.5506,t_on+4.6~5.4s中位(=08-v6.1 P 口径),0.0815962,t0+60s后中位,-2.65528,-7.98953,-2.65528,16.2772,13.5183,16.2772,484.568,,,,False,2.15308,0.0285674,-100,1.31653,-2.15308,97.3447,83.7228,-0.0734036,-0.449974,F41,12.19,restep,显示域,mean_w0.1,causal_mean,internal_input,True,0,12.19
0.0648412,14.7366,14.6718,14.7366,t_on+4.6~5.4s中位(=08-v6.1 P 口径),16.1364,t0+60s后中位,-2.24845,-2.73301,-2.24845,99.2671,99.2671,99.2671,-11.7893,0.56,0.56,0.56,False,2.00966,0.894278,-3.7009,1.93019,-2.00966,97.7516,0.732884,-0.329887,-14.5643,F42,11.03,onset,显示域,mean_w0.1,causal_mean,internal_input,True,0,11.03
0.0681977,15.3136,15.2454,15.3136,t_on+4.6~5.4s中位(=08-v6.1 P 口径),16.9824,t0+60s后中位,5.18745,2.46879,5.18745,97.209,97.209,97.209,-5.75927,20.86,20.86,20.86,False,2.07698,0.981941,-0.649826,2.07698,-0.729901,105.187,2.79104,0.790845,-14.8199,F43,11,onset,显示域,mean_w0.1,causal_mean,internal_input,True,0,11
76.1344,4238,4161.87,4238,t_on+4.6~5.4s中位(=08-v6.1 P 口径),22198.9,t0+60s后中位,166.661,-1.30998,166.661,91.7766,91.7766,91.7766,-264.898,,,3.43,True,891.906,0.98375,-12.074,724.146,-891.906,266.661,8.22338,6936.21,-3819.62,SW1,10.84,onset,ADC域,mean_w0.1,causal_mean,internal_input,True,0,10.84
4818.64,11600.5,6781.87,11600.5,t_on+4.6~5.4s中位(=08-v6.1 P 口径),25327.7,t0+60s后中位,-6.28588,-7.23545,-6.28588,29.9536,29.9536,29.9536,-208.696,,,,False,1122.22,0.429866,-85.7893,285.037,-1122.22,93.7141,70.0464,-426.3,-2031.42,SW1,28.63,onset,ADC域,mean_w0.1,causal_mean,internal_input,True,0,28.63
12295.3,16180.4,3885.09,16180.4,t_on+4.6~5.4s中位(=08-v6.1 P 口径),25571,t0+60s后中位,-22.3007,-31.8807,-22.3007,311.055,311.055,311.055,-264.009,,,,False,4552.74,0.530743,-264.988,0,-4552.74,77.6993,-211.055,-866.402,-12084.7,SW1,71.67,restep,ADC域,mean_w0.1,causal_mean,internal_input,True,0,71.67
5449.43,18081.4,12632,18081.4,t_on+4.6~5.4s中位(=08-v6.1 P 口径),25607.5,t0+60s后中位,-21.9081,-21.9081,-21.9081,98.6686,98.6686,98.6686,-81.4877,,,,False,4552.74,0.649163,-45.4026,-823.605,-4552.74,78.0919,1.33142,-2767.43,-12463.8,SW1,75.89,onset,ADC域,mean_w0.1,causal_mean,internal_input,True,0,75.89
19385,25847,6462,25847,t_on+4.6~5.4s中位(=08-v6.1 P 口径),22083.8,t0+60s后中位,29.8066,-74.7586,29.8066,399.984,175.347,399.984,88.0414,,,,False,5561.43,0.770465,-9.08833,2346.6,-5561.43,129.807,-299.984,1926.1,-25847,SW1,110.45,restep,ADC域,mean_w0.1,causal_mean,internal_input,True,0,110.45
60.9331,27166,27105,27166.3,t_on+4.6~5.4s中位(=08-v6.1 P 口径),20122.9,t0+60s后中位,3.41097,2.18277,3.41097,99.9679,99.9679,99.9679,29.3966,0.51,0.51,0.51,False,2346.6,1.01418,2.15062,2346.6,-6.03749,103.412,0.0334508,924.544,-27096.3,SW1,133.83,onset,ADC域,mean_w0.1,causal_mean,internal_input,True,0,133.83
51.8559,25246.2,25194.4,25246.2,t_on+4.6~5.4s中位(=08-v6.1 P 口径),60.5696,t0+60s后中位,11.0074,11.0074,11.0074,99.9465,99.9465,99.9465,110.973,,,2.31,True,3897.58,0.972832,10.3639,3897.58,-831.391,111.007,0.0535159,2773.26,-25180.9,SW1,185.97,onset,ADC域,mean_w0.1,causal_mean,internal_input,True,0,185.97
5760.31,11837.8,6077.46,11837.8,t_on+4.6~5.4s中位(=08-v6.1 P 口径),22083.3,后1/3段中位(不足60s),205.332,-25.4349,205.332,162.378,107.2,162.378,36.7486,,,,False,1777.3,0.950731,-23.0101,0,-1777.3,305.332,-62.3784,12478.9,-9868.48,SW1,217.74,restep,ADC域,mean_w0.1,causal_mean,internal_input,True,0,217.74
12114,19856.8,7742.83,19856.8,t_on+4.6~5.4s中位(=08-v6.1 P 口径),22083.3,后1/3段中位(不足60s),59.9064,-10.9807,59.9064,256.454,231.02,256.454,31.1503,,,,False,1777.3,0.84678,-158.008,0,-1777.3,159.906,-156.454,4638.45,-19856.8,SW1,230.64,restep,ADC域,mean_w0.1,causal_mean,internal_input,True,0,230.64
5212.12,20239.7,15027.6,20239.7,t_on+4.6~5.4s中位(=08-v6.1 P 口径),22083.3,后1/3段中位(不足60s),28.3179,-8.20591,28.3179,134.684,121.579,134.684,16.0499,,,,False,1777.3,0.618136,13.0884,0,-1777.3,128.318,-34.6837,4255.51,-20239.7,SW1,233.05,onset,ADC域,mean_w0.1,causal_mean,internal_input,True,0,233.05
20411.1,25659.4,5248.35,25659.4,t_on+4.6~5.4s中位(=08-v6.1 P 口径),22083.3,后1/3段中位(不足60s),-22.1816,-28.8387,-22.1816,488.904,122.08,488.904,45.9557,,,,False,1611.74,0.937972,-6.75844,0,-1611.74,77.8184,-388.904,-1164.17,-25659.4,SW1,240.72,restep,ADC域,mean_w0.1,causal_mean,internal_input,True,0,240.72
62.4363,14447.8,14385.4,14447.8,t_on+4.6~5.4s中位(=08-v6.1 P 口径),24133.3,后1/3段中位(不足60s),54.3488,5.44664,54.3488,100.396,88.4864,100.396,-12.9799,,,,False,2206.96,1.00366,-6.50287,2206.96,-498.256,154.349,-0.3964,7818.29,-14442.4,SW2,11.79,onset,ADC域,mean_w0.1,causal_mean,internal_input,True,0,11.79
13417,14857.8,1440.74,14853.3,t_on+4.6~5.4s中位(=08-v6.1 P 口径),24133.3,后1/3段中位(不足60s),518.536,46.2667,518.536,1030.57,-20.9062,1030.57,-125.578,,,,False,1849.37,1.05166,-100,1849.37,-498.256,618.225,-930.882,7470.77,-14847.9,SW2,13.7,restep,ADC域,mean_w0.1,causal_mean,internal_input,True,0,13.7
14903.5,15403.2,499.733,15406.9,t_on+4.6~5.4s中位(=08-v6.1 P 口径),24133.3,后1/3段中位(不足60s),1516.95,112.075,1516.95,3081.95,50.5124,3081.95,-229.257,,,,False,1849.37,0.99088,-100,1849.37,-498.256,1617.7,-2981.21,7580.72,-15401.5,SW2,14.86,restep,ADC域,mean_w0.1,causal_mean,internal_input,True,0,14.86
16013.5,16785.9,772.361,16785.9,t_on+4.6~5.4s中位(=08-v6.1 P 口径),24133.3,后1/3段中位(不足60s),1282.37,-14.2413,1282.37,2172.62,2172.62,2172.62,331.072,,,,False,3487.86,0.94844,-1980.27,3487.86,-484.494,1382.37,-2072.62,9904.51,-16780.5,SW2,31.22,restep,ADC域,mean_w0.1,causal_mean,internal_input,True,0,31.22
37.6,21642.1,21604.5,21640.6,t_on+4.6~5.4s中位(=08-v6.1 P 口径),24133.3,后1/3段中位(不足60s),24.9413,2.62416,24.9413,100.048,95.2969,100.048,13.4031,,,,False,3487.86,1,-2.27636,3487.86,-82.1439,124.934,-0.0549173,5388.44,-21614.8,SW2,35.96,onset,ADC域,mean_w0.1,causal_mean,internal_input,True,0,35.96
38.1069,25211.6,25173.5,25211.6,t_on+4.6~5.4s中位(=08-v6.1 P 口径),24133.3,后1/3段中位(不足60s),7.65788,5.87459,7.65788,99.0118,99.0118,99.0118,11.9411,,,,False,3487.86,1.04634,4.82508,3487.86,-82.1439,107.658,0.988188,1927.75,-24924.7,SW2,57.3,onset,ADC域,mean_w0.1,causal_mean,internal_input,True,0,57.3
69.6717,17661.2,17591.5,17661.2,t_on+4.6~5.4s中位(=08-v6.1 P 口径),27306.7,后1/3段中位(不足60s),57.7236,-12.9596,57.7236,100.396,77.1041,100.396,2.89304,,,,False,5632.48,1.00326,-36.2468,3721.92,-5632.48,157.724,-0.396054,10154.4,-17661.2,SW3,10.92,onset,ADC域,mean_w0.1,causal_mean,internal_input,True,0,10.92
18553.2,25616.1,7062.88,25616.1,t_on+4.6~5.4s中位(=08-v6.1 P 口径),27306.7,后1/3段中位(不足60s),34.7973,-65.2091,34.7973,362.686,141.771,362.686,10.861,,,,False,5632.48,1.82287,-25.3789,3721.92,-5632.48,134.797,-262.686,2457.69,-25616.1,SW3,20.72,restep,ADC域,mean_w0.1,causal_mean,internal_input,True,0,20.72
55.8404,26628.1,26572.2,26628.1,t_on+4.6~5.4s中位(=08-v6.1 P 口径),27306.7,后1/3段中位(不足60s),5.6871,4.46915,5.6871,100.028,95.7946,100.028,3.13321,,,,False,3721.92,1.01352,0.105137,3721.92,0,105.687,-0.0280008,1511.19,-26579.7,SW3,39.08,onset,ADC域,mean_w0.1,causal_mean,internal_input,True,0,39.08
27715.9,53.6281,-27662.2,53.6281,段末帧(退化),27306.7,后1/3段中位(不足60s),0.0188998,0.0188998,0.0188998,101.113,101.113,101.113,98.5396,,,,False,493.691,1.00959,1.11629,493.691,0,1.11261,-100.019,27970,-5.2281,SW3,60.78,restep,ADC域,mean_w0.1,causal_mean,internal_input,True,0,60.78
84,15440.1,15356.1,15440.1,t_on+4.6~5.4s中位(=08-v6.1 P 口径),24132.7,t0+60s后中位,51.1637,-4.55497,51.1637,86.8401,86.8401,86.8401,-5.44246,,,,False,2226.89,0.936517,-17.8305,1619.4,-2226.89,151.164,13.1599,7856.77,-13335.3,SW4,8.41,onset,ADC域,mean_w0.1,causal_mean,internal_input,True,0,8.41
16081.8,22496.8,6414.97,22496.8,t_on+4.6~5.4s中位(=08-v6.1 P 口径),27882.6,t0+60s后中位,12.473,-23.492,12.473,119.943,119.943,119.943,-71.4837,,,9.41,True,2501.7,0.918958,-3.54871,0,-2501.7,112.473,-19.9433,800.139,-7694.33,SW4,18.68,restep,ADC域,mean_w0.1,causal_mean,internal_input,True,0,18.68
22925.4,24092.1,1166.69,24092.1,t_on+4.6~5.4s中位(=08-v6.1 P 口径),28257.6,t0+60s后中位,-68.1562,-68.1562,-68.1562,616.204,616.204,616.204,-425.197,,,,False,2605.76,0.533041,-139.516,0,-2605.76,31.8438,-516.204,-795.171,-7189.18,SW4,26.57,restep,ADC域,mean_w0.1,causal_mean,internal_input,True,0,26.57
19536,24131.5,4595.47,24131.5,t_on+4.6~5.4s中位(=08-v6.1 P 口径),28276.6,t0+60s后中位,-18.1614,-18.1614,-18.1614,143.439,143.439,143.439,-108.361,,,,False,2605.76,0.635093,7.85185,0,-2605.76,81.8386,-43.4395,-834.602,-6591.71,SW4,27.6,restep,ADC域,mean_w0.1,causal_mean,internal_input,True,0,27.6
20983.9,24428.8,3444.97,24428.7,t_on+4.6~5.4s中位(=08-v6.1 P 口径),27972.6,后1/3段中位(不足60s),127.165,-80.5682,127.165,709.112,115.181,709.112,24.2924,,,,False,3264.18,0.8826,-82.8794,2574.91,-3264.18,227.162,-609.115,4380.8,-24428.7,SW4,61.37,restep,ADC域,mean_w0.1,causal_mean,internal_input,True,0,61.37
75.2423,27894.5,27819.3,27894.5,t_on+4.6~5.4s中位(=08-v6.1 P 口径),27972.6,后1/3段中位(不足60s),16.2049,3.289,16.2049,100.27,55.4372,100.27,15.9241,,,0.27,True,2574.91,0.987194,-41.2738,2574.91,-534.094,116.205,-0.270468,4508.08,-27894.5,SW4,88,onset,ADC域,mean_w0.1,causal_mean,internal_input,True,0,88
28343.3,30550.9,2207.56,30550.9,t_on+4.6~5.4s中位(=08-v6.1 P 口径),27972.6,后1/3段中位(不足60s),83.8817,83.8817,83.8817,1383.92,31.8699,1383.92,200.673,,,,False,1775.57,1.01789,-73.1687,1775.57,-534.094,183.882,-1283.92,1851.74,-30550.9,SW4,99.36,restep,ADC域,mean_w0.1,causal_mean,internal_input,True,0,99.36
29447.1,32153.9,2706.86,32156.8,t_on+4.6~5.4s中位(=08-v6.1 P 口径),27972.6,后1/3段中位(不足60s),-1.48302,-1.60681,-1.48302,1187.97,69.5477,1187.97,153.094,,,,False,534.094,1.01328,-34.4552,395.972,-534.094,98.6239,-1087.87,-40.1435,-32156.8,SW4,104.24,restep,ADC域,mean_w0.1,causal_mean,internal_input,True,0,104.24
0.555499,14.7018,14.1463,14.7018,t_on+4.6~5.4s中位(=08-v6.1 P 口径),9.4043,t0+60s后中位,-1.06422,-4.35558,-1.06422,97.6929,97.6929,97.6929,36.3836,0.66,0.66,0.66,False,2.64482,0.852137,-6.66272,1.41661,-2.64482,98.9358,2.30714,-0.150547,-13.8199,RT1,8.27,onset,显示域,mean_w0.2,causal_mean,internal_input,True,0,8.27
14.5874,15.8352,1.24784,15.8279,t_on+4.6~5.4s中位(=08-v6.1 P 口径),1.1115,t0+60s后中位,-102.308,-102.308,-102.308,145.791,140.03,145.791,1077.04,,,,False,2.91157,-0.0269388,-78.8783,-0.614681,-2.91157,-2.89726,-46.3804,-1.27665,-1.81925,RT1,13.6,restep,显示域,mean_w0.2,causal_mean,internal_input,True,0,13.6
0.295763,16.7013,16.4055,16.7013,t_on+4.6~5.4s中位(=08-v6.1 P 口径),19.7649,t0+60s后中位,-2.81942,-4.43117,-2.81942,99.6314,99.6314,99.6314,-21.4935,,,0.63,True,2.76239,0.862999,-4.79978,1.86405,-2.76239,97.1806,0.368604,-0.46254,-16.345,RT2,12.32,onset,显示域,mean_w0.2,causal_mean,internal_input,True,0,12.32
20.8245,22.0174,1.19291,22.0175,t_on+4.6~5.4s中位(=08-v6.1 P 口径),0.330002,t0+60s后中位,-457.642,-457.642,-457.642,1845.69,619.864,1845.69,1360.38,,,,False,6.36756,0.746831,-66.3797,0,-6.36756,-357.638,-1745.68,-5.45928,-22.0175,RT2,147.11,restep,显示域,mean_w0.2,causal_mean,internal_input,True,0,147.11
0.0431888,16.5472,16.504,16.5592,t_on+4.6~5.4s中位(=08-v6.1 P 口径),20.5381,t0+60s后中位,10.8268,2.98811,10.8268,99.9977,99.9977,99.9977,-13.2822,,,,False,2.09402,0.989837,2.98579,2.09402,-0.598555,110.9,0.0750975,1.78685,-16.5036,RT3,10.59,onset,显示域,mean_w0.2,causal_mean,internal_input,True,0,10.59
0,15.2817,15.2817,15.2817,t_on+4.6~5.4s中位(=08-v6.1 P 口径),17.8098,t0+60s后中位,11.5768,3.22415,11.5768,100,100,100,-4.96616,,,,False,2.04608,1.00092,3.09798,2.04608,-0.256641,111.577,0,1.76913,-15.2817,LT1,11.69,onset,显示域,mean_w0.2,causal_mean,internal_input,True,0,11.69
0,16.0947,16.0947,16.0947,t_on+4.6~5.4s中位(=08-v6.1 P 口径),18.0037,t0+60s后中位,6.63437,3.42381,6.63437,97.3187,97.3187,97.3187,-5.22643,,,,False,2.2975,0.99413,0.413824,2.2975,-0.411507,106.634,2.68127,1.06779,-15.6632,LT2,14.92,onset,显示域,mean_w0.2,causal_mean,internal_input,True,0,14.92
0,17.4976,17.4976,17.4976,t_on+4.6~5.4s中位(=08-v6.1 P 口径),18.8572,t0+60s后中位,4.60277,1.9381,4.60277,98.3382,98.3382,98.3382,-3.16794,0.47,0.47,0.47,False,2.30192,0.992431,0.224745,2.30192,-0.321479,104.603,1.66176,0.805372,-17.2068,LT3,10.87,onset,显示域,mean_w0.2,causal_mean,internal_input,True,0,10.87
0.0661356,13.372,13.3059,13.372,t_on+4.6~5.4s中位(=08-v6.1 P 口径),7.19524,t0+60s后中位,0.0868843,-1.83477,0.0868843,98.34,98.34,98.34,46.5084,0.54,0.54,0.54,False,2.21909,0.876146,-3.67508,1.72962,-2.21909,100.087,1.65997,0.0115607,-13.085,F41,10.94,onset,显示域,mean_w0.2,causal_mean,internal_input,True,0,10.94
10.7157,13.5453,2.82964,13.5453,t_on+4.6~5.4s中位(=08-v6.1 P 口径),0.0815332,t0+60s后中位,-5.71549,-12.4935,-5.71549,18.3394,15.5998,18.3394,470.098,,,,False,2.23059,0.0325331,-100,1.27166,-2.23059,94.2845,81.6606,-0.161728,-0.518939,F41,12.19,restep,显示域,mean_w0.2,causal_mean,internal_input,True,0,12.19
0.0639341,14.6999,14.636,14.6999,t_on+4.6~5.4s中位(=08-v6.1 P 口径),16.4957,t0+60s后中位,-3.10848,-3.84427,-3.10848,99.6502,99.6502,99.6502,-15.3785,0.6,0.6,0.6,False,2.16566,0.883472,-4.19402,1.67808,-2.16566,96.8915,0.349753,-0.454957,-14.5848,F42,11.03,onset,显示域,mean_w0.2,causal_mean,internal_input,True,0,11.03
0.0682137,15.3101,15.2419,15.3101,t_on+4.6~5.4s中位(=08-v6.1 P 口径),16.9824,t0+60s后中位,3.76247,0.907126,3.76247,98.6022,98.6022,98.6022,-7.20897,0.47,0.47,0.47,False,1.93182,0.959472,-0.501001,1.93182,-0.984031,103.762,1.39778,0.573471,-15.0288,F43,11,onset,显示域,mean_w0.2,causal_mean,internal_input,True,0,11
76.061,4231.55,4155.49,4231.55,t_on+4.6~5.4s中位(=08-v6.1 P 口径),22195.1,t0+60s后中位,160.706,-1.44647,160.706,95.8306,95.8306,95.8306,-271.578,,,3.52,True,1176.21,0.961716,-7.46119,720.94,-1176.21,260.706,4.16936,6678.13,-3982.24,SW1,10.84,onset,ADC域,mean_w0.2,causal_mean,internal_input,True,0,10.84
4818.63,11598.5,6779.84,11598.5,t_on+4.6~5.4s中位(=08-v6.1 P 口径),25315.6,t0+60s后中位,-10.1593,-10.9317,-10.1593,47.247,47.247,47.247,-212.481,,,,False,1410.9,0.625085,-63.6848,58.3546,-1410.9,89.8407,52.753,-688.787,-3203.27,SW1,28.63,onset,ADC域,mean_w0.2,causal_mean,internal_input,True,0,28.63
12294.5,15983.5,3689.03,15983.5,t_on+4.6~5.4s中位(=08-v6.1 P 口径),25562.8,t0+60s后中位,-29.1415,-29.4994,-29.1415,326.003,326.003,326.003,-288.813,,,,False,4502.52,0.552096,-280.641,-889.715,-4502.52,70.8585,-226.003,-1075.04,-12026.3,SW1,71.67,restep,ADC域,mean_w0.2,causal_mean,internal_input,True,0,71.67
5457.51,18073.6,12616.1,18073.6,t_on+4.6~5.4s中位(=08-v6.1 P 口径),25606.5,t0+60s后中位,-25.0765,-25.0882,-25.0765,91.5361,91.5361,91.5361,-84.7849,,,,False,4502.52,0.696645,-33.6567,-889.715,-4502.52,74.9235,8.46389,-3163.68,-11548.3,SW1,75.89,onset,ADC域,mean_w0.2,causal_mean,internal_input,True,0,75.89
19385.7,25841.9,6456.3,25841.9,t_on+4.6~5.4s中位(=08-v6.1 P 口径),22079.7,t0+60s后中位,15.2784,-77.0125,15.2784,400.26,167.676,400.26,73.551,,,,False,5732.1,0.768396,-9.5494,1120.71,-5732.1,115.278,-300.26,986.42,-25841.9,SW1,110.45,restep,ADC域,mean_w0.2,causal_mean,internal_input,True,0,110.45
60.894,27162.2,27101.3,27162.4,t_on+4.6~5.4s中位(=08-v6.1 P 口径),20128.7,t0+60s后中位,-0.0125935,-1.68558,-0.0125935,99.9748,99.9748,99.9748,25.9406,0.65,0.65,0.65,False,1120.71,0.980891,-1.71074,1120.71,-614.205,99.988,0.0257091,-3.41301,-27094.5,SW1,133.83,onset,ADC域,mean_w0.2,causal_mean,internal_input,True,0,133.83
51.5556,25242.8,25191.3,25242.8,t_on+4.6~5.4s中位(=08-v6.1 P 口径),60.4413,t0+60s后中位,11.0253,9.95315,11.0253,99.9675,99.9675,99.9675,110.99,,,,False,3674.45,1.06887,9.59218,3674.45,-9.94803,111.025,0.0325259,2777.42,-25183.1,SW1,185.97,onset,ADC域,mean_w0.2,causal_mean,internal_input,True,0,185.97
5760.37,11831.5,6071.17,11831.5,t_on+4.6~5.4s中位(=08-v6.1 P 口径),22079.4,后1/3段中位(不足60s),169.99,2.78224,169.99,136.443,83.9655,136.443,1.19451,,,0.74,True,5040.37,0.642354,-22.6565,1413.09,-5040.37,269.99,-36.4433,10320.4,-8283.7,SW1,217.74,restep,ADC域,mean_w0.2,causal_mean,internal_input,True,0,217.74
12104.1,19832.7,7728.55,19832.7,t_on+4.6~5.4s中位(=08-v6.1 P 口径),22079.4,后1/3段中位(不足60s),32.6284,-21.8851,32.6284,256.616,210.71,256.616,3.55818,,,,False,5040.37,0.976301,-176.369,0,-5040.37,132.628,-156.616,2521.7,-19832.7,SW1,230.64,restep,ADC域,mean_w0.2,causal_mean,internal_input,True,0,230.64
5213.76,20230.1,15016.3,20230.1,t_on+4.6~5.4s中位(=08-v6.1 P 口径),22079.4,后1/3段中位(不足60s),14.1467,-13.9101,14.1467,134.721,111.094,134.721,1.83131,,,,False,5040.37,0.979884,-7.98165,0,-5040.37,114.147,-34.7206,2124.31,-20230.1,SW1,233.05,onset,ADC域,mean_w0.2,causal_mean,internal_input,True,0,233.05
20409.5,25654.5,5244.95,25654.5,t_on+4.6~5.4s中位(=08-v6.1 P 口径),22079.4,后1/3段中位(不足60s),-62.9189,-87.4678,-62.9189,489.126,175.594,489.126,5.24306,,,,False,4588.48,0.800594,-12.0827,0,-4588.48,37.0811,-389.126,-3300.07,-25654.5,SW1,240.72,restep,ADC域,mean_w0.2,causal_mean,internal_input,True,0,240.72
62.3056,14445.7,14383.4,14445.7,t_on+4.6~5.4s中位(=08-v6.1 P 口径),24097.2,后1/3段中位(不足60s),48.9446,4.10067,48.9446,100.42,94.2516,100.42,-18.1578,,,,False,2015.37,1.00794,-1.8627,2015.37,-701.334,148.945,-0.420033,7039.87,-14443.8,SW2,11.79,onset,ADC域,mean_w0.2,causal_mean,internal_input,True,0,11.79
13372.5,14851.3,1478.83,14851.6,t_on+4.6~5.4s中位(=08-v6.1 P 口径),24097.2,后1/3段中位(不足60s),452.807,34.0033,452.807,1004.15,-9.86164,1004.15,-172.392,,,,False,1116.35,1.05468,-100,1116.35,-701.334,552.825,-904.13,6696.27,-14849.7,SW2,13.7,restep,ADC域,mean_w0.2,causal_mean,internal_input,True,0,13.7
14867.7,15402.3,534.559,15402.5,t_on+4.6~5.4s中位(=08-v6.1 P 口径),24097.2,后1/3段中位(不足60s),1274.81,73.8132,1274.81,2881,75.7832,2881,-351.713,,,,False,1116.35,0.974528,-100,1116.35,-701.334,1374.86,-2780.95,6814.6,-15400.6,SW2,14.86,restep,ADC域,mean_w0.2,causal_mean,internal_input,True,0,14.86
16013.5,15086.2,-927.265,15086.2,t_on+4.6~5.4s中位(=08-v6.1 P 口径),24097.2,后1/3段中位(不足60s),1626.75,1626.75,1626.75,1211.45,-8.44824,1211.45,2598.54,,,,False,3098.66,0.95788,1506.55,3098.66,-697.908,1111.45,-1726.75,11233.3,-15084.3,SW2,31.22,restep,ADC域,mean_w0.2,causal_mean,internal_input,True,0,31.22
37.6907,21641.6,21603.9,21639.9,t_on+4.6~5.4s中位(=08-v6.1 P 口径),24097.2,后1/3段中位(不足60s),21.9008,-0.929621,21.9008,100.105,97.6426,100.105,10.5264,,,0.57,True,3098.66,1,-3.38305,3098.66,-385.547,121.893,-0.112817,4731.43,-21626.6,SW2,35.96,onset,ADC域,mean_w0.2,causal_mean,internal_input,True,0,35.96
38.1249,25210.9,25172.8,25210.9,t_on+4.6~5.4s中位(=08-v6.1 P 口径),24097.2,后1/3段中位(不足60s),4.60992,4.40421,4.60992,99.5062,99.5062,99.5062,9.034,,,0.44,True,3098.66,1.01068,3.91038,3098.66,-41.1419,104.61,0.493824,1160.45,-25048.5,SW2,57.3,onset,ADC域,mean_w0.2,causal_mean,internal_input,True,0,57.3
69.6764,17648.2,17578.6,17648.2,t_on+4.6~5.4s中位(=08-v6.1 P 口径),27303,后1/3段中位(不足60s),52.8353,-13.3055,52.8353,100.396,85.8008,100.396,-2.08795,,,,False,5942.07,1.00378,-27.9174,2718.97,-5942.07,152.835,-0.396371,9287.68,-17648.2,SW3,10.92,onset,ADC域,mean_w0.2,causal_mean,internal_input,True,0,10.92
18547.2,25586.9,7039.73,25586.9,t_on+4.6~5.4s中位(=08-v6.1 P 口径),27303,后1/3段中位(不足60s),25.0017,-68.3447,25.0017,363.464,144.091,363.464,0.625074,,,,False,5942.07,1.7018,-27.9047,2718.97,-5942.07,125.002,-263.464,1760.05,-25586.9,SW3,20.72,restep,ADC域,mean_w0.2,causal_mean,internal_input,True,0,20.72
55.855,26593.9,26538.1,26593.9,t_on+4.6~5.4s中位(=08-v6.1 P 口径),27303,后1/3段中位(不足60s),3.57392,1.43373,3.57392,100.21,97.8976,100.21,0.902085,,,0.47,True,2718.97,0.993202,-0.813591,2718.97,-209.889,103.574,-0.210471,948.449,-26593.9,SW3,39.08,onset,ADC域,mean_w0.2,causal_mean,internal_input,True,0,39.08
27715.3,53.4992,-27661.8,53.4992,段末帧(退化),27303,后1/3段中位(不足60s),0.193405,0.193405,0.193405,99.2589,99.2589,99.2589,98.7029,,,,False,206.388,0.992539,-0.73826,0,-206.388,-0.741058,-100.193,27456.8,-53.4992,SW3,60.78,restep,ADC域,mean_w0.2,causal_mean,internal_input,True,0,60.78
84,15419.4,15335.4,15419.4,t_on+4.6~5.4s中位(=08-v6.1 P 口径),24153.7,t0+60s后中位,42.7707,-8.26274,42.7707,93.0001,93.0001,93.0001,-14.1846,,,,False,2970.66,0.901316,-15.3232,1023.62,-2970.66,142.771,6.99989,6559.05,-14261.9,SW4,8.41,onset,ADC域,mean_w0.2,causal_mean,internal_input,True,0,8.41
16060,22493.7,6433.75,22493.7,t_on+4.6~5.4s中位(=08-v6.1 P 口径),27880.3,t0+60s后中位,-8.00915,-36.3762,-8.00915,128.03,128.03,128.03,-91.7335,,,,False,3343.5,0.873532,-8.39041,0,-3343.5,91.9908,-28.0299,-515.289,-8237.13,SW4,18.68,restep,ADC域,mean_w0.2,causal_mean,internal_input,True,0,18.68
22925.9,24090.5,1164.65,24090.5,t_on+4.6~5.4s中位(=08-v6.1 P 口径),28253.6,t0+60s后中位,-181.35,-206.738,-181.35,663.006,663.006,663.006,-538.802,,,,False,3355.42,-0.229933,-183.796,-2151.11,-3355.42,-81.3498,-563.006,-2112.1,-7721.72,SW4,26.57,restep,ADC域,mean_w0.2,causal_mean,internal_input,True,0,26.57
20166.6,24128.3,3961.74,24128.3,t_on+4.6~5.4s中位(=08-v6.1 P 口径),28277.4,t0+60s后中位,-54.2657,-61.7293,-54.2657,184.667,184.667,184.667,-158.994,,,,False,3355.42,0.60904,22.9379,-2151.11,-3355.42,45.7343,-84.6672,-2149.87,-7316.03,SW4,27.6,restep,ADC域,mean_w0.2,causal_mean,internal_input,True,0,27.6
20982.1,24428.7,3446.53,24428.7,t_on+4.6~5.4s中位(=08-v6.1 P 口径),27972.5,后1/3段中位(不足60s),94.657,-95.6121,94.657,708.79,147.26,708.79,-8.16448,,,,False,3888.29,0.847908,-65.5424,1520.91,-3888.29,194.657,-608.79,3262.39,-24428.7,SW4,61.37,restep,ADC域,mean_w0.2,causal_mean,internal_input,True,0,61.37
75.0682,27888.5,27813.4,27888.5,t_on+4.6~5.4s中位(=08-v6.1 P 口径),27972.5,后1/3段中位(不足60s),13.9721,-0.709769,13.9721,100.27,68.6132,100.27,13.6701,,,0.42,True,1520.91,0.975733,-32.0965,1520.91,-766.572,113.972,-0.269899,3886.11,-27888.5,SW4,88,onset,ADC域,mean_w0.2,causal_mean,internal_input,True,0,88
28344.3,30582.6,2238.24,30582.6,t_on+4.6~5.4s中位(=08-v6.1 P 口径),27972.5,后1/3段中位(不足60s),53.2561,36.5172,53.2561,1366.37,68.6705,1366.37,169.871,,,,False,766.572,0.994071,-79.3213,766.264,-766.572,153.256,-1266.37,1192,-30582.6,SW4,99.36,restep,ADC域,mean_w0.2,causal_mean,internal_input,True,0,99.36
29446.7,32150.3,2703.65,32157.5,t_on+4.6~5.4s中位(=08-v6.1 P 口径),27972.5,后1/3段中位(不足60s),-14.1636,-18.2565,-14.1636,1189.41,89.5778,1189.41,140.629,,,,False,766.572,0.994565,-29.8391,0,-766.572,86.1022,-1089.15,-382.933,-32157.5,SW4,104.24,restep,ADC域,mean_w0.2,causal_mean,internal_input,True,0,104.24
0.563179,14.7022,14.139,14.7022,t_on+4.6~5.4s中位(=08-v6.1 P 口径),15.509,t0+60s后中位,-8.59907,-11.6398,-8.59907,99.3913,99.3913,99.3913,-14.3058,,,,False,3.67262,0.787814,-12.2485,0.0217294,-3.67262,91.4009,0.608692,-1.21582,-14.0529,RT1,8.27,onset,显示域,mean_w0.5,causal_mean,internal_input,True,0,8.27
14.5272,15.8318,1.30453,15.8318,t_on+4.6~5.4s中位(=08-v6.1 P 口径),1.1142,t0+60s后中位,-179.792,-179.792,-179.792,219.743,212.004,219.743,948.4,,,,False,3.9556,-0.0270768,-76.2929,-1.64559,-3.9556,-79.7918,-119.743,-2.34543,-2.86661,RT1,13.6,restep,显示域,mean_w0.5,causal_mean,internal_input,True,0,13.6
0.29866,16.6455,16.3468,16.6455,t_on+4.6~5.4s中位(=08-v6.1 P 口径),19.7637,t0+60s后中位,-11.7992,-13.532,-11.7992,99.7598,99.7598,99.7598,-30.875,,,,False,4.2685,0.779725,-13.8521,0.0285326,-4.2685,88.2008,0.240234,-1.92879,-16.3075,RT2,12.32,onset,显示域,mean_w0.5,causal_mean,internal_input,True,0,12.32
20.8104,22.0087,1.19826,22.0089,t_on+4.6~5.4s中位(=08-v6.1 P 口径),0.330709,t0+60s后中位,-573.413,-573.413,-573.413,1834.99,686.436,1834.99,1235.72,,,,False,7.42242,0.672862,-61.8861,0,-7.42242,-473.402,-1734.98,-6.87099,-21.988,RT2,147.11,restep,显示域,mean_w0.5,causal_mean,internal_input,True,0,147.11
0.043611,16.546,16.5024,16.5592,t_on+4.6~5.4s中位(=08-v6.1 P 口径),20.5383,t0+60s后中位,-2.57759,-8.58484,-2.57759,100.053,100.053,100.053,-26.6895,10.53,10.53,10.53,False,2.78573,0.861862,-8.59682,0.0163926,-2.78573,97.5022,0.0269568,-0.425365,-16.5111,RT3,10.59,onset,显示域,mean_w0.5,causal_mean,internal_input,True,0,10.59
0,15.2711,15.2711,15.2711,t_on+4.6~5.4s中位(=08-v6.1 P 口径),17.8106,t0+60s后中位,-3.52848,-9.00924,-3.52848,100,100,100,-20.1583,20.26,20.26,20.26,False,2.56974,0.863022,-9.06735,0.0179387,-2.56974,96.4715,0,-0.538836,-15.2711,LT1,11.69,onset,显示域,mean_w0.5,causal_mean,internal_input,True,0,11.69
0,16.0778,16.0778,16.0778,t_on+4.6~5.4s中位(=08-v6.1 P 口径),18.0023,t0+60s后中位,-7.74961,-9.37556,-7.74961,98.9264,98.9264,98.9264,-19.7194,,,,False,2.73836,0.85819,-10.4492,0.0147515,-2.73836,92.2504,1.07364,-1.24597,-15.9052,LT2,14.92,onset,显示域,mean_w0.5,causal_mean,internal_input,True,0,14.92
0,17.467,17.467,17.467,t_on+4.6~5.4s中位(=08-v6.1 P 口径),18.8522,t0+60s后中位,-8.57038,-9.63785,-8.57038,99.3341,99.3341,99.3341,-16.501,,,,False,2.68351,0.865417,-10.3037,0.019253,-2.68351,91.4296,0.665869,-1.49699,-17.3507,LT3,10.87,onset,显示域,mean_w0.5,causal_mean,internal_input,True,0,10.87
0.0679602,13.3553,13.2873,13.3553,t_on+4.6~5.4s中位(=08-v6.1 P 口径),12.7537,t0+60s后中位,-11.413,-13.6108,-11.413,99.3203,99.3203,99.3203,-6.88557,,,,False,3.79433,0.777053,-14.3438,0.00381149,-3.79433,88.587,0.679725,-1.51648,-13.197,F41,10.94,onset,显示域,mean_w0.5,causal_mean,internal_input,True,0,10.94
5.30928,13.5074,8.19812,13.5074,t_on+4.6~5.4s中位(=08-v6.1 P 口径),0.0811727,t0+60s后中位,-20.3532,-23.0312,-20.3532,24.6101,23.9153,24.6101,143.419,,,,False,3.80918,0.0466501,-100,-0.164789,-3.80918,79.6468,75.3899,-1.66858,-2.01757,F41,12.19,restep,显示域,mean_w0.5,causal_mean,internal_input,True,0,12.19
0.0652268,14.6042,14.539,14.6042,t_on+4.6~5.4s中位(=08-v6.1 P 口径),16.6239,t0+60s后中位,-12.369,-13.127,-12.369,99.8388,99.8388,99.8388,-26.2605,,,,False,3.68122,0.791496,-13.3659,0.0124268,-3.68122,87.631,0.161167,-1.79833,-14.5156,F42,11.03,onset,显示域,mean_w0.5,causal_mean,internal_input,True,0,11.03
0.0681581,15.2888,15.2207,15.2888,t_on+4.6~5.4s中位(=08-v6.1 P 口径),16.981,t0+60s后中位,-9.20694,-10.3389,-9.20694,99.4391,99.4391,99.4391,-20.3242,,,,False,2.83503,0.842906,-10.8999,0.0101117,-2.83503,90.7931,0.56095,-1.40136,-15.1353,F43,11,onset,显示域,mean_w0.5,causal_mean,internal_input,True,0,11
75.8551,4223.51,4147.65,4223.51,t_on+4.6~5.4s中位(=08-v6.1 P 口径),22187.8,t0+60s后中位,146.213,-4.81814,146.213,98.3374,98.3374,98.3374,-286.906,,,4.03,True,1796.94,0.912076,-18.9693,24.0968,-1796.94,246.213,1.66257,6064.43,-4078.69,SW1,10.84,onset,ADC域,mean_w0.5,causal_mean,internal_input,True,0,10.84
4813,11591.6,6778.57,11591.6,t_on+4.6~5.4s中位(=08-v6.1 P 口径),25269.8,t0+60s后中位,-19.2317,-19.2317,-19.2317,78.8864,78.8864,78.8864,-221.018,,,,False,2054.45,0.664134,-40.5063,0,-2054.45,80.7683,21.1136,-1303.64,-5347.37,SW1,28.63,onset,ADC域,mean_w0.5,causal_mean,internal_input,True,0,28.63
12290.4,15099.6,2809.19,15099.6,t_on+4.6~5.4s中位(=08-v6.1 P 口径),25526.8,t0+60s后中位,-32.4989,-35.3989,-32.4989,404.356,404.356,404.356,-403.68,,,,False,5533.69,0.479528,-325.255,-373.342,-5533.69,67.5011,-304.356,-912.956,-11359.1,SW1,71.67,restep,ADC域,mean_w0.5,causal_mean,internal_input,True,0,71.67
5440.28,18059.6,12619.3,18059.6,t_on+4.6~5.4s中位(=08-v6.1 P 口径),25598,t0+60s后中位,-30.6908,-30.6908,-30.6908,95.3305,95.3305,95.3305,-90.4282,,,,False,5547.85,0.588495,-38.8305,-374.235,-5547.85,69.3092,4.6695,-3872.96,-12030,SW1,75.89,onset,ADC域,mean_w0.5,causal_mean,internal_input,True,0,75.89
19384.6,25839.9,6455.29,25839.9,t_on+4.6~5.4s中位(=08-v6.1 P 口径),22078.1,t0+60s后中位,-0.660729,-94.8158,-0.660729,400.289,185.121,400.289,57.6135,,,24.29,True,6631.31,0.715756,-17.1108,7.6643,-6631.31,99.3393,-300.289,-42.652,-25839.8,SW1,110.45,restep,ADC域,mean_w0.5,causal_mean,internal_input,True,0,110.45
60.7313,27151.8,27091,27152.2,t_on+4.6~5.4s中位(=08-v6.1 P 口径),20129.9,t0+60s后中位,-3.94514,-5.51265,-3.94514,99.9886,99.9886,99.9886,21.976,6.72,6.72,6.72,False,1687.63,0.942717,-5.57777,7.6643,-1687.63,96.0565,0.013008,-1068.78,-27088,SW1,133.83,onset,ADC域,mean_w0.5,causal_mean,internal_input,True,0,133.83
51.6312,25225.1,25173.5,25225.1,t_on+4.6~5.4s中位(=08-v6.1 P 口径),60.9876,t0+60s后中位,-1.64826,-3.96989,-1.64826,99.9905,99.9905,99.9905,98.3146,,,0.76,True,1389.68,0.946142,-4.00916,774.288,-1389.68,98.3517,0.00949476,-414.924,-25171.1,SW1,185.97,onset,ADC域,mean_w0.5,causal_mean,internal_input,True,0,185.97
5756.41,11819.6,6063.2,11819.6,t_on+4.6~5.4s中位(=08-v6.1 P 口径),22078,后1/3段中位(不足60s),158.618,-25.1725,158.618,131.318,105.82,131.318,-10.5736,,,,False,4595.85,0.759368,-20.5884,-340.562,-4595.85,258.618,-31.3176,9617.31,-7962.05,SW1,217.74,restep,ADC域,mean_w0.5,causal_mean,internal_input,True,0,217.74
12097,19792.6,7695.64,19792.6,t_on+4.6~5.4s中位(=08-v6.1 P 口径),22078,后1/3段中位(不足60s),21.3668,-40.0844,21.3668,257.193,207.066,257.193,-8.3307,,,,False,4600.38,0.879225,-181.425,0,-4600.38,121.367,-157.193,1644.31,-19792.6,SW1,230.64,restep,ADC域,mean_w0.5,causal_mean,internal_input,True,0,230.64
5215.48,20201.4,14985.9,20201.4,t_on+4.6~5.4s中位(=08-v6.1 P 口径),22078,后1/3段中位(不足60s),8.24472,-23.312,8.24472,134.803,108.34,134.803,-4.27802,,,,False,4600.38,0.910276,-17.4887,0,-4600.38,108.245,-34.8026,1235.54,-20201.4,SW1,233.05,onset,ADC域,mean_w0.5,causal_mean,internal_input,True,0,233.05
20399.9,25643.1,5243.23,25643.1,t_on+4.6~5.4s中位(=08-v6.1 P 口径),22078,后1/3段中位(不足60s),-80.2218,-87.515,-80.2218,489.072,172.817,489.072,-12.2272,,,,False,4600.38,0.808227,-15.2253,0,-4600.38,19.7782,-389.072,-4206.21,-25643.1,SW1,240.72,restep,ADC域,mean_w0.5,causal_mean,internal_input,True,0,240.72
62.4555,14433.5,14371.1,14433.5,t_on+4.6~5.4s中位(=08-v6.1 P 口径),24028.2,后1/3段中位(不足60s),41.8792,-8.02916,41.8792,100.435,97.6842,100.435,-24.8844,,,,False,2657.92,1.12976,-10.467,9.90839,-2657.92,141.879,-0.434591,6018.5,-14433.5,SW2,11.79,onset,ADC域,mean_w0.5,causal_mean,internal_input,True,0,11.79
13205.6,14850.4,1644.78,14851,t_on+4.6~5.4s中位(=08-v6.1 P 口径),24028.2,后1/3段中位(不足60s),358.611,-83.265,358.611,902.917,96.6023,902.917,-199.346,,,,False,2657.92,0.940908,-100,6.85706,-2657.92,458.65,-802.878,5898.37,-14851,SW2,13.7,restep,ADC域,mean_w0.5,causal_mean,internal_input,True,0,13.7
14396.8,15396.1,999.388,15396.1,t_on+4.6~5.4s中位(=08-v6.1 P 口径),24028.2,后1/3段中位(不足60s),617.502,-160.802,617.502,1540.56,213.532,1540.56,-246.233,,,,False,2657.92,0.85641,-100,6.85706,-2657.92,717.502,-1440.56,6171.25,-15396.1,SW2,14.86,restep,ADC域,mean_w0.5,causal_mean,internal_input,True,0,14.86
16014,7560.28,-8453.71,7560.28,t_on+4.6~5.4s中位(=08-v6.1 P 口径),24028.2,后1/3段中位(不足60s),89.4315,89.4315,89.4315,188.801,66.7267,188.801,284.233,,,,False,2657.67,0.837105,56.1582,154.107,-2657.67,88.8011,-189.431,15960.7,-7560.28,SW2,31.22,restep,ADC域,mean_w0.5,causal_mean,internal_input,True,0,31.22
37.3069,21638.7,21601.4,21638.7,t_on+4.6~5.4s中位(=08-v6.1 P 口径),24028.2,后1/3段中位(不足60s),11.5595,-5.49328,11.5595,100.161,99.0574,100.161,0.497517,,,,False,2763.81,1,-6.4359,154.107,-2763.81,111.559,-0.161312,2497.01,-21636.2,SW2,35.96,onset,ADC域,mean_w0.5,causal_mean,internal_input,True,0,35.96
39.196,25182.3,25143.1,25182.3,t_on+4.6~5.4s中位(=08-v6.1 P 口径),24028.2,后1/3段中位(不足60s),-1.4352,-6.60755,-1.4352,99.8069,99.8069,99.8069,3.15502,,,,False,2763.81,0.958113,-6.8788,4.41624,-2763.81,98.5648,0.193083,-360.854,-25094.6,SW2,57.3,onset,ADC域,mean_w0.5,causal_mean,internal_input,True,0,57.3
69.7167,17560.3,17490.6,17560.3,t_on+4.6~5.4s中位(=08-v6.1 P 口径),27282.1,后1/3段中位(不足60s),39.5723,-14.5142,39.5723,100.399,93.9088,100.399,-16.0105,,,,False,6447.01,0.503427,-20.9212,6.68347,-6447.01,139.572,-0.398595,6921.43,-17560.3,SW3,10.92,onset,ADC域,mean_w0.5,causal_mean,internal_input,True,0,10.92
18516.2,25477.5,6961.28,25477.5,t_on+4.6~5.4s中位(=08-v6.1 P 口径),27282.1,后1/3段中位(不足60s),13.0878,-76.8439,13.0878,365.989,148.762,365.989,-12.8354,,,,False,6447.01,1.40443,-29.3118,6.68347,-6447.01,113.088,-265.989,911.081,-25477.5,SW3,20.72,restep,ADC域,mean_w0.5,causal_mean,internal_input,True,0,20.72
55.8662,26558,26502.1,26558,t_on+4.6~5.4s中位(=08-v6.1 P 口径),27282.1,后1/3段中位(不足60s),0.741285,-7.83405,0.741285,100.211,99.1571,100.211,-1.99115,,,6.51,True,2140.34,0.9647,-8.67694,6.68347,-2140.34,100.741,-0.210799,196.456,-26558,SW3,39.08,onset,ADC域,mean_w0.5,causal_mean,internal_input,True,0,39.08
27709.2,53.1529,-27656.1,53.1529,段末帧(退化),27282.1,后1/3段中位(不足60s),0.192193,0.192193,0.192193,96.4392,96.4392,96.4392,98.6478,,,,False,990.349,0.964198,-3.36863,0,-990.349,-3.56082,-100.192,26671.3,-53.1529,SW3,60.78,restep,ADC域,mean_w0.5,causal_mean,internal_input,True,0,60.78
83.9915,15387.4,15303.4,15387.4,t_on+4.6~5.4s中位(=08-v6.1 P 口径),23250.8,t0+60s后中位,35.2835,-13.6296,35.2835,97.1977,97.1977,97.1977,-16.1,,,,False,4270.9,0.851531,-16.5058,2.06263,-4270.9,135.283,2.80231,5399.57,-14874.6,SW4,8.41,onset,ADC域,mean_w0.5,causal_mean,internal_input,True,0,8.41
16025.5,22481.9,6456.42,22481.9,t_on+4.6~5.4s中位(=08-v6.1 P 口径),27866.3,t0+60s后中位,-26.2517,-49.4014,-26.2517,140.286,140.286,140.286,-109.648,,,,False,4554.34,0.814615,-9.26052,-2752.94,-4554.34,73.7483,-40.2855,-1694.92,-9057.43,SW4,18.68,restep,ADC域,mean_w0.5,causal_mean,internal_input,True,0,18.68
22924.3,24086.5,1162.22,24086.5,t_on+4.6~5.4s中位(=08-v6.1 P 口径),28242.6,t0+60s后中位,-283.9,-315.696,-283.9,722.882,722.882,722.882,-641.502,,,,False,4554.34,1.65049,-285.094,-3337.51,-4554.34,-183.9,-622.882,-3299.54,-8401.48,SW4,26.57,restep,ADC域,mean_w0.5,causal_mean,internal_input,True,0,26.57
21590.8,24124.2,2533.42,24124.2,t_on+4.6~5.4s中位(=08-v6.1 P 口径),28275.4,t0+60s后中位,-131.729,-146.315,-131.729,322.144,322.144,322.144,-295.585,,,,False,4554.34,0.460333,75.7042,-3337.51,-4554.34,-31.7286,-222.144,-3337.24,-8161.25,SW4,27.6,restep,ADC域,mean_w0.5,causal_mean,internal_input,True,0,27.6
20981.3,24425.5,3444.22,24425.5,t_on+4.6~5.4s中位(=08-v6.1 P 口径),27961.2,后1/3段中位(不足60s),52.1457,-116.891,52.1457,709.174,198.496,709.174,-50.5114,,,,False,4795.7,0.807207,-40.8295,0,-4795.7,152.146,-609.174,1796.01,-24425.5,SW4,61.37,restep,ADC域,mean_w0.5,causal_mean,internal_input,True,0,61.37
75.9621,27872.9,27797,27872.9,t_on+4.6~5.4s中位(=08-v6.1 P 口径),27961.2,后1/3段中位(不足60s),13.8872,-5.94109,13.8872,100.273,87.4351,100.273,13.5696,,,,False,1717.08,0.97835,-18.506,452.387,-1717.08,113.887,-0.273275,3860.22,-27872.9,SW4,88,onset,ADC域,mean_w0.5,causal_mean,internal_input,True,0,88
28337.8,30119.5,1781.67,30119.5,t_on+4.6~5.4s中位(=08-v6.1 P 口径),27961.2,后1/3段中位(不足60s),90.5685,15.2329,90.5685,1690.52,132.378,1690.52,211.708,,,,False,1040.09,0.966012,3.5467,452.387,-1040.09,190.568,-1590.52,1613.63,-30119.5,SW4,99.36,restep,ADC域,mean_w0.5,causal_mean,internal_input,True,0,99.36
29439,32130.3,2691.36,32135,t_on+4.6~5.4s中位(=08-v6.1 P 口径),27961.2,后1/3段中位(不足60s),-14.9332,-14.9332,-14.9332,1194.01,86.7749,1194.01,140.15,,,,False,959.469,1.00157,-29.2646,220.655,-959.469,85.2424,-1093.83,-401.905,-32135,SW4,104.24,restep,ADC域,mean_w0.5,causal_mean,internal_input,True,0,104.24
0.548638,14.7073,14.1586,14.7057,t_on+4.6~5.4s中位(=08-v6.1 P 口径),17.0692,t0+60s后中位,-4.8015,-8.35556,-4.8015,96.3947,96.3947,96.3947,-21.4948,,,,False,3.22666,0.813947,-12.0087,0.0383022,-3.22666,95.1872,3.59406,-0.679828,-13.6482,RT1,8.27,onset,显示域,ratelimit_0.05,rate_limit,internal_input,True,0,8.27
14.6375,15.8381,1.20052,15.8268,t_on+4.6~5.4s中位(=08-v6.1 P 口径),1.13262,t0+60s后中位,-150.014,-150.014,-150.014,202.379,195.587,202.379,1073.97,,,,False,3.51486,-0.121122,-90.9916,-1.19172,-3.51486,-50.9506,-103.316,-1.80094,-2.4296,RT1,13.6,restep,显示域,ratelimit_0.05,rate_limit,internal_input,True,0,13.6
0.290396,16.726,16.4356,16.726,t_on+4.6~5.4s中位(=08-v6.1 P 口径),19.763,t0+60s后中位,-9.68649,-10.4142,-9.68649,98.9634,98.9634,98.9634,-28.1648,,,,False,3.85828,0.799412,-12.6851,0.105154,-3.85828,90.3135,1.03656,-1.59203,-16.2652,RT2,12.32,onset,显示域,ratelimit_0.05,rate_limit,internal_input,True,0,12.32
20.8418,22.0153,1.17342,22.0164,t_on+4.6~5.4s中位(=08-v6.1 P 口径),0.329445,t0+60s后中位,-546.388,-546.388,-546.388,1848.09,712.163,1848.09,1301.8,,,,False,6.99711,0.690479,-52.0853,0,-6.99711,-446.288,-1747.99,-6.41141,-21.6858,RT2,147.11,restep,显示域,ratelimit_0.05,rate_limit,internal_input,True,0,147.11
0.043,16.5392,16.4962,16.5283,t_on+4.6~5.4s中位(=08-v6.1 P 口径),20.5362,t0+60s后中位,-1.23602,-8.04853,-1.23602,99.3933,99.3933,99.3933,-25.5317,19.94,19.94,9.54,False,2.78524,0.864748,-8.99608,0.0184385,-2.78524,98.6982,0.5409,-0.203897,-16.3961,RT3,10.59,onset,显示域,ratelimit_0.05,rate_limit,internal_input,True,0,10.59
0,15.2813,15.2813,15.2813,t_on+4.6~5.4s中位(=08-v6.1 P 口径),17.8129,t0+60s后中位,-4.79314,-10.8952,-4.79314,100,100,100,-21.3601,,,,False,2.90263,0.846123,-11.1688,0.0143438,-2.90263,95.2069,0,-0.732452,-15.2813,LT1,11.69,onset,显示域,ratelimit_0.05,rate_limit,internal_input,True,0,11.69
0,16.1212,16.1212,16.1212,t_on+4.6~5.4s中位(=08-v6.1 P 口径),18.0029,t0+60s后中位,-10.656,-11.8095,-10.656,98.4424,98.4424,98.4424,-22.3282,,,,False,3.20672,0.830211,-14.0286,0.00908975,-3.20672,89.344,1.55762,-1.71787,-15.8701,LT2,14.92,onset,显示域,ratelimit_0.05,rate_limit,internal_input,True,0,14.92
0,17.5144,17.5144,17.5144,t_on+4.6~5.4s中位(=08-v6.1 P 口径),18.8552,t0+60s后中位,-10.5657,-11.85,-10.5657,98.8405,98.8405,98.8405,-18.2212,,,,False,3.03902,0.845689,-13.0096,0.0160842,-3.03902,89.4343,1.15954,-1.85051,-17.3113,LT3,10.87,onset,显示域,ratelimit_0.05,rate_limit,internal_input,True,0,10.87
0.064,13.3829,13.3189,13.3829,t_on+4.6~5.4s中位(=08-v6.1 P 口径),15.2805,t0+60s后中位,-32.2447,-34.9836,-32.2447,99.2061,99.2061,99.2061,-46.492,,,,False,6.64479,0.587593,-36.0418,0.00823844,-6.64479,67.7553,0.793896,-4.29464,-13.2131,F41,10.94,onset,显示域,ratelimit_0.05,rate_limit,internal_input,True,0,10.94
2.56613,13.5564,10.9902,13.5564,t_on+4.6~5.4s中位(=08-v6.1 P 口径),8.94189,t0+60s后中位,-40.6553,-43.2361,-40.6553,44.7009,44.42,44.7009,1.33168,,,,False,6.66561,0.0390643,-100.057,-1.54201,-6.66561,59.3447,55.2991,-4.46812,-4.91274,F41,12.19,restep,显示域,ratelimit_0.05,rate_limit,internal_input,True,0,12.19
0.063,14.7479,14.6849,14.7479,t_on+4.6~5.4s中位(=08-v6.1 P 口径),16.5348,t0+60s后中位,-43.7875,-43.7875,-43.7875,99.434,99.434,99.434,-55.9553,,,,False,8.88433,0.436277,-50.6023,0.00978342,-8.88433,56.2125,0.566001,-6.43016,-14.6018,F42,11.03,onset,显示域,ratelimit_0.05,rate_limit,internal_input,True,0,11.03
0.068,15.3126,15.2446,15.3126,t_on+4.6~5.4s中位(=08-v6.1 P 口径),16.9841,t0+60s后中位,-33.8272,-35.0086,-33.8272,98.6895,98.6895,98.6895,-44.792,,,,False,6.65936,0.604409,-36.3852,0.00722137,-6.65936,66.1728,1.31053,-5.15681,-15.0448,F43,11,onset,显示域,ratelimit_0.05,rate_limit,internal_input,True,0,11
76,4241.75,4165.75,4241.75,t_on+4.6~5.4s中位(=08-v6.1 P 口径),22168.6,t0+60s后中位,163.871,8.11614,163.871,88.023,88.023,88.023,-266.469,,,,False,961.365,0.96757,-19.73,506.438,-961.365,263.871,11.977,6826.46,-3666.82,SW1,10.84,onset,ADC域,ratelimit_0.05,rate_limit,internal_input,True,0,10.84
4811.46,11606.1,6794.66,11606.1,t_on+4.6~5.4s中位(=08-v6.1 P 口径),25265.5,t0+60s后中位,-7.9165,-9.43123,-7.9165,60.0906,60.0906,60.0906,-208.948,,,,False,1170.99,0.761365,-49.5864,-52.3693,-1170.99,92.0835,39.9094,-537.899,-4082.95,SW1,28.63,onset,ADC域,ratelimit_0.05,rate_limit,internal_input,True,0,28.63
12299.3,14350.4,2051.1,14350.4,t_on+4.6~5.4s中位(=08-v6.1 P 口径),25482.3,t0+60s后中位,5.95137,-19.3664,5.95137,476.663,476.663,476.663,-536.779,,,,False,5305.49,0.37791,-419.837,114.778,-5305.49,105.951,-376.663,122.068,-9776.83,SW1,71.67,restep,ADC域,ratelimit_0.05,rate_limit,internal_input,True,0,71.67
5446.71,18092.5,12645.8,18092.5,t_on+4.6~5.4s中位(=08-v6.1 P 口径),25612.8,t0+60s后中位,-28.627,-28.627,-28.627,88.9539,88.9539,88.9539,-88.0948,,,62.95,True,5339.8,0.541184,-48.6873,114.778,-5339.8,71.373,11.0461,-3620.12,-11249,SW1,75.89,onset,ADC域,ratelimit_0.05,rate_limit,internal_input,True,0,75.89
19385.1,25851.7,6466.64,25850.6,t_on+4.6~5.4s中位(=08-v6.1 P 口径),22074.3,t0+60s后中位,-80.0517,-89.2236,-80.0517,399.505,185.207,399.505,-21.6549,,,,False,10926.9,0.836546,-7.82969,0.890191,-10926.9,19.9312,-299.522,-5176.66,-25834.5,SW1,110.45,restep,ADC域,ratelimit_0.05,rate_limit,internal_input,True,0,110.45
61.0611,27163.2,27102.1,27163.8,t_on+4.6~5.4s中位(=08-v6.1 P 口径),20188.7,t0+60s后中位,-32.7342,-39.4867,-32.7342,99.9692,99.9692,99.9692,-6.99799,,,,False,10926.9,0.633125,-40.8832,0.890191,-10926.9,67.268,0.0329822,-8871.65,-27093.8,SW1,133.83,onset,ADC域,ratelimit_0.05,rate_limit,internal_input,True,0,133.83
53.2209,25248,25194.8,25248,t_on+4.6~5.4s中位(=08-v6.1 P 口径),7142.16,t0+60s后中位,-34.3034,-39.7232,-34.3034,100.005,100.005,100.005,37.5601,,,,False,10088.8,0.582199,-40.5066,0,-10088.8,65.6966,-0.00501874,-8642.68,-25196.1,SW1,185.97,onset,ADC域,ratelimit_0.05,rate_limit,internal_input,True,0,185.97
5760.84,11831.5,6070.62,11840.1,t_on+4.6~5.4s中位(=08-v6.1 P 口径),22074.1,后1/3段中位(不足60s),173.681,-17.0621,173.681,131.335,109.01,131.335,5.09848,,,,False,4375,0.803946,-16.8982,0,-4375,273.824,-31.1921,10543.5,-7972.82,SW1,217.74,restep,ADC域,ratelimit_0.05,rate_limit,internal_input,True,0,217.74
12164.7,19875.9,7711.23,19875.9,t_on+4.6~5.4s中位(=08-v6.1 P 口径),22074.1,后1/3段中位(不足60s),40.8537,-40.1741,40.8537,257.079,207.602,257.079,12.3474,,,,False,4375,1.33009,-179.779,0,-4375,140.854,-157.079,3150.32,-19823.9,SW1,230.64,restep,ADC域,ratelimit_0.05,rate_limit,internal_input,True,0,230.64
5216.14,20245.8,15029.7,20245.8,t_on+4.6~5.4s中位(=08-v6.1 P 口径),22074.1,后1/3段中位(不足60s),18.4995,-23.0731,18.4995,134.36,108.975,134.36,6.33504,,,,False,4375,0.938724,-32.6199,0,-4375,118.5,-34.3595,2780.42,-20193.8,SW1,233.05,onset,ADC域,ratelimit_0.05,rate_limit,internal_input,True,0,233.05
20414.6,25671.8,5257.15,25671.8,t_on+4.6~5.4s中位(=08-v6.1 P 口径),22074.1,后1/3段中位(不足60s),-50.3224,-75.4485,-50.3224,487.332,167.795,487.332,18.1113,,,,False,4375,0.82051,-8.09951,0,-4375,49.6776,-387.332,-2645.53,-25619.8,SW1,240.72,restep,ADC域,ratelimit_0.05,rate_limit,internal_input,True,0,240.72
62,14458.3,14396.3,14458.3,t_on+4.6~5.4s中位(=08-v6.1 P 口径),22856.3,后1/3段中位(不足60s),15.4787,-19.3895,15.4787,100.431,96.5354,100.431,-42.8553,,,,False,7105.08,0.393906,-24.5863,22.5387,-7105.08,115.479,-0.430665,2228.37,-14458.3,SW2,11.79,onset,ADC域,ratelimit_0.05,rate_limit,internal_input,True,0,11.79
11090.5,14858.2,3767.62,14852.5,t_on+4.6~5.4s中位(=08-v6.1 P 口径),22856.3,后1/3段中位(不足60s),48.6839,-81.8039,48.6839,394.214,92.2933,394.214,-163.753,,,,False,7105.08,0.790264,-100,0,-7105.08,148.533,-294.365,1834.22,-14852.5,SW2,13.7,restep,ADC域,ratelimit_0.05,rate_limit,internal_input,True,0,13.7
14857.5,15400.4,542.897,15402.8,t_on+4.6~5.4s中位(=08-v6.1 P 口径),22856.3,后1/3段中位(不足60s),278.025,-630.047,278.025,2837.14,741.86,2837.14,-1094.89,,,,False,7105.08,0.742704,-100,0,-7105.08,378.467,-2736.7,1509.39,-15402.8,SW2,14.86,restep,ADC域,ratelimit_0.05,rate_limit,internal_input,True,0,14.86
16010,4692.77,-11317.2,4692.77,t_on+4.6~5.4s中位(=08-v6.1 P 口径),22856.3,后1/3段中位(不足60s),41.4657,41.4657,41.4657,107.971,57.6915,107.971,201.96,,,,False,10024.3,1.41374,-8.42875,4.13001,-10024.3,7.97146,-141.466,12219.4,-4692.77,SW2,31.22,restep,ADC域,ratelimit_0.05,rate_limit,internal_input,True,0,31.22
37.3925,21643.5,21606.1,21639.1,t_on+4.6~5.4s中位(=08-v6.1 P 口径),22856.3,后1/3段中位(不足60s),-17.783,-22.9213,-17.783,100.079,98.7234,100.079,-23.4165,,,,False,10155.7,1,-34.0569,4.13001,-10155.7,82.1968,-0.0990117,-3842.2,-21623.1,SW2,35.96,onset,ADC域,ratelimit_0.05,rate_limit,internal_input,True,0,35.96
38,25211.2,25173.2,25211.2,t_on+4.6~5.4s中位(=08-v6.1 P 口径),22856.3,后1/3段中位(不足60s),-29.4531,-29.4531,-29.4531,98.5915,98.5915,98.5915,-20.0983,,,,False,10155.7,0.650717,-41.6919,4.13001,-10155.7,70.5469,1.4085,-7414.29,-24818.6,SW2,57.3,onset,ADC域,ratelimit_0.05,rate_limit,internal_input,True,0,57.3
69.8012,17701.9,17632.1,17701.9,t_on+4.6~5.4s中位(=08-v6.1 P 口径),27308.1,后1/3段中位(不足60s),0.389159,-29.7433,0.389159,100.396,89.0414,100.396,-54.0928,,,33.15,True,8972.56,0.566009,-41.1757,2.077,-8972.56,100.389,-0.395877,68.6167,-17701.9,SW3,10.92,onset,ADC域,ratelimit_0.05,rate_limit,internal_input,True,0,10.92
18559.6,25621.5,7061.97,25621.5,t_on+4.6~5.4s中位(=08-v6.1 P 口径),27308.1,后1/3段中位(不足60s),-111.174,-111.174,-111.174,362.81,184.103,362.81,-135.057,,,,False,10775.6,0.830471,-30.9904,2.077,-10775.6,-11.1739,-262.81,-7851.07,-25621.5,SW3,20.72,restep,ADC域,ratelimit_0.05,rate_limit,internal_input,True,0,20.72
55.4942,26638.1,26582.6,26638.1,t_on+4.6~5.4s中位(=08-v6.1 P 口径),27308.1,后1/3段中位(不足60s),-33.9849,-34.1907,-33.9849,100.209,98.7591,100.209,-36.5056,,,,False,11162,0.596892,-41.7391,2.077,-11162,66.0151,-0.208762,-9034.07,-26638.1,SW3,39.08,onset,ADC域,ratelimit_0.05,rate_limit,internal_input,True,0,39.08
27715.2,53,-27662.2,53,段末帧(退化),27308.1,后1/3段中位(不足60s),0.191597,0.191597,0.191597,59.8657,59.8657,59.8657,98.72,,,,False,11162,0.597382,-48.7129,0,-11162,-40.1343,-100.192,16560.2,-53,SW3,60.78,restep,ADC域,ratelimit_0.05,rate_limit,internal_input,True,0,60.78
84,15448.2,15364.2,15448.2,t_on+4.6~5.4s中位(=08-v6.1 P 口径),20490,t0+60s后中位,37.6221,-14.6454,37.6221,95.6496,95.6496,95.6496,4.80667,,,,False,3824.95,0.866552,-19.2536,9.37213,-3824.95,137.622,4.35039,5780.32,-14695.8,SW4,8.41,onset,ADC域,ratelimit_0.05,rate_limit,internal_input,True,0,8.41
16085.4,22496.9,6411.47,22496.9,t_on+4.6~5.4s中位(=08-v6.1 P 口径),27899.1,t0+60s后中位,-19.7833,-48.0873,-19.7833,143.832,143.832,143.832,-104.042,,,,False,4072.01,0.888952,-6.85787,0,-4072.01,80.2167,-43.8323,-1268.4,-9221.76,SW4,18.68,restep,ADC域,ratelimit_0.05,rate_limit,internal_input,True,0,18.68
22917,24098.4,1181.39,24095.9,t_on+4.6~5.4s中位(=08-v6.1 P 口径),28260.2,t0+60s后中位,-242.715,-266.159,-242.715,693.639,693.639,693.639,-595.207,,,,False,4072.01,-0.276356,-167.672,-2904.1,-4072.01,-142.93,-593.855,-2867.4,-8194.56,SW4,26.57,restep,ADC域,ratelimit_0.05,rate_limit,internal_input,True,0,26.57
20149.3,24135.1,3985.82,24133.3,t_on+4.6~5.4s中位(=08-v6.1 P 口径),28282.9,t0+60s后中位,-72.8784,-79.8271,-72.8784,201.286,201.286,201.286,-176.988,,,,False,4072.01,0.610266,19.7398,-2904.1,-4072.01,27.0752,-101.332,-2904.8,-8022.9,SW4,27.6,restep,ADC域,ratelimit_0.05,rate_limit,internal_input,True,0,27.6
20984.5,24429.9,3445.37,24429.7,t_on+4.6~5.4s中位(=08-v6.1 P 口径),27996.7,后1/3段中位(不足60s),-112.692,-112.692,-112.692,709.058,154.368,709.058,-216.223,,,,False,9177.42,0.826513,-83.629,0,-9177.42,-12.6991,-609.064,-3882.67,-24429.7,SW4,61.37,restep,ADC域,ratelimit_0.05,rate_limit,internal_input,True,0,61.37
75,27895.9,27820.9,27895.9,t_on+4.6~5.4s中位(=08-v6.1 P 口径),27996.7,后1/3段中位(不足60s),-8.92363,-23.9705,-8.92363,100.208,88.3855,100.208,-9.28588,,,,False,9384.77,0.727835,-45.3609,0,-9384.77,91.0764,-0.208476,-2482.64,-27878.9,SW4,88,onset,ADC域,ratelimit_0.05,rate_limit,internal_input,True,0,88
28336.3,30849.6,2513.3,30849.6,t_on+4.6~5.4s中位(=08-v6.1 P 口径),27996.7,后1/3段中位(不足60s),-216.302,-241.232,-216.302,1226.78,380.899,1226.78,-102.79,,,,False,9095.78,0.720296,-63.9859,0,-9095.78,-116.302,-1126.78,-5436.3,-30832.6,SW4,99.36,restep,ADC域,ratelimit_0.05,rate_limit,internal_input,True,0,99.36
29453,32154.8,2701.79,32140.7,t_on+4.6~5.4s中位(=08-v6.1 P 口径),27996.7,后1/3段中位(不足60s),-248.999,-248.999,-248.999,1188.98,306.237,1188.98,-95.6187,,,,False,9095.78,0.7982,-52.5747,0,-9095.78,-149.521,-1089.5,-6727.43,-32123.7,SW4,104.24,restep,ADC域,ratelimit_0.05,rate_limit,internal_input,True,0,104.24
0.549442,14.7073,14.1578,14.7057,t_on+4.6~5.4s中位(=08-v6.1 P 口径),14.5388,t0+60s后中位,-1.30353,-5.88935,-1.30353,92.2267,92.2267,92.2267,-0.125018,,,73.13,True,2.89195,0.829361,-13.8642,0.898034,-2.89195,98.6852,7.76197,-0.184552,-13.0573,RT1,8.27,onset,显示域,ratelimit_0.1,rate_limit,internal_input,True,0,8.27
14.6375,15.8381,1.20052,15.8268,t_on+4.6~5.4s中位(=08-v6.1 P 口径),1.12114,t0+60s后中位,-108.759,-108.759,-108.759,175.123,167.554,175.123,1116.18,,,,False,3.17889,-0.135492,-93.6659,-0.864811,-3.17889,-9.69553,-76.0596,-1.30567,-2.10238,RT1,13.6,restep,显示域,ratelimit_0.1,rate_limit,internal_input,True,0,13.6
0.290396,16.726,16.4356,16.726,t_on+4.6~5.4s中位(=08-v6.1 P 口径),19.7628,t0+60s后中位,-4.71538,-5.29877,-4.71538,97.5532,97.5532,97.5532,-23.1925,,,135.44,True,3.05794,0.841435,-10.3027,1.46167,-3.05794,95.2846,2.44677,-0.775001,-16.0335,RT2,12.32,onset,显示域,ratelimit_0.1,rate_limit,internal_input,True,0,12.32
20.8434,22.0155,1.1721,22.0164,t_on+4.6~5.4s中位(=08-v6.1 P 口径),0.329196,t0+60s后中位,-475.188,-475.188,-475.188,1849.41,659.079,1849.41,1375.11,,,,False,6.14717,0.730973,-50.0413,0,-6.14717,-375.106,-1749.33,-5.56966,-21.6769,RT2,147.11,restep,显示域,ratelimit_0.1,rate_limit,internal_input,True,0,147.11
0.043,16.5393,16.4963,16.5329,t_on+4.6~5.4s中位(=08-v6.1 P 口径),20.5361,t0+60s后中位,3.96299,-2.42098,3.96299,99.397,99.397,99.397,-20.3045,0.66,0.66,0.66,False,1.85911,0.914768,-3.59232,0.866712,-1.85911,103.924,0.563762,0.653749,-16.3969,RT3,10.59,onset,显示域,ratelimit_0.1,rate_limit,internal_input,True,0,10.59
0,15.2813,15.2813,15.2813,t_on+4.6~5.4s中位(=08-v6.1 P 口径),17.8116,t0+60s后中位,2.42273,-4.64823,2.42273,100,100,100,-14.1358,0.79,0.79,0.79,False,1.80036,0.911372,-4.64823,0.658643,-1.80036,102.423,0,0.370224,-15.2813,LT1,11.69,onset,显示域,ratelimit_0.1,rate_limit,internal_input,True,0,11.69
0,16.1212,16.1212,16.1212,t_on+4.6~5.4s中位(=08-v6.1 P 口径),18.0028,t0+60s后中位,-6.33344,-7.09685,-6.33344,96.8848,96.8848,96.8848,-18.0055,,,,False,2.51585,0.869328,-11.3097,0.218165,-2.51585,93.6666,3.11525,-1.02102,-15.6189,LT2,14.92,onset,显示域,ratelimit_0.1,rate_limit,internal_input,True,0,14.92
0,17.5144,17.5144,17.5144,t_on+4.6~5.4s中位(=08-v6.1 P 口径),18.8567,t0+60s后中位,-4.99313,-6.43857,-4.99313,97.6809,97.6809,97.6809,-12.6572,,,,False,2.05082,0.898397,-8.75765,0.740276,-2.05082,95.0069,2.31908,-0.874514,-17.1082,LT3,10.87,onset,显示域,ratelimit_0.1,rate_limit,internal_input,True,0,10.87
0.064,13.3829,13.3189,13.3829,t_on+4.6~5.4s中位(=08-v6.1 P 口径),14.0678,t0+60s后中位,-22.3098,-23.7453,-22.3098,98.3746,98.3746,98.3746,-27.4526,,,,False,5.35667,0.672609,-26.9958,0.00717959,-5.35667,77.6902,1.62542,-2.97142,-13.1024,F41,10.94,onset,显示域,ratelimit_0.1,rate_limit,internal_input,True,0,10.94
4.81325,13.5564,8.74311,13.5564,t_on+4.6~5.4s中位(=08-v6.1 P 口径),3.21641,t0+60s后中位,-35.97,-39.1071,-35.97,41.2347,40.6515,41.2347,82.294,,,,False,5.37718,0.0579853,-100,-1.94847,-5.37718,64.03,58.7653,-3.1449,-3.6052,F41,12.19,restep,显示域,ratelimit_0.1,rate_limit,internal_input,True,0,12.19
0.063,14.7479,14.6849,14.7479,t_on+4.6~5.4s中位(=08-v6.1 P 口径),16.5154,t0+60s后中位,-27.6144,-27.6144,-27.6144,98.8335,98.8335,98.8335,-39.65,,,,False,6.10968,0.634632,-31.6652,0.0115741,-6.10968,72.3856,1.16652,-4.05515,-14.5136,F42,11.03,onset,显示域,ratelimit_0.1,rate_limit,internal_input,True,0,11.03
0.068,15.3126,15.2446,15.3126,t_on+4.6~5.4s中位(=08-v6.1 P 口径),16.984,t0+60s后中位,-7.82845,-9.20608,-7.82845,97.5154,97.5154,97.5154,-18.7928,,,,False,2.64802,0.851461,-11.7071,0.0192734,-2.64802,92.1715,2.48457,-1.19341,-14.8658,F43,11,onset,显示域,ratelimit_0.1,rate_limit,internal_input,True,0,11
76,4241.75,4165.75,4241.75,t_on+4.6~5.4s中位(=08-v6.1 P 口径),22193.5,t0+60s后中位,165.48,0.76155,165.48,79.5605,79.5605,79.5605,-265.456,,,3.39,True,944.716,0.977384,-24.3315,722.348,-944.716,265.48,20.4395,6893.48,-3314.29,SW1,10.84,onset,ADC域,ratelimit_0.1,rate_limit,internal_input,True,0,10.84
4811.46,11606.1,6794.66,11606.1,t_on+4.6~5.4s中位(=08-v6.1 P 口径),25320.2,t0+60s后中位,-6.93017,-7.8143,-6.93017,34.7929,34.7929,34.7929,-208.766,,,,False,1142.41,0.589859,-75.0323,162.915,-1142.41,93.0698,65.2071,-470.882,-2364.06,SW1,28.63,onset,ADC域,ratelimit_0.1,rate_limit,internal_input,True,0,28.63
12298.8,16145.7,3846.88,16145.7,t_on+4.6~5.4s中位(=08-v6.1 P 口径),25560.5,t0+60s后中位,-1.37674,-24.1044,-1.37674,311.986,311.986,311.986,-246.115,,,,False,4126.07,0.56798,-275.971,-673.718,-4126.07,98.6233,-211.986,-52.9614,-12001.7,SW1,71.67,restep,ADC域,ratelimit_0.1,rate_limit,internal_input,True,0,71.67
5449.27,18092.5,12643.3,18092.5,t_on+4.6~5.4s中位(=08-v6.1 P 口径),25610.7,t0+60s后中位,-15.8171,-15.8171,-15.8171,94.063,94.063,94.063,-75.2806,,,,False,4126.07,0.679753,-41.6695,-673.718,-4126.07,84.1829,5.93703,-1999.8,-11892.6,SW1,75.89,onset,ADC域,ratelimit_0.1,rate_limit,internal_input,True,0,75.89
19384.5,25851.7,6467.14,25850.6,t_on+4.6~5.4s中位(=08-v6.1 P 口径),22080.4,t0+60s后中位,2.06819,-68.2169,2.06819,399.722,168.182,399.722,60.366,,,24.35,True,5314.32,0.815505,-7.32805,24.2047,-5314.32,102.051,-299.739,133.753,-25850.6,SW1,110.45,restep,ADC域,ratelimit_0.1,rate_limit,internal_input,True,0,110.45
61.0611,27163.2,27102.1,27163.8,t_on+4.6~5.4s中位(=08-v6.1 P 口径),20157.1,t0+60s后中位,-3.24883,-4.5845,-3.24883,99.9692,99.9692,99.9692,22.6042,1,1,1,False,1513.11,0.948569,-4.99603,24.2047,-1513.11,96.7534,0.0329822,-880.502,-27093.8,SW1,133.83,onset,ADC域,ratelimit_0.1,rate_limit,internal_input,True,0,133.83
52.8433,25248,25195.2,25248,t_on+4.6~5.4s中位(=08-v6.1 P 口径),63,t0+60s后中位,-0.0885544,-3.509,-0.0885544,100.004,100.004,100.004,99.8711,,,0.95,True,1567.58,0.938018,-3.57454,1144.62,-1567.58,99.9114,-0.00352015,-22.3114,-25196.1,SW1,185.97,onset,ADC域,ratelimit_0.1,rate_limit,internal_input,True,0,185.97
5760.84,11848,6087.2,11847.1,t_on+4.6~5.4s中位(=08-v6.1 P 口径),22080.2,后1/3段中位(不足60s),197.406,1.83507,197.406,137.913,83.483,137.913,29.2973,,,,False,4826.94,0.662737,-16.5889,1029.12,-4826.94,297.39,-37.9289,12016.5,-8395.05,SW1,217.74,restep,ADC域,ratelimit_0.1,rate_limit,internal_input,True,0,217.74
12134.9,19875.9,7741.02,19875.9,t_on+4.6~5.4s中位(=08-v6.1 P 口径),22080.2,后1/3段中位(不足60s),51.5131,-27.7601,51.5131,256.761,212.167,256.761,23.0381,,,,False,5147.21,0.978642,-175.657,0,-5147.21,151.513,-156.761,3987.64,-19875.9,SW1,230.64,restep,ADC域,ratelimit_0.1,rate_limit,internal_input,True,0,230.64
5210.44,20245.8,15035.4,20245.8,t_on+4.6~5.4s中位(=08-v6.1 P 口径),22080.2,后1/3段中位(不足60s),24.0615,-16.7526,24.0615,134.654,111.695,134.654,11.8612,,,,False,5147.21,0.963391,-7.4972,0,-5147.21,124.061,-34.6545,3617.74,-20245.8,SW1,233.05,onset,ADC域,ratelimit_0.1,rate_limit,internal_input,True,0,233.05
20414.6,25671.8,5257.15,25671.8,t_on+4.6~5.4s中位(=08-v6.1 P 口径),22080.2,后1/3段中位(不足60s),-34.3952,-34.3952,-34.3952,488.321,183.654,488.321,33.923,,,,False,5147.21,0.779779,-2.41986,0,-5147.21,65.6048,-388.321,-1808.21,-25671.8,SW1,240.72,restep,ADC域,ratelimit_0.1,rate_limit,internal_input,True,0,240.72
62,14458.3,14396.3,14458.3,t_on+4.6~5.4s中位(=08-v6.1 P 口径),24133.2,后1/3段中位(不足60s),44.1597,-2.39528,44.1597,100.431,93.2115,100.431,-23.0443,,,,False,2456.79,-0.16802,-13.6325,154.349,-2456.79,144.16,-0.430665,6357.38,-14458.3,SW2,11.79,onset,ADC域,ratelimit_0.1,rate_limit,internal_input,True,0,11.79
13416.3,14858.2,1441.9,14852.5,t_on+4.6~5.4s中位(=08-v6.1 P 口径),24133.2,后1/3段中位(不足60s),428.349,-51.2503,428.349,1030.06,102.84,1030.06,-215.299,,,,False,2456.79,0.920505,-100,154.349,-2456.79,527.955,-930.457,6176.36,-14852.5,SW2,13.7,restep,ADC域,ratelimit_0.1,rate_limit,internal_input,True,0,13.7
14921.9,15402.3,480.394,15402.8,t_on+4.6~5.4s中位(=08-v6.1 P 口径),24133.2,后1/3段中位(不足60s),1313.68,-268.374,1313.68,3206.28,423.221,3206.28,-503.681,,,,False,2456.79,0.873904,-100,154.349,-2456.79,1413.78,-3106.17,6310.84,-15402.8,SW2,14.86,restep,ADC域,ratelimit_0.1,rate_limit,internal_input,True,0,14.86
16009.1,8509.04,-7500.03,8509.04,t_on+4.6~5.4s中位(=08-v6.1 P 口径),24133.2,后1/3段中位(不足60s),113.453,113.453,113.453,197.4,62.8221,197.4,321.775,,,,False,2454,0.816483,76.2755,1162.62,-2454,97.4003,-213.453,14805.1,-8509.04,SW2,31.22,restep,ADC域,ratelimit_0.1,rate_limit,internal_input,True,0,31.22
37.3925,21643.5,21606.1,21639.1,t_on+4.6~5.4s中位(=08-v6.1 P 口径),24133.2,后1/3段中位(不足60s),9.4224,-4.24886,9.4224,100.042,97.5262,100.042,-2.12134,,,0.92,True,2190.96,1,-6.72264,1162.62,-2190.96,109.402,-0.0619851,2035.81,-21615.1,SW2,35.96,onset,ADC域,ratelimit_0.1,rate_limit,internal_input,True,0,35.96
38,25209.3,25171.3,25209.3,t_on+4.6~5.4s中位(=08-v6.1 P 口径),24133.2,后1/3段中位(不足60s),-5.17854,-7.5292,-5.17854,97.643,97.643,97.643,-0.903539,,,,False,2190.96,0.918818,-9.88619,13.5808,-2190.96,94.8215,2.35699,-1303.51,-24578,SW2,57.3,onset,ADC域,ratelimit_0.1,rate_limit,internal_input,True,0,57.3
69.7225,17701.9,17632.1,17701.9,t_on+4.6~5.4s中位(=08-v6.1 P 口径),27306.4,后1/3段中位(不足60s),39.1998,-12.2633,39.1998,100.395,79.2417,100.395,-15.2723,,,,False,5693.72,0.625389,-33.606,22.1892,-5693.72,139.2,-0.395429,6911.76,-17701.9,SW3,10.92,onset,ADC域,ratelimit_0.1,rate_limit,internal_input,True,0,10.92
18559.6,25621.5,7061.97,25621.5,t_on+4.6~5.4s中位(=08-v6.1 P 口径),27306.4,后1/3段中位(不足60s),1.27573,-63.4081,1.27573,362.81,140.68,362.81,-22.5831,,,25.79,True,5693.72,1.33653,-27.1764,22.1892,-5693.72,101.276,-262.81,90.0913,-25621.5,SW3,20.72,restep,ADC域,ratelimit_0.1,rate_limit,internal_input,True,0,20.72
55.4942,26638.1,26582.6,26638.1,t_on+4.6~5.4s中位(=08-v6.1 P 口径),27306.4,后1/3段中位(不足60s),-3.13358,-7.6157,-3.13358,100.028,97.5088,100.028,-5.64793,,,7.61,True,2118.23,0.925898,-10.1069,310.817,-2118.23,96.8664,-0.0281922,-832.987,-26590.1,SW3,39.08,onset,ADC域,ratelimit_0.1,rate_limit,internal_input,True,0,39.08
27714.7,53,-27661.7,53,段末帧(退化),27306.4,后1/3段中位(不足60s),0.0180755,0.0180755,0.0180755,92.6504,92.6504,92.6504,98.5422,,,,False,2118.23,0.923667,-11.8695,310.817,-2118.23,-7.34957,-100.018,25628.7,-5,SW3,60.78,restep,ADC域,ratelimit_0.1,rate_limit,internal_input,True,0,60.78
84,15448.2,15364.2,15448.2,t_on+4.6~5.4s中位(=08-v6.1 P 口径),22682.6,t0+60s后中位,50.9529,-11.5463,50.9529,91.3195,91.3195,91.3195,3.86631,,,,False,2950.97,0.9046,-20.4845,16.7858,-2950.97,150.953,8.68045,7828.49,-14030.5,SW4,8.41,onset,ADC域,ratelimit_0.1,rate_limit,internal_input,True,0,8.41
16085.4,22496.9,6411.47,22496.9,t_on+4.6~5.4s中位(=08-v6.1 P 口径),27894.1,t0+60s后中位,12.1622,-36.4958,12.1622,136.455,136.455,136.455,-72.0192,,,,False,3181.27,0.945137,-1.87029,0,-3181.27,112.162,-36.4546,779.775,-8748.74,SW4,18.68,restep,ADC域,ratelimit_0.1,rate_limit,internal_input,True,0,18.68
22914.7,24098.4,1183.78,24095.9,t_on+4.6~5.4s中位(=08-v6.1 P 口径),28253.8,t0+60s后中位,-69.2041,-69.2041,-69.2041,665.724,665.724,665.724,-420.446,,,,False,3200.37,0.751077,-124.713,0,-3200.37,30.5808,-565.939,-819.225,-7880.71,SW4,26.57,restep,ADC域,ratelimit_0.1,rate_limit,internal_input,True,0,26.57
19469.6,24135.1,4665.56,24133.3,t_on+4.6~5.4s中位(=08-v6.1 P 口径),28280.9,t0+60s后中位,-18.3608,-18.3608,-18.3608,156.816,156.816,156.816,-107.26,,,,False,3200.37,0.718614,6.08583,0,-3200.37,81.5996,-56.8561,-856.631,-7316.36,SW4,27.6,restep,ADC域,ratelimit_0.1,rate_limit,internal_input,True,0,27.6
20984.3,24429.9,3445.59,24429.7,t_on+4.6~5.4s中位(=08-v6.1 P 口径),27985.8,后1/3段中位(不足60s),57.9748,-93.9879,57.9748,709.014,130.773,709.014,-45.2345,,,,False,3798.16,0.863493,-87.66,3.12347,-3798.16,157.968,-609.021,1997.57,-24429.7,SW4,61.37,restep,ADC域,ratelimit_0.1,rate_limit,internal_input,True,0,61.37
75,27895.9,27820.9,27895.9,t_on+4.6~5.4s中位(=08-v6.1 P 口径),27985.8,后1/3段中位(不足60s),13.1802,-5.19854,13.1802,100.067,76.9422,100.067,12.8569,,,,False,2765.69,0.925993,-28.3368,735.563,-2765.69,113.18,-0.0670225,3666.85,-27839.6,SW4,88,onset,ADC域,ratelimit_0.1,rate_limit,internal_input,True,0,88
28339.7,30888.7,2549.01,30888.7,t_on+4.6~5.4s中位(=08-v6.1 P 口径),27985.8,后1/3段中位(不足60s),26.4454,14.2092,26.4454,1209.58,122.314,1209.58,140.326,,,,False,2765.69,0.941111,-87.0571,735.563,-2765.69,126.445,-1109.58,674.096,-30832.3,SW4,99.36,restep,ADC域,ratelimit_0.1,rate_limit,internal_input,True,0,99.36
29453,32159.7,2706.65,32146.4,t_on+4.6~5.4s中位(=08-v6.1 P 口径),27985.8,后1/3段中位(不足60s),-21.5615,-21.5615,-21.5615,1185.6,88.5068,1185.6,132.153,,,,False,2765.69,1.00202,-53.7652,735.563,-2765.69,77.9467,-1086.09,-583.595,-32090,SW4,104.24,restep,ADC域,ratelimit_0.1,rate_limit,internal_input,True,0,104.24
0.549442,14.7073,14.1578,14.7057,t_on+4.6~5.4s中位(=08-v6.1 P 口径),9.83192,t0+60s后中位,4.58605,-1.24719,4.58605,87.0477,87.0477,87.0477,39.0106,0.5,0.5,0.5,False,2.26101,0.86533,-14.7808,1.69174,-2.26101,104.575,12.941,0.649286,-12.3241,RT1,8.27,onset,显示域,ratelimit_0.2,rate_limit,internal_input,True,0,8.27
14.6375,15.8381,1.20052,15.8268,t_on+4.6~5.4s中位(=08-v6.1 P 口径),1.114,t0+60s后中位,-39.3022,-39.3022,-39.3022,122.612,116.725,122.612,1186.24,,,,False,2.55666,-0.135737,-92.1686,-0.249743,-2.55666,59.7609,-23.5488,-0.47183,-1.47198,RT1,13.6,restep,显示域,ratelimit_0.2,rate_limit,internal_input,True,0,13.6
0.290396,16.726,16.4356,16.726,t_on+4.6~5.4s中位(=08-v6.1 P 口径),19.7621,t0+60s后中位,-1.06928,-1.59929,-1.06928,95.0082,95.0082,95.0082,-19.542,13.16,13.16,0.55,False,2.44339,0.872131,-9.0183,2.18028,-2.44339,98.9307,4.99176,-0.175743,-15.6152,RT2,12.32,onset,显示域,ratelimit_0.2,rate_limit,internal_input,True,0,12.32
20.8432,22.0158,1.1726,22.0168,t_on+4.6~5.4s中位(=08-v6.1 P 口径),0.329168,t0+60s后中位,-414.86,-418.646,-414.86,1873.29,656.856,1873.29,1434.68,,,,False,5.23415,0.760875,-43.2683,0,-5.23415,-314.781,-1773.21,-4.86462,-21.9661,RT2,147.11,restep,显示域,ratelimit_0.2,rate_limit,internal_input,True,0,147.11
0.043,16.5487,16.5057,16.5387,t_on+4.6~5.4s中位(=08-v6.1 P 口径),20.5361,t0+60s后中位,13.1575,5.09904,13.1575,99.3762,99.3762,99.3762,-11.0607,,,,False,2.30511,1.00543,4.06343,2.30511,-0.220556,113.097,0.563442,2.17174,-16.4027,RT3,10.59,onset,显示域,ratelimit_0.2,rate_limit,internal_input,True,0,10.59
0,15.2813,15.2813,15.2813,t_on+4.6~5.4s中位(=08-v6.1 P 口径),17.81,t0+60s后中位,13.3268,4.45655,13.3268,100,100,100,-3.22125,,,,False,2.1186,1.01074,4.11805,2.1186,-0.114113,113.327,0,2.03649,-15.2813,LT1,11.69,onset,显示域,ratelimit_0.2,rate_limit,internal_input,True,0,11.69
0,16.1212,16.1212,16.1212,t_on+4.6~5.4s中位(=08-v6.1 P 口径),18.0027,t0+60s后中位,7.04116,4.21094,7.04116,93.7804,93.7804,93.7804,-4.63033,,,70.61,True,2.20759,0.995117,-3.20956,2.20759,-0.406554,107.041,6.21959,1.13512,-15.1185,LT2,14.92,onset,显示域,ratelimit_0.2,rate_limit,internal_input,True,0,14.92
0,17.5144,17.5144,17.5144,t_on+4.6~5.4s中位(=08-v6.1 P 口径),18.8567,t0+60s后中位,5.53941,2.97444,5.53941,95.3618,95.3618,95.3618,-2.12465,31.49,31.49,0.45,False,2.43959,1.00056,-1.96178,2.43959,-0.179031,105.539,4.63816,0.970193,-16.702,LT3,10.87,onset,显示域,ratelimit_0.2,rate_limit,internal_input,True,0,10.87
0.064,13.3829,13.3189,13.3829,t_on+4.6~5.4s中位(=08-v6.1 P 口径),11.6825,t0+60s后中位,-2.49895,-5.03628,-2.49895,96.9256,96.9256,96.9256,10.2678,35.7,35.7,35.7,False,2.65605,0.845412,-8.17071,1.15187,-2.65605,97.501,3.07436,-0.332833,-12.9094,F41,10.94,onset,显示域,ratelimit_0.2,rate_limit,internal_input,True,0,10.94
8.52103,13.5564,5.03533,13.5564,t_on+4.6~5.4s中位(=08-v6.1 P 口径),0.0900594,t0+60s后中位,-10.0552,-14.6363,-10.0552,18.8395,17.1992,18.8395,257.381,,,,False,2.66842,0.0232522,-100,0.735932,-2.66842,89.9448,81.1605,-0.506313,-0.948632,F41,12.19,restep,显示域,ratelimit_0.2,rate_limit,internal_input,True,0,12.19
0.063,14.7479,14.6849,14.7479,t_on+4.6~5.4s中位(=08-v6.1 P 口径),16.509,t0+60s后中位,-5.53109,-6.53913,-5.53109,97.6318,97.6318,97.6318,-17.5235,86.55,86.55,86.55,False,2.55088,0.858439,-8.91908,1.23763,-2.55088,94.4689,2.36818,-0.812236,-14.3372,F42,11.03,onset,显示域,ratelimit_0.2,rate_limit,internal_input,True,0,11.03
0.068,15.3126,15.2446,15.3126,t_on+4.6~5.4s中位(=08-v6.1 P 口径),16.984,t0+60s后中位,-1.34737,-2.79022,-1.34737,95.4423,95.4423,95.4423,-12.3112,0.6,0.6,0.6,False,1.61737,0.914422,-7.3644,1.17659,-1.61737,98.6526,4.55775,-0.205401,-14.5498,F43,11,onset,显示域,ratelimit_0.2,rate_limit,internal_input,True,0,11
76,4241.75,4165.75,4241.75,t_on+4.6~5.4s中位(=08-v6.1 P 口径),22201.5,t0+60s后中位,167.038,0.881605,167.038,74.649,74.649,74.649,-264.09,,,3.39,True,885.963,0.951946,-29.1883,725.647,-885.963,267.038,25.351,6958.37,-3109.69,SW1,10.84,onset,ADC域,ratelimit_0.2,rate_limit,internal_input,True,0,10.84
4811.46,11606.1,6794.66,11606.1,t_on+4.6~5.4s中位(=08-v6.1 P 口径),25340.2,t0+60s后中位,-5.97515,-6.63082,-5.97515,33.3575,33.3575,33.3575,-208.106,,,,False,1086.99,0.227467,-101.497,292.763,-1086.99,94.0249,66.6425,-405.991,-2266.53,SW1,28.63,onset,ADC域,ratelimit_0.2,rate_limit,internal_input,True,0,28.63
12297.9,16202.1,3904.27,16202.1,t_on+4.6~5.4s中位(=08-v6.1 P 口径),25573.4,t0+60s后中位,4.1063,-25.0913,4.1063,311.908,311.908,311.908,-235.92,,,,False,4389.25,0.526726,-275.353,-832.813,-4389.25,104.106,-211.908,160.321,-12177.7,SW1,71.67,restep,ADC域,ratelimit_0.2,rate_limit,internal_input,True,0,71.67
5447.73,18092.5,12644.8,18092.5,t_on+4.6~5.4s中位(=08-v6.1 P 口径),25609.2,t0+60s后中位,-13.6821,-13.6821,-13.6821,101.981,101.981,101.981,-73.1269,,,,False,4389.25,0.619734,-51.8833,-832.813,-4389.25,86.3179,-1.98103,-1730.08,-12895.3,SW1,75.89,onset,ADC域,ratelimit_0.2,rate_limit,internal_input,True,0,75.89
19384.5,25851.7,6467.14,25850.6,t_on+4.6~5.4s中位(=08-v6.1 P 口径),22085.6,t0+60s后中位,15.0575,-70.8998,15.0575,399.567,168.443,399.567,73.2748,,,76.29,True,5324.6,0.780665,-7.85587,1506.9,-5324.6,115.04,-299.584,973.791,-25840.6,SW1,110.45,restep,ADC域,ratelimit_0.2,rate_limit,internal_input,True,0,110.45
61.0611,27163.2,27102.1,27163.8,t_on+4.6~5.4s中位(=08-v6.1 P 口径),20149,t0+60s后中位,0.044626,-1.64239,0.044626,99.9692,99.9692,99.9692,25.9273,0.66,0.66,0.66,False,1506.9,0.980579,-1.67318,1506.9,-615.432,100.047,0.0329822,12.0946,-27093.8,SW1,133.83,onset,ADC域,ratelimit_0.2,rate_limit,internal_input,True,0,133.83
52.8433,25248,25195.2,25248,t_on+4.6~5.4s中位(=08-v6.1 P 口径),61,t0+60s后中位,5.947,1.5772,5.947,100.004,100.004,100.004,105.915,,,0.51,True,1413.64,0.992759,1.58072,1413.64,-444.016,105.947,-0.00352015,1498.36,-25196.1,SW1,185.97,onset,ADC域,ratelimit_0.2,rate_limit,internal_input,True,0,185.97
5760.84,11855.9,6095.06,11856.4,t_on+4.6~5.4s中位(=08-v6.1 P 口径),22085.4,后1/3段中位(不足60s),198.95,-10.4308,198.95,153.404,98.2382,153.404,31.125,,,,False,6927.73,0.563826,-16.6591,199.664,-6927.73,298.958,-53.3951,12126.1,-9350.05,SW1,217.74,restep,ADC域,ratelimit_0.2,rate_limit,internal_input,True,0,217.74
12124.3,19875.9,7751.66,19875.9,t_on+4.6~5.4s中位(=08-v6.1 P 口径),22085.4,后1/3段中位(不足60s),52.9769,-29.1936,52.9769,256.409,224.075,256.409,24.4733,,,,False,6927.73,0.923045,-162.049,0,-6927.73,152.977,-156.409,4106.59,-19875.9,SW1,230.64,restep,ADC域,ratelimit_0.2,rate_limit,internal_input,True,0,230.64
5210.44,20245.8,15035.4,20245.8,t_on+4.6~5.4s中位(=08-v6.1 P 口径),22085.4,后1/3段中位(不足60s),24.8526,-17.5113,24.8526,134.654,117.985,134.654,12.6175,,,,False,6927.73,0.858757,-7.34371,0,-6927.73,124.853,-34.6545,3736.68,-20245.8,SW1,233.05,onset,ADC域,ratelimit_0.2,rate_limit,internal_input,True,0,233.05
20414.6,25671.8,5257.15,25671.8,t_on+4.6~5.4s中位(=08-v6.1 P 口径),22085.4,后1/3段中位(不足60s),-32.1327,-32.1327,-32.1327,488.321,225.963,488.321,36.0859,,,,False,6927.73,0.671118,-1.51789,0,-6927.73,67.8673,-388.321,-1689.26,-25671.8,SW1,240.72,restep,ADC域,ratelimit_0.2,rate_limit,internal_input,True,0,240.72
62,14458.3,14396.3,14458.3,t_on+4.6~5.4s中位(=08-v6.1 P 口径),24133.2,后1/3段中位(不足60s),49.7215,9.2101,49.7215,100.33,86.8982,100.33,-17.4825,,,,False,1758.62,1.00994,-10.1679,1758.62,-849.24,149.722,-0.329507,7158.07,-14443.8,SW2,11.79,onset,ADC域,ratelimit_0.2,rate_limit,internal_input,True,0,11.79
13426.5,14858.2,1431.68,14852.5,t_on+4.6~5.4s中位(=08-v6.1 P 口径),24133.2,后1/3段中位(不足60s),481.101,65.0821,481.101,1036.4,11.3963,1036.4,-167.14,,,,False,1038.2,1.01433,-100,1038.2,-849.24,580.705,-936.793,6887.85,-14837.9,SW2,13.7,restep,ADC域,ratelimit_0.2,rate_limit,internal_input,True,0,13.7
14922.6,15402.3,479.648,15402.8,t_on+4.6~5.4s中位(=08-v6.1 P 口径),24133.2,后1/3段中位(不足60s),1454.6,79.5364,1454.6,3208.23,148.741,3208.23,-365.592,,,,False,1038.2,0.96545,-100,1038.2,-849.24,1554.7,-3108.12,6976.94,-15388.2,SW2,14.86,restep,ADC域,ratelimit_0.2,rate_limit,internal_input,True,0,14.86
16009.1,14787,-1222.07,14787,t_on+4.6~5.4s中位(=08-v6.1 P 口径),24133.2,后1/3段中位(不足60s),1208.8,1208.8,1208.8,763.133,-13.8039,763.133,1973.59,,,,False,981.838,0.93647,1076.48,967.233,-981.838,663.133,-1308.8,9326.03,-14772.4,SW2,31.22,restep,ADC域,ratelimit_0.2,rate_limit,internal_input,True,0,31.22
37.3925,21643.5,21606.1,21639.1,t_on+4.6~5.4s中位(=08-v6.1 P 口径),24133.2,后1/3段中位(不足60s),14.8355,-0.410893,14.8355,100.042,95.1319,100.042,3.29177,,,0.57,True,1113.22,1,-5.52331,967.233,-1113.22,114.815,-0.0619851,3205.37,-21615.1,SW2,35.96,onset,ADC域,ratelimit_0.2,rate_limit,internal_input,True,0,35.96
38,25209.3,25171.3,25209.3,t_on+4.6~5.4s中位(=08-v6.1 P 口径),24133.2,后1/3段中位(不足60s),-0.728343,-3.43071,-0.728343,97.159,97.159,97.159,3.54666,,,0.74,True,1113.22,0.962866,-7.1963,468.525,-1113.22,99.2717,2.84099,-183.334,-24456.2,SW2,57.3,onset,ADC域,ratelimit_0.2,rate_limit,internal_input,True,0,57.3
69.7225,17701.9,17632.1,17701.9,t_on+4.6~5.4s中位(=08-v6.1 P 口径),27305,后1/3段中位(不足60s),45.4962,-12.26,45.4962,100.395,71.1172,100.395,-8.96792,,,,False,5412.19,0.191477,-41.7306,1240.39,-5412.19,145.496,-0.395429,8021.95,-17701.9,SW3,10.92,onset,ADC域,ratelimit_0.2,rate_limit,internal_input,True,0,10.92
18559.6,25621.5,7061.97,25621.5,t_on+4.6~5.4s中位(=08-v6.1 P 口径),27305,后1/3段中位(不足60s),17.2557,-59.0062,17.2557,362.81,140.467,362.81,-6.5832,,,,False,5412.19,1.51075,-22.9439,1240.39,-5412.19,117.256,-262.81,1218.59,-25621.5,SW3,20.72,restep,ADC域,ratelimit_0.2,rate_limit,internal_input,True,0,20.72
55.4942,26638.1,26582.6,26638.1,t_on+4.6~5.4s中位(=08-v6.1 P 口径),27305,后1/3段中位(不足60s),2.39204,-3.43935,2.39204,100.205,95.0082,100.205,-0.116997,,,0.69,True,1240.39,0.977742,-8.43117,1240.39,-1022.6,102.392,-0.204566,635.866,-26637,SW3,39.08,onset,ADC域,ratelimit_0.2,rate_limit,internal_input,True,0,39.08
27714.7,53,-27661.7,53,段末帧(退化),27305,后1/3段中位(不足60s),0.187569,0.187569,0.187569,98.0864,98.0864,98.0864,98.7066,,,,False,630.349,0.977295,-1.91307,150.466,-630.349,-1.91355,-100.188,27132.4,-51.8848,SW3,60.78,restep,ADC域,ratelimit_0.2,rate_limit,internal_input,True,0,60.78
84,15448.2,15364.2,15448.2,t_on+4.6~5.4s中位(=08-v6.1 P 口径),24173.7,t0+60s后中位,51.8384,-4.14581,51.8384,82.8941,82.8941,82.8941,-4.95285,,,,False,2028.2,0.943029,-21.8086,1486.68,-2028.2,151.838,17.1059,7964.55,-12736,SW4,8.41,onset,ADC域,ratelimit_0.2,rate_limit,internal_input,True,0,8.41
16085.4,22496.9,6411.47,22496.9,t_on+4.6~5.4s中位(=08-v6.1 P 口径),27889.6,t0+60s后中位,14.2842,-21.3456,14.2842,119.853,119.853,119.853,-69.8269,,,9.35,True,2305.3,0.944158,-1.49222,0,-2305.3,114.284,-19.8533,915.827,-7684.36,SW4,18.68,restep,ADC域,ratelimit_0.2,rate_limit,internal_input,True,0,18.68
22912.5,24098.4,1185.96,24095.9,t_on+4.6~5.4s中位(=08-v6.1 P 口径),28252.8,t0+60s后中位,-57.6052,-57.6052,-57.6052,623.621,623.621,623.621,-408.117,,,,False,2352.92,0.579981,-112.393,0,-2352.92,42.1801,-523.836,-683.173,-7395.88,SW4,26.57,restep,ADC域,ratelimit_0.2,rate_limit,internal_input,True,0,26.57
19465.9,24135.1,4669.26,24133.3,t_on+4.6~5.4s中位(=08-v6.1 P 口径),28280.1,t0+60s后中位,-15.4324,-15.4324,-15.4324,137.275,137.275,137.275,-104.243,,,,False,2366.22,0.667273,6.12942,0,-2366.22,84.5279,-37.315,-720.579,-6409.74,SW4,27.6,restep,ADC域,ratelimit_0.2,rate_limit,internal_input,True,0,27.6
20983.3,24429.9,3446.66,24429.7,t_on+4.6~5.4s中位(=08-v6.1 P 口径),27980.5,后1/3段中位(不足60s),106.002,-73.2189,106.002,708.792,110.735,708.792,2.98072,,,,False,3005.59,0.897155,-87.7292,1824.97,-3005.59,205.995,-608.799,3653.54,-24429.7,SW4,61.37,restep,ADC域,ratelimit_0.2,rate_limit,internal_input,True,0,61.37
75,27895.9,27820.9,27895.9,t_on+4.6~5.4s中位(=08-v6.1 P 口径),27980.5,后1/3段中位(不足60s),17.2656,0.67327,17.2656,100.067,56.8085,100.067,16.9616,,,0.35,True,2018.74,1.00587,-42.5182,2018.74,-368.546,117.266,-0.0670225,4803.45,-27839.6,SW4,88,onset,ADC域,ratelimit_0.2,rate_limit,internal_input,True,0,88
28337.8,30816.1,2478.34,30816.1,t_on+4.6~5.4s中位(=08-v6.1 P 口径),27980.5,后1/3段中位(不足60s),75.9874,56.3308,75.9874,1241.15,76.1055,1241.15,190.405,,,,False,2018.74,0.997844,-90.6588,2018.74,-368.546,175.987,-1141.15,1883.22,-30759.8,SW4,99.36,restep,ADC域,ratelimit_0.2,rate_limit,internal_input,True,0,99.36
29453,32162.9,2709.87,32152.2,t_on+4.6~5.4s中位(=08-v6.1 P 口径),27980.5,后1/3段中位(不足60s),20.1916,20.1916,20.1916,1184.41,41.4779,1184.41,174.137,,,,False,998.868,1.03323,-44.4838,998.868,-297.843,119.797,-1084.8,547.167,-32095.8,SW4,104.24,restep,ADC域,ratelimit_0.2,rate_limit,internal_input,True,0,104.24
0.549442,14.7073,14.1578,14.7057,t_on+4.6~5.4s中位(=08-v6.1 P 口径),3.63777,t0+60s后中位,4.71213,-0.793531,4.71213,81.7124,81.7124,81.7124,82.8873,0.5,0.5,0.5,False,2.25214,0.85834,-20.0583,1.70144,-2.25214,104.701,18.2763,0.667136,-11.5687,RT1,8.27,onset,显示域,ratelimit_0.4,rate_limit,internal_input,True,0,8.27
14.6375,15.8381,1.20052,15.8268,t_on+4.6~5.4s中位(=08-v6.1 P 口径),1.11253,t0+60s后中位,-37.8153,-37.8153,-37.8153,121.867,115.78,121.867,1187.85,,,,False,2.5479,-0.141288,-92.2209,-0.241292,-2.5479,61.2478,-22.8037,-0.45398,-1.46303,RT1,13.6,restep,显示域,ratelimit_0.4,rate_limit,internal_input,True,0,13.6
0.290396,16.726,16.4356,16.726,t_on+4.6~5.4s中位(=08-v6.1 P 口径),19.7618,t0+60s后中位,-0.987536,-1.78352,-0.987536,92.1154,92.1154,92.1154,-19.4587,13.16,13.16,0.55,False,2.42964,0.869333,-11.5584,2.08653,-2.42964,99.0125,7.88459,-0.162307,-15.1397,RT2,12.32,onset,显示域,ratelimit_0.4,rate_limit,internal_input,True,0,12.32
20.8432,22.0158,1.1726,22.0168,t_on+4.6~5.4s中位(=08-v6.1 P 口径),0.329168,t0+60s后中位,-422.407,-422.407,-422.407,1877.61,734.286,1877.61,1427.13,,,,False,6.08411,0.761559,-53.6356,0,-6.08411,-322.328,-1777.53,-4.95312,-22.0168,RT2,147.11,restep,显示域,ratelimit_0.4,rate_limit,internal_input,True,0,147.11
0.043,16.5511,16.5081,16.5387,t_on+4.6~5.4s中位(=08-v6.1 P 口径),20.5361,t0+60s后中位,13.5157,5.23497,13.5157,99.3616,99.3616,99.3616,-10.699,,,,False,2.36195,1.00758,4.28598,2.36195,-0.181529,113.441,0.563359,2.23118,-16.4027,RT3,10.59,onset,显示域,ratelimit_0.4,rate_limit,internal_input,True,0,10.59
0,15.2813,15.2813,15.2813,t_on+4.6~5.4s中位(=08-v6.1 P 口径),17.8098,t0+60s后中位,13.4142,4.90149,13.4142,100,100,100,-3.13246,,,,False,2.1864,1.0137,4.44317,2.1864,-0.0641056,113.414,0,2.04986,-15.2813,LT1,11.69,onset,显示域,ratelimit_0.4,rate_limit,internal_input,True,0,11.69
0,16.1212,16.1212,16.1212,t_on+4.6~5.4s中位(=08-v6.1 P 口径),18.0025,t0+60s后中位,4.41653,4.41653,4.41653,87.9343,87.9343,87.9343,-7.25354,1.78,1.78,1.78,False,2.41252,0.94863,-8.1768,2.41252,-1.10351,104.417,12.0657,0.711996,-14.176,LT2,14.92,onset,显示域,ratelimit_0.4,rate_limit,internal_input,True,0,14.92
0,17.5144,17.5144,17.5144,t_on+4.6~5.4s中位(=08-v6.1 P 口径),18.8557,t0+60s后中位,5.94427,3.40084,5.94427,90.7237,90.7237,90.7237,-1.71416,,,78.5,True,2.43645,1.00483,-6.19509,2.43645,-0.108123,105.944,9.27632,1.0411,-15.8897,LT3,10.87,onset,显示域,ratelimit_0.4,rate_limit,internal_input,True,0,10.87
0.064,13.3829,13.3189,13.3829,t_on+4.6~5.4s中位(=08-v6.1 P 口径),7.28628,t0+60s后中位,1.41913,-0.725355,1.41913,94.7201,94.7201,94.7201,47.1933,0.5,0.5,0.5,False,2.08958,0.878904,-6.39046,1.80712,-2.08958,101.419,5.27994,0.189012,-12.6157,F41,10.94,onset,显示域,ratelimit_0.4,rate_limit,internal_input,True,0,10.94
10.8363,13.5564,2.7201,13.5564,t_on+4.6~5.4s中位(=08-v6.1 P 口径),0.0827163,t0+60s后中位,0.570958,-5.26982,0.570958,15.2942,11.9675,15.2942,495.907,,,,False,2.09936,0.0223346,-100,1.2668,-2.09936,100.571,84.7058,0.0155306,-0.416018,F41,12.19,restep,显示域,ratelimit_0.4,rate_limit,internal_input,True,0,12.19
0.063,14.7479,14.6849,14.7479,t_on+4.6~5.4s中位(=08-v6.1 P 口径),16.4003,t0+60s后中位,-1.56503,-1.756,-1.56503,95.5148,95.5148,95.5148,-12.8172,0.52,0.52,0.52,False,2.06372,0.897056,-6.85591,2.06372,-1.89923,98.435,4.48516,-0.229824,-14.0263,F42,11.03,onset,显示域,ratelimit_0.4,rate_limit,internal_input,True,0,11.03
0.068,15.3126,15.2446,15.3126,t_on+4.6~5.4s中位(=08-v6.1 P 口径),16.9838,t0+60s后中位,5.96907,3.26204,5.96907,91.8249,91.8249,91.8249,-4.99384,33.72,33.72,33.72,False,2.21302,0.986882,-5.39892,2.21302,-0.606522,105.969,8.17513,0.909959,-13.9983,F43,11,onset,显示域,ratelimit_0.4,rate_limit,internal_input,True,0,11
76,4241.75,4165.75,4241.75,t_on+4.6~5.4s中位(=08-v6.1 P 口径),22204.5,t0+60s后中位,175.662,0.774146,175.662,74.5707,74.5707,74.5707,-255.54,,,3.38,True,892.414,0.951635,-29.2666,725.647,-892.414,275.662,25.4293,7317.63,-3106.43,SW1,10.84,onset,ADC域,ratelimit_0.4,rate_limit,internal_input,True,0,10.84
4811.46,11606.1,6794.66,11606.1,t_on+4.6~5.4s中位(=08-v6.1 P 口径),25341.8,t0+60s后中位,-0.687813,-0.687813,-0.687813,34.7306,34.7306,34.7306,-202.842,,,,False,1093.55,-1.22513,-114.432,297.879,-1093.55,99.3122,65.2694,-46.7345,-2359.83,SW1,28.63,onset,ADC域,ratelimit_0.4,rate_limit,internal_input,True,0,28.63
12297.8,16202.1,3904.37,16202.1,t_on+4.6~5.4s中位(=08-v6.1 P 口径),25571.9,t0+60s后中位,5.63839,-26.2626,5.63839,310.87,310.87,310.87,-234.343,,,,False,4412.4,0.514647,-280.683,0,-4412.4,105.638,-210.87,220.144,-12137.5,SW1,71.67,restep,ADC域,ratelimit_0.4,rate_limit,internal_input,True,0,71.67
5447.73,18092.5,12644.8,18092.5,t_on+4.6~5.4s中位(=08-v6.1 P 口径),25608,t0+60s后中位,-13.209,-13.209,-13.209,108.502,108.502,108.502,-72.6443,,,,False,4412.4,0.551142,-62.8322,-899.638,-4412.4,86.791,-8.50174,-1670.26,-13719.9,SW1,75.89,onset,ADC域,ratelimit_0.4,rate_limit,internal_input,True,0,75.89
19384.5,25851.7,6467.14,25850.6,t_on+4.6~5.4s中位(=08-v6.1 P 口径),22087.3,t0+60s后中位,39.5166,-70.471,39.5166,399.722,178.834,399.722,97.7074,,,,False,5426.55,0.778713,-6.94578,3262.94,-5426.55,139.5,-299.739,2555.6,-25850.6,SW1,110.45,restep,ADC域,ratelimit_0.4,rate_limit,internal_input,True,0,110.45
61.0611,27163.2,27102.1,27163.8,t_on+4.6~5.4s中位(=08-v6.1 P 口径),20136.4,t0+60s后中位,5.69792,4.58416,5.69792,99.9692,99.9692,99.9692,31.6271,,,0.44,True,3262.94,1.03633,4.55337,3262.94,-4.67081,105.7,0.0329822,1544.26,-27093.8,SW1,133.83,onset,ADC域,ratelimit_0.4,rate_limit,internal_input,True,0,133.83
52.8433,25248,25195.2,25248,t_on+4.6~5.4s中位(=08-v6.1 P 口径),61,t0+60s后中位,16.2163,11.3876,16.2163,100.004,100.004,100.004,116.184,,,,False,3966.39,1.08361,10.7229,3966.39,-10.8024,116.216,-0.00352015,4085.72,-25196.1,SW1,185.97,onset,ADC域,ratelimit_0.4,rate_limit,internal_input,True,0,185.97
5760.84,11857,6096.16,11856.4,t_on+4.6~5.4s中位(=08-v6.1 P 口径),22086.1,后1/3段中位(不足60s),220.841,1.71792,220.841,151.616,99.4586,151.616,53.0349,,,,False,1908.08,0.840979,-47.7713,1908.08,-597.192,320.831,-51.6254,13462.8,-9242.75,SW1,217.74,restep,ADC域,ratelimit_0.4,rate_limit,internal_input,True,0,217.74
12123.1,19875.9,7752.81,19875.9,t_on+4.6~5.4s中位(=08-v6.1 P 口径),22086.1,后1/3段中位(不足60s),73.8679,-1.05228,73.8679,256.371,222.658,256.371,45.3595,,,,False,597.192,1,-144.753,524.624,-597.192,173.868,-156.371,5726.84,-19875.9,SW1,230.64,restep,ADC域,ratelimit_0.4,rate_limit,internal_input,True,0,230.64
5210.44,20245.8,15035.4,20245.8,t_on+4.6~5.4s中位(=08-v6.1 P 口径),22086.1,后1/3段中位(不足60s),35.6288,-3.0028,35.6288,134.654,116.743,134.654,23.389,,,,False,597.192,1,13.341,524.624,-597.192,135.629,-34.6545,5356.94,-20245.8,SW1,233.05,onset,ADC域,ratelimit_0.4,rate_limit,internal_input,True,0,233.05
20414.6,25671.8,5257.15,25671.8,t_on+4.6~5.4s中位(=08-v6.1 P 口径),22086.1,后1/3段中位(不足60s),-1.31267,-6.96897,-1.31267,488.321,106.909,488.321,66.8925,,,,False,597.192,0.976881,-0.060319,66.2735,-597.192,98.6873,-388.321,-69.009,-25671.8,SW1,240.72,restep,ADC域,ratelimit_0.4,rate_limit,internal_input,True,0,240.72
62,14458.3,14396.3,14458.3,t_on+4.6~5.4s中位(=08-v6.1 P 口径),24133.2,后1/3段中位(不足60s),56.2208,12.8385,56.2208,100.431,76.1179,100.431,-10.9832,,,,False,2333.8,1,-18.3164,2333.8,-372.396,156.221,-0.430665,8093.73,-14458.3,SW2,11.79,onset,ADC域,ratelimit_0.4,rate_limit,internal_input,True,0,11.79
13424.9,14858.2,1433.25,14852.5,t_on+4.6~5.4s中位(=08-v6.1 P 口径),24133.2,后1/3段中位(不足60s),545.551,101.456,545.551,1036.28,-10.11,1036.28,-101.983,,,,False,2333.8,1.04021,-100,2333.8,-372.396,645.155,-936.677,7819.1,-14852.5,SW2,13.7,restep,ADC域,ratelimit_0.4,rate_limit,internal_input,True,0,13.7
14922.6,15402.5,479.895,15402.8,t_on+4.6~5.4s中位(=08-v6.1 P 口径),24133.2,后1/3段中位(不足60s),1642.1,188.342,1642.1,3209.61,84.4714,3209.61,-177.153,,,,False,2333.8,0.990095,-100,2333.8,-287.345,1742.15,-3109.55,7880.34,-15402.8,SW2,14.86,restep,ADC域,ratelimit_0.4,rate_limit,internal_input,True,0,14.86
16009.1,17425.7,1416.62,17425.7,t_on+4.6~5.4s中位(=08-v6.1 P 口径),24133.2,后1/3段中位(不足60s),652.033,3.89597,652.033,1230.09,1230.09,1230.09,178.544,,,,False,3424.25,0.927736,-1099.48,3424.25,-281.842,752.033,-1130.09,9236.84,-17425.7,SW2,31.22,restep,ADC域,ratelimit_0.4,rate_limit,internal_input,True,0,31.22
37.3925,21643.5,21606.1,21639.1,t_on+4.6~5.4s中位(=08-v6.1 P 口径),24133.2,后1/3段中位(不足60s),24.0424,4.22551,24.0424,100.042,91.0676,100.042,12.4987,,,,False,3424.25,1,-4.70692,3424.25,-14.153,124.022,-0.0619851,5194.62,-21615.1,SW2,35.96,onset,ADC域,ratelimit_0.4,rate_limit,internal_input,True,0,35.96
38,25209.3,25171.3,25209.3,t_on+4.6~5.4s中位(=08-v6.1 P 口径),24133.2,后1/3段中位(不足60s),7.03042,5.77332,7.03042,97.159,97.159,97.159,11.3054,,,,False,3424.25,1.04064,2.93233,3424.25,0,107.03,2.84099,1769.65,-24456.2,SW2,57.3,onset,ADC域,ratelimit_0.4,rate_limit,internal_input,True,0,57.3
69.6403,17701.9,17632.2,17701.9,t_on+4.6~5.4s中位(=08-v6.1 P 口径),27305,后1/3段中位(不足60s),58.7247,-12.26,58.7247,100.395,68.6312,100.395,4.2609,,,,False,5359.56,1.17508,-44.2164,3775.47,-5359.56,158.725,-0.394961,10354.5,-17701.9,SW3,10.92,onset,ADC域,ratelimit_0.4,rate_limit,internal_input,True,0,10.92
18559.6,25621.5,7061.97,25621.5,t_on+4.6~5.4s中位(=08-v6.1 P 口径),27305,后1/3段中位(不足60s),44.5024,-57.8372,44.5024,362.81,135.371,362.81,20.6635,,,,False,5359.56,1.90816,-26.4622,3775.47,-5359.56,144.502,-262.81,3142.74,-25621.5,SW3,20.72,restep,ADC域,ratelimit_0.4,rate_limit,internal_input,True,0,20.72
55.4942,26638.1,26582.6,26638.1,t_on+4.6~5.4s中位(=08-v6.1 P 口径),27305,后1/3段中位(不足60s),7.99854,7.9955,7.99854,100.028,90.007,100.028,5.4895,,,,False,3775.47,1.01218,-4.99345,3775.47,0,107.999,-0.0281922,2126.22,-26590.1,SW3,39.08,onset,ADC域,ratelimit_0.4,rate_limit,internal_input,True,0,39.08
27714.7,53,-27661.7,53,段末帧(退化),27305,后1/3段中位(不足60s),0.0180755,0.0180755,0.0180755,101.23,101.23,101.23,98.5371,,,,False,318.817,1.00862,1.23051,318.817,0,1.23003,-100.018,28002,-5,SW3,60.78,restep,ADC域,ratelimit_0.4,rate_limit,internal_input,True,0,60.78
84,15448.2,15364.2,15448.2,t_on+4.6~5.4s中位(=08-v6.1 P 口径),24179,t0+60s后中位,51.8794,-2.83094,51.8794,71.8094,71.8094,71.8094,-4.94681,,,,False,1922.7,0.944744,-31.636,1756.25,-1922.7,151.879,28.1906,7970.84,-11032.9,SW4,8.41,onset,ADC域,ratelimit_0.4,rate_limit,internal_input,True,0,8.41
16085.4,22496.9,6411.47,22496.9,t_on+4.6~5.4s中位(=08-v6.1 P 口径),27886.2,t0+60s后中位,14.3823,-18.5644,14.3823,117.127,117.127,117.127,-69.6749,,,,False,2148.37,0.940593,-1.43731,0,-2148.37,114.382,-17.1271,922.117,-7509.57,SW4,18.68,restep,ADC域,ratelimit_0.4,rate_limit,internal_input,True,0,18.68
22912.5,24098.4,1185.96,24095.9,t_on+4.6~5.4s中位(=08-v6.1 P 口径),28252.7,t0+60s后中位,-57.0749,-57.0749,-57.0749,634.789,634.789,634.789,-407.578,,,,False,2236.04,0.55297,-115.173,0,-2236.04,42.7105,-535.003,-676.883,-7528.32,SW4,26.57,restep,ADC域,ratelimit_0.4,rate_limit,internal_input,True,0,26.57
19465.9,24135.1,4669.26,24133.3,t_on+4.6~5.4s中位(=08-v6.1 P 口径),28279,t0+60s后中位,-15.2977,-15.2977,-15.2977,134.548,134.548,134.548,-104.086,,,,False,2257.69,0.662696,6.19499,0,-2257.69,84.6627,-34.5872,-714.289,-6282.37,SW4,27.6,restep,ADC域,ratelimit_0.4,rate_limit,internal_input,True,0,27.6
20983.1,24429.9,3446.83,24429.7,t_on+4.6~5.4s中位(=08-v6.1 P 口径),27977.5,后1/3段中位(不足60s),149.956,-72.3262,149.956,708.757,113.003,708.757,47.027,,,,False,3495.95,0.902104,-87.7377,3495.95,-2890.35,249.95,-608.764,5168.75,-24429.7,SW4,61.37,restep,ADC域,ratelimit_0.4,rate_limit,internal_input,True,0,61.37
75,27895.9,27820.9,27895.9,t_on+4.6~5.4s中位(=08-v6.1 P 口径),27977.5,后1/3段中位(不足60s),22.5059,6.11954,22.5059,100.067,40.4027,100.067,22.2127,,,,False,3495.95,1.06437,-53.4778,3495.95,-9.2776,122.506,-0.0670225,6261.36,-27839.6,SW4,88,onset,ADC域,ratelimit_0.4,rate_limit,internal_input,True,0,88
28337.8,30803.9,2466.05,30803.9,t_on+4.6~5.4s中位(=08-v6.1 P 口径),27977.5,后1/3段中位(不足60s),135.984,107.559,135.984,1246.83,24.2937,1246.83,250.595,,,,False,3326.97,1.03663,-83.3541,3326.97,0,235.984,-1146.83,3353.42,-30747.5,SW4,99.36,restep,ADC域,ratelimit_0.4,rate_limit,internal_input,True,0,99.36
29453,32163.4,2710.38,32155.5,t_on+4.6~5.4s中位(=08-v6.1 P 口径),27977.5,后1/3段中位(不足60s),73.856,73.856,73.856,1184.31,-5.03928,1184.31,228.005,,,,False,2286,1.07613,-46.5204,2286,0,173.565,-1084.6,2001.78,-32099.1,SW4,104.24,restep,ADC域,ratelimit_0.4,rate_limit,internal_input,True,0,104.24
0.549442,14.7073,14.1578,14.7057,t_on+4.6~5.4s中位(=08-v6.1 P 口径),1.16117,t0+60s后中位,5.13735,-0.788701,5.13735,76.7128,76.7128,76.7128,100.805,5.36,5.36,5.36,False,2.25141,0.850392,-25.053,1.70144,-2.25141,105.126,23.2759,0.727339,-10.8609,RT1,8.27,onset,显示域,clip_0.02,clip_raw,internal_input,True,0,8.27
14.6375,15.8381,1.20052,15.8268,t_on+4.6~5.4s中位(=08-v6.1 P 口径),1.11186,t0+60s后中位,-32.8006,-32.8006,-32.8006,121.807,115.711,121.807,1192.91,,,,False,2.54718,-0.141274,-92.1817,-0.240574,-2.54718,66.2626,-22.7434,-0.393777,-1.46231,RT1,13.6,restep,显示域,clip_0.02,clip_raw,internal_input,True,0,13.6
0.290396,16.726,16.4356,16.726,t_on+4.6~5.4s中位(=08-v6.1 P 口径),19.7617,t0+60s后中位,-0.903003,-1.11299,-0.903003,90.4771,90.4771,90.4771,-19.3735,13.16,13.16,0.55,False,2.41547,0.868067,-12.9516,2.13354,-2.41547,99.097,9.52291,-0.148414,-14.8705,RT2,12.32,onset,显示域,clip_0.02,clip_raw,internal_input,True,0,12.32
20.8432,22.0158,1.1726,22.0168,t_on+4.6~5.4s中位(=08-v6.1 P 口径),0.329168,t0+60s后中位,-422.213,-422.213,-422.213,1877.61,847.803,1877.61,1427.32,,,,False,6.2192,0.762284,-57.2386,0,-6.2192,-322.135,-1777.53,-4.95085,-22.0168,RT2,147.11,restep,显示域,clip_0.02,clip_raw,internal_input,True,0,147.11
0.043,16.5567,16.5137,16.5389,t_on+4.6~5.4s中位(=08-v6.1 P 口径),20.5361,t0+60s后中位,13.5865,5.26309,13.5865,99.3294,99.3294,99.3294,-10.6188,,,,False,2.3674,1.00778,4.27365,2.3674,-0.177791,113.479,0.56317,2.24364,-16.4029,RT3,10.59,onset,显示域,clip_0.02,clip_raw,internal_input,True,0,10.59
0,15.2813,15.2813,15.2813,t_on+4.6~5.4s中位(=08-v6.1 P 口径),17.8094,t0+60s后中位,13.92,4.90794,13.92,100,100,100,-2.62435,,,,False,2.18736,1.01374,4.44779,2.18736,-0.0633991,113.92,0,2.12715,-15.2813,LT1,11.69,onset,显示域,clip_0.02,clip_raw,internal_input,True,0,11.69
0,16.1212,16.1212,16.1212,t_on+4.6~5.4s中位(=08-v6.1 P 口径),18.002,t0+60s后中位,4.41653,4.41653,4.41653,61.2823,61.2823,61.2823,-7.25037,1.96,1.96,1.96,False,2.41252,0.928446,-34.8288,2.41252,-1.10351,104.417,38.7177,0.711996,-9.87941,LT2,14.92,onset,显示域,clip_0.02,clip_raw,internal_input,True,0,14.92
0,17.5144,17.5144,17.5144,t_on+4.6~5.4s中位(=08-v6.1 P 口径),18.8563,t0+60s后中位,6.00244,3.74863,6.00244,66.7966,66.7966,66.7966,-1.65931,,,78.5,True,2.43854,1.00726,-30.064,2.43854,-0.0979361,106.002,33.2034,1.05129,-11.699,LT3,10.87,onset,显示域,clip_0.02,clip_raw,internal_input,True,0,10.87
0.064,13.3829,13.3189,13.3829,t_on+4.6~5.4s中位(=08-v6.1 P 口径),0.101758,t0+60s后中位,1.42838,-0.713968,1.42838,66.9611,66.9611,66.9611,101.145,0.5,0.5,0.5,False,2.08834,0.836811,-34.1411,1.80867,-2.08834,101.428,33.0389,0.190244,-8.91846,F41,10.94,onset,显示域,clip_0.02,clip_raw,internal_input,True,0,10.94
10.8737,13.5564,2.68271,13.5564,t_on+4.6~5.4s中位(=08-v6.1 P 口径),0.082,t0+60s后中位,0.624843,-5.30175,0.624843,15.4572,12.0927,15.4572,502.892,,,,False,2.09812,0.0223548,-100,1.26791,-2.09812,100.625,84.5428,0.0167627,-0.414672,F41,12.19,restep,显示域,clip_0.02,clip_raw,internal_input,True,0,12.19
0.063,14.7479,14.6849,14.7479,t_on+4.6~5.4s中位(=08-v6.1 P 口径),9.57269,t0+60s后中位,-1.5592,-1.67035,-1.5592,92.5463,92.5463,92.5463,33.6827,0.52,0.52,0.52,False,2.06458,0.894072,-9.8187,2.06458,-1.89832,98.4408,7.45373,-0.228967,-13.5904,F42,11.03,onset,显示域,clip_0.02,clip_raw,internal_input,True,0,11.03
0.068,15.3126,15.2446,15.3126,t_on+4.6~5.4s中位(=08-v6.1 P 口径),16.9838,t0+60s后中位,5.98032,3.27744,5.98032,78.8833,78.8833,78.8833,-4.98258,33.72,33.72,33.72,False,2.21537,0.985034,-18.3292,2.21537,-0.604318,105.98,21.1167,0.911675,-12.0254,F43,11,onset,显示域,clip_0.02,clip_raw,internal_input,True,0,11
76,4241.75,4165.75,4241.75,t_on+4.6~5.4s中位(=08-v6.1 P 口径),22201.8,t0+60s后中位,194.206,0.763056,194.206,74.5707,74.5707,74.5707,-236.931,,,3.38,True,889.269,0.951611,-29.2666,725.647,-889.269,294.206,25.4293,8090.13,-3106.43,SW1,10.84,onset,ADC域,clip_0.02,clip_raw,internal_input,True,0,10.84
4811.46,11606.1,6794.66,11606.1,t_on+4.6~5.4s中位(=08-v6.1 P 口径),25339.1,t0+60s后中位,10.6815,10.6815,10.6815,34.9809,34.9809,34.9809,-191.433,,,,False,1092.13,4.46888,-125.805,292.527,-1092.13,110.681,65.0191,725.77,-2376.83,SW1,28.63,onset,ADC域,clip_0.02,clip_raw,internal_input,True,0,28.63
12297.8,16207.4,3909.6,16202.1,t_on+4.6~5.4s中位(=08-v6.1 P 口径),25571.5,t0+60s后中位,11.2175,11.2175,11.2175,313.031,313.031,313.031,-228.432,,,,False,4530.02,0.473269,-286.711,0,-4530.02,111.084,-213.164,438.558,-12238.3,SW1,71.67,restep,ADC域,clip_0.02,clip_raw,internal_input,True,0,71.67
5447.1,18092.5,12645.4,18092.5,t_on+4.6~5.4s中位(=08-v6.1 P 口径),25607.5,t0+60s后中位,-11.4812,-11.4812,-11.4812,109.114,109.114,109.114,-70.9096,,,,False,4530.02,0.485272,-69.4172,-959.824,-4530.02,88.5188,-9.11387,-1451.85,-13797.9,SW1,75.89,onset,ADC域,clip_0.02,clip_raw,internal_input,True,0,75.89
19384.4,25851.7,6467.25,25850.6,t_on+4.6~5.4s中位(=08-v6.1 P 口径),22087.3,t0+60s后中位,44.2506,-72.7151,44.2506,399.715,204.228,399.715,102.44,,,,False,5456.51,0.740911,31.2991,3412.48,-5456.51,144.234,-299.732,2861.8,-25850.6,SW1,110.45,restep,ADC域,clip_0.02,clip_raw,internal_input,True,0,110.45
61.0611,27163.2,27102.1,27163.8,t_on+4.6~5.4s中位(=08-v6.1 P 口径),20127.8,t0+60s后中位,6.17084,5.71397,6.17084,99.9692,99.9692,99.9692,32.1318,,,,False,3412.48,1.04095,5.10513,3412.48,-4.67081,106.173,0.0329822,1672.43,-27093.8,SW1,133.83,onset,ADC域,clip_0.02,clip_raw,internal_input,True,0,133.83
52.8433,25248,25195.2,25248,t_on+4.6~5.4s中位(=08-v6.1 P 口径),60.6632,t0+60s后中位,11.654,11.654,11.654,100.004,100.004,100.004,111.623,,,2.4,True,4034.83,0.976083,10.9136,4034.83,-792.104,111.654,-0.00352015,2936.26,-25196.1,SW1,185.97,onset,ADC域,clip_0.02,clip_raw,internal_input,True,0,185.97
5760.84,11857,6096.16,11857,t_on+4.6~5.4s中位(=08-v6.1 P 口径),22086.1,后1/3段中位(不足60s),205.519,-8.49026,205.519,184.884,116.941,184.884,37.7224,,,,False,2865.19,0.871199,-39.929,0,-2865.19,305.519,-84.8842,12528.8,-11270.8,SW1,217.74,restep,ADC域,clip_0.02,clip_raw,internal_input,True,0,217.74
12122.3,19875.9,7753.67,19875.9,t_on+4.6~5.4s中位(=08-v6.1 P 口径),22086.1,后1/3段中位(不足60s),58.1637,-26.0894,58.1637,256.343,248.783,256.343,29.6585,,,,False,2865.19,0.77667,-146.248,0,-2865.19,158.164,-156.343,4509.82,-19875.9,SW1,230.64,restep,ADC域,clip_0.02,clip_raw,internal_input,True,0,230.64
5210.44,20245.8,15035.4,20245.8,t_on+4.6~5.4s中位(=08-v6.1 P 口径),22086.1,后1/3段中位(不足60s),27.5345,-15.9144,27.5345,134.654,125.878,134.654,15.2947,,,,False,2865.19,0.477763,9.67191,0,-2865.19,127.534,-34.6545,4139.92,-20245.8,SW1,233.05,onset,ADC域,clip_0.02,clip_raw,internal_input,True,0,233.05
20414.6,25671.8,5257.15,25671.8,t_on+4.6~5.4s中位(=08-v6.1 P 口径),22086.1,后1/3段中位(不足60s),-24.4625,-24.4625,-24.4625,488.321,145.679,488.321,43.7427,,,,False,2766.13,0.87731,-0.0786716,0,-2766.13,75.5375,-388.321,-1286.03,-25671.8,SW1,240.72,restep,ADC域,clip_0.02,clip_raw,internal_input,True,0,240.72
62,14458.3,14396.3,14458.3,t_on+4.6~5.4s中位(=08-v6.1 P 口径),24133.2,后1/3段中位(不足60s),57.7471,12.8457,57.7471,100.431,55.3875,100.431,-9.45693,,,,False,2396.66,1.00123,-39.0392,2396.66,-371.314,157.747,-0.430665,8313.46,-14458.3,SW2,11.79,onset,ADC域,clip_0.02,clip_raw,internal_input,True,0,11.79
13424.9,14858.2,1433.25,14852.5,t_on+4.6~5.4s中位(=08-v6.1 P 口径),24133.2,后1/3段中位(不足60s),561.088,101.529,561.088,1036.28,3.8833,1036.28,-86.4462,,,,False,2396.66,1.04028,-100,2396.66,-371.314,660.692,-936.677,8041.78,-14852.5,SW2,13.7,restep,ADC域,clip_0.02,clip_raw,internal_input,True,0,13.7
14922.6,15402.5,479.895,15402.8,t_on+4.6~5.4s中位(=08-v6.1 P 口径),24133.2,后1/3段中位(不足60s),1687.5,188.56,1687.5,3209.61,126.263,3209.61,-131.752,,,,False,2396.66,0.990165,-100,2396.66,-286.275,1787.55,-3109.55,8098.22,-15402.8,SW2,14.86,restep,ADC域,clip_0.02,clip_raw,internal_input,True,0,14.86
16009.1,17425.7,1416.62,17425.7,t_on+4.6~5.4s中位(=08-v6.1 P 口径),24133.2,后1/3段中位(不足60s),669.478,4.50835,669.478,1230.09,1230.09,1230.09,195.989,,,,False,3721.65,0.920553,-849.784,3721.65,-280.322,769.478,-1130.09,9483.97,-17425.7,SW2,31.22,restep,ADC域,clip_0.02,clip_raw,internal_input,True,0,31.22
37.3925,21643.5,21606.1,21639.1,t_on+4.6~5.4s中位(=08-v6.1 P 口径),24133.2,后1/3段中位(不足60s),26.0431,4.94649,26.0431,100.042,84.0485,100.042,14.4993,,,,False,3721.65,1,-11.5112,3721.65,-14.153,126.023,-0.0619851,5626.89,-21615.1,SW2,35.96,onset,ADC域,clip_0.02,clip_raw,internal_input,True,0,35.96
38,25209.3,25171.3,25209.3,t_on+4.6~5.4s中位(=08-v6.1 P 口径),24133.2,后1/3段中位(不足60s),8.59178,7.23358,8.59178,97.159,97.159,97.159,12.8668,,,,False,3721.65,1.05594,3.75257,3721.65,0,108.592,2.84099,2162.66,-24456.2,SW2,57.3,onset,ADC域,clip_0.02,clip_raw,internal_input,True,0,57.3
69.5794,17701.9,17632.3,17701.9,t_on+4.6~5.4s中位(=08-v6.1 P 口径),27305,后1/3段中位(不足60s),59.185,-12.2599,59.185,100.395,68.625,100.395,4.72135,,,,False,5351.15,1.0086,-44.2226,3863.6,-5351.15,159.185,-0.394614,10435.7,-17701.9,SW3,10.92,onset,ADC域,clip_0.02,clip_raw,internal_input,True,0,10.92
18559.6,25621.5,7061.97,25621.5,t_on+4.6~5.4s中位(=08-v6.1 P 口径),27305,后1/3段中位(不足60s),38.1067,-57.6795,38.1067,362.81,134.24,362.81,14.2679,,,,False,5351.15,1.92949,-26.2308,3863.6,-5351.15,138.107,-262.81,2691.09,-25621.5,SW3,20.72,restep,ADC域,clip_0.02,clip_raw,internal_input,True,0,20.72
55.4942,26638.1,26582.6,26638.1,t_on+4.6~5.4s中位(=08-v6.1 P 口径),27305,后1/3段中位(不足60s),6.65189,5.64072,6.65189,100.028,85.9799,100.028,4.14285,,,,False,3863.6,1.02519,-8.79812,3863.6,0,106.652,-0.0281922,1768.24,-26590.1,SW3,39.08,onset,ADC域,clip_0.02,clip_raw,internal_input,True,0,39.08
27714.7,53,-27661.7,53,段末帧(退化),27305,后1/3段中位(不足60s),0.0180755,0.0180755,0.0180755,102.134,102.134,102.134,98.5371,,,,False,735.924,1.01762,2.13399,735.924,0,2.13351,-100.018,28251.9,-5,SW3,60.78,restep,ADC域,clip_0.02,clip_raw,internal_input,True,0,60.78
84,15448.2,15364.2,15448.2,t_on+4.6~5.4s中位(=08-v6.1 P 口径),24171.5,t0+60s后中位,51.9203,-2.58941,51.9203,65.5442,65.5442,65.5442,-4.85703,,,,False,1913,0.941746,-37.9012,1756.25,-1913,151.92,34.4558,7977.13,-10070.3,SW4,8.41,onset,ADC域,clip_0.02,clip_raw,internal_input,True,0,8.41
16085.4,22496.9,6411.47,22496.9,t_on+4.6~5.4s中位(=08-v6.1 P 口径),27884.7,t0+60s后中位,14.4804,-18.5891,14.4804,117.127,117.127,117.127,-69.5542,,,,False,2156.6,0.940843,-1.46197,0,-2156.6,114.48,-17.1271,928.407,-7509.57,SW4,18.68,restep,ADC域,clip_0.02,clip_raw,internal_input,True,0,18.68
22912.5,24098.4,1185.96,24095.9,t_on+4.6~5.4s中位(=08-v6.1 P 口径),28247.1,t0+60s后中位,-56.5445,-56.5445,-56.5445,635.004,635.004,635.004,-406.575,,,,False,2250.22,0.604795,-115.048,0,-2250.22,43.2408,-535.218,-670.593,-7530.87,SW4,26.57,restep,ADC域,clip_0.02,clip_raw,internal_input,True,0,26.57
19465.9,24135.1,4669.26,24133.3,t_on+4.6~5.4s中位(=08-v6.1 P 口径),28278.7,t0+60s后中位,-15.163,-15.163,-15.163,134.598,134.598,134.598,-103.943,,,,False,2270.65,0.652179,6.19645,0,-2270.65,84.7974,-34.638,-708,-6284.74,SW4,27.6,restep,ADC域,clip_0.02,clip_raw,internal_input,True,0,27.6
20983.1,24429.9,3446.83,24429.7,t_on+4.6~5.4s中位(=08-v6.1 P 口径),27976.3,后1/3段中位(不足60s),155.787,-72.9638,155.787,708.757,119.21,708.757,52.8916,,,,False,3760.74,0.901438,-87.9684,3760.74,-2913.91,255.78,-608.764,5369.7,-24429.7,SW4,61.37,restep,ADC域,clip_0.02,clip_raw,internal_input,True,0,61.37
75,27895.9,27820.9,27895.9,t_on+4.6~5.4s中位(=08-v6.1 P 口径),27976.3,后1/3段中位(不足60s),23.277,6.84185,23.277,100.067,38.3675,100.067,22.9881,,,,False,3760.74,1.10724,-54.8435,3760.74,-9.2776,123.277,-0.0670225,6475.88,-27839.6,SW4,88,onset,ADC域,clip_0.02,clip_raw,internal_input,True,0,88
28337.8,30791.3,2453.48,30791.3,t_on+4.6~5.4s中位(=08-v6.1 P 口径),27976.3,后1/3段中位(不足60s),145.936,120.814,145.936,1252.71,14.6342,1252.71,260.671,,,,False,3542.31,1.04365,-84.5141,3542.31,0,245.936,-1152.71,3580.51,-30734.9,SW4,99.36,restep,ADC域,clip_0.02,clip_raw,internal_input,True,0,99.36
29453,32163.4,2710.38,32155.5,t_on+4.6~5.4s中位(=08-v6.1 P 口径),27976.3,后1/3段中位(不足60s),81.771,81.771,81.771,1184.31,-16.1642,1184.31,235.963,,,,False,2577.97,1.08586,-44.9436,2577.97,0,181.479,-1084.6,2216.3,-32099.1,SW4,104.24,restep,ADC域,clip_0.02,clip_raw,internal_input,True,0,104.24
0.549442,14.7073,14.1578,14.7057,t_on+4.6~5.4s中位(=08-v6.1 P 口径),1.16117,t0+60s后中位,5.13735,-0.788701,5.13735,76.7128,76.7128,76.7128,100.805,5.36,5.36,5.36,False,2.25141,0.850392,-25.053,1.70144,-2.25141,105.126,23.2759,0.727339,-10.8609,RT1,8.27,onset,显示域,clip_0.05,clip_raw,internal_input,True,0,8.27
14.6375,15.8381,1.20052,15.8268,t_on+4.6~5.4s中位(=08-v6.1 P 口径),1.11186,t0+60s后中位,-32.8006,-32.8006,-32.8006,121.807,115.711,121.807,1192.91,,,,False,2.54718,-0.141274,-92.1817,-0.240574,-2.54718,66.2626,-22.7434,-0.393777,-1.46231,RT1,13.6,restep,显示域,clip_0.05,clip_raw,internal_input,True,0,13.6
0.290396,16.726,16.4356,16.726,t_on+4.6~5.4s中位(=08-v6.1 P 口径),19.7617,t0+60s后中位,-0.903003,-1.11299,-0.903003,90.4771,90.4771,90.4771,-19.3735,13.16,13.16,0.55,False,2.41547,0.868067,-12.9516,2.13354,-2.41547,99.097,9.52291,-0.148414,-14.8705,RT2,12.32,onset,显示域,clip_0.05,clip_raw,internal_input,True,0,12.32
20.8432,22.0158,1.1726,22.0168,t_on+4.6~5.4s中位(=08-v6.1 P 口径),0.329168,t0+60s后中位,-422.213,-422.213,-422.213,1877.61,847.803,1877.61,1427.32,,,,False,6.2192,0.762284,-57.2386,0,-6.2192,-322.135,-1777.53,-4.95085,-22.0168,RT2,147.11,restep,显示域,clip_0.05,clip_raw,internal_input,True,0,147.11
0.043,16.5567,16.5137,16.5389,t_on+4.6~5.4s中位(=08-v6.1 P 口径),20.5361,t0+60s后中位,13.5865,5.26309,13.5865,99.3294,99.3294,99.3294,-10.6188,,,,False,2.3674,1.00778,4.27365,2.3674,-0.177791,113.479,0.56317,2.24364,-16.4029,RT3,10.59,onset,显示域,clip_0.05,clip_raw,internal_input,True,0,10.59
0,15.2813,15.2813,15.2813,t_on+4.6~5.4s中位(=08-v6.1 P 口径),17.8094,t0+60s后中位,13.92,4.90794,13.92,100,100,100,-2.62435,,,,False,2.18736,1.01374,4.44779,2.18736,-0.0633991,113.92,0,2.12715,-15.2813,LT1,11.69,onset,显示域,clip_0.05,clip_raw,internal_input,True,0,11.69
0,16.1212,16.1212,16.1212,t_on+4.6~5.4s中位(=08-v6.1 P 口径),18.002,t0+60s后中位,4.41653,4.41653,4.41653,61.2823,61.2823,61.2823,-7.25037,1.96,1.96,1.96,False,2.41252,0.928446,-34.8288,2.41252,-1.10351,104.417,38.7177,0.711996,-9.87941,LT2,14.92,onset,显示域,clip_0.05,clip_raw,internal_input,True,0,14.92
0,17.5144,17.5144,17.5144,t_on+4.6~5.4s中位(=08-v6.1 P 口径),18.8563,t0+60s后中位,6.00244,3.74863,6.00244,66.7966,66.7966,66.7966,-1.65931,,,78.5,True,2.43854,1.00726,-30.064,2.43854,-0.0979361,106.002,33.2034,1.05129,-11.699,LT3,10.87,onset,显示域,clip_0.05,clip_raw,internal_input,True,0,10.87
0.064,13.3829,13.3189,13.3829,t_on+4.6~5.4s中位(=08-v6.1 P 口径),0.101758,t0+60s后中位,1.42838,-0.713968,1.42838,66.9611,66.9611,66.9611,101.145,0.5,0.5,0.5,False,2.08834,0.836811,-34.1411,1.80867,-2.08834,101.428,33.0389,0.190244,-8.91846,F41,10.94,onset,显示域,clip_0.05,clip_raw,internal_input,True,0,10.94
10.8737,13.5564,2.68271,13.5564,t_on+4.6~5.4s中位(=08-v6.1 P 口径),0.082,t0+60s后中位,0.624843,-5.30175,0.624843,15.4572,12.0927,15.4572,502.892,,,,False,2.09812,0.0223548,-100,1.26791,-2.09812,100.625,84.5428,0.0167627,-0.414672,F41,12.19,restep,显示域,clip_0.05,clip_raw,internal_input,True,0,12.19
0.063,14.7479,14.6849,14.7479,t_on+4.6~5.4s中位(=08-v6.1 P 口径),9.57269,t0+60s后中位,-1.5592,-1.67035,-1.5592,92.5463,92.5463,92.5463,33.6827,0.52,0.52,0.52,False,2.06458,0.894072,-9.8187,2.06458,-1.89832,98.4408,7.45373,-0.228967,-13.5904,F42,11.03,onset,显示域,clip_0.05,clip_raw,internal_input,True,0,11.03
0.068,15.3126,15.2446,15.3126,t_on+4.6~5.4s中位(=08-v6.1 P 口径),16.9838,t0+60s后中位,5.98032,3.27744,5.98032,78.8833,78.8833,78.8833,-4.98258,33.72,33.72,33.72,False,2.21537,0.985034,-18.3292,2.21537,-0.604318,105.98,21.1167,0.911675,-12.0254,F43,11,onset,显示域,clip_0.05,clip_raw,internal_input,True,0,11
76,4241.75,4165.75,4241.75,t_on+4.6~5.4s中位(=08-v6.1 P 口径),22201.8,t0+60s后中位,194.206,0.763056,194.206,74.5707,74.5707,74.5707,-236.931,,,3.38,True,889.269,0.951611,-29.2666,725.647,-889.269,294.206,25.4293,8090.13,-3106.43,SW1,10.84,onset,ADC域,clip_0.05,clip_raw,internal_input,True,0,10.84
4811.46,11606.1,6794.66,11606.1,t_on+4.6~5.4s中位(=08-v6.1 P 口径),25339.1,t0+60s后中位,10.6815,10.6815,10.6815,34.9809,34.9809,34.9809,-191.433,,,,False,1092.13,4.46888,-125.805,292.527,-1092.13,110.681,65.0191,725.77,-2376.83,SW1,28.63,onset,ADC域,clip_0.05,clip_raw,internal_input,True,0,28.63
12297.8,16207.4,3909.6,16202.1,t_on+4.6~5.4s中位(=08-v6.1 P 口径),25571.5,t0+60s后中位,11.2175,11.2175,11.2175,313.031,313.031,313.031,-228.432,,,,False,4530.02,0.473269,-286.711,0,-4530.02,111.084,-213.164,438.558,-12238.3,SW1,71.67,restep,ADC域,clip_0.05,clip_raw,internal_input,True,0,71.67
5447.1,18092.5,12645.4,18092.5,t_on+4.6~5.4s中位(=08-v6.1 P 口径),25607.5,t0+60s后中位,-11.4812,-11.4812,-11.4812,109.114,109.114,109.114,-70.9096,,,,False,4530.02,0.485272,-69.4172,-959.824,-4530.02,88.5188,-9.11387,-1451.85,-13797.9,SW1,75.89,onset,ADC域,clip_0.05,clip_raw,internal_input,True,0,75.89
19384.4,25851.7,6467.25,25850.6,t_on+4.6~5.4s中位(=08-v6.1 P 口径),22087.3,t0+60s后中位,44.2506,-72.7151,44.2506,399.715,204.228,399.715,102.44,,,,False,5456.51,0.740911,31.2991,3412.48,-5456.51,144.234,-299.732,2861.8,-25850.6,SW1,110.45,restep,ADC域,clip_0.05,clip_raw,internal_input,True,0,110.45
61.0611,27163.2,27102.1,27163.8,t_on+4.6~5.4s中位(=08-v6.1 P 口径),20127.8,t0+60s后中位,6.17084,5.71397,6.17084,99.9692,99.9692,99.9692,32.1318,,,,False,3412.48,1.04095,5.10513,3412.48,-4.67081,106.173,0.0329822,1672.43,-27093.8,SW1,133.83,onset,ADC域,clip_0.05,clip_raw,internal_input,True,0,133.83
52.8433,25248,25195.2,25248,t_on+4.6~5.4s中位(=08-v6.1 P 口径),60.6632,t0+60s后中位,11.654,11.654,11.654,100.004,100.004,100.004,111.623,,,2.4,True,4034.83,0.976083,10.9136,4034.83,-792.104,111.654,-0.00352015,2936.26,-25196.1,SW1,185.97,onset,ADC域,clip_0.05,clip_raw,internal_input,True,0,185.97
5760.84,11857,6096.16,11857,t_on+4.6~5.4s中位(=08-v6.1 P 口径),22086.1,后1/3段中位(不足60s),205.519,-8.49026,205.519,184.884,116.941,184.884,37.7224,,,,False,2865.19,0.871199,-39.929,0,-2865.19,305.519,-84.8842,12528.8,-11270.8,SW1,217.74,restep,ADC域,clip_0.05,clip_raw,internal_input,True,0,217.74
12122.3,19875.9,7753.67,19875.9,t_on+4.6~5.4s中位(=08-v6.1 P 口径),22086.1,后1/3段中位(不足60s),58.1637,-26.0894,58.1637,256.343,248.783,256.343,29.6585,,,,False,2865.19,0.77667,-146.248,0,-2865.19,158.164,-156.343,4509.82,-19875.9,SW1,230.64,restep,ADC域,clip_0.05,clip_raw,internal_input,True,0,230.64
5210.44,20245.8,15035.4,20245.8,t_on+4.6~5.4s中位(=08-v6.1 P 口径),22086.1,后1/3段中位(不足60s),27.5345,-15.9144,27.5345,134.654,125.878,134.654,15.2947,,,,False,2865.19,0.477763,9.67191,0,-2865.19,127.534,-34.6545,4139.92,-20245.8,SW1,233.05,onset,ADC域,clip_0.05,clip_raw,internal_input,True,0,233.05
20414.6,25671.8,5257.15,25671.8,t_on+4.6~5.4s中位(=08-v6.1 P 口径),22086.1,后1/3段中位(不足60s),-24.4625,-24.4625,-24.4625,488.321,145.679,488.321,43.7427,,,,False,2766.13,0.87731,-0.0786716,0,-2766.13,75.5375,-388.321,-1286.03,-25671.8,SW1,240.72,restep,ADC域,clip_0.05,clip_raw,internal_input,True,0,240.72
62,14458.3,14396.3,14458.3,t_on+4.6~5.4s中位(=08-v6.1 P 口径),24133.2,后1/3段中位(不足60s),57.7471,12.8457,57.7471,100.431,55.3875,100.431,-9.45693,,,,False,2396.66,1.00123,-39.0392,2396.66,-371.314,157.747,-0.430665,8313.46,-14458.3,SW2,11.79,onset,ADC域,clip_0.05,clip_raw,internal_input,True,0,11.79
13424.9,14858.2,1433.25,14852.5,t_on+4.6~5.4s中位(=08-v6.1 P 口径),24133.2,后1/3段中位(不足60s),561.088,101.529,561.088,1036.28,3.8833,1036.28,-86.4462,,,,False,2396.66,1.04028,-100,2396.66,-371.314,660.692,-936.677,8041.78,-14852.5,SW2,13.7,restep,ADC域,clip_0.05,clip_raw,internal_input,True,0,13.7
14922.6,15402.5,479.895,15402.8,t_on+4.6~5.4s中位(=08-v6.1 P 口径),24133.2,后1/3段中位(不足60s),1687.5,188.56,1687.5,3209.61,126.263,3209.61,-131.752,,,,False,2396.66,0.990165,-100,2396.66,-286.275,1787.55,-3109.55,8098.22,-15402.8,SW2,14.86,restep,ADC域,clip_0.05,clip_raw,internal_input,True,0,14.86
16009.1,17425.7,1416.62,17425.7,t_on+4.6~5.4s中位(=08-v6.1 P 口径),24133.2,后1/3段中位(不足60s),669.478,4.50835,669.478,1230.09,1230.09,1230.09,195.989,,,,False,3721.65,0.920553,-849.784,3721.65,-280.322,769.478,-1130.09,9483.97,-17425.7,SW2,31.22,restep,ADC域,clip_0.05,clip_raw,internal_input,True,0,31.22
37.3925,21643.5,21606.1,21639.1,t_on+4.6~5.4s中位(=08-v6.1 P 口径),24133.2,后1/3段中位(不足60s),26.0431,4.94649,26.0431,100.042,84.0485,100.042,14.4993,,,,False,3721.65,1,-11.5112,3721.65,-14.153,126.023,-0.0619851,5626.89,-21615.1,SW2,35.96,onset,ADC域,clip_0.05,clip_raw,internal_input,True,0,35.96
38,25209.3,25171.3,25209.3,t_on+4.6~5.4s中位(=08-v6.1 P 口径),24133.2,后1/3段中位(不足60s),8.59178,7.23358,8.59178,97.159,97.159,97.159,12.8668,,,,False,3721.65,1.05594,3.75257,3721.65,0,108.592,2.84099,2162.66,-24456.2,SW2,57.3,onset,ADC域,clip_0.05,clip_raw,internal_input,True,0,57.3
69.5794,17701.9,17632.3,17701.9,t_on+4.6~5.4s中位(=08-v6.1 P 口径),27305,后1/3段中位(不足60s),59.185,-12.2599,59.185,100.395,68.625,100.395,4.72135,,,,False,5351.15,1.0086,-44.2226,3863.6,-5351.15,159.185,-0.394614,10435.7,-17701.9,SW3,10.92,onset,ADC域,clip_0.05,clip_raw,internal_input,True,0,10.92
18559.6,25621.5,7061.97,25621.5,t_on+4.6~5.4s中位(=08-v6.1 P 口径),27305,后1/3段中位(不足60s),38.1067,-57.6795,38.1067,362.81,134.24,362.81,14.2679,,,,False,5351.15,1.92949,-26.2308,3863.6,-5351.15,138.107,-262.81,2691.09,-25621.5,SW3,20.72,restep,ADC域,clip_0.05,clip_raw,internal_input,True,0,20.72
55.4942,26638.1,26582.6,26638.1,t_on+4.6~5.4s中位(=08-v6.1 P 口径),27305,后1/3段中位(不足60s),6.65189,5.64072,6.65189,100.028,85.9799,100.028,4.14285,,,,False,3863.6,1.02519,-8.79812,3863.6,0,106.652,-0.0281922,1768.24,-26590.1,SW3,39.08,onset,ADC域,clip_0.05,clip_raw,internal_input,True,0,39.08
27714.7,53,-27661.7,53,段末帧(退化),27305,后1/3段中位(不足60s),0.0180755,0.0180755,0.0180755,102.134,102.134,102.134,98.5371,,,,False,735.924,1.01762,2.13399,735.924,0,2.13351,-100.018,28251.9,-5,SW3,60.78,restep,ADC域,clip_0.05,clip_raw,internal_input,True,0,60.78
84,15448.2,15364.2,15448.2,t_on+4.6~5.4s中位(=08-v6.1 P 口径),24171.5,t0+60s后中位,51.9203,-2.58941,51.9203,65.5442,65.5442,65.5442,-4.85703,,,,False,1913,0.941746,-37.9012,1756.25,-1913,151.92,34.4558,7977.13,-10070.3,SW4,8.41,onset,ADC域,clip_0.05,clip_raw,internal_input,True,0,8.41
16085.4,22496.9,6411.47,22496.9,t_on+4.6~5.4s中位(=08-v6.1 P 口径),27884.7,t0+60s后中位,14.4804,-18.5891,14.4804,117.127,117.127,117.127,-69.5542,,,,False,2156.6,0.940843,-1.46197,0,-2156.6,114.48,-17.1271,928.407,-7509.57,SW4,18.68,restep,ADC域,clip_0.05,clip_raw,internal_input,True,0,18.68
22912.5,24098.4,1185.96,24095.9,t_on+4.6~5.4s中位(=08-v6.1 P 口径),28247.1,t0+60s后中位,-56.5445,-56.5445,-56.5445,635.004,635.004,635.004,-406.575,,,,False,2250.22,0.604795,-115.048,0,-2250.22,43.2408,-535.218,-670.593,-7530.87,SW4,26.57,restep,ADC域,clip_0.05,clip_raw,internal_input,True,0,26.57
19465.9,24135.1,4669.26,24133.3,t_on+4.6~5.4s中位(=08-v6.1 P 口径),28278.7,t0+60s后中位,-15.163,-15.163,-15.163,134.598,134.598,134.598,-103.943,,,,False,2270.65,0.652179,6.19645,0,-2270.65,84.7974,-34.638,-708,-6284.74,SW4,27.6,restep,ADC域,clip_0.05,clip_raw,internal_input,True,0,27.6
20983.1,24429.9,3446.83,24429.7,t_on+4.6~5.4s中位(=08-v6.1 P 口径),27976.3,后1/3段中位(不足60s),155.787,-72.9638,155.787,708.757,119.21,708.757,52.8916,,,,False,3760.74,0.901438,-87.9684,3760.74,-2913.91,255.78,-608.764,5369.7,-24429.7,SW4,61.37,restep,ADC域,clip_0.05,clip_raw,internal_input,True,0,61.37
75,27895.9,27820.9,27895.9,t_on+4.6~5.4s中位(=08-v6.1 P 口径),27976.3,后1/3段中位(不足60s),23.277,6.84185,23.277,100.067,38.3675,100.067,22.9881,,,,False,3760.74,1.10724,-54.8435,3760.74,-9.2776,123.277,-0.0670225,6475.88,-27839.6,SW4,88,onset,ADC域,clip_0.05,clip_raw,internal_input,True,0,88
28337.8,30791.3,2453.48,30791.3,t_on+4.6~5.4s中位(=08-v6.1 P 口径),27976.3,后1/3段中位(不足60s),145.936,120.814,145.936,1252.71,14.6342,1252.71,260.671,,,,False,3542.31,1.04365,-84.5141,3542.31,0,245.936,-1152.71,3580.51,-30734.9,SW4,99.36,restep,ADC域,clip_0.05,clip_raw,internal_input,True,0,99.36
29453,32163.4,2710.38,32155.5,t_on+4.6~5.4s中位(=08-v6.1 P 口径),27976.3,后1/3段中位(不足60s),81.771,81.771,81.771,1184.31,-16.1642,1184.31,235.963,,,,False,2577.97,1.08586,-44.9436,2577.97,0,181.479,-1084.6,2216.3,-32099.1,SW4,104.24,restep,ADC域,clip_0.05,clip_raw,internal_input,True,0,104.24
0.549442,14.7073,14.1578,14.7057,t_on+4.6~5.4s中位(=08-v6.1 P 口径),1.16117,t0+60s后中位,5.13735,-0.788701,5.13735,76.7128,76.7128,76.7128,100.805,5.36,5.36,5.36,False,2.25141,0.850392,-25.053,1.70144,-2.25141,105.126,23.2759,0.727339,-10.8609,RT1,8.27,onset,显示域,clip_0.1,clip_raw,internal_input,True,0,8.27
14.6375,15.8381,1.20052,15.8268,t_on+4.6~5.4s中位(=08-v6.1 P 口径),1.11186,t0+60s后中位,-32.8006,-32.8006,-32.8006,121.807,115.711,121.807,1192.91,,,,False,2.54718,-0.141274,-92.1817,-0.240574,-2.54718,66.2626,-22.7434,-0.393777,-1.46231,RT1,13.6,restep,显示域,clip_0.1,clip_raw,internal_input,True,0,13.6
0.290396,16.726,16.4356,16.726,t_on+4.6~5.4s中位(=08-v6.1 P 口径),19.7617,t0+60s后中位,-0.903003,-1.11299,-0.903003,90.4771,90.4771,90.4771,-19.3735,13.16,13.16,0.55,False,2.41547,0.868067,-12.9516,2.13354,-2.41547,99.097,9.52291,-0.148414,-14.8705,RT2,12.32,onset,显示域,clip_0.1,clip_raw,internal_input,True,0,12.32
20.8432,22.0158,1.1726,22.0168,t_on+4.6~5.4s中位(=08-v6.1 P 口径),0.329168,t0+60s后中位,-422.213,-422.213,-422.213,1877.61,847.803,1877.61,1427.32,,,,False,6.2192,0.762284,-57.2386,0,-6.2192,-322.135,-1777.53,-4.95085,-22.0168,RT2,147.11,restep,显示域,clip_0.1,clip_raw,internal_input,True,0,147.11
0.043,16.5567,16.5137,16.5389,t_on+4.6~5.4s中位(=08-v6.1 P 口径),20.5361,t0+60s后中位,13.5865,5.26309,13.5865,99.3294,99.3294,99.3294,-10.6188,,,,False,2.3674,1.00778,4.27365,2.3674,-0.177791,113.479,0.56317,2.24364,-16.4029,RT3,10.59,onset,显示域,clip_0.1,clip_raw,internal_input,True,0,10.59
0,15.2813,15.2813,15.2813,t_on+4.6~5.4s中位(=08-v6.1 P 口径),17.8094,t0+60s后中位,13.92,4.90794,13.92,100,100,100,-2.62435,,,,False,2.18736,1.01374,4.44779,2.18736,-0.0633991,113.92,0,2.12715,-15.2813,LT1,11.69,onset,显示域,clip_0.1,clip_raw,internal_input,True,0,11.69
0,16.1212,16.1212,16.1212,t_on+4.6~5.4s中位(=08-v6.1 P 口径),18.002,t0+60s后中位,4.41653,4.41653,4.41653,61.2823,61.2823,61.2823,-7.25037,1.96,1.96,1.96,False,2.41252,0.928446,-34.8288,2.41252,-1.10351,104.417,38.7177,0.711996,-9.87941,LT2,14.92,onset,显示域,clip_0.1,clip_raw,internal_input,True,0,14.92
0,17.5144,17.5144,17.5144,t_on+4.6~5.4s中位(=08-v6.1 P 口径),18.8563,t0+60s后中位,6.00244,3.74863,6.00244,66.7966,66.7966,66.7966,-1.65931,,,78.5,True,2.43854,1.00726,-30.064,2.43854,-0.0979361,106.002,33.2034,1.05129,-11.699,LT3,10.87,onset,显示域,clip_0.1,clip_raw,internal_input,True,0,10.87
0.064,13.3829,13.3189,13.3829,t_on+4.6~5.4s中位(=08-v6.1 P 口径),0.101758,t0+60s后中位,1.42838,-0.713968,1.42838,66.9611,66.9611,66.9611,101.145,0.5,0.5,0.5,False,2.08834,0.836811,-34.1411,1.80867,-2.08834,101.428,33.0389,0.190244,-8.91846,F41,10.94,onset,显示域,clip_0.1,clip_raw,internal_input,True,0,10.94
10.8737,13.5564,2.68271,13.5564,t_on+4.6~5.4s中位(=08-v6.1 P 口径),0.082,t0+60s后中位,0.624843,-5.30175,0.624843,15.4572,12.0927,15.4572,502.892,,,,False,2.09812,0.0223548,-100,1.26791,-2.09812,100.625,84.5428,0.0167627,-0.414672,F41,12.19,restep,显示域,clip_0.1,clip_raw,internal_input,True,0,12.19
0.063,14.7479,14.6849,14.7479,t_on+4.6~5.4s中位(=08-v6.1 P 口径),9.57269,t0+60s后中位,-1.5592,-1.67035,-1.5592,92.5463,92.5463,92.5463,33.6827,0.52,0.52,0.52,False,2.06458,0.894072,-9.8187,2.06458,-1.89832,98.4408,7.45373,-0.228967,-13.5904,F42,11.03,onset,显示域,clip_0.1,clip_raw,internal_input,True,0,11.03
0.068,15.3126,15.2446,15.3126,t_on+4.6~5.4s中位(=08-v6.1 P 口径),16.9838,t0+60s后中位,5.98032,3.27744,5.98032,78.8833,78.8833,78.8833,-4.98258,33.72,33.72,33.72,False,2.21537,0.985034,-18.3292,2.21537,-0.604318,105.98,21.1167,0.911675,-12.0254,F43,11,onset,显示域,clip_0.1,clip_raw,internal_input,True,0,11
76,4241.75,4165.75,4241.75,t_on+4.6~5.4s中位(=08-v6.1 P 口径),22201.8,t0+60s后中位,194.206,0.763056,194.206,74.5707,74.5707,74.5707,-236.931,,,3.38,True,889.269,0.951611,-29.2666,725.647,-889.269,294.206,25.4293,8090.13,-3106.43,SW1,10.84,onset,ADC域,clip_0.1,clip_raw,internal_input,True,0,10.84
4811.46,11606.1,6794.66,11606.1,t_on+4.6~5.4s中位(=08-v6.1 P 口径),25339.1,t0+60s后中位,10.6815,10.6815,10.6815,34.9809,34.9809,34.9809,-191.433,,,,False,1092.13,4.46888,-125.805,292.527,-1092.13,110.681,65.0191,725.77,-2376.83,SW1,28.63,onset,ADC域,clip_0.1,clip_raw,internal_input,True,0,28.63
12297.8,16207.4,3909.6,16202.1,t_on+4.6~5.4s中位(=08-v6.1 P 口径),25571.5,t0+60s后中位,11.2175,11.2175,11.2175,313.031,313.031,313.031,-228.432,,,,False,4530.02,0.473269,-286.711,0,-4530.02,111.084,-213.164,438.558,-12238.3,SW1,71.67,restep,ADC域,clip_0.1,clip_raw,internal_input,True,0,71.67
5447.1,18092.5,12645.4,18092.5,t_on+4.6~5.4s中位(=08-v6.1 P 口径),25607.5,t0+60s后中位,-11.4812,-11.4812,-11.4812,109.114,109.114,109.114,-70.9096,,,,False,4530.02,0.485272,-69.4172,-959.824,-4530.02,88.5188,-9.11387,-1451.85,-13797.9,SW1,75.89,onset,ADC域,clip_0.1,clip_raw,internal_input,True,0,75.89
19384.4,25851.7,6467.25,25850.6,t_on+4.6~5.4s中位(=08-v6.1 P 口径),22087.3,t0+60s后中位,44.2506,-72.7151,44.2506,399.715,204.228,399.715,102.44,,,,False,5456.51,0.740911,31.2991,3412.48,-5456.51,144.234,-299.732,2861.8,-25850.6,SW1,110.45,restep,ADC域,clip_0.1,clip_raw,internal_input,True,0,110.45
61.0611,27163.2,27102.1,27163.8,t_on+4.6~5.4s中位(=08-v6.1 P 口径),20127.8,t0+60s后中位,6.17084,5.71397,6.17084,99.9692,99.9692,99.9692,32.1318,,,,False,3412.48,1.04095,5.10513,3412.48,-4.67081,106.173,0.0329822,1672.43,-27093.8,SW1,133.83,onset,ADC域,clip_0.1,clip_raw,internal_input,True,0,133.83
52.8433,25248,25195.2,25248,t_on+4.6~5.4s中位(=08-v6.1 P 口径),60.6632,t0+60s后中位,11.654,11.654,11.654,100.004,100.004,100.004,111.623,,,2.4,True,4034.83,0.976083,10.9136,4034.83,-792.104,111.654,-0.00352015,2936.26,-25196.1,SW1,185.97,onset,ADC域,clip_0.1,clip_raw,internal_input,True,0,185.97
5760.84,11857,6096.16,11857,t_on+4.6~5.4s中位(=08-v6.1 P 口径),22086.1,后1/3段中位(不足60s),205.519,-8.49026,205.519,184.884,116.941,184.884,37.7224,,,,False,2865.19,0.871199,-39.929,0,-2865.19,305.519,-84.8842,12528.8,-11270.8,SW1,217.74,restep,ADC域,clip_0.1,clip_raw,internal_input,True,0,217.74
12122.3,19875.9,7753.67,19875.9,t_on+4.6~5.4s中位(=08-v6.1 P 口径),22086.1,后1/3段中位(不足60s),58.1637,-26.0894,58.1637,256.343,248.783,256.343,29.6585,,,,False,2865.19,0.77667,-146.248,0,-2865.19,158.164,-156.343,4509.82,-19875.9,SW1,230.64,restep,ADC域,clip_0.1,clip_raw,internal_input,True,0,230.64
5210.44,20245.8,15035.4,20245.8,t_on+4.6~5.4s中位(=08-v6.1 P 口径),22086.1,后1/3段中位(不足60s),27.5345,-15.9144,27.5345,134.654,125.878,134.654,15.2947,,,,False,2865.19,0.477763,9.67191,0,-2865.19,127.534,-34.6545,4139.92,-20245.8,SW1,233.05,onset,ADC域,clip_0.1,clip_raw,internal_input,True,0,233.05
20414.6,25671.8,5257.15,25671.8,t_on+4.6~5.4s中位(=08-v6.1 P 口径),22086.1,后1/3段中位(不足60s),-24.4625,-24.4625,-24.4625,488.321,145.679,488.321,43.7427,,,,False,2766.13,0.87731,-0.0786716,0,-2766.13,75.5375,-388.321,-1286.03,-25671.8,SW1,240.72,restep,ADC域,clip_0.1,clip_raw,internal_input,True,0,240.72
62,14458.3,14396.3,14458.3,t_on+4.6~5.4s中位(=08-v6.1 P 口径),24133.2,后1/3段中位(不足60s),57.7471,12.8457,57.7471,100.431,55.3875,100.431,-9.45693,,,,False,2396.66,1.00123,-39.0392,2396.66,-371.314,157.747,-0.430665,8313.46,-14458.3,SW2,11.79,onset,ADC域,clip_0.1,clip_raw,internal_input,True,0,11.79
13424.9,14858.2,1433.25,14852.5,t_on+4.6~5.4s中位(=08-v6.1 P 口径),24133.2,后1/3段中位(不足60s),561.088,101.529,561.088,1036.28,3.8833,1036.28,-86.4462,,,,False,2396.66,1.04028,-100,2396.66,-371.314,660.692,-936.677,8041.78,-14852.5,SW2,13.7,restep,ADC域,clip_0.1,clip_raw,internal_input,True,0,13.7
14922.6,15402.5,479.895,15402.8,t_on+4.6~5.4s中位(=08-v6.1 P 口径),24133.2,后1/3段中位(不足60s),1687.5,188.56,1687.5,3209.61,126.263,3209.61,-131.752,,,,False,2396.66,0.990165,-100,2396.66,-286.275,1787.55,-3109.55,8098.22,-15402.8,SW2,14.86,restep,ADC域,clip_0.1,clip_raw,internal_input,True,0,14.86
16009.1,17425.7,1416.62,17425.7,t_on+4.6~5.4s中位(=08-v6.1 P 口径),24133.2,后1/3段中位(不足60s),669.478,4.50835,669.478,1230.09,1230.09,1230.09,195.989,,,,False,3721.65,0.920553,-849.784,3721.65,-280.322,769.478,-1130.09,9483.97,-17425.7,SW2,31.22,restep,ADC域,clip_0.1,clip_raw,internal_input,True,0,31.22
37.3925,21643.5,21606.1,21639.1,t_on+4.6~5.4s中位(=08-v6.1 P 口径),24133.2,后1/3段中位(不足60s),26.0431,4.94649,26.0431,100.042,84.0485,100.042,14.4993,,,,False,3721.65,1,-11.5112,3721.65,-14.153,126.023,-0.0619851,5626.89,-21615.1,SW2,35.96,onset,ADC域,clip_0.1,clip_raw,internal_input,True,0,35.96
38,25209.3,25171.3,25209.3,t_on+4.6~5.4s中位(=08-v6.1 P 口径),24133.2,后1/3段中位(不足60s),8.59178,7.23358,8.59178,97.159,97.159,97.159,12.8668,,,,False,3721.65,1.05594,3.75257,3721.65,0,108.592,2.84099,2162.66,-24456.2,SW2,57.3,onset,ADC域,clip_0.1,clip_raw,internal_input,True,0,57.3
69.5794,17701.9,17632.3,17701.9,t_on+4.6~5.4s中位(=08-v6.1 P 口径),27305,后1/3段中位(不足60s),59.185,-12.2599,59.185,100.395,68.625,100.395,4.72135,,,,False,5351.15,1.0086,-44.2226,3863.6,-5351.15,159.185,-0.394614,10435.7,-17701.9,SW3,10.92,onset,ADC域,clip_0.1,clip_raw,internal_input,True,0,10.92
18559.6,25621.5,7061.97,25621.5,t_on+4.6~5.4s中位(=08-v6.1 P 口径),27305,后1/3段中位(不足60s),38.1067,-57.6795,38.1067,362.81,134.24,362.81,14.2679,,,,False,5351.15,1.92949,-26.2308,3863.6,-5351.15,138.107,-262.81,2691.09,-25621.5,SW3,20.72,restep,ADC域,clip_0.1,clip_raw,internal_input,True,0,20.72
55.4942,26638.1,26582.6,26638.1,t_on+4.6~5.4s中位(=08-v6.1 P 口径),27305,后1/3段中位(不足60s),6.65189,5.64072,6.65189,100.028,85.9799,100.028,4.14285,,,,False,3863.6,1.02519,-8.79812,3863.6,0,106.652,-0.0281922,1768.24,-26590.1,SW3,39.08,onset,ADC域,clip_0.1,clip_raw,internal_input,True,0,39.08
27714.7,53,-27661.7,53,段末帧(退化),27305,后1/3段中位(不足60s),0.0180755,0.0180755,0.0180755,102.134,102.134,102.134,98.5371,,,,False,735.924,1.01762,2.13399,735.924,0,2.13351,-100.018,28251.9,-5,SW3,60.78,restep,ADC域,clip_0.1,clip_raw,internal_input,True,0,60.78
84,15448.2,15364.2,15448.2,t_on+4.6~5.4s中位(=08-v6.1 P 口径),24171.5,t0+60s后中位,51.9203,-2.58941,51.9203,65.5442,65.5442,65.5442,-4.85703,,,,False,1913,0.941746,-37.9012,1756.25,-1913,151.92,34.4558,7977.13,-10070.3,SW4,8.41,onset,ADC域,clip_0.1,clip_raw,internal_input,True,0,8.41
16085.4,22496.9,6411.47,22496.9,t_on+4.6~5.4s中位(=08-v6.1 P 口径),27884.7,t0+60s后中位,14.4804,-18.5891,14.4804,117.127,117.127,117.127,-69.5542,,,,False,2156.6,0.940843,-1.46197,0,-2156.6,114.48,-17.1271,928.407,-7509.57,SW4,18.68,restep,ADC域,clip_0.1,clip_raw,internal_input,True,0,18.68
22912.5,24098.4,1185.96,24095.9,t_on+4.6~5.4s中位(=08-v6.1 P 口径),28247.1,t0+60s后中位,-56.5445,-56.5445,-56.5445,635.004,635.004,635.004,-406.575,,,,False,2250.22,0.604795,-115.048,0,-2250.22,43.2408,-535.218,-670.593,-7530.87,SW4,26.57,restep,ADC域,clip_0.1,clip_raw,internal_input,True,0,26.57
19465.9,24135.1,4669.26,24133.3,t_on+4.6~5.4s中位(=08-v6.1 P 口径),28278.7,t0+60s后中位,-15.163,-15.163,-15.163,134.598,134.598,134.598,-103.943,,,,False,2270.65,0.652179,6.19645,0,-2270.65,84.7974,-34.638,-708,-6284.74,SW4,27.6,restep,ADC域,clip_0.1,clip_raw,internal_input,True,0,27.6
20983.1,24429.9,3446.83,24429.7,t_on+4.6~5.4s中位(=08-v6.1 P 口径),27976.3,后1/3段中位(不足60s),155.787,-72.9638,155.787,708.757,119.21,708.757,52.8916,,,,False,3760.74,0.901438,-87.9684,3760.74,-2913.91,255.78,-608.764,5369.7,-24429.7,SW4,61.37,restep,ADC域,clip_0.1,clip_raw,internal_input,True,0,61.37
75,27895.9,27820.9,27895.9,t_on+4.6~5.4s中位(=08-v6.1 P 口径),27976.3,后1/3段中位(不足60s),23.277,6.84185,23.277,100.067,38.3675,100.067,22.9881,,,,False,3760.74,1.10724,-54.8435,3760.74,-9.2776,123.277,-0.0670225,6475.88,-27839.6,SW4,88,onset,ADC域,clip_0.1,clip_raw,internal_input,True,0,88
28337.8,30791.3,2453.48,30791.3,t_on+4.6~5.4s中位(=08-v6.1 P 口径),27976.3,后1/3段中位(不足60s),145.936,120.814,145.936,1252.71,14.6342,1252.71,260.671,,,,False,3542.31,1.04365,-84.5141,3542.31,0,245.936,-1152.71,3580.51,-30734.9,SW4,99.36,restep,ADC域,clip_0.1,clip_raw,internal_input,True,0,99.36
29453,32163.4,2710.38,32155.5,t_on+4.6~5.4s中位(=08-v6.1 P 口径),27976.3,后1/3段中位(不足60s),81.771,81.771,81.771,1184.31,-16.1642,1184.31,235.963,,,,False,2577.97,1.08586,-44.9436,2577.97,0,181.479,-1084.6,2216.3,-32099.1,SW4,104.24,restep,ADC域,clip_0.1,clip_raw,internal_input,True,0,104.24
