rec,t0,t,tau,tot,zbar,zcausal,pkt_dt
右拇指指尖/数据1,115.37,114.77,-0.6000000000000085,20.089966708202613,20.08289276826404,20.089023582202742,0.017645000014454126
右拇指指尖/数据1,115.37,114.78,-0.5900000000000034,20.06440801886922,20.08407396363385,20.088880856630954,0.017645000014454126
右拇指指尖/数据1,115.37,114.79,-0.5799999999999983,20.06777729110013,20.08454954482123,20.087109995800347,0.017645000014454126
右拇指指尖/数据1,115.37,114.8,-0.5700000000000074,20.08449822820961,20.08531722730124,20.08526591068962,0.017645000014454126
右拇指指尖/数据1,115.37,114.81,-0.5600000000000023,20.08213583746999,20.086225152117535,20.08526591068962,0.017645000014454126
右拇指指尖/数据1,115.37,114.82000000000001,-0.5499999999999972,20.089575314830853,20.087301554748244,20.08526591068962,0.017645000014454126
右拇指指尖/数据1,115.37,114.83,-0.5400000000000063,20.086033593169635,20.088880856630954,20.0833170328398,0.017645000014454126
右拇指指尖/数据1,115.37,114.84,-0.5300000000000011,20.07304175948895,20.087301554748244,20.0833170328398,0.017645000014454126
右拇指指尖/数据1,115.37,114.85000000000001,-0.519999999999996,20.24495872501579,20.087301554748244,20.0833170328398,0.017645000014454126
右拇指指尖/数据1,115.37,114.86,-0.5100000000000051,20.097839803761662,20.088880856630954,20.08408471531981,0.017645000014454126
右拇指指尖/数据1,115.37,114.87,-0.5,20.04846209364266,20.08971804040264,20.08531722730124,0.017645000014454126
右拇指指尖/数据1,115.37,114.88,-0.4900000000000091,20.03250396639317,20.089913737088523,20.08531722730124,0.017645000014454126
右拇指指尖/数据1,115.37,114.89,-0.480000000000004,20.04183667753233,20.089913737088523,20.085508786249136,0.017645000014454126
右拇指指尖/数据1,115.37,114.9,-0.46999999999999886,20.24361144412721,20.089913737088523,20.088200817838263,0.017645000014454126
右拇指指尖/数据1,115.37,114.91,-0.46000000000000796,20.084600861432843,20.089913737088523,20.088200817838263,0.017645000014454126
右拇指指尖/数据1,115.37,114.92,-0.45000000000000284,20.089984924611098,20.089913737088523,20.088200817838263,0.017645000014454126
右拇指指尖/数据1,115.37,114.93,-0.4399999999999977,20.086416711065432,20.089913737088523,20.090864810065934,0.017645000014454126
右拇指指尖/数据1,115.37,114.94,-0.4300000000000068,20.09174469552077,20.089913737088523,20.091893127127726,0.017645000014454126
右拇指指尖/数据1,115.37,114.95,-0.4200000000000017,20.09707267997612,20.089913737088523,20.092323121973763,0.017645000014454126
右拇指指尖/数据1,115.37,114.96000000000001,-0.4099999999999966,20.092041558734685,20.089913737088523,20.092323121973763,0.017645000014454126
右拇指指尖/数据1,115.37,114.97,-0.4000000000000057,20.09260468521284,20.089913737088523,20.09426950981775,0.017645000014454126
右拇指指尖/数据1,115.37,114.98,-0.39000000000000057,20.09593433442266,20.08971804040264,20.09650350719939,0.017645000014454126
右拇指指尖/数据1,115.37,114.99000000000001,-0.37999999999999545,20.105781094201074,20.088880856630954,20.101426887088596,0.017645000014454126
右拇指指尖/数据1,115.37,115.0,-0.37000000000000455,20.108603868449602,20.087301554748244,20.106747092818775,0.017645000014454126
右拇指指尖/数据1,115.37,115.01,-0.35999999999999943,20.108012362476565,20.086225152117535,20.10786272695652,0.017645000014454126
右拇指指尖/数据1,115.37,115.02,-0.3500000000000085,20.123770511663658,20.08531722730124,20.108308115463082,0.017645000014454126
右拇指指尖/数据1,115.37,115.03,-0.3400000000000034,20.131945235428425,20.08454954482123,20.108308115463082,0.017645000014454126
右拇指指尖/数据1,115.37,115.04,-0.3299999999999983,20.107713091436477,20.08454954482123,20.108308115463082,0.017645000014454126
右拇指指尖/数据1,115.37,115.05,-0.3200000000000074,20.125758780565764,20.08454954482123,20.108308115463082,0.017645000014454126
右拇指指尖/数据1,115.37,115.06,-0.3100000000000023,20.12981581081827,20.08336834945142,20.11589143707011,0.017645000014454126
右拇指指尖/数据1,115.37,115.07000000000001,-0.29999999999999716,20.094014684366968,20.079300430716422,20.124764646114713,0.017645000014454126
右拇指指尖/数据1,115.37,115.08,-0.29000000000000625,20.073999999999998,20.073999999999998,20.127787295692016,0.017645000014454126
右拇指指尖/数据1,115.37,115.09,-0.28000000000000114,20.073999999999998,20.073520879744475,20.11673593600112,0.017645000014454126
右拇指指尖/数据1,115.37,115.10000000000001,-0.269999999999996,20.364438410098185,20.061231046821327,20.109886732466364,0.017645000014454126
右拇指指尖/数据1,115.37,115.11,-0.2600000000000051,20.4418400460907,20.045149385587493,20.084007342183483,0.017645000014454126
右拇指指尖/数据1,115.37,115.12,-0.25,20.242185270875677,20.037170321962748,20.073999999999998,0.017645000014454126
右拇指指尖/数据1,115.37,115.13,-0.2400000000000091,19.51636763893775,19.825213477738117,19.795183819468875,0.017645000014454126
右拇指指尖/数据1,115.37,115.14,-0.23000000000000398,19.465783738312197,19.599342209363133,19.491075688624974,0.017645000014454126
右拇指指尖/数据1,115.37,115.15,-0.21999999999999886,19.415199837686632,19.565341858494534,19.440491787999413,0.017645000014454126
右拇指指尖/数据1,115.37,115.16,-0.21000000000000796,19.25449997227307,19.533144963141815,19.33484990497985,0.017645000014454126
右拇指指尖/数据1,115.37,115.17,-0.20000000000000284,19.043562042151038,19.501639922326277,19.149031007212052,0.017645000014454126
右拇指指尖/数据1,115.37,115.18,-0.18999999999999773,18.763557518560987,19.4763479720135,18.940938263948524,0.017645000014454126
右拇指指尖/数据1,115.37,115.19,-0.18000000000000682,18.274461740790517,19.440491787999413,18.940822743795522,0.017645000014454126
右拇指指尖/数据1,115.37,115.2,-0.1700000000000017,18.155181563733823,19.413340094340036,18.940822743795522,0.017645000014454126
右拇指指尖/数据1,115.37,115.21000000000001,-0.1599999999999966,18.58687329853014,19.402393625115295,18.940822743795522,0.017645000014454126
右拇指指尖/数据1,115.37,115.22,-0.15000000000000568,18.83831448574601,19.352900411908614,18.940822743795522,0.017645000014454126
右拇指指尖/数据1,115.37,115.23,-0.14000000000000057,19.04333100184503,19.30140425679378,18.940822743795522,0.017645000014454126
右拇指指尖/数据1,115.37,115.24000000000001,-0.12999999999999545,19.166822795426338,19.28639579911154,19.105076898635684,0.017645000014454126
右拇指指尖/数据1,115.37,115.25,-0.12000000000000455,19.29031458900748,19.268488490744332,19.196673283893695,0.017645000014454126
右拇指指尖/数据1,115.37,115.26,-0.10999999999999943,19.4869122057148,19.240511872317057,19.198547153933813,0.017645000014454126
右拇指指尖/数据1,115.37,115.27,-0.10000000000000853,19.549922287345876,19.207728891712744,19.198547153933813,0.017645000014454126
右拇指指尖/数据1,115.37,115.28,-0.09000000000000341,19.282477009215597,19.17975227328551,19.207728891712744,0.017645000014454126
右拇指指尖/数据1,115.37,115.29,-0.0799999999999983,19.22652377236105,19.168696665466456,19.254500390788323,0.017645000014454126
右拇指指尖/数据1,115.37,115.3,-0.07000000000000739,19.170570535506577,19.10521576976115,19.28639579911154,0.017645000014454126
右拇指指尖/数据1,115.37,115.31,-0.060000000000002274,19.04360874409596,19.0435853931235,19.29748546689784,0.017645000014454126
右拇指指尖/数据1,115.37,115.32000000000001,-0.04999999999999716,19.18893401106444,19.043446521998035,19.29748546689784,0.017645000014454126
右拇指指尖/数据1,115.37,115.33,-0.04000000000000625,19.31249392458008,18.940822743795522,19.29748546689784,0.017645000014454126
右拇指指尖/数据1,115.37,115.34,-0.030000000000001137,19.41148035099344,18.8009360021535,19.269508848470565,0.017645000014454126
右拇指指尖/数据1,115.37,115.35000000000001,-0.01999999999999602,19.580761429643196,18.67521540854556,19.25071396782226,0.017645000014454126
右拇指指尖/数据1,115.37,115.36,-0.010000000000005116,19.61792298908307,18.43066751966033,19.25071396782226,0.017645000014454126
右拇指指尖/数据1,115.37,115.37,0.0,19.393306899237146,18.21482165226217,19.25071396782226,0.017645000014454126
右拇指指尖/数据1,115.37,115.38,0.009999999999990905,5.595032650122965,11.875107106928393,12.453763287351524,0.017645000014454126
右拇指指尖/数据1,115.37,115.39,0.01999999999999602,4.444732681576899,5.0198826658499325,5.0198826658499325,0.017645000014454126
右拇指指尖/数据1,115.37,115.4,0.030000000000001137,3.2944327130308344,3.8695826973038665,3.8695826973038665,0.017645000014454126
右拇指指尖/数据1,115.37,115.41,0.03999999999999204,0.1147902566377255,2.0358504299914753,1.8470777271027812,0.017645000014454126
右拇指指尖/数据1,115.37,115.42,0.04999999999999716,0.39972274117472795,0.8124216536138507,0.2572564989062267,0.017645000014454126
右拇指指尖/数据1,115.37,115.43,0.060000000000002274,0.06114754899042624,0.797909620742121,0.08796890281407588,0.017645000014454126
右拇指指尖/数据1,115.37,115.44,0.06999999999999318,0.0568743056123146,0.7912630204327367,0.05901092730137042,0.017645000014454126
右拇指指尖/数据1,115.37,115.45,0.0799999999999983,0.0555200337941623,0.7899961954118113,0.05619716970323845,0.017645000014454126
右拇指指尖/数据1,115.37,115.46000000000001,0.09000000000000341,0.04381563042087837,0.7887293703908844,0.052659873277314445,0.017645000014454126
右拇指指尖/数据1,115.37,115.47,0.09999999999999432,0.04979971276046659,0.7887293703908844,0.04680767159067248,0.017645000014454126
右拇指指尖/数据1,115.37,115.48,0.10999999999999943,0.02456684238834883,0.7887293703908844,0.0341912364046136,0.017645000014454126
右拇指指尖/数据1,115.37,115.49000000000001,0.12000000000000455,0.01498370870710152,0.7887293703908844,0.019775275547725176,0.017645000014454126
右拇指指尖/数据1,115.37,115.5,0.12999999999999545,0.013,0.7887293703908844,0.01449185435355076,0.017645000014454126
右拇指指尖/数据1,115.37,115.51,0.14000000000000057,0.0009089134531884632,0.7887293703908844,0.014,0.017645000014454126
右拇指指尖/数据1,115.37,115.52,0.14999999999999147,0.007415094331593748,0.7887293703908844,0.014,0.017645000014454126
右拇指指尖/数据1,115.37,115.53,0.1599999999999966,0.014,0.7887293703908844,0.014,0.017645000014454126
右拇指指尖/数据1,115.37,115.54,0.1700000000000017,0.014,0.7887293703908844,0.014,0.017645000014454126
右拇指指尖/数据1,115.37,115.55,0.1799999999999926,0.014,0.7887293703908844,0.014,0.017645000014454126
右拇指指尖/数据1,115.37,115.56,0.18999999999999773,0.0697165909021412,0.7887293703908844,0.0418582954510706,0.017645000014454126
右拇指指尖/数据1,115.37,115.57000000000001,0.20000000000000284,0.17072065503664055,0.7887293703908844,0.12021862296939087,0.017645000014454126
右拇指指尖/数据1,115.37,115.58,0.20999999999999375,0.627642063144239,0.7887293703908844,0.3601693160420039,0.017645000014454126
右拇指指尖/数据1,115.37,115.59,0.21999999999999886,0.6789387288326209,0.7887293703908844,0.5875596720314561,0.017645000014454126
右拇指指尖/数据1,115.37,115.60000000000001,0.23000000000000398,0.700374959013383,0.7887293703908844,0.626571715079892,0.017645000014454126
右拇指指尖/数据1,115.37,115.61,0.23999999999999488,0.7069301868134271,0.7887293703908844,0.65329039598843,0.017645000014454126
右拇指指尖/数据1,115.37,115.62,0.25,0.5496179770473673,0.7887293703908844,0.689656843923002,0.017645000014454126
右拇指指尖/数据1,115.37,115.63,0.2599999999999909,0.6255013670155449,0.7887293703908844,0.7008798579986066,0.017645000014454126
右拇指指尖/数据1,115.37,115.64,0.269999999999996,0.7013847569838304,0.7887293703908844,0.7041574718986288,0.017645000014454126
右拇指指尖/数据1,115.37,115.65,0.28000000000000114,0.7772681469521161,0.7887293703908844,0.7420991668827717,0.017645000014454126
右拇指指尖/数据1,115.37,115.66,0.28999999999999204,0.8475751602755852,0.7887293703908844,0.7887293703908844,0.017645000014454126
右拇指指尖/数据1,115.37,115.67,0.29999999999999716,0.8185510945321258,0.8014574188505796,0.8014574188505796,0.017645000014454126
右拇指指尖/数据1,115.37,115.68,0.3100000000000023,0.8052578939133572,0.8039910688924319,0.8039910688924319,0.017645000014454126
右拇指指尖/数据1,115.37,115.69,0.3199999999999932,0.8027242438715066,0.8119044942227416,0.8119044942227416,0.017645000014454126
右拇指指尖/数据1,115.37,115.7,0.3299999999999983,0.8001905938296527,0.8187209106048128,0.8187209106048128,0.017645000014454126
右拇指指尖/数据1,115.37,115.71000000000001,0.3400000000000034,0.8243635147537653,0.8216271207156325,0.8216271207156325,0.017645000014454126
右拇指指尖/数据1,115.37,115.72,0.3499999999999943,0.8188907266774996,0.8359693375146753,0.8216271207156325,0.017645000014454126
右拇指指尖/数据1,115.37,115.73,0.35999999999999943,0.8509812473250029,0.8492782038002941,0.8376723810393841,0.017645000014454126
右拇指指尖/数据1,115.37,115.74000000000001,0.37000000000000455,0.8594501844877298,0.8552157159063664,0.8552157159063664,0.017645000014454126
右拇指指尖/数据1,115.37,115.75,0.37999999999999545,0.9020528204352016,0.8807515024614657,0.8807515024614657,0.017645000014454126
右拇指指尖/数据1,115.37,115.76,0.39000000000000057,0.926620401317842,0.9050510228621438,0.9050510228621438,0.017645000014454126
右拇指指尖/数据1,115.37,115.77,0.3999999999999915,0.9379677496460367,0.9102809411590485,0.9102809411590485,0.017645000014454126
右拇指指尖/数据1,115.37,115.78,0.4099999999999966,0.9169760887689428,0.9144422709465845,0.9144422709465845,0.017645000014454126
右拇指指尖/数据1,115.37,115.79,0.4200000000000017,0.9125126570290112,0.9166739868165503,0.9166739868165503,0.017645000014454126
右拇指指尖/数据1,115.37,115.8,0.4299999999999926,0.9080492252890858,0.9217982450433924,0.9217982450433924,0.017645000014454126
右拇指指尖/数据1,115.37,115.81,0.4399999999999977,0.9163718848641578,0.9292644607852412,0.9292644607852412,0.017645000014454126
右拇指指尖/数据1,115.37,115.82000000000001,0.45000000000000284,0.9319085202526403,0.9344542601263202,0.9349381349493384,0.017645000014454126
右拇指指尖/数据1,115.37,115.83,0.45999999999999375,1.0004806309362055,0.9370000000000002,0.9661945755944229,0.017645000014454126
右拇指指尖/数据1,115.37,115.84,0.46999999999999886,1.0225172813808903,0.9374838748230184,0.9930569096148077,0.017645000014454126
右拇指指尖/数据1,115.37,115.85000000000001,0.480000000000004,1.0502490328803027,0.9587691299829173,0.993950990795208,0.017645000014454126
右拇指指尖/数据1,115.37,115.86,0.4899999999999949,1.0378902361923108,0.9826018493066039,0.993950990795208,0.017645000014454126
右拇指指尖/数据1,115.37,115.87,0.5,1.0367408769613478,0.9864073261101394,0.9994625741244971,0.017645000014454126
右拇指指尖/数据1,115.37,115.88,0.5099999999999909,0.98563318829341,0.9873014072905397,1.0009532425406547,0.017645000014454126
右拇指指尖/数据1,115.37,115.89,0.519999999999996,0.9874213506542106,0.9882440942554565,1.0061666956127469,0.017645000014454126
右拇指指尖/数据1,115.37,115.9,0.5300000000000011,0.9795705103197978,0.9925545831891314,1.006007551173247,0.017645000014454126
右拇指指尖/数据1,115.37,115.91,0.539999999999992,0.9984445173127886,0.9972434229171745,1.0058484067337468,0.017645000014454126
右拇指指尖/数据1,115.37,115.92,0.5499999999999972,1.0014258541451035,0.9994625741244971,1.0016309052811745,0.017645000014454126
右拇指指尖/数据1,115.37,115.93,0.5600000000000023,1.0109075370803902,1.000552966800384,1.0010255784048332,0.017645000014454126
右拇指指尖/数据1,115.37,115.94,0.5699999999999932,1.0105892482013903,1.0010255784048332,1.0016309052811745,0.017645000014454126
右拇指指尖/数据1,115.37,115.95,0.5799999999999983,1.01027095932239,1.0016309052811745,1.0045000455140625,0.017645000014454126
右拇指指尖/数据1,115.37,115.96000000000001,0.5900000000000034,1.0018359564172454,1.0019067372304375,1.0045000455140625,0.017645000014454126
右拇指指尖/数据1,115.37,115.97,0.5999999999999943,1.0006253026645626,1.0024976686150238,1.0045000455140625,0.017645000014454126
右拇指指尖/数据1,115.37,115.98,0.6099999999999994,1.0071641346108797,1.0040943985110904,1.0045000455140625,0.017645000014454126
右拇指指尖/数据1,115.37,115.99000000000001,0.6200000000000045,1.0220583854431613,1.0061675562233212,1.003503467126504,0.017645000014454126
右拇指指尖/数据1,115.37,116.0,0.6299999999999955,0.9871814639268689,1.0073394503664805,1.0019067372304375,0.017645000014454126
右拇指指尖/数据1,115.37,116.01,0.6400000000000006,0.9370000000000002,1.0086748637892593,1.0019067372304375,0.017645000014454126
右拇指指尖/数据1,115.37,116.02,0.6499999999999915,0.9370000000000002,1.0100529603894137,1.003574247939696,0.017645000014454126
右拇指指尖/数据1,115.37,116.03,0.6599999999999966,1.0051709778357627,1.0104301037618901,1.0061675562233212,0.017645000014454126
右拇指指尖/数据1,115.37,116.04,0.6700000000000017,1.0019775180436294,1.0107483926408902,1.003574247939696,0.017645000014454126
右拇指指尖/数据1,115.37,116.05,0.6799999999999926,1.0282592352406603,1.011499767140975,0.9990099232825949,0.017645000014454126
右拇指指尖/数据1,115.37,116.06,0.6899999999999977,1.0424599857769299,1.0127673825294536,1.0024976686150238,0.017645000014454126
右拇指指尖/数据1,115.37,116.07000000000001,0.7000000000000028,1.0120919972015596,1.0151575036526874,1.0040943985110904,0.017645000014454126
右拇指指尖/数据1,115.37,116.08,0.7099999999999937,0.9890668378567024,1.0181378219356958,1.0075029696461,0.017645000014454126
右拇指指尖/数据1,115.37,116.09,0.7199999999999989,0.9960423285215603,1.0200311863286275,1.0109634793289985,0.017645000014454126
右拇指指尖/数据1,115.37,116.10000000000001,0.730000000000004,1.003017819186418,1.0200311863286275,1.016375482717725,0.017645000014454126
右拇指指尖/数据1,115.37,116.11,0.7399999999999949,1.0098349614564373,1.0200311863286275,1.016375482717725,0.017645000014454126
右拇指指尖/数据1,115.37,116.12,0.75,1.0299839418314138,1.0200311863286275,1.0127673825294536,0.017645000014454126
右拇指指尖/数据1,115.37,116.13,0.7599999999999909,1.0206589682338902,1.0189900198098658,1.0116388646568926,0.017645000014454126
右拇指指尖/数据1,115.37,116.14,0.769999999999996,1.029943480527177,1.0200311863286275,1.0164230861403565,0.017645000014454126
右拇指指尖/数据1,115.37,116.15,0.7800000000000011,1.0227486631216829,1.0213586768385259,1.0181378219356958,0.017645000014454126
右拇指指尖/数据1,115.37,116.16,0.789999999999992,1.0134427678573479,1.0223327106881757,1.0200311863286275,0.017645000014454126
右拇指指尖/数据1,115.37,116.17,0.7999999999999972,1.0075147661220814,1.0226778495274365,1.0217038156777867,0.017645000014454126
右拇指指尖/数据1,115.37,116.18,0.8100000000000023,1.019403404423365,1.0229486752343138,1.0217038156777867,0.017645000014454126
右拇指指尖/数据1,115.37,116.19,0.8199999999999932,1.0168722394480267,1.0257039612938024,1.02634607182443,0.017645000014454126
右拇指指尖/数据1,115.37,116.2,0.8299999999999983,1.034423155928871,1.0287220859162998,1.028585909525277,0.017645000014454126
右拇指指尖/数据1,115.37,116.21000000000001,0.8400000000000034,1.0580020628592908,1.0295642085595582,1.036861432293016,0.017645000014454126
右拇指指尖/数据1,115.37,116.22,0.8499999999999943,1.0786309307972601,1.0299637111792954,1.0424385426223446,0.017645000014454126
右拇指指尖/数据1,115.37,116.23,0.8599999999999994,1.098998365405189,1.031991970915707,1.0475519887126596,0.017645000014454126
右拇指指尖/数据1,115.37,116.24000000000001,0.8700000000000045,1.0964835911039656,1.0340528000354268,1.05348392349357,0.017645000014454126
右拇指指尖/数据1,115.37,116.25,0.8799999999999955,1.039299708657161,1.0342643779998624,1.05772165450432,0.017645000014454126
右拇指指尖/数据1,115.37,116.26,0.8900000000000006,1.0455773765875285,1.035240862011857,1.05772165450432,0.017645000014454126
右拇指指尖/数据1,115.37,116.27,0.8999999999999915,1.0495266008377908,1.0363503131177052,1.05348392349357,0.017645000014454126
右拇指指尖/数据1,115.37,116.28,0.9099999999999966,1.0574412461493492,1.0373452608798526,1.0475519887126596,0.017645000014454126
右拇指指尖/数据1,115.37,116.29,0.9200000000000017,1.0586257995739452,1.0386740861381494,1.0475519887126596,0.017645000014454126
右拇指指尖/数据1,115.37,116.3,0.9299999999999926,1.0360585680948429,1.0408798472170453,1.0475519887126596,0.017645000014454126
右拇指指尖/数据1,115.37,116.31,0.9399999999999977,1.0291849365919392,1.0408798472170453,1.0486996286004624,0.017645000014454126
右拇指指尖/数据1,115.37,116.32000000000001,0.9500000000000028,1.0366420581405678,1.0386740861381494,1.0486996286004624,0.017645000014454126
右拇指指尖/数据1,115.37,116.33,0.9599999999999937,1.0820436974680148,1.0386740861381494,1.042257357251851,0.017645000014454126
右拇指指尖/数据1,115.37,116.34,0.9699999999999989,1.0652369747919752,1.0386740861381494,1.0363503131177052,0.017645000014454126
右拇指指尖/数据1,115.37,116.35000000000001,0.980000000000004,1.047872656363134,1.0386740861381494,1.0363503131177052,0.017645000014454126
右拇指指尖/数据1,115.37,116.36,0.9899999999999949,1.02260703593319,1.0386740861381494,1.041231888238141,0.017645000014454126
右拇指指尖/数据1,115.37,116.37,1.0,1.0185766351963663,1.0386740861381494,1.041231888238141,0.017645000014454126
右拇指指尖/数据1,115.37,116.38,1.009999999999991,1.0231486873469446,1.0386740861381494,1.0399636592032842,0.017645000014454126
右拇指指尖/数据1,115.37,116.39,1.019999999999996,1.0458217183357146,1.0386740861381494,1.0399636592032842,0.017645000014454126
右拇指指尖/数据1,115.37,116.4,1.0300000000000011,1.0536611555913151,1.0386740861381494,1.0360770318449957,0.017645000014454126
右拇指指尖/数据1,115.37,116.41,1.039999999999992,1.0341056000708535,1.0386740861381494,1.0360770318449957,0.017645000014454126
右拇指指尖/数据1,115.37,116.42,1.0499999999999972,1.034,1.0386740861381494,1.041935090977426,0.017645000014454126
右拇指指尖/数据1,115.37,116.43,1.0600000000000023,1.0577541104958843,1.0386740861381494,1.0497414369635147,0.017645000014454126
右拇指指尖/数据1,115.37,116.44,1.0699999999999932,1.0380484636191376,1.0424385426223446,1.0557076330435997,0.017645000014454126
右拇指指尖/数据1,115.37,116.45,1.0799999999999983,1.0869896275347766,1.0456995474616215,1.0674103009832039,0.017645000014454126
右拇指指尖/数据1,115.37,116.46000000000001,1.0900000000000034,1.089708373439935,1.0468471873494243,1.070077124176088,0.017645000014454126
右拇指指尖/数据1,115.37,116.47,1.0999999999999943,1.0945206929664029,1.0468471873494243,1.070077124176088,0.017645000014454126
右拇指指尖/数据1,115.37,116.48,1.1099999999999994,1.0905114587967095,1.0468471873494243,1.070077124176088,0.017645000014454126
右拇指指尖/数据1,115.37,116.49000000000001,1.1200000000000045,1.0770664914705237,1.0468471873494243,1.070077124176088,0.017645000014454126
右拇指指尖/数据1,115.37,116.5,1.1299999999999955,1.0630877568816526,1.0468471873494243,1.070077124176088,0.017645000014454126
右拇指指尖/数据1,115.37,116.51,1.1400000000000006,1.0588604900143535,1.0486996286004624,1.0618587866931986,0.017645000014454126
右拇指指尖/数据1,115.37,116.52,1.1499999999999915,1.057671146531141,1.0511972972055796,1.059745153259549,0.017645000014454126
右拇指指尖/数据1,115.37,116.53,1.1599999999999966,1.0606298165047447,1.0532645745823417,1.0582658182727473,0.017645000014454126
右拇指指尖/数据1,115.37,116.54,1.1700000000000017,1.0528679935733685,1.0532645745823417,1.0552695700522547,0.017645000014454126
右拇指指尖/数据1,115.37,116.55,1.1799999999999926,0.9536180980594837,1.0532645745823417,1.0254631454764571,0.017645000014454126
右拇指指尖/数据1,115.37,116.56,1.1899999999999977,0.9505437511561542,1.0532645745823417,1.0062384795308337,0.017645000014454126
右拇指指尖/数据1,115.37,116.57000000000001,1.2000000000000028,0.9627903986208691,1.0532645745823417,1.0062384795308337,0.017645000014454126
右拇指指尖/数据1,115.37,116.58,1.2099999999999937,0.9816979330769697,1.0532645745823417,1.0048135374066751,0.017645000014454126
右拇指指尖/数据1,115.37,116.59,1.2199999999999989,0.9980582973795458,1.0503703249682512,1.0048135374066751,0.017645000014454126
右拇指指尖/数据1,115.37,116.60000000000001,1.230000000000004,1.0144186616821216,1.0503703249682512,1.0048135374066751,0.017645000014454126
右拇指指尖/数据1,115.37,116.61,1.2399999999999949,1.0307790259846739,1.0532645745823417,1.0129937195579628,0.017645000014454126
右拇指指尖/数据1,115.37,116.62,1.25,1.0115687774338042,1.054396175550155,1.0207093308410609,0.017645000014454126
右拇指指尖/数据1,115.37,116.63,1.259999999999991,1.0293247498368712,1.056401171020068,1.0272728930425443,0.017645000014454126
右拇指指尖/数据1,115.37,116.64,1.269999999999996,1.0275457860850885,1.0575778218783967,1.0284352679609798,0.017645000014454126
右拇指指尖/数据1,115.37,116.65,1.2800000000000011,1.0270000000000001,1.0577126285135128,1.0300518879107725,0.017645000014454126
右拇指指尖/数据1,115.37,116.66,1.289999999999992,1.0342823289301208,1.0577126285135128,1.0325306774573972,0.017645000014454126
右拇指指尖/数据1,115.37,116.67,1.2999999999999972,1.0376838823009624,1.0577126285135128,1.0359831056155415,0.017645000014454126
右拇指指尖/数据1,115.37,116.68,1.3100000000000023,1.0551311955089948,1.0577126285135128,1.0464075389049787,0.017645000014454126
右拇指指尖/数据1,115.37,116.69,1.3199999999999932,1.0618372858636733,1.0575778218783967,1.058484240686334,0.017645000014454126
右拇指指尖/数据1,115.37,116.7,1.3299999999999983,1.0880948121713694,1.0575778218783967,1.0628917139476706,0.017645000014454126
右拇指指尖/数据1,115.37,116.71000000000001,1.3400000000000034,1.0899083880470344,1.0563078463673234,1.0696287075293993,0.017645000014454126
右拇指指尖/数据1,115.37,116.72,1.3499999999999943,1.0892947781799873,1.0539995945411818,1.0778722775361436,0.017645000014454126
右拇指指尖/数据1,115.37,116.73,1.3599999999999994,1.0804332820451565,1.052209162529166,1.0822166410225784,0.017645000014454126
右拇指指尖/数据1,115.37,116.74000000000001,1.3700000000000045,1.0639461420316678,1.052209162529166,1.0822166410225784,0.017645000014454126
右拇指指尖/数据1,115.37,116.75,1.3799999999999955,1.0753112730271306,1.0510915823372882,1.0822166410225784,0.017645000014454126
右拇指指尖/数据1,115.37,116.76,1.3900000000000006,1.084,1.0510915823372882,1.0778722775361436,0.017645000014454126
右拇指指尖/数据1,115.37,116.77,1.3999999999999915,1.084,1.0510915823372882,1.0735661340337521,0.017645000014454126
右拇指指尖/数据1,115.37,116.78,1.4099999999999966,1.0712510970529234,1.0510915823372882,1.0715360460466488,0.017645000014454126
右拇指指尖/数据1,115.37,116.79,1.4200000000000017,1.0718209950403739,1.0510915823372882,1.0675986195422955,0.017645000014454126
右拇指指尖/数据1,115.37,116.8,1.4299999999999926,1.0062264150615172,1.0510915823372882,1.0675641765595698,0.017645000014454126
右拇指指尖/数据1,115.37,116.81,1.4399999999999977,1.0192903225589667,1.052449852558702,1.0675641765595698,0.017645000014454126
右拇指指尖/数据1,115.37,116.82000000000001,1.4500000000000028,1.0248520578230815,1.0534621242984263,1.064371418640797,0.017645000014454126
右拇指指尖/数据1,115.37,116.83,1.4599999999999937,1.03253839007845,1.0534621242984263,1.0612160481992665,0.017645000014454126
右拇指指尖/数据1,115.37,116.84,1.4699999999999989,1.0638772560662162,1.0534621242984263,1.0580196687789845,0.017645000014454126
右拇指指尖/数据1,115.37,116.85000000000001,1.480000000000004,1.073125845095523,1.0543530352367034,1.0580196687789845,0.017645000014454126
右拇指指尖/数据1,115.37,116.86,1.4899999999999949,1.064865581215378,1.0563078463673234,1.0580196687789845,0.017645000014454126
右拇指指尖/数据1,115.37,116.87,1.5,1.0585548403323168,1.0571045003698474,1.0580196687789845,0.017645000014454126
右拇指指尖/数据1,115.37,116.88,1.509999999999991,1.057484497225652,1.0571045003698474,1.0580196687789845,0.017645000014454126
右拇指指尖/数据1,115.37,116.89,1.519999999999996,1.060910523606278,1.0571045003698474,1.0580196687789845,0.017645000014454126
右拇指指尖/数据1,115.37,116.9,1.5300000000000011,0.9849118460559669,1.0571045003698474,1.0322783327000415,0.017645000014454126
右拇指指尖/数据1,115.37,116.91,1.539999999999992,0.9917153989250932,1.0571045003698474,1.0174901502480935,0.017645000014454126
右拇指指尖/数据1,115.37,116.92,1.5499999999999972,0.9756362400058418,1.0571045003698474,1.0174901502480935,0.017645000014454126
右拇指指尖/数据1,115.37,116.93,1.5600000000000023,0.9862362040271346,1.0571045003698474,1.0174901502480935,0.017645000014454126
右拇指指尖/数据1,115.37,116.94,1.5699999999999932,1.0070721681744308,1.0571045003698474,1.0174901502480935,0.017645000014454126
右拇指指尖/数据1,115.37,116.95,1.5799999999999983,1.0279081323217565,1.0551496892392274,1.0174901502480935,0.017645000014454126
右拇指指尖/数据1,115.37,116.96000000000001,1.5900000000000034,1.0448597408822704,1.0534621242984263,1.0363839366020136,0.017645000014454126
右拇指指尖/数据1,115.37,116.97,1.5999999999999943,1.0515503314849635,1.0532225371494375,1.0477462870359417,0.017645000014454126
右拇指指尖/数据1,115.37,116.98,1.6099999999999994,1.053574874964412,1.053026911047807,1.0510915823372882,0.017645000014454126
右拇指指尖/数据1,115.37,116.99000000000001,1.6200000000000045,1.050632833189613,1.0522542264570713,1.052449852558702,0.017645000014454126
右拇指指尖/数据1,115.37,117.0,1.6299999999999955,1.0533493736324404,1.0522542264570713,1.0534621242984263,0.017645000014454126
右拇指指尖/数据1,115.37,117.01,1.6400000000000006,1.062730754335377,1.0522542264570713,1.0570693560476196,0.017645000014454126
右拇指指尖/数据1,115.37,117.02,1.6499999999999915,1.0674540622600166,1.0522542264570713,1.060214234764353,0.017645000014454126
右拇指指尖/数据1,115.37,117.03,1.6599999999999966,1.0699653974913679,1.0522542264570713,1.060214234764353,0.017645000014454126
右拇指指尖/数据1,115.37,117.04,1.6700000000000017,1.0724458638231678,1.0522542264570713,1.060214234764353,0.017645000014454126
右拇指指尖/数据1,115.37,117.05,1.6799999999999926,1.0605638371308272,1.0522542264570713,1.0616267947322555,0.017645000014454126
右拇指指尖/数据1,115.37,117.06,1.6899999999999977,1.059864632397879,1.053026911047807,1.0627102533345303,0.017645000014454126
右拇指指尖/数据1,115.37,117.07000000000001,1.7000000000000028,1.0529581214291794,1.0532225371494375,1.0616267947322555,0.017645000014454126
右拇指指尖/数据1,115.37,117.08,1.7099999999999937,1.0530957006664345,1.0534621242984263,1.060214234764353,0.017645000014454126
右拇指指尖/数据1,115.37,117.09,1.7199999999999989,1.0626897523336838,1.0551496892392274,1.058294567955961,0.017645000014454126
右拇指指尖/数据1,115.37,117.10000000000001,1.730000000000004,1.0638140877588815,1.0551496892392274,1.0549101020902385,0.017645000014454126
右拇指指尖/数据1,115.37,117.11,1.7399999999999949,1.0567245035140427,1.0551496892392274,1.053026911047807,0.017645000014454126
右拇指指尖/数据1,115.37,117.12,1.75,1.0451490191391306,1.0551496892392274,1.049053570284155,0.017645000014454126
右拇指指尖/数据1,115.37,117.13,1.759999999999991,1.0377663448606733,1.0551496892392274,1.041457681999902,0.017645000014454126
右拇指指尖/数据1,115.37,117.14,1.769999999999996,1.0371553220082763,1.0551496892392274,1.0374608334344748,0.017645000014454126
右拇指指尖/数据1,115.37,117.15,1.7800000000000011,0.9703065084531577,1.0551496892392274,1.0252174512036965,0.017645000014454126
右拇指指尖/数据1,115.37,117.16,1.789999999999992,0.9912825640018823,1.058294567955961,1.0121770098338396,0.017645000014454126
右拇指指尖/数据1,115.37,117.17,1.7999999999999972,0.9987578022753976,1.060214234764353,1.0104933161896756,0.017645000014454126
右拇指指尖/数据1,115.37,117.18,1.8100000000000023,1.0132795803991166,1.0616267947322555,1.0104933161896756,0.017645000014454126
右拇指指尖/数据1,115.37,117.19,1.8199999999999932,1.0110744392685627,1.0616267947322555,1.0104933161896756,0.017645000014454126
右拇指指尖/数据1,115.37,117.2,1.8299999999999983,1.0088692981380052,1.0616267947322555,1.0104933161896756,0.017645000014454126
右拇指指尖/数据1,115.37,117.21000000000001,1.8400000000000034,1.0099121931107888,1.0616267947322555,1.0121770098338396,0.017645000014454126
右拇指指尖/数据1,115.37,117.22,1.8499999999999943,1.0291854769557032,1.0616267947322555,1.0212325286774098,0.017645000014454126
右拇指指尖/数据1,115.37,117.23,1.8599999999999994,1.0513633375484368,1.0616267947322555,1.04027440725207,0.017645000014454126
右拇指指尖/数据1,115.37,117.24000000000001,1.8700000000000045,1.0781419877143854,1.0627102533345303,1.064752662631411,0.017645000014454126
右拇指指尖/数据1,115.37,117.25,1.8799999999999955,1.0782638994457743,1.0632724210471292,1.07820294358008,0.017645000014454126
右拇指指尖/数据1,115.37,117.26,1.8900000000000006,1.0890807786493126,1.065634075009449,1.0785262928040669,0.017645000014454126
右拇指指尖/数据1,115.37,117.27,1.8999999999999915,1.09172925908658,1.0678470238574547,1.0785262928040669,0.017645000014454126
右拇指指尖/数据1,115.37,117.28,1.9099999999999966,1.0936298202073216,1.0660270366068874,1.0785262928040669,0.017645000014454126
右拇指指尖/数据1,115.37,117.29,1.9200000000000017,1.094840547249126,1.0632519200462827,1.0785262928040669,0.017645000014454126
右拇指指尖/数据1,115.37,117.3,1.9299999999999926,1.0787886861623592,1.0616267947322555,1.0785262928040669,0.017645000014454126
右拇指指尖/数据1,115.37,117.31,1.9399999999999977,1.0756319212150132,1.0612771923657816,1.0780079074551066,0.017645000014454126
右拇指指尖/数据1,115.37,117.32000000000001,1.9500000000000028,1.0724751562676673,1.0602944451505683,1.0764295249814335,0.017645000014454126
右拇指指尖/数据1,115.37,117.33,1.9599999999999937,1.0706811706977843,1.0602944451505683,1.0751750165920657,0.017645000014454126
右拇指指尖/数据1,115.37,117.34,1.9699999999999989,1.0700826550159928,1.0602944451505683,1.0735966341183927,0.017645000014454126
右拇指指尖/数据1,115.37,117.35000000000001,1.980000000000004,1.0772271287478536,1.0573118207407477,1.0723421257290235,0.017645000014454126
右拇指指尖/数据1,115.37,117.36,1.9899999999999949,1.0747181119691183,1.0562192356877103,1.0723421257290235,0.017645000014454126
右拇指指尖/数据1,115.37,117.37,2.0,1.0722090951903795,1.0554049443751514,1.0723421257290235,0.017645000014454126
右拇指指尖/数据1,115.37,117.38,2.009999999999991,1.0700580570895148,1.0554049443751514,1.073463603579749,0.017645000014454126
右拇指指尖/数据1,115.37,117.39,2.019999999999996,1.068239985454893,1.0554049443751514,1.073463603579749,0.017645000014454126
右拇指指尖/数据1,115.37,117.4,2.030000000000001,1.0982302665879802,1.0554049443751514,1.073463603579749,0.017645000014454126
右拇指指尖/数据1,115.37,117.41,2.039999999999992,1.0985370432851074,1.0554049443751514,1.0711335761399472,0.017645000014454126
右拇指指尖/数据1,115.37,117.42,2.049999999999997,1.0988438199822348,1.056806552914415,1.069149021272204,0.017645000014454126
右拇指指尖/数据1,115.37,117.43,2.0600000000000023,1.0501760547460388,1.0584837784740007,1.0619769766581353,0.017645000014454126
右拇指指尖/数据1,115.37,117.44,2.069999999999993,1.0508216533767032,1.0584837784740007,1.0619769766581353,0.017645000014454126
右拇指指尖/数据1,115.37,117.45,2.0799999999999983,1.0514672520073687,1.0584837784740007,1.0647061080958915,0.017645000014454126
右拇指指尖/数据1,115.37,117.46000000000001,2.0900000000000034,1.0550959208889252,1.0584837784740007,1.0647061080958915,0.017645000014454126
右拇指指尖/数据1,115.37,117.47,2.0999999999999943,1.0557139678613776,1.0584837784740007,1.0647061080958915,0.017645000014454126
右拇指指尖/数据1,115.37,117.48,2.1099999999999994,1.0736982483304052,1.0584837784740007,1.056806552914415,0.017645000014454126
右拇指指尖/数据1,115.37,117.49000000000001,2.1200000000000045,1.089950580884022,1.0584837784740007,1.056806552914415,0.017645000014454126
右拇指指尖/数据1,115.37,117.5,2.1299999999999955,1.0935756355535624,1.056806552914415,1.056806552914415,0.017645000014454126
右拇指指尖/数据1,115.37,117.51,2.1400000000000006,1.077836978829806,1.056806552914415,1.056806552914415,0.017645000014454126
右拇指指尖/数据1,115.37,117.52,2.1499999999999915,1.0578991379674527,1.056806552914415,1.056806552914415,0.017645000014454126
右拇指指尖/数据1,115.37,117.53,2.1599999999999966,1.0366259844945342,1.0554049443751514,1.0512612216289714,0.017645000014454126
右拇指指尖/数据1,115.37,117.54,2.1700000000000017,1.0140360828421209,1.053281586448147,1.0406246448925123,0.017645000014454126
右拇指指尖/数据1,115.37,117.55,2.1799999999999926,1.0264621419175846,1.0512440686436308,1.0336013152230514,0.017645000014454126
右拇指指尖/数据1,115.37,117.56,2.1899999999999977,1.0446233052904903,1.050921269328298,1.0285193939345767,0.017645000014454126
右拇指指尖/数据1,115.37,117.57000000000001,2.200000000000003,1.0305766459515686,1.0504988540613711,1.0255843817773647,0.017645000014454126
右拇指指尖/数据1,115.37,117.58,2.2099999999999937,1.0247066216371445,1.0500165078983053,1.0244297973654586,0.017645000014454126
右拇指指尖/数据1,115.37,117.59,2.219999999999999,1.0241529730937726,1.0477440501579744,1.0238761488220869,0.017645000014454126
右拇指指尖/数据1,115.37,117.60000000000001,2.230000000000004,1.0235993245504011,1.0451272222779338,1.0238761488220869,0.017645000014454126
右拇指指尖/数据1,115.37,117.61,2.239999999999995,1.0230456760070301,1.0432840287269185,1.0238761488220869,0.017645000014454126
右拇指指尖/数据1,115.37,117.62,2.25,0.9898870161761852,1.0414723760816733,1.0238761488220869,0.017645000014454126
右拇指指尖/数据1,115.37,117.63,2.259999999999991,1.00611672905442,1.041,1.0238761488220869,0.017645000014454126
右拇指指尖/数据1,115.37,117.64,2.269999999999996,1.022346441932678,1.0402154993309618,1.0238761488220869,0.017645000014454126
右拇指指尖/数据1,115.37,117.65,2.280000000000001,1.0289518129141049,1.038810901306873,1.026275568732253,0.017645000014454126
右拇指指尖/数据1,115.37,117.66,2.289999999999992,1.0607605617960871,1.038131147503595,1.0329512110779118,0.017645000014454126
右拇指指尖/数据1,115.37,117.67,2.299999999999997,1.0590684189805486,1.038131147503595,1.0375707065967703,0.017645000014454126
右拇指指尖/数据1,115.37,117.68,2.3100000000000023,1.0510208852798928,1.038131147503595,1.038810901306873,0.017645000014454126
右拇指指尖/数据1,115.37,117.69,2.319999999999993,1.0456311392653772,1.0375110501485432,1.0402154993309618,0.017645000014454126
右拇指指尖/数据1,115.37,117.7,2.3299999999999983,1.0369506092417184,1.0367882968681263,1.041,0.017645000014454126
右拇指指尖/数据1,115.37,117.71000000000001,2.3400000000000034,1.0381908039518222,1.0353292638853278,1.0433155696326886,0.017645000014454126
右拇指指尖/数据1,115.37,117.72,2.3499999999999943,1.039430998661924,1.0332211972626513,1.0433155696326886,0.017645000014454126
右拇指指尖/数据1,115.37,117.73,2.3599999999999994,1.041,1.031493248600375,1.0433155696326886,0.017645000014454126
右拇指指尖/数据1,115.37,117.74000000000001,2.3700000000000045,1.041,1.0297642294328369,1.0414723760816733,0.017645000014454126
右拇指指尖/数据1,115.37,117.75,2.3799999999999955,1.0662807071773102,1.0277069774158447,1.041,0.017645000014454126
右拇指指尖/数据1,115.37,117.76,2.3900000000000006,1.0611414328492657,1.0255843817773647,1.041,0.017645000014454126
右拇指指尖/数据1,115.37,117.77,2.3999999999999915,1.0498569610505717,1.0244297973654586,1.041,0.017645000014454126
右拇指指尖/数据1,115.37,117.78,2.4099999999999966,1.0419447521633467,1.0238761488220869,1.041,0.017645000014454126
右拇指指尖/数据1,115.37,117.79,2.4200000000000017,1.0340325432761215,1.0233225002787156,1.039535745527684,0.017645000014454126
右拇指指尖/数据1,115.37,117.8,2.4299999999999926,1.0324098512491813,1.0233225002787156,1.0360520171657446,0.017645000014454126
右拇指指尖/数据1,115.37,117.81,2.4399999999999977,1.038071491055368,1.0226960589698542,1.0332211972626513,0.017645000014454126
右拇指指尖/数据1,115.37,117.82000000000001,2.450000000000003,0.978911259096545,1.0182490873342571,1.0067152300539957,0.017645000014454126
右拇指指尖/数据1,115.37,117.83,2.4599999999999937,0.9704176802327293,1.0107265437455921,0.9804135733168743,0.017645000014454126
右拇指指尖/数据1,115.37,117.84,2.469999999999999,0.9619241013689017,1.008650677377674,0.9793588984357416,0.017645000014454126
右拇指指尖/数据1,115.37,117.85000000000001,2.480000000000004,0.9810206088588103,1.008650677377674,0.9787518628938047,0.017645000014454126
右拇指指尖/数据1,115.37,117.86,2.489999999999995,0.9798065377749383,1.008650677377674,0.9787518628938047,0.017645000014454126
右拇指指尖/数据1,115.37,117.87,2.5,0.9785924666910644,1.008650677377674,0.9787518628938047,0.017645000014454126
右拇指指尖/数据1,115.37,117.88,2.509999999999991,0.9770000000000002,1.0100000000000002,0.9791995022330013,0.017645000014454126
右拇指指尖/数据1,115.37,117.89,2.519999999999996,0.9770000000000001,1.0102612143313416,0.9804135733168743,0.017645000014454126
右拇指指尖/数据1,115.37,117.9,2.530000000000001,1.0141517327358363,1.0102612143313416,0.9868048854422603,0.017645000014454126
右拇指指尖/数据1,115.37,117.91,2.539999999999992,1.054,1.0102612143313416,0.9988141204032912,0.017645000014454126
右拇指指尖/数据1,115.37,117.92,2.549999999999997,1.054,1.0102612143313416,1.0013375446114852,0.017645000014454126
右拇指指尖/数据1,115.37,117.93,2.5600000000000023,0.9925891620257103,1.0102612143313416,1.0013375446114852,0.017645000014454126
右拇指指尖/数据1,115.37,117.94,2.569999999999993,1.0073013547553478,1.0102612143313416,1.0047224017410352,0.017645000014454126
右拇指指尖/数据1,115.37,117.95,2.5799999999999983,1.005039078780872,1.0102612143313416,1.0047224017410352,0.017645000014454126
右拇指指尖/数据1,115.37,117.96000000000001,2.5900000000000034,0.9976360104420982,1.0102612143313416,1.0031777190091962,0.017645000014454126
右拇指指尖/数据1,115.37,117.97,2.5999999999999943,0.9944514999006867,1.0102612143313416,1.0017083408535687,0.017645000014454126
右拇指指尖/数据1,115.37,117.98,2.6099999999999994,1.0044057247011984,1.0102612143313416,1.00029843390808,0.017645000014454126
右拇指指尖/数据1,115.37,117.99000000000001,2.6200000000000045,1.001466968389943,1.0102612143313416,1.00029843390808,0.017645000014454126
右拇指指尖/数据1,115.37,118.0,2.6299999999999955,1.0019497133171942,1.0100000000000002,0.9983829549341576,0.017645000014454126
右拇指指尖/数据1,115.37,118.01,2.6400000000000006,0.9991298994262171,1.008650677377674,0.9983829549341576,0.017645000014454126
右拇指指尖/数据1,115.37,118.02,2.6499999999999915,0.9963100855352441,1.00617021676811,1.00029843390808,0.017645000014454126
右拇指指尖/数据1,115.37,118.03,2.6599999999999966,0.9933158023763355,1.0047224017410352,1.0017083408535687,0.017645000014454126
右拇指指尖/数据1,115.37,118.04,2.6700000000000017,0.9939287728308708,1.0042028623505992,1.0017083408535687,0.017645000014454126
右拇指指尖/数据1,115.37,118.05,2.6799999999999926,1.004,1.004,1.002974856658597,0.017645000014454126
右拇指指尖/数据1,115.37,118.06,2.6899999999999977,1.004,1.004,1.004,0.017645000014454126
右拇指指尖/数据1,115.37,118.07000000000001,2.700000000000003,1.004,1.002974856658597,1.004,0.017645000014454126
右拇指指尖/数据1,115.37,118.08,2.7099999999999937,1.0100000000000002,1.002974856658597,1.0070000000000001,0.017645000014454126
右拇指指尖/数据1,115.37,118.09,2.719999999999999,1.0100000000000002,1.002974856658597,1.0100000000000002,0.017645000014454126
右拇指指尖/数据1,115.37,118.10000000000001,2.730000000000004,1.010522428662683,1.002974856658597,1.0102612143313416,0.017645000014454126
右拇指指尖/数据1,115.37,118.11,2.739999999999995,1.0529025474944131,1.004,1.0309664483123695,0.017645000014454126
右拇指指尖/数据1,115.37,118.12,2.75,1.0581015539142895,1.004,1.0488875655622274,0.017645000014454126
右拇指指尖/数据1,115.37,118.13,2.759999999999991,1.059479071963363,1.0042028623505992,1.0500401040280058,0.017645000014454126
右拇指指尖/数据1,115.37,118.14,2.769999999999996,1.0582983647192863,1.0047224017410352,1.0500401040280058,0.017645000014454126
右拇指指尖/数据1,115.37,118.15,2.780000000000001,1.051410467962056,1.00617021676811,1.0500401040280058,0.017645000014454126
右拇指指尖/数据1,115.37,118.16,2.789999999999992,1.0463646631623988,1.00617021676811,1.0500401040280058,0.017645000014454126
右拇指指尖/数据1,115.37,118.17,2.799999999999997,1.0486697400939557,1.00617021676811,1.0475172016281773,0.017645000014454126
右拇指指尖/数据1,115.37,118.18,2.8100000000000023,1.0415008019926426,1.00617021676811,1.044786237998546,0.017645000014454126
右拇指指尖/数据1,115.37,118.19,2.819999999999993,1.0426889443319882,1.008650677377674,1.0429483785833407,0.017645000014454126
右拇指指尖/数据1,115.37,118.2,2.8299999999999983,1.0432078128346929,1.0100000000000002,1.0420948731623154,0.017645000014454126
右拇指指尖/数据1,115.37,118.21000000000001,2.8400000000000034,1.0345968187314896,1.0100000000000002,1.0380488103620662,0.017645000014454126
右拇指指尖/数据1,115.37,118.22,2.8499999999999943,1.0327960984395668,1.0100000000000002,1.0336964585855282,0.017645000014454126
右拇指指尖/数据1,115.37,118.23,2.8599999999999994,1.0117129794182846,1.0100000000000002,1.0222545389289257,0.017645000014454126
右拇指指尖/数据1,115.37,118.24000000000001,2.8700000000000045,0.9733648967343203,1.0100253131641044,1.0000543516667613,0.017645000014454126
右拇指指尖/数据1,115.37,118.25,2.8799999999999955,0.9741832787565026,1.0102865274954458,0.9873347402619694,0.017645000014454126
右拇指指尖/数据1,115.37,118.26,2.8900000000000006,0.9812895013358752,1.0102865274954458,0.9867604061893487,0.017645000014454126
右拇指指尖/数据1,115.37,118.27,2.8999999999999915,0.988395723915238,1.0102865274954458,0.9863221967605253,0.017645000014454126
右拇指指尖/数据1,115.37,118.28,2.9099999999999966,0.985300457447404,1.0102865274954458,0.9857871070280525,0.017645000014454126
右拇指指尖/数据1,115.37,118.29,2.9200000000000017,0.986273756608701,1.0102865274954458,0.984504103126512,0.017645000014454126
右拇指指尖/数据1,115.37,118.3,2.9299999999999926,0.9872470557699964,1.0102865274954458,0.9857871070280525,0.017645000014454126
右拇指指尖/数据1,115.37,118.31,2.9399999999999977,0.9863706369123498,1.0102865274954458,0.9863221967605253,0.017645000014454126
右拇指指尖/数据1,115.37,118.32000000000001,2.950000000000003,0.9791738035247168,1.0102865274954458,0.986808846341173,0.017645000014454126
右拇指指尖/数据1,115.37,118.33,2.9599999999999937,0.9837077488056201,1.0102865274954458,0.986808846341173,0.017645000014454126
右拇指指尖/数据1,115.37,118.34,2.969999999999999,0.9975556626007576,1.0102865274954458,0.992401359185377,0.017645000014454126
右拇指指尖/数据1,115.37,118.35000000000001,2.980000000000004,1.0473475255654083,1.0102865274954458,1.022451594083083,0.017645000014454126
右拇指指尖/数据1,115.37,118.36,2.989999999999995,1.0771558755618844,1.0100081053160002,1.0622517005636465,0.017645000014454126
左拇指指尖/数据1,147.38,146.78,-0.5999999999999943,18.16547669990729,18.160136340741367,18.15535765267038,0.017810799996368587
左拇指指尖/数据1,147.38,146.79,-0.5900000000000034,18.148982715420406,18.160356905716064,18.15535765267038,0.017810799996368587
左拇指指尖/数据1,147.38,146.8,-0.5799999999999841,18.154618987968178,18.160542548284745,18.15535765267038,0.017810799996368587
左拇指指尖/数据1,147.38,146.81,-0.5699999999999932,18.160255260515942,18.160542548284745,18.15743712424206,0.017810799996368587
左拇指指尖/数据1,147.38,146.82,-0.5600000000000023,18.140571101633682,18.160542548284745,18.160604907945377,0.017810799996368587
左拇指指尖/数据1,147.38,146.83,-0.549999999999983,18.14551945321581,18.160356905716064,18.160604907945377,0.017810799996368587
左拇指指尖/数据1,147.38,146.84,-0.539999999999992,18.17280696174475,18.160356905716064,18.160604907945377,0.017810799996368587
左拇指指尖/数据1,147.38,146.85,-0.5300000000000011,18.166880758559785,18.160542548284745,18.16341150367211,0.017810799996368587
左拇指指尖/数据1,147.38,146.86,-0.5199999999999818,18.160954555374808,18.16068713911822,18.166374605264597,0.017810799996368587
左拇指指尖/数据1,147.38,146.87,-0.5099999999999909,18.171401299657166,18.160851143978974,18.167127685362594,0.017810799996368587
左拇指指尖/数据1,147.38,146.88,-0.5,18.172627390874545,18.16098961795431,18.167127685362594,0.017810799996368587
左拇指指尖/数据1,147.38,146.89000000000001,-0.4899999999999807,18.16586845196941,18.16138168000913,18.167127685362594,0.017810799996368587
左拇指指尖/数据1,147.38,146.9,-0.47999999999998977,18.1673746121654,18.161548940289105,18.166374605264597,0.017810799996368587
左拇指指尖/数据1,147.38,146.91,-0.46999999999999886,18.168880772361394,18.162672069876315,18.16344656625161,0.017810799996368587
左拇指指尖/数据1,147.38,146.92000000000002,-0.45999999999997954,18.148700622689116,18.163559950975046,18.16344656625161,0.017810799996368587
左拇指指尖/数据1,147.38,146.93,-0.44999999999998863,18.154862651611463,18.163559950975046,18.162147810121027,0.017810799996368587
左拇指指尖/数据1,147.38,146.94,-0.4399999999999977,18.161024680533814,18.162672069876315,18.162147810121027,0.017810799996368587
左拇指指尖/数据1,147.38,146.95000000000002,-0.4299999999999784,18.16001742096679,18.162672069876315,18.162147810121027,0.017810799996368587
左拇指指尖/数据1,147.38,146.96,-0.4199999999999875,18.160626545653304,18.162672069876315,18.162147810121027,0.017810799996368587
左拇指指尖/数据1,147.38,146.97,-0.4099999999999966,18.163270939708237,18.162036600022198,18.162147810121027,0.017810799996368587
左拇指指尖/数据1,147.38,146.98,-0.4000000000000057,18.16914051769135,18.162036600022198,18.162147810121027,0.017810799996368587
左拇指指尖/数据1,147.38,146.99,-0.38999999999998636,18.173537209515363,18.162672069876315,18.164787111053233,0.017810799996368587
左拇指指尖/数据1,147.38,147.0,-0.37999999999999545,18.1699202459568,18.163569094864997,18.164787111053233,0.017810799996368587
左拇指指尖/数据1,147.38,147.01,-0.37000000000000455,18.16630328239823,18.164033291438223,18.164787111053233,0.017810799996368587
左拇指指尖/数据1,147.38,147.02,-0.3599999999999852,18.160458550916186,18.164811792357,18.164787111053233,0.017810799996368587
左拇指指尖/数据1,147.38,147.03,-0.3499999999999943,18.170062968939625,18.164033291438223,18.163525507490682,0.017810799996368587
左拇指指尖/数据1,147.38,147.04,-0.3400000000000034,18.160747732583136,18.163569094864997,18.161410466313768,0.017810799996368587
左拇指指尖/数据1,147.38,147.05,-0.3299999999999841,18.152099896814214,18.163569094864997,18.161410466313768,0.017810799996368587
左拇指指尖/数据1,147.38,147.06,-0.3199999999999932,18.154913891747036,18.163569094864997,18.161410466313768,0.017810799996368587
左拇指指尖/数据1,147.38,147.07,-0.3100000000000023,18.15772788667985,18.163569094864997,18.161410466313768,0.017810799996368587
左拇指指尖/数据1,147.38,147.08,-0.29999999999998295,18.162073200044397,18.163569094864997,18.16432782201973,0.017810799996368587
左拇指指尖/数据1,147.38,147.09,-0.28999999999999204,18.16658244399506,18.163569094864997,18.16432782201973,0.017810799996368587
左拇指指尖/数据1,147.38,147.1,-0.28000000000000114,18.177867975026267,18.162678964060063,18.166039872511334,0.017810799996368587
左拇指指尖/数据1,147.38,147.11,-0.2699999999999818,18.174299732381698,18.16208009422814,18.16651062320149,0.017810799996368587
左拇指指尖/数据1,147.38,147.12,-0.2599999999999909,18.17457096365921,18.16208009422814,18.166981373891648,0.017810799996368587
左拇指指尖/数据1,147.38,147.13,-0.25,18.181802928929788,18.162036600022198,18.166981373891648,0.017810799996368587
左拇指指尖/数据1,147.38,147.14000000000001,-0.23999999999998067,18.165497301027603,18.162,18.166981373891648,0.017810799996368587
左拇指指尖/数据1,147.38,147.15,-0.22999999999998977,18.16643880240792,18.161512340266906,18.16690955309808,0.017810799996368587
左拇指指尖/数据1,147.38,147.16,-0.21999999999999886,18.167380303788235,18.1610190791357,18.165968051717762,0.017810799996368587
左拇指指尖/数据1,147.38,147.17000000000002,-0.20999999999997954,18.164199332854682,18.16088060516036,18.164848316941143,0.017810799996368587
左拇指指尖/数据1,147.38,147.18,-0.19999999999998863,18.15307976824514,18.16088060516036,18.163099666427343,0.017810799996368587
左拇指指尖/数据1,147.38,147.19,-0.18999999999999773,18.162,18.16088060516036,18.163099666427343,0.017810799996368587
左拇指指尖/数据1,147.38,147.20000000000002,-0.1799999999999784,18.162000000000003,18.16068713911822,18.16293362501088,0.017810799996368587
左拇指指尖/数据1,147.38,147.21,-0.1699999999999875,18.161013477737587,18.16068713911822,18.16293362501088,0.017810799996368587
左拇指指尖/数据1,147.38,147.22,-0.1599999999999966,18.1589864523558,18.16060314174966,18.16293362501088,0.017810799996368587
左拇指指尖/数据1,147.38,147.23,-0.15000000000000568,18.17622889337295,18.159722501635994,18.162043494205946,0.017810799996368587
左拇指指尖/数据1,147.38,147.24,-0.13999999999998636,18.16386725002176,18.158357169517828,18.162043494205946,0.017810799996368587
左拇指指尖/数据1,147.38,147.25,-0.12999999999999545,18.165424251859317,18.156320889213443,18.162043494205946,0.017810799996368587
左拇指指尖/数据1,147.38,147.26,-0.12000000000000455,18.166981253696875,18.15399682999609,18.161550233074735,0.017810799996368587
左拇指指尖/数据1,147.38,147.27,-0.10999999999998522,18.162086988411886,18.152589832529678,18.160536720383845,0.017810799996368587
左拇指指尖/数据1,147.38,147.28,-0.09999999999999432,18.144982529062844,18.14854121293853,18.153534758737365,0.017810799996368587
左拇指指尖/数据1,147.38,147.29,-0.09000000000000341,17.48150201511551,17.830210532302544,17.830210532302544,0.017810799996368587
左拇指指尖/数据1,147.38,147.3,-0.07999999999998408,17.272931553157655,17.498470275328877,17.498470275328877,0.017810799996368587
左拇指指尖/数据1,147.38,147.31,-0.06999999999999318,17.064361091200407,17.421651277536156,17.377216784136582,0.017810799996368587
左拇指指尖/数据1,147.38,147.32,-0.060000000000002274,17.083635515384277,17.336621733954605,17.29218724055503,0.017810799996368587
左拇指指尖/数据1,147.38,147.33,-0.04999999999998295,17.515438535542245,17.29218724055503,17.29218724055503,0.017810799996368587
左拇指指尖/数据1,147.38,147.34,-0.03999999999999204,17.210727703943466,17.26700843455276,17.26700843455276,0.017810799996368587
左拇指指尖/数据1,147.38,147.35,-0.030000000000001137,17.261085315947867,17.235906509945664,17.235906509945664,0.017810799996368587
左拇指指尖/数据1,147.38,147.36,-0.01999999999998181,17.311442927952406,17.14718160966387,17.14718160966387,0.017810799996368587
左拇指指尖/数据1,147.38,147.37,-0.009999999999990905,17.361800539956803,17.073998303292342,17.14718160966387,0.017810799996368587
左拇指指尖/数据1,147.38,147.38,0.0,13.874777833734418,16.684162541333073,15.542752768838941,0.017810799996368587
左拇指指尖/数据1,147.38,147.39000000000001,0.010000000000019327,13.578555918789625,16.113806289904318,13.754904244777478,0.017810799996368587
左拇指指尖/数据1,147.38,147.4,0.020000000000010232,13.286638497824232,15.773004076811873,13.60679328730508,0.017810799996368587
左拇指指尖/数据1,147.38,147.41,0.030000000000001137,13.468693885390195,15.60643301478404,13.52362490208991,0.017810799996368587
左拇指指尖/数据1,147.38,147.42000000000002,0.040000000000020464,13.635030655820538,15.574579913790373,13.377666191607213,0.017810799996368587
左拇指指尖/数据1,147.38,147.43,0.05000000000001137,13.249313963843273,15.090732566690608,13.267976230833753,0.017810799996368587
左拇指指尖/数据1,147.38,147.44,0.060000000000002274,12.71401653756301,14.47302394927556,13.123636430591176,0.017810799996368587
左拇指指尖/数据1,147.38,147.45000000000002,0.0700000000000216,12.997958897339078,14.09900698109892,12.969809223024376,0.017810799996368587
左拇指指尖/数据1,147.38,147.46,0.0800000000000125,12.0685400949774,13.754904244777478,12.969809223024376,0.017810799996368587
左拇指指尖/数据1,147.38,147.47,0.09000000000000341,11.951450169407957,13.631193239162,12.969809223024376,0.017810799996368587
左拇指指尖/数据1,147.38,147.48,0.09999999999999432,12.06176733123267,13.602955870646543,12.969809223024376,0.017810799996368587
左拇指指尖/数据1,147.38,147.49,0.11000000000001364,12.941659548709673,13.52362490208991,12.827838043136342,0.017810799996368587
左拇指指尖/数据1,147.38,147.5,0.12000000000000455,14.6228117700877,13.377666191607213,12.969809223024376,0.017810799996368587
左拇指指尖/数据1,147.38,147.51,0.12999999999999545,16.30396399146574,13.267976230833753,12.952987313369691,0.017810799996368587
左拇指指尖/数据1,147.38,147.52,0.14000000000001478,15.923648588342896,13.150231552661229,12.952987313369691,0.017810799996368587
左拇指指尖/数据1,147.38,147.53,0.15000000000000568,11.952298390750213,13.02455401940913,13.007732109754446,0.017810799996368587
左拇指指尖/数据1,147.38,147.54,0.1599999999999966,13.627355822503462,12.981136987684394,13.339252481991323,0.017810799996368587
左拇指指尖/数据1,147.38,147.55,0.17000000000001592,12.96431507802971,12.952987313369691,13.97529597548344,0.017810799996368587
左拇指指尖/数据1,147.38,147.56,0.18000000000000682,12.301274333557844,12.827838043136342,13.97529597548344,0.017810799996368587
左拇指指尖/数据1,147.38,147.57,0.18999999999999773,13.051149141479183,12.646127996010886,13.97529597548344,0.017810799996368587
左拇指指尖/数据1,147.38,147.58,0.20000000000001705,14.32323612846342,12.439756894008303,13.339252481991323,0.017810799996368587
左拇指指尖/数据1,147.38,147.59,0.21000000000000796,15.622359565280851,12.184907214267621,13.339252481991323,0.017810799996368587
左拇指指尖/数据1,147.38,147.6,0.21999999999999886,15.590506464287229,12.065153713105035,13.007732109754446,0.017810799996368587
左拇指指尖/数据1,147.38,147.61,0.2300000000000182,15.558653363293516,12.00703286099144,12.814694297968973,0.017810799996368587
左拇指指尖/数据1,147.38,147.62,0.2400000000000091,12.578239454458762,11.951874280079085,12.814694297968973,0.017810799996368587
左拇指指尖/数据1,147.38,147.63,0.25,6.4304666566116895,9.190958413009824,9.504353055535226,0.017810799996368587
左拇指指尖/数据1,147.38,147.64000000000001,0.2600000000000193,2.752764488394562,4.591615572503126,4.591615572503126,0.017810799996368587
左拇指指尖/数据1,147.38,147.65,0.27000000000001023,0.21515046543504066,1.4839574769148014,1.4839574769148014,0.017810799996368587
左拇指指尖/数据1,147.38,147.66,0.28000000000000114,0.0,0.10757523271752033,0.10757523271752033,0.017810799996368587
左拇指指尖/数据1,147.38,147.67000000000002,0.29000000000002046,0.0,0.0,0.0,0.017810799996368587
左拇指指尖/数据1,147.38,147.68,0.30000000000001137,0.0,0.0,0.0,0.017810799996368587
左拇指指尖/数据1,147.38,147.69,0.3100000000000023,0.0,0.0,0.0,0.017810799996368587
左拇指指尖/数据1,147.38,147.70000000000002,0.3200000000000216,0.0,0.0,0.0,0.017810799996368587
左拇指指尖/数据1,147.38,147.71,0.3300000000000125,0.0,0.0,0.0,0.017810799996368587
左拇指指尖/数据1,147.38,147.72,0.3400000000000034,0.0,0.0,0.0,0.017810799996368587
左拇指指尖/数据1,147.38,147.73,0.3499999999999943,0.0,0.0,0.0,0.017810799996368587
左拇指指尖/数据1,147.38,147.74,0.36000000000001364,0.0,0.0,0.0,0.017810799996368587
左拇指指尖/数据1,147.38,147.75,0.37000000000000455,0.0,0.0,0.0,0.017810799996368587
左拇指指尖/数据1,147.38,147.76,0.37999999999999545,0.0,0.0,0.0,0.017810799996368587
左拇指指尖/数据1,147.38,147.77,0.3900000000000148,0.0,0.0,0.0,0.017810799996368587
左拇指指尖/数据1,147.38,147.78,0.4000000000000057,0.0,0.0,0.0,0.017810799996368587
左拇指指尖/数据1,147.38,147.79,0.4099999999999966,0.0,0.0,0.0,0.017810799996368587
左拇指指尖/数据1,147.38,147.8,0.4200000000000159,0.0,0.0,0.0,0.017810799996368587
左拇指指尖/数据1,147.38,147.81,0.4300000000000068,0.0,0.0,0.0,0.017810799996368587
左拇指指尖/数据1,147.38,147.82,0.4399999999999977,0.0,0.0,0.0,0.017810799996368587
左拇指指尖/数据1,147.38,147.83,0.45000000000001705,0.0,0.0,0.0,0.017810799996368587
左拇指指尖/数据1,147.38,147.84,0.46000000000000796,0.0,0.0,0.0,0.017810799996368587
左拇指指尖/数据1,147.38,147.85,0.46999999999999886,0.0,0.0,0.0,0.017810799996368587
左拇指指尖/数据1,147.38,147.86,0.4800000000000182,0.0,0.0,0.0,0.017810799996368587
左拇指指尖/数据1,147.38,147.87,0.4900000000000091,0.0,0.0,0.0,0.017810799996368587
左拇指指尖/数据1,147.38,147.88,0.5,0.0,0.0,0.0,0.017810799996368587
左拇指指尖/数据1,147.38,147.89000000000001,0.5100000000000193,0.0,0.0,0.0,0.017810799996368587
左拇指指尖/数据1,147.38,147.9,0.5200000000000102,0.0,0.0,0.0,0.017810799996368587
左拇指指尖/数据1,147.38,147.91,0.5300000000000011,0.0,0.0,0.0,0.017810799996368587
左拇指指尖/数据1,147.38,147.92000000000002,0.5400000000000205,0.0,0.0,0.0,0.017810799996368587
左拇指指尖/数据1,147.38,147.93,0.5500000000000114,0.0,0.0,0.0,0.017810799996368587
左拇指指尖/数据1,147.38,147.94,0.5600000000000023,0.0,0.0,0.0,0.017810799996368587
左拇指指尖/数据1,147.38,147.95000000000002,0.5700000000000216,0.0,0.0,0.0,0.017810799996368587
左拇指指尖/数据1,147.38,147.96,0.5800000000000125,0.0,0.0,0.0,0.017810799996368587
左拇指指尖/数据1,147.38,147.97,0.5900000000000034,0.0,0.0,0.0,0.017810799996368587
左拇指指尖/数据1,147.38,147.98,0.5999999999999943,0.0,0.0,0.0,0.017810799996368587
左拇指指尖/数据1,147.38,147.99,0.6100000000000136,0.0,0.0,0.0,0.017810799996368587
左拇指指尖/数据1,147.38,148.0,0.6200000000000045,0.0,0.0,0.0,0.017810799996368587
左拇指指尖/数据1,147.38,148.01,0.6299999999999955,0.0,0.0,0.0,0.017810799996368587
左拇指指尖/数据1,147.38,148.02,0.6400000000000148,0.0,0.0,0.0,0.017810799996368587
左拇指指尖/数据1,147.38,148.03,0.6500000000000057,0.0,0.0,0.0,0.017810799996368587
左拇指指尖/数据1,147.38,148.04,0.6599999999999966,0.0,0.0,0.0,0.017810799996368587
左拇指指尖/数据1,147.38,148.05,0.6700000000000159,0.0,0.0,0.0,0.017810799996368587
左拇指指尖/数据1,147.38,148.06,0.6800000000000068,0.0,0.0,0.0,0.017810799996368587
左拇指指尖/数据1,147.38,148.07,0.6899999999999977,0.0,0.0,0.0,0.017810799996368587
左拇指指尖/数据1,147.38,148.08,0.700000000000017,0.0,0.0,0.0,0.017810799996368587
左拇指指尖/数据1,147.38,148.09,0.710000000000008,0.0,0.0,0.0,0.017810799996368587
左拇指指尖/数据1,147.38,148.1,0.7199999999999989,0.0,0.0,0.0,0.017810799996368587
左拇指指尖/数据1,147.38,148.11,0.7300000000000182,0.0,0.0,0.0,0.017810799996368587
左拇指指尖/数据1,147.38,148.12,0.7400000000000091,0.0,0.0,0.0,0.017810799996368587
左拇指指尖/数据1,147.38,148.13,0.75,0.0,0.0,0.0,0.017810799996368587
左拇指指尖/数据1,147.38,148.14000000000001,0.7600000000000193,0.0,0.0,0.0,0.017810799996368587
左拇指指尖/数据1,147.38,148.15,0.7700000000000102,0.0,0.0,0.0,0.017810799996368587
左拇指指尖/数据1,147.38,148.16,0.7800000000000011,0.0,0.0,0.0,0.017810799996368587
左拇指指尖/数据1,147.38,148.17000000000002,0.7900000000000205,0.0,0.0,0.0,0.017810799996368587
左拇指指尖/数据1,147.38,148.18,0.8000000000000114,0.0,0.0,0.0,0.017810799996368587
左拇指指尖/数据1,147.38,148.19,0.8100000000000023,0.0,0.0,0.0,0.017810799996368587
左拇指指尖/数据1,147.38,148.20000000000002,0.8200000000000216,0.0,0.0,0.0,0.017810799996368587
左拇指指尖/数据1,147.38,148.21,0.8300000000000125,0.0,0.0,0.0,0.017810799996368587
左拇指指尖/数据1,147.38,148.22,0.8400000000000034,0.0,0.0,0.0,0.017810799996368587
左拇指指尖/数据1,147.38,148.23,0.8499999999999943,0.0,0.0,0.0,0.017810799996368587
左拇指指尖/数据1,147.38,148.24,0.8600000000000136,0.0,0.0,0.0,0.017810799996368587
左拇指指尖/数据1,147.38,148.25,0.8700000000000045,0.0,0.0,0.0,0.017810799996368587
左拇指指尖/数据1,147.38,148.26,0.8799999999999955,0.0,0.0,0.0,0.017810799996368587
左拇指指尖/数据1,147.38,148.27,0.8900000000000148,0.0,0.0,0.0,0.017810799996368587
左拇指指尖/数据1,147.38,148.28,0.9000000000000057,0.0,0.0,0.0,0.017810799996368587
左拇指指尖/数据1,147.38,148.29,0.9099999999999966,0.0,0.0,0.0,0.017810799996368587
左拇指指尖/数据1,147.38,148.3,0.9200000000000159,0.0,0.0,0.0,0.017810799996368587
左拇指指尖/数据1,147.38,148.31,0.9300000000000068,0.0,0.0,0.0,0.017810799996368587
左拇指指尖/数据1,147.38,148.32,0.9399999999999977,0.0,0.0,0.0,0.017810799996368587
左拇指指尖/数据1,147.38,148.33,0.950000000000017,0.0,0.0,0.0,0.017810799996368587
左拇指指尖/数据1,147.38,148.34,0.960000000000008,0.0,0.0,0.0,0.017810799996368587
左拇指指尖/数据1,147.38,148.35,0.9699999999999989,0.0,0.0,0.0,0.017810799996368587
左拇指指尖/数据1,147.38,148.36,0.9800000000000182,0.0,0.0,0.0,0.017810799996368587
左拇指指尖/数据1,147.38,148.37,0.9900000000000091,0.0,0.0,0.0,0.017810799996368587
左拇指指尖/数据1,147.38,148.38,1.0,0.0,0.0,0.0,0.017810799996368587
左拇指指尖/数据1,147.38,148.39000000000001,1.0100000000000193,0.0,0.0,0.0,0.017810799996368587
左拇指指尖/数据1,147.38,148.4,1.0200000000000102,0.0,0.0,0.0,0.017810799996368587
左拇指指尖/数据1,147.38,148.41,1.0300000000000011,0.0,0.0,0.0,0.017810799996368587
左拇指指尖/数据1,147.38,148.42000000000002,1.0400000000000205,0.0,0.0,0.0,0.017810799996368587
左拇指指尖/数据1,147.38,148.43,1.0500000000000114,0.0,0.0,0.0,0.017810799996368587
左拇指指尖/数据1,147.38,148.44,1.0600000000000023,0.0,0.0,0.0,0.017810799996368587
左拇指指尖/数据1,147.38,148.45000000000002,1.0700000000000216,0.0,0.0,0.0,0.017810799996368587
左拇指指尖/数据1,147.38,148.46,1.0800000000000125,0.0,0.0,0.0,0.017810799996368587
左拇指指尖/数据1,147.38,148.47,1.0900000000000034,0.0,0.0,0.0,0.017810799996368587
左拇指指尖/数据1,147.38,148.48,1.0999999999999943,0.0,0.0,0.0,0.017810799996368587
左拇指指尖/数据1,147.38,148.49,1.1100000000000136,0.0,0.0,0.0,0.017810799996368587
左拇指指尖/数据1,147.38,148.5,1.1200000000000045,0.0,0.0,0.0,0.017810799996368587
左拇指指尖/数据1,147.38,148.51,1.1299999999999955,0.0,0.0,0.0,0.017810799996368587
左拇指指尖/数据1,147.38,148.52,1.1400000000000148,0.0,0.0,0.0,0.017810799996368587
左拇指指尖/数据1,147.38,148.53,1.1500000000000057,0.0,0.0,0.0,0.017810799996368587
左拇指指尖/数据1,147.38,148.54,1.1599999999999966,0.0,0.0,0.0,0.017810799996368587
左拇指指尖/数据1,147.38,148.55,1.170000000000016,0.0,0.0,0.0,0.017810799996368587
左拇指指尖/数据1,147.38,148.56,1.1800000000000068,0.0,0.0,0.0,0.017810799996368587
左拇指指尖/数据1,147.38,148.57,1.1899999999999977,0.0,0.0,0.0,0.017810799996368587
左拇指指尖/数据1,147.38,148.58,1.200000000000017,0.0,0.0,0.0,0.017810799996368587
左拇指指尖/数据1,147.38,148.59,1.210000000000008,0.0,0.0,0.0,0.017810799996368587
左拇指指尖/数据1,147.38,148.6,1.2199999999999989,0.0,0.0,0.0,0.017810799996368587
左拇指指尖/数据1,147.38,148.61,1.2300000000000182,0.0,0.0,0.0,0.017810799996368587
左拇指指尖/数据1,147.38,148.62,1.240000000000009,0.0,0.0,0.0,0.017810799996368587
左拇指指尖/数据1,147.38,148.63,1.25,0.0,0.0,0.0,0.017810799996368587
左拇指指尖/数据1,147.38,148.64000000000001,1.2600000000000193,0.0,0.0,0.0,0.017810799996368587
左拇指指尖/数据1,147.38,148.65,1.2700000000000102,0.0,0.0,0.0,0.017810799996368587
左拇指指尖/数据1,147.38,148.66,1.2800000000000011,0.0,0.0,0.0,0.017810799996368587
左拇指指尖/数据1,147.38,148.67000000000002,1.2900000000000205,0.0,0.0,0.0,0.017810799996368587
左拇指指尖/数据1,147.38,148.68,1.3000000000000114,0.0,0.0,0.0,0.017810799996368587
左拇指指尖/数据1,147.38,148.69,1.3100000000000023,0.0,0.0,0.0,0.017810799996368587
左拇指指尖/数据1,147.38,148.70000000000002,1.3200000000000216,0.0,0.0,0.0,0.017810799996368587
左拇指指尖/数据1,147.38,148.71,1.3300000000000125,0.0,0.0,0.0,0.017810799996368587
左拇指指尖/数据1,147.38,148.72,1.3400000000000034,0.0,0.0,0.0,0.017810799996368587
左拇指指尖/数据1,147.38,148.73,1.3499999999999943,0.0,0.0,0.0,0.017810799996368587
左拇指指尖/数据1,147.38,148.74,1.3600000000000136,0.0,0.0,0.0,0.017810799996368587
左拇指指尖/数据1,147.38,148.75,1.3700000000000045,0.0,0.0,0.0,0.017810799996368587
左拇指指尖/数据1,147.38,148.76,1.3799999999999955,0.0,0.0,0.0,0.017810799996368587
左拇指指尖/数据1,147.38,148.77,1.3900000000000148,0.0,0.0,0.0,0.017810799996368587
左拇指指尖/数据1,147.38,148.78,1.4000000000000057,0.0,0.0,0.0,0.017810799996368587
左拇指指尖/数据1,147.38,148.79,1.4099999999999966,0.0,0.0,0.0,0.017810799996368587
左拇指指尖/数据1,147.38,148.8,1.420000000000016,0.0,0.0,0.0,0.017810799996368587
左拇指指尖/数据1,147.38,148.81,1.4300000000000068,0.0,0.0,0.0,0.017810799996368587
左拇指指尖/数据1,147.38,148.82,1.4399999999999977,0.0,0.0,0.0,0.017810799996368587
左拇指指尖/数据1,147.38,148.83,1.450000000000017,0.0,0.0,0.0,0.017810799996368587
左拇指指尖/数据1,147.38,148.84,1.460000000000008,0.0,0.0,0.0,0.017810799996368587
左拇指指尖/数据1,147.38,148.85,1.4699999999999989,0.0,0.0,0.0,0.017810799996368587
左拇指指尖/数据1,147.38,148.86,1.4800000000000182,0.0,0.0,0.0,0.017810799996368587
左拇指指尖/数据1,147.38,148.87,1.490000000000009,0.0,0.0,0.0,0.017810799996368587
左拇指指尖/数据1,147.38,148.88,1.5,0.0,0.0,0.0,0.017810799996368587
左拇指指尖/数据1,147.38,148.89000000000001,1.5100000000000193,0.0,0.0,0.0,0.017810799996368587
左拇指指尖/数据1,147.38,148.9,1.5200000000000102,0.0,0.0,0.0,0.017810799996368587
左拇指指尖/数据1,147.38,148.91,1.5300000000000011,0.0,0.0,0.0,0.017810799996368587
左拇指指尖/数据1,147.38,148.92000000000002,1.5400000000000205,0.0,0.0,0.0,0.017810799996368587
左拇指指尖/数据1,147.38,148.93,1.5500000000000114,0.0,0.0,0.0,0.017810799996368587
左拇指指尖/数据1,147.38,148.94,1.5600000000000023,0.0,0.0,0.0,0.017810799996368587
左拇指指尖/数据1,147.38,148.95000000000002,1.5700000000000216,0.0,0.0,0.0,0.017810799996368587
左拇指指尖/数据1,147.38,148.96,1.5800000000000125,0.0,0.0,0.0,0.017810799996368587
左拇指指尖/数据1,147.38,148.97,1.5900000000000034,0.0,0.0,0.0,0.017810799996368587
左拇指指尖/数据1,147.38,148.98,1.5999999999999943,0.0,0.0,0.0,0.017810799996368587
左拇指指尖/数据1,147.38,148.99,1.6100000000000136,0.0,0.0,0.0,0.017810799996368587
左拇指指尖/数据1,147.38,149.0,1.6200000000000045,0.0,0.0,0.0,0.017810799996368587
左拇指指尖/数据1,147.38,149.01,1.6299999999999955,0.0,0.0,0.0,0.017810799996368587
左拇指指尖/数据1,147.38,149.02,1.6400000000000148,0.0,0.0,0.0,0.017810799996368587
左拇指指尖/数据1,147.38,149.03,1.6500000000000057,0.0,0.0,0.0,0.017810799996368587
左拇指指尖/数据1,147.38,149.04,1.6599999999999966,0.0,0.0,0.0,0.017810799996368587
左拇指指尖/数据1,147.38,149.05,1.670000000000016,0.0,0.0,0.0,0.017810799996368587
左拇指指尖/数据1,147.38,149.06,1.6800000000000068,0.0,0.0,0.0,0.017810799996368587
左拇指指尖/数据1,147.38,149.07,1.6899999999999977,0.0,0.0,0.0,0.017810799996368587
左拇指指尖/数据1,147.38,149.08,1.700000000000017,0.0,0.0,0.0,0.017810799996368587
左拇指指尖/数据1,147.38,149.09,1.710000000000008,0.0,0.0,0.0,0.017810799996368587
左拇指指尖/数据1,147.38,149.1,1.7199999999999989,0.0,0.0,0.0,0.017810799996368587
左拇指指尖/数据1,147.38,149.11,1.7300000000000182,0.0,0.0,0.0,0.017810799996368587
左拇指指尖/数据1,147.38,149.12,1.740000000000009,0.0,0.0,0.0,0.017810799996368587
左拇指指尖/数据1,147.38,149.13,1.75,0.0,0.0,0.0,0.017810799996368587
左拇指指尖/数据1,147.38,149.14000000000001,1.7600000000000193,0.0,0.0,0.0,0.017810799996368587
左拇指指尖/数据1,147.38,149.15,1.7700000000000102,0.0,0.0,0.0,0.017810799996368587
左拇指指尖/数据1,147.38,149.16,1.7800000000000011,0.0,0.0,0.0,0.017810799996368587
左拇指指尖/数据1,147.38,149.17000000000002,1.7900000000000205,0.0,0.0,0.0,0.017810799996368587
左拇指指尖/数据1,147.38,149.18,1.8000000000000114,0.0,0.0,0.0,0.017810799996368587
左拇指指尖/数据1,147.38,149.19,1.8100000000000023,0.0,0.0,0.0,0.017810799996368587
左拇指指尖/数据1,147.38,149.20000000000002,1.8200000000000216,0.0,0.0,0.0,0.017810799996368587
左拇指指尖/数据1,147.38,149.21,1.8300000000000125,0.0,0.0,0.0,0.017810799996368587
左拇指指尖/数据1,147.38,149.22,1.8400000000000034,0.0,0.0,0.0,0.017810799996368587
左拇指指尖/数据1,147.38,149.23,1.8499999999999943,0.0,0.0,0.0,0.017810799996368587
左拇指指尖/数据1,147.38,149.24,1.8600000000000136,0.0,0.0,0.0,0.017810799996368587
左拇指指尖/数据1,147.38,149.25,1.8700000000000045,0.0,0.0,0.0,0.017810799996368587
左拇指指尖/数据1,147.38,149.26,1.8799999999999955,0.0,0.0,0.0,0.017810799996368587
左拇指指尖/数据1,147.38,149.27,1.8900000000000148,0.0,0.0,0.0,0.017810799996368587
左拇指指尖/数据1,147.38,149.28,1.9000000000000057,0.0,0.0,0.0,0.017810799996368587
左拇指指尖/数据1,147.38,149.29,1.9099999999999966,0.0,0.0,0.0,0.017810799996368587
左拇指指尖/数据1,147.38,149.3,1.920000000000016,0.0,0.0,0.0,0.017810799996368587
左拇指指尖/数据1,147.38,149.31,1.9300000000000068,0.0,0.0,0.0,0.017810799996368587
左拇指指尖/数据1,147.38,149.32,1.9399999999999977,0.0,0.0,0.0,0.017810799996368587
左拇指指尖/数据1,147.38,149.33,1.950000000000017,0.0,0.0,0.0,0.017810799996368587
左拇指指尖/数据1,147.38,149.34,1.960000000000008,0.0,0.0,0.0,0.017810799996368587
左拇指指尖/数据1,147.38,149.35,1.9699999999999989,0.0,0.0,0.0,0.017810799996368587
左拇指指尖/数据1,147.38,149.36,1.9800000000000182,0.0,0.0,0.0,0.017810799996368587
左拇指指尖/数据1,147.38,149.37,1.990000000000009,0.0,0.0,0.0,0.017810799996368587
左拇指指尖/数据1,147.38,149.38,2.0,0.0,0.0,0.0,0.017810799996368587
左拇指指尖/数据1,147.38,149.39000000000001,2.0100000000000193,0.0,0.0,0.0,0.017810799996368587
左拇指指尖/数据1,147.38,149.4,2.0200000000000102,0.0,0.0,0.0,0.017810799996368587
左拇指指尖/数据1,147.38,149.41,2.030000000000001,0.0,0.0,0.0,0.017810799996368587
左拇指指尖/数据1,147.38,149.42000000000002,2.0400000000000205,0.0,0.0,0.0,0.017810799996368587
左拇指指尖/数据1,147.38,149.43,2.0500000000000114,0.0,0.0,0.0,0.017810799996368587
左拇指指尖/数据1,147.38,149.44,2.0600000000000023,0.0,0.0,0.0,0.017810799996368587
左拇指指尖/数据1,147.38,149.45000000000002,2.0700000000000216,0.0,0.0,0.0,0.017810799996368587
左拇指指尖/数据1,147.38,149.46,2.0800000000000125,0.0,0.0,0.0,0.017810799996368587
左拇指指尖/数据1,147.38,149.47,2.0900000000000034,0.0,0.0,0.0,0.017810799996368587
左拇指指尖/数据1,147.38,149.48,2.0999999999999943,0.0,0.0,0.0,0.017810799996368587
左拇指指尖/数据1,147.38,149.49,2.1100000000000136,0.0,0.0,0.0,0.017810799996368587
左拇指指尖/数据1,147.38,149.5,2.1200000000000045,0.0,0.0,0.0,0.017810799996368587
左拇指指尖/数据1,147.38,149.51,2.1299999999999955,0.0,0.0,0.0,0.017810799996368587
左拇指指尖/数据1,147.38,149.52,2.140000000000015,0.0,0.0,0.0,0.017810799996368587
左拇指指尖/数据1,147.38,149.53,2.1500000000000057,0.0,0.0,0.0,0.017810799996368587
左拇指指尖/数据1,147.38,149.54,2.1599999999999966,0.0,0.0,0.0,0.017810799996368587
左拇指指尖/数据1,147.38,149.55,2.170000000000016,0.0,0.0,0.0,0.017810799996368587
左拇指指尖/数据1,147.38,149.56,2.180000000000007,0.0,0.0,0.0,0.017810799996368587
左拇指指尖/数据1,147.38,149.57,2.1899999999999977,0.0,0.0,0.0,0.017810799996368587
左拇指指尖/数据1,147.38,149.58,2.200000000000017,0.0,0.0,0.0,0.017810799996368587
左拇指指尖/数据1,147.38,149.59,2.210000000000008,0.0,0.0,0.0,0.017810799996368587
左拇指指尖/数据1,147.38,149.6,2.219999999999999,0.0,0.0,0.0,0.017810799996368587
左拇指指尖/数据1,147.38,149.61,2.230000000000018,0.0,0.0,0.0,0.017810799996368587
左拇指指尖/数据1,147.38,149.62,2.240000000000009,0.0,0.0,0.0,0.017810799996368587
左拇指指尖/数据1,147.38,149.63,2.25,0.0,0.0,0.0,0.017810799996368587
左拇指指尖/数据1,147.38,149.64000000000001,2.2600000000000193,0.0,0.0,0.0,0.017810799996368587
左拇指指尖/数据1,147.38,149.65,2.2700000000000102,0.0,0.0,0.0,0.017810799996368587
左拇指指尖/数据1,147.38,149.66,2.280000000000001,0.0,0.0,0.0,0.017810799996368587
左拇指指尖/数据1,147.38,149.67000000000002,2.2900000000000205,0.0,0.0,0.0,0.017810799996368587
左拇指指尖/数据1,147.38,149.68,2.3000000000000114,0.0,0.0,0.0,0.017810799996368587
左拇指指尖/数据1,147.38,149.69,2.3100000000000023,0.0,0.0,0.0,0.017810799996368587
左拇指指尖/数据1,147.38,149.70000000000002,2.3200000000000216,0.0,0.0,0.0,0.017810799996368587
左拇指指尖/数据1,147.38,149.71,2.3300000000000125,0.0,0.0,0.0,0.017810799996368587
左拇指指尖/数据1,147.38,149.72,2.3400000000000034,0.0,0.0,0.0,0.017810799996368587
左拇指指尖/数据1,147.38,149.73,2.3499999999999943,0.0,0.0,0.0,0.017810799996368587
左拇指指尖/数据1,147.38,149.74,2.3600000000000136,0.0,0.0,0.0,0.017810799996368587
左拇指指尖/数据1,147.38,149.75,2.3700000000000045,0.0,0.0,0.0,0.017810799996368587
左拇指指尖/数据1,147.38,149.76,2.3799999999999955,0.0,0.0,0.0,0.017810799996368587
左拇指指尖/数据1,147.38,149.77,2.390000000000015,0.0,0.0,0.0,0.017810799996368587
左拇指指尖/数据1,147.38,149.78,2.4000000000000057,0.0,0.0,0.0,0.017810799996368587
左拇指指尖/数据1,147.38,149.79,2.4099999999999966,0.0,0.0,0.0,0.017810799996368587
左拇指指尖/数据1,147.38,149.8,2.420000000000016,0.0,0.0,0.0,0.017810799996368587
左拇指指尖/数据1,147.38,149.81,2.430000000000007,0.0,0.0,0.0,0.017810799996368587
左拇指指尖/数据1,147.38,149.82,2.4399999999999977,0.0,0.0,0.0,0.017810799996368587
左拇指指尖/数据1,147.38,149.83,2.450000000000017,0.0,0.0,0.0,0.017810799996368587
左拇指指尖/数据1,147.38,149.84,2.460000000000008,0.0,0.0,0.0,0.017810799996368587
左拇指指尖/数据1,147.38,149.85,2.469999999999999,0.0,0.0,0.0,0.017810799996368587
左拇指指尖/数据1,147.38,149.86,2.480000000000018,0.0,0.0,0.0,0.017810799996368587
左拇指指尖/数据1,147.38,149.87,2.490000000000009,0.0,0.0,0.0,0.017810799996368587
左拇指指尖/数据1,147.38,149.88,2.5,0.0,0.0,0.0,0.017810799996368587
左拇指指尖/数据1,147.38,149.89000000000001,2.5100000000000193,0.0,0.0,0.0,0.017810799996368587
左拇指指尖/数据1,147.38,149.9,2.5200000000000102,0.0,0.0,0.0,0.017810799996368587
左拇指指尖/数据1,147.38,149.91,2.530000000000001,0.0,0.0,0.0,0.017810799996368587
左拇指指尖/数据1,147.38,149.92000000000002,2.5400000000000205,0.0,0.0,0.0,0.017810799996368587
左拇指指尖/数据1,147.38,149.93,2.5500000000000114,0.0,0.0,0.0,0.017810799996368587
左拇指指尖/数据1,147.38,149.94,2.5600000000000023,0.0,0.0,0.0,0.017810799996368587
左拇指指尖/数据1,147.38,149.95000000000002,2.5700000000000216,0.0,0.0,0.0,0.017810799996368587
左拇指指尖/数据1,147.38,149.96,2.5800000000000125,0.0,0.0,0.0,0.017810799996368587
左拇指指尖/数据1,147.38,149.97,2.5900000000000034,0.0,0.0,0.0,0.017810799996368587
左拇指指尖/数据1,147.38,149.98,2.5999999999999943,0.0,0.0,0.0,0.017810799996368587
左拇指指尖/数据1,147.38,149.99,2.6100000000000136,0.0,0.0,0.0,0.017810799996368587
左拇指指尖/数据1,147.38,150.0,2.6200000000000045,0.0,0.0,0.0,0.017810799996368587
左拇指指尖/数据1,147.38,150.01,2.6299999999999955,0.0,0.0,0.0,0.017810799996368587
左拇指指尖/数据1,147.38,150.02,2.640000000000015,0.0,0.0,0.0,0.017810799996368587
左拇指指尖/数据1,147.38,150.03,2.6500000000000057,0.0,0.0,0.0,0.017810799996368587
左拇指指尖/数据1,147.38,150.04,2.6599999999999966,0.0,0.0,0.0,0.017810799996368587
左拇指指尖/数据1,147.38,150.05,2.670000000000016,0.0,0.0,0.0,0.017810799996368587
左拇指指尖/数据1,147.38,150.06,2.680000000000007,0.0,0.0,0.0,0.017810799996368587
左拇指指尖/数据1,147.38,150.07,2.6899999999999977,0.0,0.0,0.0,0.017810799996368587
左拇指指尖/数据1,147.38,150.08,2.700000000000017,0.0,0.0,0.0,0.017810799996368587
左拇指指尖/数据1,147.38,150.09,2.710000000000008,0.0,0.0,0.0,0.017810799996368587
左拇指指尖/数据1,147.38,150.1,2.719999999999999,0.0,0.0,0.0,0.017810799996368587
左拇指指尖/数据1,147.38,150.11,2.730000000000018,0.0,0.0,0.0,0.017810799996368587
左拇指指尖/数据1,147.38,150.12,2.740000000000009,0.0,0.0,0.0,0.017810799996368587
左拇指指尖/数据1,147.38,150.13,2.75,0.0,0.0,0.0,0.017810799996368587
左拇指指尖/数据1,147.38,150.14000000000001,2.7600000000000193,0.0,0.0,0.0,0.017810799996368587
左拇指指尖/数据1,147.38,150.15,2.7700000000000102,0.0,0.0,0.0,0.017810799996368587
左拇指指尖/数据1,147.38,150.16,2.780000000000001,0.0,0.0,0.0,0.017810799996368587
左拇指指尖/数据1,147.38,150.17000000000002,2.7900000000000205,0.0,0.0,0.0,0.017810799996368587
左拇指指尖/数据1,147.38,150.18,2.8000000000000114,0.0,0.0,0.0,0.017810799996368587
左拇指指尖/数据1,147.38,150.19,2.8100000000000023,0.0,0.0,0.0,0.017810799996368587
左拇指指尖/数据1,147.38,150.20000000000002,2.8200000000000216,0.0,0.0,0.0,0.017810799996368587
左拇指指尖/数据1,147.38,150.21,2.8300000000000125,0.0,0.0,0.0,0.017810799996368587
左拇指指尖/数据1,147.38,150.22,2.8400000000000034,0.0,0.0,0.0,0.017810799996368587
左拇指指尖/数据1,147.38,150.23,2.8499999999999943,0.0,0.0,0.0,0.017810799996368587
左拇指指尖/数据1,147.38,150.24,2.8600000000000136,0.0,0.0,0.0,0.017810799996368587
左拇指指尖/数据1,147.38,150.25,2.8700000000000045,0.0,0.0,0.0,0.017810799996368587
左拇指指尖/数据1,147.38,150.26,2.8799999999999955,0.0,0.0,0.0,0.017810799996368587
左拇指指尖/数据1,147.38,150.27,2.890000000000015,0.0,0.0,0.0,0.017810799996368587
左拇指指尖/数据1,147.38,150.28,2.9000000000000057,0.0,0.0,0.0,0.017810799996368587
左拇指指尖/数据1,147.38,150.29,2.9099999999999966,0.0,0.0,0.0,0.017810799996368587
左拇指指尖/数据1,147.38,150.3,2.920000000000016,0.0,0.0,0.0,0.017810799996368587
左拇指指尖/数据1,147.38,150.31,2.930000000000007,0.0,0.0,0.0,0.017810799996368587
左拇指指尖/数据1,147.38,150.32,2.9399999999999977,0.0,0.0,0.0,0.017810799996368587
左拇指指尖/数据1,147.38,150.33,2.950000000000017,0.0,0.0,0.0,0.017810799996368587
左拇指指尖/数据1,147.38,150.34,2.960000000000008,0.0,0.0,0.0,0.017810799996368587
左拇指指尖/数据1,147.38,150.35,2.969999999999999,0.0,0.0,0.0,0.017810799996368587
左拇指指尖/数据1,147.38,150.36,2.980000000000018,0.0,0.0,0.0,0.017810799996368587
左拇指指尖/数据1,147.38,150.37,2.990000000000009,0.0,0.0,0.0,0.017810799996368587
中途切换-13ffca,68.9,68.3,-0.6000000000000085,24456.667666179485,24449.66190949657,24450.998160560386,0.0402040999998917
中途切换-13ffca,68.9,68.31,-0.5900000000000034,24454.399863931852,24448.22977977829,24450.998160560386,0.0402040999998917
中途切换-13ffca,68.9,68.32000000000001,-0.5799999999999983,24452.132061684206,24447.0,24453.26596280803,0.0402040999998917
中途切换-13ffca,68.9,68.33,-0.5700000000000074,24449.864259436566,24447.0,24455.53376505567,0.0402040999998917
中途切换-13ffca,68.9,68.34,-0.5600000000000023,24467.48930170092,24447.0,24455.53376505567,0.0402040999998917
中途切换-13ffca,68.9,68.35000000000001,-0.5499999999999972,24471.51794986565,24446.0,24455.53376505567,0.0402040999998917
中途切换-13ffca,68.9,68.36,-0.5400000000000063,24475.546598030374,24445.0,24453.26596280803,0.0402040999998917
中途切换-13ffca,68.9,68.37,-0.5300000000000011,24479.57524619511,24445.0,24450.998160560386,0.0402040999998917
中途切换-13ffca,68.9,68.38,-0.5200000000000102,24442.926949606037,24443.96347480302,24446.3956045213,0.0402040999998917
中途切换-13ffca,68.9,68.39,-0.5100000000000051,24442.43601953902,24442.68148457253,24442.68148457253,0.0402040999998917
中途切换-13ffca,68.9,68.4,-0.5,24441.945089472007,24442.190554505512,24442.190554505512,0.0402040999998917
中途切换-13ffca,68.9,68.41,-0.4900000000000091,24441.454159404988,24441.699624438497,24441.699624438497,0.0402040999998917
中途切换-13ffca,68.9,68.42,-0.480000000000004,24258.863816173365,24368.49551945456,24350.158987789175,0.0402040999998917
中途切换-13ffca,68.9,68.43,-0.46999999999999886,24202.435660268085,24288.586079956924,24230.649738220724,0.0402040999998917
中途切换-13ffca,68.9,68.44,-0.46000000000000796,24146.007504362886,24279.766614637094,24174.221582315484,0.0402040999998917
中途切换-13ffca,68.9,68.45,-0.45000000000000284,24089.57934845761,24276.02928309184,24117.793426410248,0.0402040999998917
中途切换-13ffca,68.9,68.46000000000001,-0.4399999999999977,23769.204679389124,24272.29195154659,24117.793426410248,0.0402040999998917
中途切换-13ffca,68.9,68.47,-0.4300000000000068,23767.95082378314,24264.643550973666,24117.793426410248,0.0402040999998917
中途切换-13ffca,68.9,68.48,-0.4200000000000017,23766.69696817716,24255.504417480464,24117.793426410248,0.0402040999998917
中途切换-13ffca,68.9,68.49,-0.4100000000000108,23765.443112571174,24250.07250939378,24117.793426410248,0.0402040999998917
中途切换-13ffca,68.9,68.5,-0.4000000000000057,24182.03386533667,24248.0,24133.562217869716,0.0402040999998917
中途切换-13ffca,68.9,68.51,-0.39000000000000057,24180.537605985053,24248.0,24178.293216957634,0.0402040999998917
中途切换-13ffca,68.9,68.52,-0.38000000000000966,24179.041346633443,24248.0,24179.789476309248,0.0402040999998917
中途切换-13ffca,68.9,68.53,-0.37000000000000455,24177.545087281826,24243.120521417415,24181.285735660862,0.0402040999998917
中途切换-13ffca,68.9,68.54,-0.35999999999999943,24248.0,24243.120521417415,24215.016932668335,0.0402040999998917
中途切换-13ffca,68.9,68.55,-0.3500000000000085,24248.0,24243.120521417415,24248.0,0.0402040999998917
中途切换-13ffca,68.9,68.56,-0.3400000000000034,24248.0,24243.120521417415,24248.0,0.0402040999998917
中途切换-13ffca,68.9,68.57000000000001,-0.3299999999999983,24248.0,24243.120521417415,24248.0,0.0402040999998917
中途切换-13ffca,68.9,68.58,-0.3200000000000074,24270.423285773966,24243.120521417415,24248.0,0.0402040999998917
中途切换-13ffca,68.9,68.59,-0.3100000000000023,24274.160617319216,24243.120521417415,24248.0,0.0402040999998917
中途切换-13ffca,68.9,68.60000000000001,-0.29999999999999716,24277.89794886447,24243.120521417415,24248.0,0.0402040999998917
中途切换-13ffca,68.9,68.61,-0.29000000000000625,24281.63528040972,24243.120521417415,24259.211642886985,0.0402040999998917
中途切换-13ffca,68.9,68.62,-0.28000000000000114,24123.64936949631,24243.120521417415,24259.211642886985,0.0402040999998917
中途切换-13ffca,68.9,68.63,-0.27000000000001023,24180.94520616553,24243.120521417415,24254.332164304396,0.0402040999998917
中途切换-13ffca,68.9,68.64,-0.2600000000000051,24238.24104283483,24243.120521417415,24236.51048500413,0.0402040999998917
中途切换-13ffca,68.9,68.65,-0.25,24295.53687950413,24239.804672160735,24235.91784251253,0.0402040999998917
中途切换-13ffca,68.9,68.66,-0.2400000000000091,24230.22826581702,24237.64840034323,24235.91784251253,0.0402040999998917
中途切换-13ffca,68.9,68.67,-0.23000000000000398,24232.504096495224,24236.983855365423,24235.845940026324,0.0402040999998917
中途切换-13ffca,68.9,68.68,-0.21999999999999886,24234.77992717343,24235.845940026324,24235.845940026324,0.0402040999998917
中途切换-13ffca,68.9,68.69,-0.21000000000000796,24237.05575785163,24235.845940026324,24235.845940026324,0.0402040999998917
中途切换-13ffca,68.9,68.7,-0.20000000000000284,24252.145018787563,24235.845940026324,24233.642011834327,0.0402040999998917
中途切换-13ffca,68.9,68.71000000000001,-0.18999999999999773,24236.911952879214,24235.845940026324,24231.36618115612,0.0402040999998917
中途切换-13ffca,68.9,68.72,-0.18000000000000682,24221.678886970883,24235.845940026324,24227.091491733052,0.0402040999998917
中途切换-13ffca,68.9,68.73,-0.1700000000000017,24206.44582106253,24235.845940026324,24214.062354016707,0.0402040999998917
中途切换-13ffca,68.9,68.74,-0.1600000000000108,24182.411456514168,24235.845940026324,24214.062354016707,0.0402040999998917
中途切换-13ffca,68.9,68.75,-0.15000000000000568,24173.679357317513,24235.845940026324,24214.062354016707,0.0402040999998917
中途切换-13ffca,68.9,68.76,-0.14000000000000057,24164.947258120857,24235.845940026324,24214.062354016707,0.0402040999998917
中途切换-13ffca,68.9,68.77,-0.13000000000000966,24156.215158924217,24235.845940026324,24214.062354016707,0.0402040999998917
中途切换-13ffca,68.9,68.78,-0.12000000000000455,24390.62857857234,24235.845940026324,24298.537199817438,0.0402040999998917
中途切换-13ffca,68.9,68.79,-0.10999999999999943,24391.628703587965,24235.845940026324,24391.128641080155,0.0402040999998917
中途切换-13ffca,68.9,68.8,-0.10000000000000853,24392.628828603585,24233.642011834327,24392.128766095775,0.0402040999998917
中途切换-13ffca,68.9,68.81,-0.09000000000000341,24393.628953619213,24231.36618115612,24393.1288911114,0.0402040999998917
中途切换-13ffca,68.9,68.82000000000001,-0.0799999999999983,24431.02796470768,24225.95357639395,24393.1288911114,0.0402040999998917
中途切换-13ffca,68.9,68.83,-0.07000000000000739,24426.292408155154,24214.062354016707,24393.1288911114,0.0402040999998917
中途切换-13ffca,68.9,68.84,-0.060000000000002274,24421.556851602618,24194.428638788348,24393.1288911114,0.0402040999998917
中途切换-13ffca,68.9,68.85000000000001,-0.04999999999999716,24416.82129505009,24181.67833133985,24393.1288911114,0.0402040999998917
中途切换-13ffca,68.9,68.86,-0.04000000000000625,24261.814069717504,24177.31228174152,24327.72151166836,0.0402040999998917
中途切换-13ffca,68.9,68.87,-0.030000000000001137,24254.998813640545,24169.313307719185,24258.406441679024,0.0402040999998917
中途切换-13ffca,68.9,68.88,-0.020000000000010232,24248.1835575636,24169.313307719185,24251.591185602072,0.0402040999998917
中途切换-13ffca,68.9,68.89,-0.010000000000005116,24241.36830148664,24160.581208522537,24244.77592952512,0.0402040999998917
中途切换-13ffca,68.9,68.9,0.0,22107.951152483864,23132.08315570404,23174.65972698525,0.0402040999998917
中途切换-13ffca,68.9,68.91,0.009999999999990905,19518.412145380804,20813.181648932332,20813.181648932332,0.0402040999998917
中途切换-13ffca,68.9,68.92,0.01999999999999602,16928.87313827407,18223.642641827435,18223.642641827435,0.0402040999998917
中途切换-13ffca,68.9,68.93,0.030000000000001137,14339.334131167332,15634.103634720701,15634.103634720701,0.0402040999998917
中途切换-13ffca,68.9,68.94,0.03999999999999204,34.116643119534345,7187.996932777793,7187.996932777793,0.0402040999998917
中途切换-13ffca,68.9,68.95,0.04999999999999716,34.964340209107945,36.23588584346774,36.23588584346774,0.0402040999998917
中途切换-13ffca,68.9,68.96000000000001,0.060000000000002274,35.81203729868154,35.38818875389474,35.38818875389474,0.0402040999998917
中途切换-13ffca,68.9,68.97,0.06999999999999318,36.65973438825394,34.540491664321145,34.540491664321145,0.0402040999998917
中途切换-13ffca,68.9,68.98,0.0799999999999983,0.0,27.8619088348865,26.24844176305608,0.0402040999998917
中途切换-13ffca,68.9,68.99,0.0899999999999892,0.0,21.06935219296236,18.918062763854874,0.0402040999998917
中途切换-13ffca,68.9,69.0,0.09999999999999432,0.0,19.993707478409,18.918062763854874,0.0402040999998917
中途切换-13ffca,68.9,69.01,0.10999999999999943,0.0,18.918062763854874,18.918062763854874,0.0402040999998917
中途切换-13ffca,68.9,69.02,0.11999999999999034,18.380240406577812,17.044553849111246,9.190120203288906,0.0402040999998917
中途切换-13ffca,68.9,69.03,0.12999999999999545,19.455885121131935,15.27883374902865,0.0,0.0402040999998917
中途切换-13ffca,68.9,69.04,0.14000000000000057,20.53152983568606,14.41876666379719,0.0,0.0402040999998917
中途切换-13ffca,68.9,69.05,0.14999999999999147,21.607174550238657,13.871194130791478,0.0,0.0402040999998917
中途切换-13ffca,68.9,69.06,0.1599999999999966,0.0,13.608609886281297,0.0,0.0402040999998917
中途切换-13ffca,68.9,69.07000000000001,0.1700000000000017,0.0,13.318519378041294,6.586737061960596,0.0402040999998917
中途切换-13ffca,68.9,69.08,0.1799999999999926,0.0,13.151070079935442,6.586737061960596,0.0402040999998917
中途切换-13ffca,68.9,69.09,0.18999999999999773,0.0,12.879475539112713,6.586737061960596,0.0402040999998917
中途切换-13ffca,68.9,69.10000000000001,0.20000000000000284,0.0,12.350282802258839,6.564333017974846,0.0402040999998917
中途切换-13ffca,68.9,69.11,0.20999999999999375,13.173474123921192,11.790278322224648,6.564333017974846,0.0402040999998917
中途切换-13ffca,68.9,69.12,0.21999999999999886,13.463564632161399,5.755138041103677,13.151070079935442,0.0402040999998917
中途切换-13ffca,68.9,69.13,0.22999999999998977,13.753655140401193,0.0,13.318519378041294,0.0402040999998917
中途切换-13ffca,68.9,69.14,0.23999999999999488,13.128666035949692,0.0,13.318519378041294,0.0402040999998917
中途切换-13ffca,68.9,69.15,0.25,13.988733121181763,0.0,13.318519378041294,0.0402040999998917
中途切换-13ffca,68.9,69.16,0.2599999999999909,14.848800206412614,0.0,13.318519378041294,0.0402040999998917
中途切换-13ffca,68.9,69.17,0.269999999999996,15.708867291644683,0.0,13.296115334055546,0.0402040999998917
中途切换-13ffca,68.9,69.18,0.28000000000000114,12.630285042275734,0.0,12.879475539112713,0.0402040999998917
中途切换-13ffca,68.9,69.19,0.28999999999999204,12.070280562241942,0.0,12.350282802258839,0.0402040999998917
中途切换-13ffca,68.9,69.2,0.29999999999999716,11.510276082207355,0.0,11.790278322224648,0.0402040999998917
中途切换-13ffca,68.9,69.21000000000001,0.3100000000000023,0.0,0.0,5.755138041103677,0.0402040999998917
中途切换-13ffca,68.9,69.22,0.3199999999999932,0.0,0.0,0.0,0.0402040999998917
中途切换-13ffca,68.9,69.23,0.3299999999999983,0.0,0.0,0.0,0.0402040999998917
中途切换-13ffca,68.9,69.24,0.3399999999999892,0.0,0.0,0.0,0.0402040999998917
中途切换-13ffca,68.9,69.25,0.3499999999999943,0.0,0.0,0.0,0.0402040999998917
中途切换-13ffca,68.9,69.26,0.35999999999999943,0.0,0.0,0.0,0.0402040999998917
中途切换-13ffca,68.9,69.27,0.36999999999999034,0.0,0.0,0.0,0.0402040999998917
中途切换-13ffca,68.9,69.28,0.37999999999999545,0.0,0.0,0.0,0.0402040999998917
中途切换-13ffca,68.9,69.29,0.39000000000000057,0.0,0.0,0.0,0.0402040999998917
中途切换-13ffca,68.9,69.3,0.3999999999999915,0.0,0.0,0.0,0.0402040999998917
中途切换-13ffca,68.9,69.31,0.4099999999999966,0.0,0.0,0.0,0.0402040999998917
中途切换-13ffca,68.9,69.32000000000001,0.4200000000000017,0.0,0.0,0.0,0.0402040999998917
中途切换-13ffca,68.9,69.33,0.4299999999999926,0.0,0.0,0.0,0.0402040999998917
中途切换-13ffca,68.9,69.34,0.4399999999999977,0.0,0.0,0.0,0.0402040999998917
中途切换-13ffca,68.9,69.35000000000001,0.45000000000000284,0.0,0.0,0.0,0.0402040999998917
中途切换-13ffca,68.9,69.36,0.45999999999999375,0.0,0.0,0.0,0.0402040999998917
中途切换-13ffca,68.9,69.37,0.46999999999999886,0.0,0.0,0.0,0.0402040999998917
中途切换-13ffca,68.9,69.38,0.47999999999998977,0.0,0.0,0.0,0.0402040999998917
中途切换-13ffca,68.9,69.39,0.4899999999999949,0.0,0.0,0.0,0.0402040999998917
中途切换-13ffca,68.9,69.4,0.5,0.0,0.0,0.0,0.0402040999998917
中途切换-13ffca,68.9,69.41,0.5099999999999909,0.0,0.0,0.0,0.0402040999998917
中途切换-13ffca,68.9,69.42,0.519999999999996,0.0,0.0,0.0,0.0402040999998917
中途切换-13ffca,68.9,69.43,0.5300000000000011,0.0,0.0,0.0,0.0402040999998917
中途切换-13ffca,68.9,69.44,0.539999999999992,0.0,0.0,0.0,0.0402040999998917
中途切换-13ffca,68.9,69.45,0.5499999999999972,0.0,0.0,0.0,0.0402040999998917
中途切换-13ffca,68.9,69.46000000000001,0.5600000000000023,0.0,0.0,0.0,0.0402040999998917
中途切换-13ffca,68.9,69.47,0.5699999999999932,0.0,0.0,0.0,0.0402040999998917
中途切换-13ffca,68.9,69.48,0.5799999999999983,0.0,0.0,0.0,0.0402040999998917
中途切换-13ffca,68.9,69.49,0.5899999999999892,0.0,0.0,0.0,0.0402040999998917
中途切换-13ffca,68.9,69.5,0.5999999999999943,0.0,0.0,0.0,0.0402040999998917
中途切换-13ffca,68.9,69.51,0.6099999999999994,0.0,0.0,0.0,0.0402040999998917
中途切换-13ffca,68.9,69.52,0.6199999999999903,0.0,0.0,0.0,0.0402040999998917
中途切换-13ffca,68.9,69.53,0.6299999999999955,0.0,0.0,0.0,0.0402040999998917
中途切换-13ffca,68.9,69.54,0.6400000000000006,0.0,0.0,0.0,0.0402040999998917
中途切换-13ffca,68.9,69.55,0.6499999999999915,0.0,0.0,0.0,0.0402040999998917
中途切换-13ffca,68.9,69.56,0.6599999999999966,0.0,0.0,0.0,0.0402040999998917
中途切换-13ffca,68.9,69.57000000000001,0.6700000000000017,0.0,0.0,0.0,0.0402040999998917
中途切换-13ffca,68.9,69.58,0.6799999999999926,0.0,0.0,0.0,0.0402040999998917
中途切换-13ffca,68.9,69.59,0.6899999999999977,0.0,0.0,0.0,0.0402040999998917
中途切换-13ffca,68.9,69.60000000000001,0.7000000000000028,0.0,0.0,0.0,0.0402040999998917
中途切换-13ffca,68.9,69.61,0.7099999999999937,0.0,0.0,0.0,0.0402040999998917
中途切换-13ffca,68.9,69.62,0.7199999999999989,0.0,0.0,0.0,0.0402040999998917
中途切换-13ffca,68.9,69.63,0.7299999999999898,0.0,0.0,0.0,0.0402040999998917
中途切换-13ffca,68.9,69.64,0.7399999999999949,0.0,0.0,0.0,0.0402040999998917
中途切换-13ffca,68.9,69.65,0.75,0.0,0.0,0.0,0.0402040999998917
中途切换-13ffca,68.9,69.66,0.7599999999999909,0.0,0.0,0.0,0.0402040999998917
中途切换-13ffca,68.9,69.67,0.769999999999996,0.0,0.0,0.0,0.0402040999998917
中途切换-13ffca,68.9,69.68,0.7800000000000011,0.0,0.0,0.0,0.0402040999998917
中途切换-13ffca,68.9,69.69,0.789999999999992,0.0,0.0,0.0,0.0402040999998917
中途切换-13ffca,68.9,69.7,0.7999999999999972,0.0,0.0,0.0,0.0402040999998917
中途切换-13ffca,68.9,69.71000000000001,0.8100000000000023,0.0,0.0,0.0,0.0402040999998917
中途切换-13ffca,68.9,69.72,0.8199999999999932,0.0,0.0,0.0,0.0402040999998917
中途切换-13ffca,68.9,69.73,0.8299999999999983,0.0,0.0,0.0,0.0402040999998917
中途切换-13ffca,68.9,69.74,0.8399999999999892,0.0,0.0,0.0,0.0402040999998917
中途切换-13ffca,68.9,69.75,0.8499999999999943,0.0,0.0,0.0,0.0402040999998917
中途切换-13ffca,68.9,69.76,0.8599999999999994,0.0,0.0,0.0,0.0402040999998917
中途切换-13ffca,68.9,69.77,0.8699999999999903,0.0,0.0,0.0,0.0402040999998917
中途切换-13ffca,68.9,69.78,0.8799999999999955,0.0,0.0,0.0,0.0402040999998917
中途切换-13ffca,68.9,69.79,0.8900000000000006,0.0,0.0,0.0,0.0402040999998917
中途切换-13ffca,68.9,69.8,0.8999999999999915,0.0,0.0,0.0,0.0402040999998917
中途切换-13ffca,68.9,69.81,0.9099999999999966,0.0,0.0,0.0,0.0402040999998917
中途切换-13ffca,68.9,69.82000000000001,0.9200000000000017,0.0,0.0,0.0,0.0402040999998917
中途切换-13ffca,68.9,69.83,0.9299999999999926,0.0,0.0,0.0,0.0402040999998917
中途切换-13ffca,68.9,69.84,0.9399999999999977,0.0,0.0,0.0,0.0402040999998917
中途切换-13ffca,68.9,69.85000000000001,0.9500000000000028,0.0,0.0,0.0,0.0402040999998917
中途切换-13ffca,68.9,69.86,0.9599999999999937,0.0,0.0,0.0,0.0402040999998917
中途切换-13ffca,68.9,69.87,0.9699999999999989,0.0,0.0,0.0,0.0402040999998917
中途切换-13ffca,68.9,69.88,0.9799999999999898,0.0,0.0,0.0,0.0402040999998917
中途切换-13ffca,68.9,69.89,0.9899999999999949,0.0,0.0,0.0,0.0402040999998917
中途切换-13ffca,68.9,69.9,1.0,0.0,0.0,0.0,0.0402040999998917
中途切换-13ffca,68.9,69.91,1.009999999999991,0.0,0.0,0.0,0.0402040999998917
中途切换-13ffca,68.9,69.92,1.019999999999996,0.0,0.0,0.0,0.0402040999998917
中途切换-13ffca,68.9,69.93,1.0300000000000011,0.0,0.0,0.0,0.0402040999998917
中途切换-13ffca,68.9,69.94,1.039999999999992,0.0,0.0,0.0,0.0402040999998917
中途切换-13ffca,68.9,69.95,1.0499999999999972,0.0,0.0,0.0,0.0402040999998917
中途切换-13ffca,68.9,69.96000000000001,1.0600000000000023,0.0,0.0,0.0,0.0402040999998917
中途切换-13ffca,68.9,69.97,1.0699999999999932,0.0,0.0,0.0,0.0402040999998917
中途切换-13ffca,68.9,69.98,1.0799999999999983,0.0,0.0,0.0,0.0402040999998917
中途切换-13ffca,68.9,69.99,1.0899999999999892,0.0,0.0,0.0,0.0402040999998917
中途切换-13ffca,68.9,70.0,1.0999999999999943,0.0,0.0,0.0,0.0402040999998917
中途切换-13ffca,68.9,70.01,1.1099999999999994,0.0,0.0,0.0,0.0402040999998917
中途切换-13ffca,68.9,70.02,1.1199999999999903,0.0,0.0,0.0,0.0402040999998917
中途切换-13ffca,68.9,70.03,1.1299999999999955,0.0,0.0,0.0,0.0402040999998917
中途切换-13ffca,68.9,70.04,1.1400000000000006,0.0,0.0,0.0,0.0402040999998917
中途切换-13ffca,68.9,70.05,1.1499999999999915,0.0,0.0,0.0,0.0402040999998917
中途切换-13ffca,68.9,70.06,1.1599999999999966,0.0,0.0,0.0,0.0402040999998917
中途切换-13ffca,68.9,70.07000000000001,1.1700000000000017,0.0,0.0,0.0,0.0402040999998917
中途切换-13ffca,68.9,70.08,1.1799999999999926,0.0,0.0,0.0,0.0402040999998917
中途切换-13ffca,68.9,70.09,1.1899999999999977,0.0,0.0,0.0,0.0402040999998917
中途切换-13ffca,68.9,70.10000000000001,1.2000000000000028,0.0,0.0,0.0,0.0402040999998917
中途切换-13ffca,68.9,70.11,1.2099999999999937,0.0,0.0,0.0,0.0402040999998917
中途切换-13ffca,68.9,70.12,1.2199999999999989,0.0,0.0,0.0,0.0402040999998917
中途切换-13ffca,68.9,70.13,1.2299999999999898,0.0,0.0,0.0,0.0402040999998917
中途切换-13ffca,68.9,70.14,1.2399999999999949,0.0,0.0,0.0,0.0402040999998917
中途切换-13ffca,68.9,70.15,1.25,0.0,0.0,0.0,0.0402040999998917
中途切换-13ffca,68.9,70.16,1.259999999999991,0.0,0.0,0.0,0.0402040999998917
中途切换-13ffca,68.9,70.17,1.269999999999996,0.0,0.0,0.0,0.0402040999998917
中途切换-13ffca,68.9,70.18,1.2800000000000011,0.0,0.0,0.0,0.0402040999998917
中途切换-13ffca,68.9,70.19,1.289999999999992,0.0,0.0,0.0,0.0402040999998917
中途切换-13ffca,68.9,70.2,1.2999999999999972,0.0,0.0,0.0,0.0402040999998917
中途切换-13ffca,68.9,70.21000000000001,1.3100000000000023,0.0,0.0,0.0,0.0402040999998917
中途切换-13ffca,68.9,70.22,1.3199999999999932,0.0,0.0,0.0,0.0402040999998917
中途切换-13ffca,68.9,70.23,1.3299999999999983,0.0,0.0,0.0,0.0402040999998917
中途切换-13ffca,68.9,70.24,1.3399999999999892,0.0,0.0,0.0,0.0402040999998917
中途切换-13ffca,68.9,70.25,1.3499999999999943,0.0,0.0,0.0,0.0402040999998917
中途切换-13ffca,68.9,70.26,1.3599999999999994,0.0,0.0,0.0,0.0402040999998917
中途切换-13ffca,68.9,70.27,1.3699999999999903,0.0,0.0,0.0,0.0402040999998917
中途切换-13ffca,68.9,70.28,1.3799999999999955,0.0,0.0,0.0,0.0402040999998917
中途切换-13ffca,68.9,70.29,1.3900000000000006,0.0,0.0,0.0,0.0402040999998917
中途切换-13ffca,68.9,70.3,1.3999999999999915,0.0,0.0,0.0,0.0402040999998917
中途切换-13ffca,68.9,70.31,1.4099999999999966,0.0,0.0,0.0,0.0402040999998917
中途切换-13ffca,68.9,70.32000000000001,1.4200000000000017,0.0,0.0,0.0,0.0402040999998917
中途切换-13ffca,68.9,70.33,1.4299999999999926,0.0,0.0,0.0,0.0402040999998917
中途切换-13ffca,68.9,70.34,1.4399999999999977,0.0,0.0,0.0,0.0402040999998917
中途切换-13ffca,68.9,70.35000000000001,1.4500000000000028,0.0,0.0,0.0,0.0402040999998917
中途切换-13ffca,68.9,70.36,1.4599999999999937,0.0,0.0,0.0,0.0402040999998917
中途切换-13ffca,68.9,70.37,1.4699999999999989,0.0,0.0,0.0,0.0402040999998917
中途切换-13ffca,68.9,70.38,1.4799999999999898,0.0,0.0,0.0,0.0402040999998917
中途切换-13ffca,68.9,70.39,1.4899999999999949,0.0,0.0,0.0,0.0402040999998917
中途切换-13ffca,68.9,70.4,1.5,0.0,0.0,0.0,0.0402040999998917
中途切换-13ffca,68.9,70.41,1.509999999999991,0.0,0.0,0.0,0.0402040999998917
中途切换-13ffca,68.9,70.42,1.519999999999996,0.0,0.0,0.0,0.0402040999998917
中途切换-13ffca,68.9,70.43,1.5300000000000011,0.0,0.0,0.0,0.0402040999998917
中途切换-13ffca,68.9,70.44,1.539999999999992,0.0,0.0,0.0,0.0402040999998917
中途切换-13ffca,68.9,70.45,1.5499999999999972,0.0,0.0,0.0,0.0402040999998917
中途切换-13ffca,68.9,70.46000000000001,1.5600000000000023,0.0,0.0,0.0,0.0402040999998917
中途切换-13ffca,68.9,70.47,1.5699999999999932,0.0,0.0,0.0,0.0402040999998917
中途切换-13ffca,68.9,70.48,1.5799999999999983,0.0,0.0,0.0,0.0402040999998917
中途切换-13ffca,68.9,70.49,1.5899999999999892,0.0,0.0,0.0,0.0402040999998917
中途切换-13ffca,68.9,70.5,1.5999999999999943,0.0,0.0,0.0,0.0402040999998917
中途切换-13ffca,68.9,70.51,1.6099999999999994,0.0,0.0,0.0,0.0402040999998917
中途切换-13ffca,68.9,70.52,1.6199999999999903,0.0,0.0,0.0,0.0402040999998917
中途切换-13ffca,68.9,70.53,1.6299999999999955,0.0,0.0,0.0,0.0402040999998917
中途切换-13ffca,68.9,70.54,1.6400000000000006,0.0,0.0,0.0,0.0402040999998917
中途切换-13ffca,68.9,70.55,1.6499999999999915,0.0,0.0,0.0,0.0402040999998917
中途切换-13ffca,68.9,70.56,1.6599999999999966,0.0,0.0,0.0,0.0402040999998917
中途切换-13ffca,68.9,70.57000000000001,1.6700000000000017,0.0,0.0,0.0,0.0402040999998917
中途切换-13ffca,68.9,70.58,1.6799999999999926,0.0,0.0,0.0,0.0402040999998917
中途切换-13ffca,68.9,70.59,1.6899999999999977,0.0,0.0,0.0,0.0402040999998917
中途切换-13ffca,68.9,70.60000000000001,1.7000000000000028,0.0,0.0,0.0,0.0402040999998917
中途切换-13ffca,68.9,70.61,1.7099999999999937,0.0,0.0,0.0,0.0402040999998917
中途切换-13ffca,68.9,70.62,1.7199999999999989,0.0,0.0,0.0,0.0402040999998917
中途切换-13ffca,68.9,70.63,1.7299999999999898,0.0,0.0,0.0,0.0402040999998917
中途切换-13ffca,68.9,70.64,1.7399999999999949,0.0,0.0,0.0,0.0402040999998917
中途切换-13ffca,68.9,70.65,1.75,0.0,0.0,0.0,0.0402040999998917
中途切换-13ffca,68.9,70.66,1.759999999999991,0.0,0.0,0.0,0.0402040999998917
中途切换-13ffca,68.9,70.67,1.769999999999996,0.0,0.0,0.0,0.0402040999998917
中途切换-13ffca,68.9,70.68,1.7800000000000011,0.0,0.0,0.0,0.0402040999998917
中途切换-13ffca,68.9,70.69,1.789999999999992,0.0,0.0,0.0,0.0402040999998917
中途切换-13ffca,68.9,70.7,1.7999999999999972,0.0,0.0,0.0,0.0402040999998917
中途切换-13ffca,68.9,70.71000000000001,1.8100000000000023,0.0,0.0,0.0,0.0402040999998917
中途切换-13ffca,68.9,70.72,1.8199999999999932,0.0,0.0,0.0,0.0402040999998917
中途切换-13ffca,68.9,70.73,1.8299999999999983,0.0,0.0,0.0,0.0402040999998917
中途切换-13ffca,68.9,70.74,1.8399999999999892,0.0,0.0,0.0,0.0402040999998917
中途切换-13ffca,68.9,70.75,1.8499999999999943,0.0,0.0,0.0,0.0402040999998917
中途切换-13ffca,68.9,70.76,1.8599999999999994,0.0,0.0,0.0,0.0402040999998917
中途切换-13ffca,68.9,70.77,1.8699999999999903,0.0,0.0,0.0,0.0402040999998917
中途切换-13ffca,68.9,70.78,1.8799999999999955,0.0,0.0,0.0,0.0402040999998917
中途切换-13ffca,68.9,70.79,1.8900000000000006,0.0,0.0,0.0,0.0402040999998917
中途切换-13ffca,68.9,70.8,1.8999999999999915,0.0,0.0,0.0,0.0402040999998917
中途切换-13ffca,68.9,70.81,1.9099999999999966,0.0,0.0,0.0,0.0402040999998917
中途切换-13ffca,68.9,70.82000000000001,1.9200000000000017,0.0,0.0,0.0,0.0402040999998917
中途切换-13ffca,68.9,70.83,1.9299999999999926,0.0,0.0,0.0,0.0402040999998917
中途切换-13ffca,68.9,70.84,1.9399999999999977,0.0,0.0,0.0,0.0402040999998917
中途切换-13ffca,68.9,70.85000000000001,1.9500000000000028,0.0,0.0,0.0,0.0402040999998917
中途切换-13ffca,68.9,70.86,1.9599999999999937,0.0,0.0,0.0,0.0402040999998917
中途切换-13ffca,68.9,70.87,1.9699999999999989,0.0,0.0,0.0,0.0402040999998917
中途切换-13ffca,68.9,70.88,1.9799999999999898,0.0,0.0,0.0,0.0402040999998917
中途切换-13ffca,68.9,70.89,1.9899999999999949,0.0,0.0,0.0,0.0402040999998917
中途切换-13ffca,68.9,70.9,2.0,0.0,0.0,0.0,0.0402040999998917
中途切换-13ffca,68.9,70.91,2.009999999999991,0.0,0.0,0.0,0.0402040999998917
中途切换-13ffca,68.9,70.92,2.019999999999996,0.0,0.0,0.0,0.0402040999998917
中途切换-13ffca,68.9,70.93,2.030000000000001,0.0,0.0,0.0,0.0402040999998917
中途切换-13ffca,68.9,70.94,2.039999999999992,0.0,0.0,0.0,0.0402040999998917
中途切换-13ffca,68.9,70.95,2.049999999999997,0.0,0.0,0.0,0.0402040999998917
中途切换-13ffca,68.9,70.96000000000001,2.0600000000000023,0.0,0.0,0.0,0.0402040999998917
中途切换-13ffca,68.9,70.97,2.069999999999993,0.0,0.0,0.0,0.0402040999998917
中途切换-13ffca,68.9,70.98,2.0799999999999983,0.0,0.0,0.0,0.0402040999998917
中途切换-13ffca,68.9,70.99,2.089999999999989,0.0,0.0,0.0,0.0402040999998917
中途切换-13ffca,68.9,71.0,2.0999999999999943,0.0,0.0,0.0,0.0402040999998917
中途切换-13ffca,68.9,71.01,2.1099999999999994,0.0,0.0,0.0,0.0402040999998917
中途切换-13ffca,68.9,71.02,2.1199999999999903,0.0,0.0,0.0,0.0402040999998917
中途切换-13ffca,68.9,71.03,2.1299999999999955,0.0,0.0,0.0,0.0402040999998917
中途切换-13ffca,68.9,71.04,2.1400000000000006,0.0,0.0,0.0,0.0402040999998917
中途切换-13ffca,68.9,71.05,2.1499999999999915,0.0,0.0,0.0,0.0402040999998917
中途切换-13ffca,68.9,71.06,2.1599999999999966,0.0,0.0,0.0,0.0402040999998917
中途切换-13ffca,68.9,71.07000000000001,2.1700000000000017,0.0,0.0,0.0,0.0402040999998917
中途切换-13ffca,68.9,71.08,2.1799999999999926,0.0,0.0,0.0,0.0402040999998917
中途切换-13ffca,68.9,71.09,2.1899999999999977,0.0,0.0,0.0,0.0402040999998917
中途切换-13ffca,68.9,71.10000000000001,2.200000000000003,0.0,0.0,0.0,0.0402040999998917
中途切换-13ffca,68.9,71.11,2.2099999999999937,0.0,0.0,0.0,0.0402040999998917
中途切换-13ffca,68.9,71.12,2.219999999999999,0.0,0.0,0.0,0.0402040999998917
中途切换-13ffca,68.9,71.13,2.2299999999999898,0.0,0.0,0.0,0.0402040999998917
中途切换-13ffca,68.9,71.14,2.239999999999995,0.0,0.0,0.0,0.0402040999998917
中途切换-13ffca,68.9,71.15,2.25,0.0,0.0,0.0,0.0402040999998917
中途切换-13ffca,68.9,71.16,2.259999999999991,0.0,0.0,0.0,0.0402040999998917
中途切换-13ffca,68.9,71.17,2.269999999999996,0.0,0.0,0.0,0.0402040999998917
中途切换-13ffca,68.9,71.18,2.280000000000001,0.0,0.0,0.0,0.0402040999998917
中途切换-13ffca,68.9,71.19,2.289999999999992,0.0,0.0,0.0,0.0402040999998917
中途切换-13ffca,68.9,71.2,2.299999999999997,0.0,0.0,0.0,0.0402040999998917
中途切换-13ffca,68.9,71.21000000000001,2.3100000000000023,0.0,0.0,0.0,0.0402040999998917
中途切换-13ffca,68.9,71.22,2.319999999999993,0.0,0.0,0.0,0.0402040999998917
中途切换-13ffca,68.9,71.23,2.3299999999999983,0.0,0.0,0.0,0.0402040999998917
中途切换-13ffca,68.9,71.24,2.339999999999989,0.0,0.0,0.0,0.0402040999998917
中途切换-13ffca,68.9,71.25,2.3499999999999943,0.0,0.0,0.0,0.0402040999998917
中途切换-13ffca,68.9,71.26,2.3599999999999994,0.0,0.0,0.0,0.0402040999998917
中途切换-13ffca,68.9,71.27,2.3699999999999903,0.0,0.0,0.0,0.0402040999998917
中途切换-13ffca,68.9,71.28,2.3799999999999955,0.0,0.0,0.0,0.0402040999998917
中途切换-13ffca,68.9,71.29,2.3900000000000006,0.0,0.0,0.0,0.0402040999998917
中途切换-13ffca,68.9,71.3,2.3999999999999915,0.0,0.0,0.0,0.0402040999998917
中途切换-13ffca,68.9,71.31,2.4099999999999966,0.0,0.0,0.0,0.0402040999998917
中途切换-13ffca,68.9,71.32000000000001,2.4200000000000017,0.0,0.0,0.0,0.0402040999998917
中途切换-13ffca,68.9,71.33,2.4299999999999926,0.21900058414838286,0.0,0.0,0.0402040999998917
中途切换-13ffca,68.9,71.34,2.4399999999999977,0.7500398279462029,0.0,0.0,0.0402040999998917
中途切换-13ffca,68.9,71.35000000000001,2.450000000000003,1.281079071744023,0.0,0.0,0.0402040999998917
中途切换-13ffca,68.9,71.36,2.4599999999999937,1.8121183155410883,0.0,0.0,0.0402040999998917
中途切换-13ffca,68.9,71.37,2.469999999999999,0.0,0.10950029207419143,0.10950029207419143,0.0402040999998917
中途切换-13ffca,68.9,71.38,2.4799999999999898,0.0,0.4845202060472929,0.4845202060472929,0.0402040999998917
中途切换-13ffca,68.9,71.39,2.489999999999995,0.0,1.015559449845113,1.015559449845113,0.0402040999998917
中途切换-13ffca,68.9,71.4,2.5,0.0,1.5465986936425558,1.5465986936425558,0.0402040999998917
中途切换-13ffca,68.9,71.41,2.509999999999991,5.715316133263595,2.906059157770544,2.906059157770544,0.0402040999998917
中途切换-13ffca,68.9,71.42,2.519999999999996,5.210915235430362,4.0,4.0,0.0402040999998917
中途切换-13ffca,68.9,71.43,2.530000000000001,4.706514337597129,4.0,4.0,0.0402040999998917
中途切换-13ffca,68.9,71.44,2.539999999999992,4.202113439764612,4.0,4.0,0.0402040999998917
中途切换-13ffca,68.9,71.45,2.549999999999997,4.0,4.0,4.1010567198823065,0.0402040999998917
中途切换-13ffca,68.9,71.46000000000001,2.5600000000000023,4.0,4.0,4.45431388868087,0.0402040999998917
中途切换-13ffca,68.9,71.47,2.569999999999993,4.0,4.0,4.45431388868087,0.0402040999998917
中途切换-13ffca,68.9,71.48,2.5799999999999983,4.0,4.0,4.1010567198823065,0.0402040999998917
中途切换-13ffca,68.9,71.49,2.589999999999989,8.0,4.0,4.0,0.0402040999998917
中途切换-13ffca,68.9,71.5,2.5999999999999943,8.0,4.1010567198823065,4.0,0.0402040999998917
中途切换-13ffca,68.9,71.51,2.6099999999999994,8.0,4.45431388868087,4.0,0.0402040999998917
中途切换-13ffca,68.9,71.52,2.6199999999999903,4.0,4.958714786513745,4.0,0.0402040999998917
中途切换-13ffca,68.9,71.53,2.6299999999999955,4.0,5.463115684346979,4.0,0.0402040999998917
中途切换-13ffca,68.9,71.54,2.6400000000000006,4.0,5.857658066631798,5.0,0.0402040999998917
中途切换-13ffca,68.9,71.55,2.6499999999999915,4.0,6.0,5.0,0.0402040999998917
中途切换-13ffca,68.9,71.56,2.6599999999999966,4.0,6.0,5.0,0.0402040999998917
中途切换-13ffca,68.9,71.57000000000001,2.6700000000000017,6.0,6.0,5.0,0.0402040999998917
中途切换-13ffca,68.9,71.58,2.6799999999999926,6.0,6.0,6.0,0.0402040999998917
中途切换-13ffca,68.9,71.59,2.6899999999999977,6.0,6.0,6.0,0.0402040999998917
中途切换-13ffca,68.9,71.60000000000001,2.700000000000003,6.0,6.0,6.0,0.0402040999998917
中途切换-13ffca,68.9,71.61,2.7099999999999937,6.0,6.5,6.0,0.0402040999998917
中途切换-13ffca,68.9,71.62,2.719999999999999,6.0,7.0,6.0,0.0402040999998917
中途切换-13ffca,68.9,71.63,2.7299999999999898,6.0,7.0,6.0,0.0402040999998917
中途切换-13ffca,68.9,71.64,2.739999999999995,7.0,7.0,6.5,0.0402040999998917
中途切换-13ffca,68.9,71.65,2.75,7.0,7.5,7.0,0.0402040999998917
中途切换-13ffca,68.9,71.66,2.759999999999991,7.0,8.0,7.0,0.0402040999998917
中途切换-13ffca,68.9,71.67,2.769999999999996,7.0,8.0,7.0,0.0402040999998917
中途切换-13ffca,68.9,71.68,2.780000000000001,9.0,8.5,8.0,0.0402040999998917
中途切换-13ffca,68.9,71.69,2.789999999999992,9.0,9.0,9.0,0.0402040999998917
中途切换-13ffca,68.9,71.7,2.799999999999997,9.0,9.0,9.0,0.0402040999998917
中途切换-13ffca,68.9,71.71000000000001,2.8100000000000023,9.0,9.0,9.0,0.0402040999998917
中途切换-13ffca,68.9,71.72,2.819999999999993,11.979212972316326,10.0,10.110742069105005,0.0402040999998917
中途切换-13ffca,68.9,71.73,2.8299999999999983,11.726636694280767,11.0,11.347772277227788,0.0402040999998917
中途切换-13ffca,68.9,71.74,2.839999999999989,11.474060416245567,11.0,11.600348555263167,0.0402040999998917
中途切换-13ffca,68.9,71.75,2.8499999999999943,11.221484138210009,11.0,11.852924833298546,0.0402040999998917
中途切换-13ffca,68.9,71.76,2.8599999999999994,12.0,11.0,11.852924833298546,0.0402040999998917
中途切换-13ffca,68.9,71.77,2.8699999999999903,12.0,11.110742069105005,11.852924833298546,0.0402040999998917
中途切换-13ffca,68.9,71.78,2.8799999999999955,12.0,11.242803551409944,11.600348555263167,0.0402040999998917
中途切换-13ffca,68.9,71.79,2.8900000000000006,12.0,11.369091690427723,11.347772277227788,0.0402040999998917
中途切换-13ffca,68.9,71.8,2.8999999999999915,11.0,11.511675886396333,11.110742069105005,0.0402040999998917
中途切换-13ffca,68.9,71.81,2.9099999999999966,11.0,11.637964025413932,11.417229874241954,0.0402040999998917
中途切换-13ffca,68.9,71.82000000000001,2.9200000000000017,11.0,11.780548221382338,11.274645678273547,0.0402040999998917
中途切换-13ffca,68.9,71.83,2.9299999999999926,11.0,11.906836360400117,11.13206148230494,0.0402040999998917
中途切换-13ffca,68.9,71.84,2.9399999999999977,11.0,11.989606486158163,11.13206148230494,0.0402040999998917
中途切换-13ffca,68.9,71.85000000000001,2.950000000000003,11.834459748483908,12.0,11.13206148230494,0.0402040999998917
中途切换-13ffca,68.9,71.86,2.9599999999999937,11.549291356547096,12.0,11.406707160578488,0.0402040999998917
中途切换-13ffca,68.9,71.87,2.969999999999999,11.264122964609879,12.0,11.691875552515501,0.0402040999998917
中途切换-13ffca,68.9,71.88,2.9799999999999898,14.0,13.0,12.917229874241954,0.0402040999998917
中途切换-13ffca,68.9,71.89,2.989999999999995,14.0,14.0,14.0,0.0402040999998917
切换负载-快相无责,249.61,249.01000000000002,-0.5999999999999943,25861.328856731987,25887.721126821554,25877.52058314529,0.04020160000000032
切换负载-快相无责,249.61,249.02,-0.5900000000000034,25870.496803607817,25888.350738941852,25877.52058314529,0.04020160000000032
切换负载-快相无责,249.61,249.03,-0.5800000000000125,25879.66475048364,25888.977282777465,25877.52058314529,0.04020160000000032
切换负载-快相无责,249.61,249.04,-0.5700000000000216,25888.832697359467,25891.12422095998,25884.248723921555,0.04020160000000032
切换负载-快相无责,249.61,249.05,-0.5600000000000023,25907.674799291093,25893.56420724882,25894.778267840105,0.04020160000000032
切换负载-快相无责,249.61,249.06,-0.5500000000000114,25905.937059048512,25894.23193741373,25897.362839546942,0.04020160000000032
切换负载-快相无责,249.61,249.07,-0.5400000000000205,25904.19931880592,25894.6921306949,25897.592936187528,0.04020160000000032
切换负载-快相无责,249.61,249.08,-0.5300000000000011,25902.461578563332,25897.823032828113,25897.823032828113,0.04020160000000032
切换负载-快相无责,249.61,249.09,-0.5200000000000102,25900.72383832074,25901.468716478026,25901.592708442036,0.04020160000000032
切换负载-快相无责,249.61,249.1,-0.5100000000000193,25894.001840773144,25902.337586599322,25903.330448684625,0.04020160000000032
切换负载-快相无责,249.61,249.11,-0.5,25894.462034054315,25902.83247685742,25903.330448684625,0.04020160000000032
切换负载-快相无责,249.61,249.12,-0.4900000000000091,25894.92222733549,25903.698265409606,25903.330448684625,0.04020160000000032
切换负载-快相无责,249.61,249.13,-0.4800000000000182,25940.24209212326,25903.698265409606,25901.592708442036,0.04020160000000032
切换负载-快相无责,249.61,249.14000000000001,-0.46999999999999886,25941.740032455327,25903.698265409606,25897.823032828113,0.04020160000000032
切换负载-快相无责,249.61,249.15,-0.46000000000000796,25943.23797278738,25903.698265409606,25894.6921306949,0.04020160000000032
切换负载-快相无责,249.61,249.16,-0.45000000000001705,25944.735913119446,25903.698265409606,25894.6921306949,0.04020160000000032
切换负载-快相无责,249.61,249.17000000000002,-0.4399999999999977,25879.4116998898,25904.196237236814,25900.052581759697,0.04020160000000032
切换负载-快相无责,249.61,249.18,-0.4300000000000068,25879.912551337264,25904.691127494913,25904.688045925803,0.04020160000000032
切换负载-快相无责,249.61,249.19,-0.4200000000000159,25880.413402784732,25904.691127494913,25903.698265409606,0.04020160000000032
切换负载-快相无责,249.61,249.20000000000002,-0.4099999999999966,25880.914254232193,25904.691127494913,25902.70848489341,0.04020160000000032
切换负载-快相无责,249.61,249.21,-0.4000000000000057,25905.182936183905,25904.691127494913,25902.70848489341,0.04020160000000032
切换负载-快相无责,249.61,249.22,-0.3900000000000148,25904.193155667705,25904.691127494913,25902.70848489341,0.04020160000000032
切换负载-快相无责,249.61,249.23000000000002,-0.37999999999999545,25903.20337515151,25905.55999761621,25903.698265409606,0.04020160000000032
切换负载-快相无责,249.61,249.24,-0.37000000000000455,25902.21359463531,25905.55999761621,25904.688045925803,0.04020160000000032
切换负载-快相无责,249.61,249.25,-0.36000000000001364,25914.324708095046,25906.8059291698,25909.753822139475,0.04020160000000032
切换负载-快相无责,249.61,249.26000000000002,-0.3499999999999943,25924.96195329575,25910.07447602746,25919.6433306954,0.04020160000000032
切换负载-快相无责,249.61,249.27,-0.3400000000000034,25935.599198496428,25913.399430429436,25930.28057589609,0.04020160000000032
切换负载-快相无责,249.61,249.28,-0.3300000000000125,25946.236443697097,25917.51404103778,25936.549392954556,0.04020160000000032
切换负载-快相无责,249.61,249.29,-0.3200000000000216,25939.50676866115,25922.83266363813,25937.83411762076,0.04020160000000032
切换负载-快相无责,249.61,249.3,-0.3100000000000023,25938.837708244988,25922.83266363813,25938.503178036914,0.04020160000000032
切换负载-快相无责,249.61,249.31,-0.30000000000001137,25938.16864782884,25922.83266363813,25939.17223845307,0.04020160000000032
切换负载-快相无责,249.61,249.32,-0.29000000000002046,25937.499587412683,25922.83266363813,25942.871606179124,0.04020160000000032
切换负载-快相无责,249.61,249.33,-0.28000000000000114,26174.709726886227,25922.83266363813,25942.871606179124,0.04020160000000032
切换负载-快相无责,249.61,249.34,-0.27000000000001023,26165.45609814152,25922.83266363813,25939.17223845307,0.04020160000000032
切换负载-快相无责,249.61,249.35,-0.2600000000000193,26156.20246939681,25922.83266363813,25938.503178036914,0.04020160000000032
切换负载-快相无责,249.61,249.36,-0.25,26146.948840652072,25922.83266363813,25937.83411762076,0.04020160000000032
切换负载-快相无责,249.61,249.37,-0.2400000000000091,25890.386675971095,25922.83266363813,25969.394514420845,0.04020160000000032
切换负载-快相无责,249.61,249.38,-0.2300000000000182,25882.602694867684,25922.83266363813,26002.164944843462,0.04020160000000032
切换负载-快相无责,249.61,249.39000000000001,-0.21999999999999886,25874.818713764256,25919.527772386842,26002.164944843462,0.04020160000000032
切换负载-快相无责,249.61,249.4,-0.21000000000000796,25867.03473266085,25916.338439444105,26002.164944843462,0.04020160000000032
切换负载-快相无责,249.61,249.41,-0.20000000000001705,26001.289441429006,25913.399430429436,25965.111018313106,0.04020160000000032
切换负载-快相无责,249.61,249.42000000000002,-0.18999999999999773,26003.040448257918,25910.255285926338,25924.81798458886,0.04020160000000032
切换负载-快相无责,249.61,249.43,-0.18000000000000682,26004.791455086826,25910.255285926338,25924.81798458886,0.04020160000000032
切换负载-快相无责,249.61,249.44,-0.17000000000001592,26006.542461915735,25910.255285926338,25924.81798458886,0.04020160000000032
切换负载-快相无责,249.61,249.45000000000002,-0.1599999999999966,25928.932595197206,25910.255285926338,25937.629280218353,0.04020160000000032
切换负载-快相无责,249.61,249.46,-0.15000000000000568,25920.703373980516,25910.255285926338,25950.700163303147,0.04020160000000032
切换负载-快相无责,249.61,249.47,-0.14000000000001478,25912.474152763825,25910.255285926338,25950.700163303147,0.04020160000000032
切换负载-快相无责,249.61,249.48000000000002,-0.12999999999999545,25904.244931547113,25910.255285926338,25942.65481972062,0.04020160000000032
切换负载-快相无责,249.61,249.49,-0.12000000000000455,25946.3259652395,25910.255285926338,25933.958134699475,0.04020160000000032
切换负载-快相无责,249.61,249.5,-0.11000000000001364,25955.074361366795,25910.255285926338,25928.800258847332,0.04020160000000032
切换负载-快相无责,249.61,249.51000000000002,-0.09999999999999432,25963.822757494116,25906.140675317984,25924.685648238985,0.04020160000000032
切换负载-快相无责,249.61,249.52,-0.09000000000000341,25938.983674201743,25900.98279946584,25923.510046645308,0.04020160000000032
切换负载-快相无责,249.61,249.53,-0.0800000000000125,25928.667922497454,25894.05367167783,25923.510046645308,0.04020160000000032
切换负载-快相无责,249.61,249.54,-0.0700000000000216,25918.352170793165,25886.49468541939,25923.510046645308,0.04020160000000032
切换负载-快相无责,249.61,249.55,-0.060000000000002274,25908.03641908885,25878.71070431597,25913.194294941008,0.04020160000000032
切换负载-快相无责,249.61,249.56,-0.05000000000001137,25897.720667384565,25873.497692102887,25902.878543236708,0.04020160000000032
切换负载-快相无责,249.61,249.57,-0.040000000000020464,25872.176670441517,25869.605701551183,25884.948668913043,0.04020160000000032
切换负载-快相无责,249.61,249.58,-0.030000000000001137,25857.897286917258,25862.466009789052,25865.03697867939,0.04020160000000032
切换负载-快相无责,249.61,249.59,-0.020000000000010232,25843.61790339305,25850.757595155155,25850.757595155155,0.04020160000000032
切换负载-快相无责,249.61,249.6,-0.010000000000019327,25829.338519868827,25836.478211630936,25836.478211630936,0.04020160000000032
切换负载-快相无责,249.61,249.61,0.0,23753.028947316543,24791.183733592683,24791.183733592683,0.04020160000000032
切换负载-快相无责,249.61,249.62,0.009999999999990905,22332.902031255442,23042.96548928599,23042.96548928599,0.04020160000000032
切换负载-快相无责,249.61,249.63,0.01999999999998181,20912.775115194338,21622.83857322489,21622.83857322489,0.04020160000000032
切换负载-快相无责,249.61,249.64000000000001,0.030000000000001137,57.19588773431357,10484.985501464325,10484.985501464325,0.04020160000000032
切换负载-快相无责,249.61,249.65,0.03999999999999204,51.42272848388073,54.30930810909715,54.30930810909715,0.04020160000000032
切换负载-快相无责,249.61,249.66,0.04999999999998295,45.649569233447885,48.536148858664305,48.536148858664305,0.04020160000000032
切换负载-快相无责,249.61,249.67000000000002,0.060000000000002274,39.87640998299864,42.762989608223265,42.762989608223265,0.04020160000000032
切换负载-快相无责,249.61,249.68,0.06999999999999318,34.10325073256579,36.98983035778221,36.98983035778221,0.04020160000000032
切换负载-快相无责,249.61,249.69,0.07999999999998408,23.077477271401857,31.01745779013998,28.590364001983822,0.04020160000000032
切换负载-快相无责,249.61,249.70000000000002,0.09000000000000341,21.933901309355996,27.80764460760713,22.505689290378925,0.04020160000000032
切换负载-快相无责,249.61,249.71,0.09999999999999432,20.79032534731338,27.559604127393058,21.362113328334686,0.04020160000000032
切换负载-快相无责,249.61,249.72,0.10999999999998522,17.0,27.559604127393058,18.895162673656692,0.04020160000000032
切换负载-快相无责,249.61,249.73000000000002,0.12000000000000455,17.0,27.559604127393058,17.0,0.04020160000000032
切换负载-快相无责,249.61,249.74,0.12999999999999545,17.0,27.559604127393058,17.0,0.04020160000000032
切换负载-快相无责,249.61,249.75,0.13999999999998636,17.0,27.559604127393058,17.0,0.04020160000000032
切换负载-快相无责,249.61,249.76000000000002,0.15000000000000568,15.863996827861836,27.559604127393058,16.43199841393092,0.04020160000000032
切换负载-快相无责,249.61,249.77,0.1599999999999966,15.368358445625773,27.559604127393058,15.616177636743805,0.04020160000000032
切换负载-快相无责,249.61,249.78,0.1699999999999875,14.87272006338971,27.559604127393058,15.120539254507742,0.04020160000000032
切换负载-快相无责,249.61,249.79,0.1799999999999784,14.377081681153651,27.559604127393058,14.624900872271681,0.04020160000000032
切换负载-快相无责,249.61,249.8,0.18999999999999773,5.641436062181794,27.559604127393058,10.009258871667722,0.04020160000000032
切换负载-快相无责,249.61,249.81,0.19999999999998863,4.136129857760425,27.559604127393058,4.88878295997111,0.04020160000000032
切换负载-快相无责,249.61,249.82,0.20999999999997954,2.630823653339057,27.559604127393058,3.383476755549741,0.04020160000000032
切换负载-快相无责,249.61,249.83,0.21999999999999886,1.12551744891341,27.559604127393058,1.8781705511262334,0.04020160000000032
切换负载-快相无责,249.61,249.84,0.22999999999998977,0.0,27.559604127393058,0.562758724456705,0.04020160000000032
切换负载-快相无责,249.61,249.85,0.23999999999998067,0.0,27.559604127393058,0.562758724456705,0.04020160000000032
切换负载-快相无责,249.61,249.86,0.25,0.0,27.559604127393058,0.562758724456705,0.04020160000000032
切换负载-快相无责,249.61,249.87,0.2599999999999909,0.0,27.559604127393058,0.562758724456705,0.04020160000000032
切换负载-快相无责,249.61,249.88,0.2699999999999818,0.0,27.559604127393058,0.562758724456705,0.04020160000000032
切换负载-快相无责,249.61,249.89000000000001,0.28000000000000114,23.83102374703813,27.559604127393058,11.610280202671031,0.04020160000000032
切换负载-快相无责,249.61,249.9,0.28999999999999204,23.525792076190097,27.559604127393058,23.373176240766078,0.04020160000000032
切换负载-快相无责,249.61,249.91,0.29999999999998295,23.220560405342063,27.559604127393058,23.678407911614116,0.04020160000000032
切换负载-快相无责,249.61,249.92000000000002,0.3100000000000023,27.931664847714167,27.559604127393058,25.509283577054685,0.04020160000000032
切换负载-快相无责,249.61,249.93,0.3199999999999932,27.683624367500094,27.559604127393058,27.31156364717863,0.04020160000000032
切换负载-快相无责,249.61,249.94,0.3299999999999841,27.43558388728602,27.559604127393058,27.559604127393058,0.04020160000000032
切换负载-快相无责,249.61,249.95000000000002,0.3400000000000034,27.18754340707124,27.80764460760713,27.80764460760713,0.04020160000000032
切换负载-快相无责,249.61,249.96,0.3499999999999943,29.163391162942787,28.547528005328477,28.547528005328477,0.04020160000000032
切换负载-快相无责,249.61,249.97,0.3599999999999852,29.841081593958688,29.50223637845074,29.50223637845074,0.04020160000000032
切换负载-快相无责,249.61,249.98000000000002,0.37000000000000455,30.518772024976514,30.179926809467602,30.179926809467602,0.04020160000000032
切换负载-快相无责,249.61,249.99,0.37999999999999545,31.19646245599241,30.857617240484462,30.857617240484462,0.04020160000000032
切换负载-快相无责,249.61,250.0,0.38999999999998636,31.874152887008314,31.535307671500362,31.535307671500362,0.04020160000000032
切换负载-快相无责,249.61,250.01000000000002,0.4000000000000057,32.23301527266084,32.05358407983458,32.05358407983458,0.04020160000000032
切换负载-快相无责,249.61,250.02,0.4099999999999966,32.51955643429662,32.376285853478734,32.376285853478734,0.04020160000000032
切换负载-快相无责,249.61,250.03,0.4199999999999875,32.8060975959324,32.66282701511451,32.66282701511451,0.04020160000000032
切换负载-快相无责,249.61,250.04,0.4299999999999784,34.12664544778031,33.46637152185636,33.46637152185636,0.04020160000000032
切换负载-快相无责,249.61,250.05,0.4399999999999977,34.51958819601242,34.32311682189636,34.32311682189636,0.04020160000000032
切换负载-快相无责,249.61,250.06,0.44999999999998863,34.912530944243414,34.71605957012792,34.71605957012792,0.04020160000000032
切换负载-快相无责,249.61,250.07,0.45999999999997954,35.3054736924744,35.109002318358904,35.109002318358904,0.04020160000000032
切换负载-快相无责,249.61,250.08,0.46999999999999886,35.69841644070651,35.50194506659045,35.50194506659045,0.04020160000000032
切换负载-快相无责,249.61,250.09,0.47999999999998977,36.05098887514889,35.8747026579277,35.8747026579277,0.04020160000000032
切换负载-快相无责,249.61,250.1,0.4899999999999807,36.27171993642702,36.161354405787954,36.161354405787954,0.04020160000000032
切换负载-快相无责,249.61,250.11,0.5,36.492450997705774,36.382085467066396,36.382085467066396,0.04020160000000032
切换负载-快相无责,249.61,250.12,0.5099999999999909,36.713182058983904,36.60281652834484,36.60281652834484,0.04020160000000032
切换负载-快相无责,249.61,250.13,0.5199999999999818,36.933913120262034,36.82354758962297,36.82354758962297,0.04020160000000032
切换负载-快相无责,249.61,250.14000000000001,0.5300000000000011,39.940631579014216,38.43727234963812,38.43727234963812,0.04020160000000032
切换负载-快相无责,249.61,250.15,0.539999999999992,44.151157894748266,41.97031578950711,41.97031578950711,0.04020160000000032
切换负载-快相无责,249.61,250.16,0.549999999999983,44.0,44.0,44.0,0.04020160000000032
切换负载-快相无责,249.61,250.17000000000002,0.5600000000000023,44.0,44.0,44.0,0.04020160000000032
切换负载-快相无责,249.61,250.18,0.5699999999999932,44.0,44.0,44.0,0.04020160000000032
切换负载-快相无责,249.61,250.19,0.5799999999999841,44.0,44.07557894737413,44.07557894737413,0.04020160000000032
切换负载-快相无责,249.61,250.20000000000002,0.5900000000000034,54.93556560185205,48.07557894737413,48.07557894737413,0.04020160000000032
切换负载-快相无责,249.61,250.21,0.5999999999999943,54.68716776788697,52.0,52.0,0.04020160000000032
切换负载-快相无责,249.61,250.22,0.6099999999999852,54.43876993392188,52.0,52.0,0.04020160000000032
切换负载-快相无责,249.61,250.23000000000002,0.6200000000000045,54.19037209995609,52.0,52.0,0.04020160000000032
切换负载-快相无责,249.61,250.24,0.6299999999999955,52.0,52.0,52.0,0.04020160000000032
切换负载-快相无责,249.61,250.25,0.6399999999999864,52.0,52.04979852251306,52.04979852251306,0.04020160000000032
切换负载-快相无责,249.61,250.26000000000002,0.6500000000000057,52.0,52.267494963088,52.04979852251306,0.04020160000000032
切换负载-快相无责,249.61,250.27,0.6599999999999966,52.0,52.60329079921128,52.04979852251306,0.04020160000000032
切换负载-快相无责,249.61,250.28,0.6699999999999875,52.0,53.480780408614386,52.04979852251306,0.04020160000000032
切换负载-快相无责,249.61,250.29,0.6799999999999784,52.099597045026115,54.314571016938984,52.04979852251306,0.04020160000000032
切换负载-快相无责,249.61,250.3,0.6899999999999977,52.43539288114987,54.562968850904426,52.267494963088,0.04020160000000032
切换负载-快相无责,249.61,250.31,0.6999999999999886,52.77118871727268,54.81136668486951,52.60329079921128,0.04020160000000032
切换负载-快相无责,249.61,250.32,0.7099999999999795,57.07839020121801,56.00697790153503,54.924789459245346,0.04020160000000032
切换负载-快相无责,249.61,250.33,0.7199999999999989,57.32835895513096,57.20337457817449,57.20337457817449,0.04020160000000032
切换负载-快相无责,249.61,250.34,0.7299999999999898,57.578327709043194,57.45334333208707,57.45334333208707,0.04020160000000032
切换负载-快相无责,249.61,250.35,0.7399999999999807,57.82829646295542,57.70331208599931,57.70331208599931,0.04020160000000032
切换负载-快相无责,249.61,250.36,0.75,60.0,58.45075217539477,58.91414823147771,0.04020160000000032
切换负载-快相无责,249.61,250.37,0.7599999999999909,60.0,59.21426354839683,60.0,0.04020160000000032
切换负载-快相无责,249.61,250.38,0.7699999999999818,60.0,59.49637486952267,60.0,0.04020160000000032
切换负载-快相无责,249.61,250.39000000000001,0.7800000000000011,60.0,59.77848619064851,60.0,0.04020160000000032
切换负载-快相无责,249.61,250.4,0.789999999999992,60.0,59.95977092560561,60.0,0.04020160000000032
切换负载-快相无责,249.61,250.41,0.799999999999983,60.0,60.0,60.0,0.04020160000000032
切换负载-快相无责,249.61,250.42000000000002,0.8100000000000023,60.0,60.0,60.0,0.04020160000000032
切换负载-快相无责,249.61,250.43,0.8199999999999932,60.0,60.0,60.0,0.04020160000000032
切换负载-快相无责,249.61,250.44,0.8299999999999841,61.0,60.0,60.065684083666426,0.04020160000000032
切换负载-快相无责,249.61,250.45000000000002,0.8400000000000034,61.0,60.0,60.38245411404894,0.04020160000000032
切换负载-快相无责,249.61,250.46,0.8499999999999943,61.0,60.0,60.816770030382514,0.04020160000000032
切换负载-快相无责,249.61,250.47,0.8599999999999852,61.0,60.0,61.0,0.04020160000000032
切换负载-快相无责,249.61,250.48000000000002,0.8700000000000045,60.13136816733285,60.0,61.0,0.04020160000000032
切换负载-快相无责,249.61,250.49,0.8799999999999955,60.63354006076503,60.0,61.0,0.04020160000000032
切换负载-快相无责,249.61,250.5,0.8899999999999864,61.13571195419722,60.0,61.0,0.04020160000000032
切换负载-快相无责,249.61,250.51000000000002,0.9000000000000057,61.63788384763083,60.0,61.0,0.04020160000000032
切换负载-快相无责,249.61,250.52,0.9099999999999966,61.869321184973444,60.0,60.93127532656045,0.04020160000000032
切换负载-快相无责,249.61,250.53,0.9199999999999875,61.365935919047175,60.0,60.74804535694297,0.04020160000000032
切换负载-快相无责,249.61,250.54,0.9299999999999784,60.862550653120906,60.0,60.74804535694297,0.04020160000000032
切换负载-快相无责,249.61,250.55,0.9399999999999977,60.3591653871932,60.0,60.61085802015705,0.04020160000000032
切换负载-快相无责,249.61,250.56,0.9499999999999886,59.91954185121122,60.0,60.1795826935966,0.04020160000000032
切换负载-快相无责,249.61,250.57,0.9599999999999795,59.63743053008579,60.0,60.0,0.04020160000000032
切换负载-快相无责,249.61,250.58,0.9699999999999989,59.35531920895954,60.0,60.0,0.04020160000000032
切换负载-快相无责,249.61,250.59,0.9799999999999898,59.07320788783411,60.0,60.0,0.04020160000000032
切换负载-快相无责,249.61,250.6,0.9899999999999807,60.0,60.0,60.0,0.04020160000000032
切换负载-快相无责,249.61,250.61,1.0,60.0,60.0,60.0,0.04020160000000032
切换负载-快相无责,249.61,250.62,1.009999999999991,60.0,60.0,60.0,0.04020160000000032
切换负载-快相无责,249.61,250.63,1.0199999999999818,60.0,60.0,60.0,0.04020160000000032
切换负载-快相无责,249.61,250.64000000000001,1.0300000000000011,60.0,60.0,60.0,0.04020160000000032
切换负载-快相无责,249.61,250.65,1.039999999999992,60.0,60.0,60.0,0.04020160000000032
切换负载-快相无责,249.61,250.66,1.049999999999983,60.0,60.0,60.0,0.04020160000000032
切换负载-快相无责,249.61,250.67000000000002,1.0600000000000023,60.0,60.0,60.0,0.04020160000000032
切换负载-快相无责,249.61,250.68,1.0699999999999932,60.0,60.0,60.0,0.04020160000000032
切换负载-快相无责,249.61,250.69,1.079999999999984,60.0,60.0,60.0,0.04020160000000032
切换负载-快相无责,249.61,250.70000000000002,1.0900000000000034,60.0,60.0,60.0,0.04020160000000032
切换负载-快相无责,249.61,250.71,1.0999999999999943,60.0,60.0,60.0,0.04020160000000032
切换负载-快相无责,249.61,250.72,1.1099999999999852,60.0,59.976692410245974,60.0,0.04020160000000032
切换负载-快相无责,249.61,250.73000000000002,1.1200000000000045,60.0,59.95268791642815,60.0,0.04020160000000032
切换负载-快相无责,249.61,250.74,1.1299999999999955,60.0,59.93576643178779,60.0,0.04020160000000032
切换负载-快相无责,249.61,250.75,1.1399999999999864,60.0,59.9277386812347,60.0,0.04020160000000032
切换负载-快相无责,249.61,250.76000000000002,1.1500000000000057,59.198686825478404,59.9277386812347,59.976692410245974,0.04020160000000032
切换负载-快相无责,249.61,250.77,1.1599999999999966,59.45025282381625,59.9277386812347,59.827601821323015,0.04020160000000032
切换负载-快相无责,249.61,250.78,1.1699999999999875,59.701818822154095,59.9277386812347,59.70207655625376,0.04020160000000032
切换负载-快相无责,249.61,250.79,1.1799999999999784,59.95338482049194,59.9277386812347,59.70207655625376,0.04020160000000032
切换负载-快相无责,249.61,250.8,1.1899999999999977,59.20302084633296,59.9277386812347,59.6492339922227,0.04020160000000032
切换负载-快相无责,249.61,250.81,1.1999999999999886,59.45267756834319,59.9277386812347,59.524663365317245,0.04020160000000032
切换负载-快相无责,249.61,250.82,1.2099999999999795,59.70233429035342,59.94396326181127,59.524663365317245,0.04020160000000032
切换负载-快相无责,249.61,250.83,1.2199999999999989,59.95199101236436,59.95268791642815,59.524663365317245,0.04020160000000032
切换负载-快相无责,249.61,250.84,1.2299999999999898,59.5966491622913,59.976692410245974,59.327849207338076,0.04020160000000032
切换负载-快相无责,249.61,250.85,1.2399999999999807,59.09652413102527,60.0,59.14977248867912,0.04020160000000032
切换负载-快相无责,249.61,250.86,1.25,58.59639909975782,60.0,59.04826206551263,0.04020160000000032
切换负载-快相无责,249.61,250.87,1.259999999999991,58.09627406849179,60.0,59.0,0.04020160000000032
切换负载-快相无责,249.61,250.88,1.2699999999999818,59.0,60.0,59.0,0.04020160000000032
切换负载-快相无责,249.61,250.89000000000001,1.2800000000000011,59.0,60.0,59.0,0.04020160000000032
切换负载-快相无责,249.61,250.9,1.289999999999992,59.0,60.0,59.0,0.04020160000000032
切换负载-快相无责,249.61,250.91,1.299999999999983,59.0,60.0,59.0,0.04020160000000032
切换负载-快相无责,249.61,250.92000000000002,1.3100000000000023,59.0,60.0,59.0,0.04020160000000032
切换负载-快相无责,249.61,250.93,1.3199999999999932,59.0,60.0,59.0,0.04020160000000032
切换负载-快相无责,249.61,250.94,1.329999999999984,59.0,60.0,59.0,0.04020160000000032
切换负载-快相无责,249.61,250.95000000000002,1.3400000000000034,59.0,60.0,59.0,0.04020160000000032
切换负载-快相无责,249.61,250.96,1.3499999999999943,59.187227033359434,60.0,59.09361351667972,0.04020160000000032
切换负载-快相无责,249.61,250.97,1.3599999999999852,59.43679652599211,60.0,59.31201177967577,0.04020160000000032
切换负载-快相无责,249.61,250.98000000000002,1.3700000000000045,59.6863660186255,60.0,59.5615812723088,0.04020160000000032
切换负载-快相无责,249.61,250.99,1.3799999999999955,59.93593551125818,60.0,59.81115076494184,0.04020160000000032
切换负载-快相无责,249.61,251.0,1.3899999999999864,60.0,60.0,59.96796775562909,0.04020160000000032
切换负载-快相无责,249.61,251.01000000000002,1.4000000000000057,60.0,60.0,60.0,0.04020160000000032
切换负载-快相无责,249.61,251.02,1.4099999999999966,60.0,60.0,60.0,0.04020160000000032
切换负载-快相无责,249.61,251.03,1.4199999999999875,60.0,60.0,60.0,0.04020160000000032
切换负载-快相无责,249.61,251.04,1.4299999999999784,60.0,60.0,60.0,0.04020160000000032
切换负载-快相无责,249.61,251.05,1.4399999999999977,60.0,60.0,60.0,0.04020160000000032
切换负载-快相无责,249.61,251.06,1.4499999999999886,60.0,60.0,60.0,0.04020160000000032
切换负载-快相无责,249.61,251.07,1.4599999999999795,60.0,60.0,60.0,0.04020160000000032
切换负载-快相无责,249.61,251.08,1.4699999999999989,61.0,60.0,60.5,0.04020160000000032
切换负载-快相无责,249.61,251.09,1.4799999999999898,61.0,60.0,61.0,0.04020160000000032
切换负载-快相无责,249.61,251.1,1.4899999999999807,61.0,60.0,61.0,0.04020160000000032
切换负载-快相无责,249.61,251.11,1.5,61.0,60.0,61.0,0.04020160000000032
切换负载-快相无责,249.61,251.12,1.509999999999991,61.0,60.0,61.0,0.04020160000000032
切换负载-快相无责,249.61,251.13,1.5199999999999818,61.0,60.0,61.0,0.04020160000000032
切换负载-快相无责,249.61,251.14000000000001,1.5300000000000011,60.0,60.0,60.5,0.04020160000000032
切换负载-快相无责,249.61,251.15,1.539999999999992,60.0,60.0,60.0,0.04020160000000032
切换负载-快相无责,249.61,251.16,1.549999999999983,60.0,60.0,60.0,0.04020160000000032
切换负载-快相无责,249.61,251.17000000000002,1.5600000000000023,60.0,60.0,60.0,0.04020160000000032
切换负载-快相无责,249.61,251.18,1.5699999999999932,60.0,60.0,60.0,0.04020160000000032
切换负载-快相无责,249.61,251.19,1.579999999999984,60.0,60.0,60.0,0.04020160000000032
切换负载-快相无责,249.61,251.20000000000002,1.5900000000000034,60.0,60.0,60.0,0.04020160000000032
切换负载-快相无责,249.61,251.21,1.5999999999999943,60.0,60.0,60.0,0.04020160000000032
切换负载-快相无责,249.61,251.22,1.6099999999999852,60.0,60.0,60.0,0.04020160000000032
切换负载-快相无责,249.61,251.23000000000002,1.6200000000000045,60.0,60.0,60.0,0.04020160000000032
切换负载-快相无责,249.61,251.24,1.6299999999999955,60.0,60.0,60.0,0.04020160000000032
切换负载-快相无责,249.61,251.25,1.6399999999999864,60.0,60.0,60.0,0.04020160000000032
切换负载-快相无责,249.61,251.26000000000002,1.6500000000000057,60.0,60.0,60.0,0.04020160000000032
切换负载-快相无责,249.61,251.27,1.6599999999999966,60.0,60.0,60.0,0.04020160000000032
切换负载-快相无责,249.61,251.28,1.6699999999999875,60.0,60.0,60.0,0.04020160000000032
切换负载-快相无责,249.61,251.29,1.6799999999999784,60.0,60.0,60.0,0.04020160000000032
切换负载-快相无责,249.61,251.3,1.6899999999999977,60.0,60.0,60.0,0.04020160000000032
切换负载-快相无责,249.61,251.31,1.6999999999999886,60.0,60.0,60.0,0.04020160000000032
切换负载-快相无责,249.61,251.32,1.7099999999999795,60.0,60.0,60.0,0.04020160000000032
切换负载-快相无责,249.61,251.33,1.7199999999999989,60.0,60.0,60.0,0.04020160000000032
切换负载-快相无责,249.61,251.34,1.7299999999999898,60.0,60.0,60.0,0.04020160000000032
切换负载-快相无责,249.61,251.35,1.7399999999999807,60.0,60.0,60.0,0.04020160000000032
切换负载-快相无责,249.61,251.36,1.75,60.0,60.0,60.0,0.04020160000000032
切换负载-快相无责,249.61,251.37,1.759999999999991,60.0,60.0,60.0,0.04020160000000032
切换负载-快相无责,249.61,251.38,1.7699999999999818,60.0,60.0,60.0,0.04020160000000032
切换负载-快相无责,249.61,251.39000000000001,1.7800000000000011,60.0,60.0,60.0,0.04020160000000032
切换负载-快相无责,249.61,251.4,1.789999999999992,60.0,60.0,60.0,0.04020160000000032
切换负载-快相无责,249.61,251.41,1.799999999999983,60.0,60.0,60.0,0.04020160000000032
切换负载-快相无责,249.61,251.42000000000002,1.8100000000000023,60.0,60.0,60.0,0.04020160000000032
切换负载-快相无责,249.61,251.43,1.8199999999999932,60.0,60.0,60.0,0.04020160000000032
切换负载-快相无责,249.61,251.44,1.829999999999984,60.0,60.0,60.0,0.04020160000000032
切换负载-快相无责,249.61,251.45000000000002,1.8400000000000034,60.0,60.0,60.0,0.04020160000000032
切换负载-快相无责,249.61,251.46,1.8499999999999943,60.0,60.0,60.0,0.04020160000000032
切换负载-快相无责,249.61,251.47,1.8599999999999852,60.0,60.0,60.0,0.04020160000000032
切换负载-快相无责,249.61,251.48000000000002,1.8700000000000045,60.0,60.0,60.0,0.04020160000000032
切换负载-快相无责,249.61,251.49,1.8799999999999955,60.0,60.0,60.0,0.04020160000000032
切换负载-快相无责,249.61,251.5,1.8899999999999864,60.0,60.0,60.0,0.04020160000000032
切换负载-快相无责,249.61,251.51000000000002,1.9000000000000057,60.0,60.0,60.0,0.04020160000000032
切换负载-快相无责,249.61,251.52,1.9099999999999966,60.0,60.0,60.0,0.04020160000000032
切换负载-快相无责,249.61,251.53,1.9199999999999875,60.0,60.0,60.0,0.04020160000000032
切换负载-快相无责,249.61,251.54,1.9299999999999784,60.0,60.0,60.0,0.04020160000000032
切换负载-快相无责,249.61,251.55,1.9399999999999977,60.0,60.0,60.0,0.04020160000000032
切换负载-快相无责,249.61,251.56,1.9499999999999886,60.0,60.0,60.0,0.04020160000000032
切换负载-快相无责,249.61,251.57,1.9599999999999795,60.0,60.0,60.0,0.04020160000000032
切换负载-快相无责,249.61,251.58,1.9699999999999989,60.0,60.0,60.0,0.04020160000000032
切换负载-快相无责,249.61,251.59,1.9799999999999898,60.0,60.0,60.0,0.04020160000000032
切换负载-快相无责,249.61,251.6,1.9899999999999807,59.5968027975605,60.0,60.0,0.04020160000000032
切换负载-快相无责,249.61,251.61,2.0,59.09723991508156,60.0,60.0,0.04020160000000032
切换负载-快相无责,249.61,251.62,2.009999999999991,58.59767703260405,60.0,60.0,0.04020160000000032
切换负载-快相无责,249.61,251.63,2.019999999999982,58.098114150126534,60.0,60.0,0.04020160000000032
切换负载-快相无责,249.61,251.64000000000001,2.030000000000001,60.0,60.0,60.0,0.04020160000000032
切换负载-快相无责,249.61,251.65,2.039999999999992,60.0,60.0,60.0,0.04020160000000032
切换负载-快相无责,249.61,251.66,2.049999999999983,60.0,60.0,60.0,0.04020160000000032
切换负载-快相无责,249.61,251.67000000000002,2.0600000000000023,60.0,60.0,60.0,0.04020160000000032
切换负载-快相无责,249.61,251.68,2.069999999999993,60.0,60.0,60.0,0.04020160000000032
切换负载-快相无责,249.61,251.69,2.079999999999984,60.0,60.0,60.0,0.04020160000000032
切换负载-快相无责,249.61,251.70000000000002,2.0900000000000034,60.0,60.0,60.0,0.04020160000000032
切换负载-快相无责,249.61,251.71,2.0999999999999943,60.0,60.0,60.0,0.04020160000000032
切换负载-快相无责,249.61,251.72,2.109999999999985,60.0,60.0,60.0,0.04020160000000032
切换负载-快相无责,249.61,251.73000000000002,2.1200000000000045,60.0,60.0,60.0,0.04020160000000032
切换负载-快相无责,249.61,251.74,2.1299999999999955,60.0,60.0,60.0,0.04020160000000032
切换负载-快相无责,249.61,251.75,2.1399999999999864,60.0,60.0,60.0,0.04020160000000032
切换负载-快相无责,249.61,251.76000000000002,2.1500000000000057,60.0,60.0,60.0,0.04020160000000032
切换负载-快相无责,249.61,251.77,2.1599999999999966,60.0,60.0,60.0,0.04020160000000032
切换负载-快相无责,249.61,251.78,2.1699999999999875,60.0,60.0,60.0,0.04020160000000032
切换负载-快相无责,249.61,251.79,2.1799999999999784,60.0,60.0,60.0,0.04020160000000032
切换负载-快相无责,249.61,251.8,2.1899999999999977,60.0,60.0,60.0,0.04020160000000032
切换负载-快相无责,249.61,251.81,2.1999999999999886,60.0,60.0,60.0,0.04020160000000032
切换负载-快相无责,249.61,251.82,2.2099999999999795,60.0,60.0,60.0,0.04020160000000032
切换负载-快相无责,249.61,251.83,2.219999999999999,61.0,60.0,60.0,0.04020160000000032
切换负载-快相无责,249.61,251.84,2.2299999999999898,61.0,60.0,60.0,0.04020160000000032
切换负载-快相无责,249.61,251.85,2.2399999999999807,61.0,60.0,60.0,0.04020160000000032
切换负载-快相无责,249.61,251.86,2.25,61.0,60.0,60.0,0.04020160000000032
切换负载-快相无责,249.61,251.87,2.259999999999991,60.0,60.0,60.0,0.04020160000000032
切换负载-快相无责,249.61,251.88,2.269999999999982,60.0,60.0,60.0,0.04020160000000032
切换负载-快相无责,249.61,251.89000000000001,2.280000000000001,60.0,60.0,60.0,0.04020160000000032
切换负载-快相无责,249.61,251.9,2.289999999999992,60.0,60.0,60.0,0.04020160000000032
切换负载-快相无责,249.61,251.91,2.299999999999983,60.0,60.0,60.0,0.04020160000000032
切换负载-快相无责,249.61,251.92000000000002,2.3100000000000023,60.0,60.0,60.0,0.04020160000000032
切换负载-快相无责,249.61,251.93,2.319999999999993,60.0,60.0,60.0,0.04020160000000032
切换负载-快相无责,249.61,251.94,2.329999999999984,60.0,60.0,60.0,0.04020160000000032
切换负载-快相无责,249.61,251.95000000000002,2.3400000000000034,60.0,60.0,60.0,0.04020160000000032
切换负载-快相无责,249.61,251.96,2.3499999999999943,60.0,60.0,60.0,0.04020160000000032
切换负载-快相无责,249.61,251.97,2.359999999999985,60.0,60.0,60.0,0.04020160000000032
切换负载-快相无责,249.61,251.98000000000002,2.3700000000000045,60.0,60.0,60.0,0.04020160000000032
切换负载-快相无责,249.61,251.99,2.3799999999999955,60.0,60.0,60.0,0.04020160000000032
切换负载-快相无责,249.61,252.0,2.3899999999999864,60.0,60.0,60.0,0.04020160000000032
切换负载-快相无责,249.61,252.01000000000002,2.4000000000000057,60.0,60.0,60.0,0.04020160000000032
切换负载-快相无责,249.61,252.02,2.4099999999999966,60.0,60.0,60.0,0.04020160000000032
切换负载-快相无责,249.61,252.03,2.4199999999999875,60.0,60.0,60.0,0.04020160000000032
切换负载-快相无责,249.61,252.04,2.4299999999999784,60.0,60.0,60.0,0.04020160000000032
切换负载-快相无责,249.61,252.05,2.4399999999999977,60.0,60.0,60.0,0.04020160000000032
切换负载-快相无责,249.61,252.06,2.4499999999999886,60.0,60.0,60.0,0.04020160000000032
切换负载-快相无责,249.61,252.07,2.4599999999999795,60.92274290303878,60.0,60.0,0.04020160000000032
切换负载-快相无责,249.61,252.08,2.469999999999999,60.67174518711623,60.0,60.0,0.04020160000000032
切换负载-快相无责,249.61,252.09,2.4799999999999898,60.42074747119439,60.0,60.0,0.04020160000000032
切换负载-快相无责,249.61,252.1,2.4899999999999807,60.16974975527255,60.0,60.0,0.04020160000000032
切换负载-快相无责,249.61,252.11,2.5,60.0,60.0,60.0,0.04020160000000032
切换负载-快相无责,249.61,252.12,2.509999999999991,60.0,60.0,60.0,0.04020160000000032
切换负载-快相无责,249.61,252.13,2.519999999999982,60.0,60.0,60.0,0.04020160000000032
切换负载-快相无责,249.61,252.14000000000001,2.530000000000001,60.0,60.0,60.0,0.04020160000000032
切换负载-快相无责,249.61,252.15,2.539999999999992,60.0,60.0,60.0,0.04020160000000032
切换负载-快相无责,249.61,252.16,2.549999999999983,57.0,59.5,59.467615968156075,0.04020160000000032
切换负载-快相无责,249.61,252.17000000000002,2.5600000000000023,57.0,59.0,58.810869294852964,0.04020160000000032
切换负载-快相无责,249.61,252.18,2.569999999999993,57.0,59.0,58.56214401193495,0.04020160000000032
切换负载-快相无责,249.61,252.19,2.579999999999984,58.93523193631215,59.0,58.313418729017286,0.04020160000000032
切换负载-快相无责,249.61,252.20000000000002,2.5900000000000034,58.68650665339378,59.0,57.59452804377923,0.04020160000000032
切换负载-快相无责,249.61,252.21,2.5999999999999943,58.43778137047612,59.0,57.0,0.04020160000000032
切换负载-快相无责,249.61,252.22,2.609999999999985,58.189056087558455,59.0,57.0,0.04020160000000032
切换负载-快相无责,249.61,252.23000000000002,2.6200000000000045,57.0,59.0,57.0,0.04020160000000032
切换负载-快相无责,249.61,252.24,2.6299999999999955,57.0,59.0,57.59452804377923,0.04020160000000032
切换负载-快相无责,249.61,252.25,2.6399999999999864,57.0,59.0,57.59452804377923,0.04020160000000032
切换负载-快相无责,249.61,252.26000000000002,2.6500000000000057,57.0,59.0,57.59452804377923,0.04020160000000032
切换负载-快相无责,249.61,252.27,2.6599999999999966,57.0,59.0,57.59452804377923,0.04020160000000032
切换负载-快相无责,249.61,252.28,2.6699999999999875,59.0,59.0,58.0,0.04020160000000032
切换负载-快相无责,249.61,252.29,2.6799999999999784,59.0,59.0,59.0,0.04020160000000032
切换负载-快相无责,249.61,252.3,2.6899999999999977,59.0,59.0,59.0,0.04020160000000032
切换负载-快相无责,249.61,252.31,2.6999999999999886,59.0,59.0,59.0,0.04020160000000032
切换负载-快相无责,249.61,252.32,2.7099999999999795,59.0,59.0,59.0,0.04020160000000032
切换负载-快相无责,249.61,252.33,2.719999999999999,59.0,59.0,59.0,0.04020160000000032
切换负载-快相无责,249.61,252.34,2.7299999999999898,59.0,59.0,59.0,0.04020160000000032
切换负载-快相无责,249.61,252.35,2.7399999999999807,59.0,59.0,59.0,0.04020160000000032
切换负载-快相无责,249.61,252.36,2.75,59.0,59.0,59.0,0.04020160000000032
切换负载-快相无责,249.61,252.37,2.759999999999991,59.0,59.0,59.0,0.04020160000000032
切换负载-快相无责,249.61,252.38,2.769999999999982,59.0,59.0,59.0,0.04020160000000032
切换负载-快相无责,249.61,252.39000000000001,2.780000000000001,58.07276815499395,59.0,58.90701984137499,0.04020160000000032
切换负载-快相无责,249.61,252.4,2.789999999999992,58.31985866424572,59.0,58.690494428123735,0.04020160000000032
切换负载-快相无责,249.61,252.41,2.799999999999983,58.5669491734975,59.0,58.44340391887161,0.04020160000000032
切换负载-快相无责,249.61,252.42000000000002,2.8100000000000023,58.81403968274997,59.0,58.19631340961983,0.04020160000000032
切换负载-快相无责,249.61,252.43,2.819999999999993,58.0,59.0,58.19631340961983,0.04020160000000032
切换负载-快相无责,249.61,252.44,2.829999999999984,58.0,59.0,58.19631340961983,0.04020160000000032
切换负载-快相无责,249.61,252.45000000000002,2.8400000000000034,58.0,59.0,58.44340391887161,0.04020160000000032
切换负载-快相无责,249.61,252.46,2.8499999999999943,58.0,59.0,58.690494428123735,0.04020160000000032
切换负载-快相无责,249.61,252.47,2.859999999999985,61.0,59.5,59.90701984137499,0.04020160000000032
切换负载-快相无责,249.61,252.48000000000002,2.8700000000000045,61.0,60.0,61.0,0.04020160000000032
切换负载-快相无责,249.61,252.49,2.8799999999999955,61.0,60.0,61.0,0.04020160000000032
切换负载-快相无责,249.61,252.5,2.8899999999999864,61.0,60.5,61.0,0.04020160000000032
切换负载-快相无责,249.61,252.51000000000002,2.9000000000000057,61.0,61.0,61.0,0.04020160000000032
切换负载-快相无责,249.61,252.52,2.9099999999999966,61.0,61.0,61.0,0.04020160000000032
切换负载-快相无责,249.61,252.53,2.9199999999999875,61.0,61.0,61.0,0.04020160000000032
切换负载-快相无责,249.61,252.54,2.9299999999999784,61.0,61.0,61.0,0.04020160000000032
切换负载-快相无责,249.61,252.55,2.9399999999999977,61.0,61.0,61.0,0.04020160000000032
切换负载-快相无责,249.61,252.56,2.9499999999999886,60.0,61.0,61.0,0.04020160000000032
切换负载-快相无责,249.61,252.57,2.9599999999999795,60.0,61.0,61.0,0.04020160000000032
切换负载-快相无责,249.61,252.58,2.969999999999999,60.0,61.0,61.0,0.04020160000000032
切换负载-快相无责,249.61,252.59,2.9799999999999898,62.0,61.00132070770799,61.5,0.04020160000000032
切换负载-快相无责,249.61,252.6,2.9899999999999807,62.0,61.50132070770799,62.0,0.04020160000000032
