scene,tag,impl,cond,seed,seq_base,seq_jit,seq_lev,seq_same,seq_tp,seq_fp,seq_fn,n_epoch,n_epoch_base,n_revoke,n_revoke_base,n_handoff,n_handoff_base,n_unload,n_unload_base
a,中途切换-1d9493,v5.1,timing_J0P,0,0.00E:v5_begin;13.19E:v5_begin;23.38E:v5_begin;41.68E:v5_begin,0.00E:v5_begin;13.19E:v5_begin;23.38E:v5_begin;41.68E:v5_begin,0,1,4,0,0,4,4,0,0,0,0,0,0
a,中途切换-1d9493,v6,timing_J0P,0,10.65E:onset;15.65H:onset;20.37E:restep;20.69E:restep_reload;25.69H:restep_reload;30.69E:decrease;31.46U;39.06E:onset;44.06H:onset;60.79E:decrease;61.51U,10.65E:onset;15.65H:onset;20.37E:restep;20.69E:restep_reload;25.69H:restep_reload;30.69E:decrease;31.46U;39.06E:onset;44.06H:onset;60.79E:decrease;61.51U,0,1,11,0,0,6,6,0,0,3,3,2,2
a,中途切换-1d9493,v6.1,timing_J0P,0,10.65E:onset;15.65H:onset;20.37E:restep;20.69E:restep_reload;25.69H:restep_reload;30.69E:decrease;31.46U;39.06E:onset;44.06H:onset;60.79E:decrease;61.51U,10.65E:onset;15.65H:onset;20.37E:restep;20.69E:restep_reload;25.69H:restep_reload;30.69E:decrease;31.46U;39.06E:onset;44.06H:onset;60.79E:decrease;61.51U,0,1,11,0,0,6,6,0,0,3,3,2,2
a,中途切换-1d9493,v5.1,timing_J0P,1,0.00E:v5_begin;13.19E:v5_begin;23.38E:v5_begin;41.68E:v5_begin,0.00E:v5_begin;13.19E:v5_begin;23.38E:v5_begin;41.68E:v5_begin,0,1,4,0,0,4,4,0,0,0,0,0,0
a,中途切换-1d9493,v6,timing_J0P,1,10.65E:onset;15.65H:onset;20.37E:restep;20.69E:restep_reload;25.69H:restep_reload;30.69E:decrease;31.46U;39.06E:onset;44.06H:onset;60.79E:decrease;61.51U,10.65E:onset;15.65H:onset;20.37E:restep;20.69E:restep_reload;25.69H:restep_reload;30.69E:decrease;31.46U;39.06E:onset;44.06H:onset;60.79E:decrease;61.51U,0,1,11,0,0,6,6,0,0,3,3,2,2
a,中途切换-1d9493,v6.1,timing_J0P,1,10.65E:onset;15.65H:onset;20.37E:restep;20.69E:restep_reload;25.69H:restep_reload;30.69E:decrease;31.46U;39.06E:onset;44.06H:onset;60.79E:decrease;61.51U,10.65E:onset;15.65H:onset;20.37E:restep;20.69E:restep_reload;25.69H:restep_reload;30.69E:decrease;31.46U;39.06E:onset;44.06H:onset;60.79E:decrease;61.51U,0,1,11,0,0,6,6,0,0,3,3,2,2
a,中途切换-1d9493,v5.1,timing_J0P,2,0.00E:v5_begin;13.19E:v5_begin;23.38E:v5_begin;41.68E:v5_begin,0.00E:v5_begin;13.19E:v5_begin;23.38E:v5_begin;41.68E:v5_begin,0,1,4,0,0,4,4,0,0,0,0,0,0
a,中途切换-1d9493,v6,timing_J0P,2,10.65E:onset;15.65H:onset;20.37E:restep;20.69E:restep_reload;25.69H:restep_reload;30.69E:decrease;31.46U;39.06E:onset;44.06H:onset;60.79E:decrease;61.51U,10.65E:onset;15.65H:onset;20.37E:restep;20.69E:restep_reload;25.69H:restep_reload;30.69E:decrease;31.46U;39.06E:onset;44.06H:onset;60.79E:decrease;61.51U,0,1,11,0,0,6,6,0,0,3,3,2,2
a,中途切换-1d9493,v6.1,timing_J0P,2,10.65E:onset;15.65H:onset;20.37E:restep;20.69E:restep_reload;25.69H:restep_reload;30.69E:decrease;31.46U;39.06E:onset;44.06H:onset;60.79E:decrease;61.51U,10.65E:onset;15.65H:onset;20.37E:restep;20.69E:restep_reload;25.69H:restep_reload;30.69E:decrease;31.46U;39.06E:onset;44.06H:onset;60.79E:decrease;61.51U,0,1,11,0,0,6,6,0,0,3,3,2,2
a,中途切换-1d9493,v5.1,timing_J0P,3,0.00E:v5_begin;13.19E:v5_begin;23.38E:v5_begin;41.68E:v5_begin,0.00E:v5_begin;13.19E:v5_begin;23.38E:v5_begin;41.68E:v5_begin,0,1,4,0,0,4,4,0,0,0,0,0,0
a,中途切换-1d9493,v6,timing_J0P,3,10.65E:onset;15.65H:onset;20.37E:restep;20.69E:restep_reload;25.69H:restep_reload;30.69E:decrease;31.46U;39.06E:onset;44.06H:onset;60.79E:decrease;61.51U,10.65E:onset;15.65H:onset;20.37E:restep;20.69E:restep_reload;25.69H:restep_reload;30.69E:decrease;31.46U;39.06E:onset;44.06H:onset;60.79E:decrease;61.51U,0,1,11,0,0,6,6,0,0,3,3,2,2
a,中途切换-1d9493,v6.1,timing_J0P,3,10.65E:onset;15.65H:onset;20.37E:restep;20.69E:restep_reload;25.69H:restep_reload;30.69E:decrease;31.46U;39.06E:onset;44.06H:onset;60.79E:decrease;61.51U,10.65E:onset;15.65H:onset;20.37E:restep;20.69E:restep_reload;25.69H:restep_reload;30.69E:decrease;31.46U;39.06E:onset;44.06H:onset;60.79E:decrease;61.51U,0,1,11,0,0,6,6,0,0,3,3,2,2
a,中途切换-1d9493,v5.1,timing_J0P,4,0.00E:v5_begin;13.19E:v5_begin;23.38E:v5_begin;41.68E:v5_begin,0.00E:v5_begin;13.19E:v5_begin;23.38E:v5_begin;41.68E:v5_begin,0,1,4,0,0,4,4,0,0,0,0,0,0
a,中途切换-1d9493,v6,timing_J0P,4,10.65E:onset;15.65H:onset;20.37E:restep;20.69E:restep_reload;25.69H:restep_reload;30.69E:decrease;31.46U;39.06E:onset;44.06H:onset;60.79E:decrease;61.51U,10.65E:onset;15.65H:onset;20.37E:restep;20.69E:restep_reload;25.69H:restep_reload;30.69E:decrease;31.46U;39.06E:onset;44.06H:onset;60.79E:decrease;61.51U,0,1,11,0,0,6,6,0,0,3,3,2,2
a,中途切换-1d9493,v6.1,timing_J0P,4,10.65E:onset;15.65H:onset;20.37E:restep;20.69E:restep_reload;25.69H:restep_reload;30.69E:decrease;31.46U;39.06E:onset;44.06H:onset;60.79E:decrease;61.51U,10.65E:onset;15.65H:onset;20.37E:restep;20.69E:restep_reload;25.69H:restep_reload;30.69E:decrease;31.46U;39.06E:onset;44.06H:onset;60.79E:decrease;61.51U,0,1,11,0,0,6,6,0,0,3,3,2,2
a,中途切换-1d9493,v5.1,timing_J0P,5,0.00E:v5_begin;13.19E:v5_begin;23.38E:v5_begin;41.68E:v5_begin,0.00E:v5_begin;13.19E:v5_begin;23.38E:v5_begin;41.68E:v5_begin,0,1,4,0,0,4,4,0,0,0,0,0,0
a,中途切换-1d9493,v6,timing_J0P,5,10.65E:onset;15.65H:onset;20.37E:restep;20.69E:restep_reload;25.69H:restep_reload;30.69E:decrease;31.46U;39.06E:onset;44.06H:onset;60.79E:decrease;61.51U,10.65E:onset;15.65H:onset;20.37E:restep;20.69E:restep_reload;25.69H:restep_reload;30.69E:decrease;31.46U;39.06E:onset;44.06H:onset;60.79E:decrease;61.51U,0,1,11,0,0,6,6,0,0,3,3,2,2
a,中途切换-1d9493,v6.1,timing_J0P,5,10.65E:onset;15.65H:onset;20.37E:restep;20.69E:restep_reload;25.69H:restep_reload;30.69E:decrease;31.46U;39.06E:onset;44.06H:onset;60.79E:decrease;61.51U,10.65E:onset;15.65H:onset;20.37E:restep;20.69E:restep_reload;25.69H:restep_reload;30.69E:decrease;31.46U;39.06E:onset;44.06H:onset;60.79E:decrease;61.51U,0,1,11,0,0,6,6,0,0,3,3,2,2
a,中途切换-1d9493,v5.1,timing_J0P,6,0.00E:v5_begin;13.19E:v5_begin;23.38E:v5_begin;41.68E:v5_begin,0.00E:v5_begin;13.19E:v5_begin;23.38E:v5_begin;41.68E:v5_begin,0,1,4,0,0,4,4,0,0,0,0,0,0
a,中途切换-1d9493,v6,timing_J0P,6,10.65E:onset;15.65H:onset;20.37E:restep;20.69E:restep_reload;25.69H:restep_reload;30.69E:decrease;31.46U;39.06E:onset;44.06H:onset;60.79E:decrease;61.51U,10.65E:onset;15.65H:onset;20.37E:restep;20.69E:restep_reload;25.69H:restep_reload;30.69E:decrease;31.46U;39.06E:onset;44.06H:onset;60.79E:decrease;61.51U,0,1,11,0,0,6,6,0,0,3,3,2,2
a,中途切换-1d9493,v6.1,timing_J0P,6,10.65E:onset;15.65H:onset;20.37E:restep;20.69E:restep_reload;25.69H:restep_reload;30.69E:decrease;31.46U;39.06E:onset;44.06H:onset;60.79E:decrease;61.51U,10.65E:onset;15.65H:onset;20.37E:restep;20.69E:restep_reload;25.69H:restep_reload;30.69E:decrease;31.46U;39.06E:onset;44.06H:onset;60.79E:decrease;61.51U,0,1,11,0,0,6,6,0,0,3,3,2,2
a,中途切换-1d9493,v5.1,timing_J0P,7,0.00E:v5_begin;13.19E:v5_begin;23.38E:v5_begin;41.68E:v5_begin,0.00E:v5_begin;13.19E:v5_begin;23.38E:v5_begin;41.68E:v5_begin,0,1,4,0,0,4,4,0,0,0,0,0,0
a,中途切换-1d9493,v6,timing_J0P,7,10.65E:onset;15.65H:onset;20.37E:restep;20.69E:restep_reload;25.69H:restep_reload;30.69E:decrease;31.46U;39.06E:onset;44.06H:onset;60.79E:decrease;61.51U,10.65E:onset;15.65H:onset;20.37E:restep;20.69E:restep_reload;25.69H:restep_reload;30.69E:decrease;31.46U;39.06E:onset;44.06H:onset;60.79E:decrease;61.51U,0,1,11,0,0,6,6,0,0,3,3,2,2
a,中途切换-1d9493,v6.1,timing_J0P,7,10.65E:onset;15.65H:onset;20.37E:restep;20.69E:restep_reload;25.69H:restep_reload;30.69E:decrease;31.46U;39.06E:onset;44.06H:onset;60.79E:decrease;61.51U,10.65E:onset;15.65H:onset;20.37E:restep;20.69E:restep_reload;25.69H:restep_reload;30.69E:decrease;31.46U;39.06E:onset;44.06H:onset;60.79E:decrease;61.51U,0,1,11,0,0,6,6,0,0,3,3,2,2
a,中途切换-1d9493,v5.1,timing_J0P,8,0.00E:v5_begin;13.19E:v5_begin;23.38E:v5_begin;41.68E:v5_begin,0.00E:v5_begin;13.19E:v5_begin;23.38E:v5_begin;41.68E:v5_begin,0,1,4,0,0,4,4,0,0,0,0,0,0
a,中途切换-1d9493,v6,timing_J0P,8,10.65E:onset;15.65H:onset;20.37E:restep;20.69E:restep_reload;25.69H:restep_reload;30.69E:decrease;31.46U;39.06E:onset;44.06H:onset;60.79E:decrease;61.51U,10.65E:onset;15.65H:onset;20.37E:restep;20.69E:restep_reload;25.69H:restep_reload;30.69E:decrease;31.46U;39.06E:onset;44.06H:onset;60.79E:decrease;61.51U,0,1,11,0,0,6,6,0,0,3,3,2,2
a,中途切换-1d9493,v6.1,timing_J0P,8,10.65E:onset;15.65H:onset;20.37E:restep;20.69E:restep_reload;25.69H:restep_reload;30.69E:decrease;31.46U;39.06E:onset;44.06H:onset;60.79E:decrease;61.51U,10.65E:onset;15.65H:onset;20.37E:restep;20.69E:restep_reload;25.69H:restep_reload;30.69E:decrease;31.46U;39.06E:onset;44.06H:onset;60.79E:decrease;61.51U,0,1,11,0,0,6,6,0,0,3,3,2,2
a,中途切换-1d9493,v5.1,timing_J0P,9,0.00E:v5_begin;13.19E:v5_begin;23.38E:v5_begin;41.68E:v5_begin,0.00E:v5_begin;13.19E:v5_begin;23.38E:v5_begin;41.68E:v5_begin,0,1,4,0,0,4,4,0,0,0,0,0,0
a,中途切换-1d9493,v6,timing_J0P,9,10.65E:onset;15.65H:onset;20.37E:restep;20.69E:restep_reload;25.69H:restep_reload;30.69E:decrease;31.46U;39.06E:onset;44.06H:onset;60.79E:decrease;61.51U,10.65E:onset;15.65H:onset;20.37E:restep;20.69E:restep_reload;25.69H:restep_reload;30.69E:decrease;31.46U;39.06E:onset;44.06H:onset;60.79E:decrease;61.51U,0,1,11,0,0,6,6,0,0,3,3,2,2
a,中途切换-1d9493,v6.1,timing_J0P,9,10.65E:onset;15.65H:onset;20.37E:restep;20.69E:restep_reload;25.69H:restep_reload;30.69E:decrease;31.46U;39.06E:onset;44.06H:onset;60.79E:decrease;61.51U,10.65E:onset;15.65H:onset;20.37E:restep;20.69E:restep_reload;25.69H:restep_reload;30.69E:decrease;31.46U;39.06E:onset;44.06H:onset;60.79E:decrease;61.51U,0,1,11,0,0,6,6,0,0,3,3,2,2
a,中途切换-1d9493,v5.1,timing_J0P,10,0.00E:v5_begin;13.19E:v5_begin;23.38E:v5_begin;41.68E:v5_begin,0.00E:v5_begin;13.19E:v5_begin;23.38E:v5_begin;41.68E:v5_begin,0,1,4,0,0,4,4,0,0,0,0,0,0
a,中途切换-1d9493,v6,timing_J0P,10,10.65E:onset;15.65H:onset;20.37E:restep;20.69E:restep_reload;25.69H:restep_reload;30.69E:decrease;31.46U;39.06E:onset;44.06H:onset;60.79E:decrease;61.51U,10.65E:onset;15.65H:onset;20.37E:restep;20.69E:restep_reload;25.69H:restep_reload;30.69E:decrease;31.46U;39.06E:onset;44.06H:onset;60.79E:decrease;61.51U,0,1,11,0,0,6,6,0,0,3,3,2,2
a,中途切换-1d9493,v6.1,timing_J0P,10,10.65E:onset;15.65H:onset;20.37E:restep;20.69E:restep_reload;25.69H:restep_reload;30.69E:decrease;31.46U;39.06E:onset;44.06H:onset;60.79E:decrease;61.51U,10.65E:onset;15.65H:onset;20.37E:restep;20.69E:restep_reload;25.69H:restep_reload;30.69E:decrease;31.46U;39.06E:onset;44.06H:onset;60.79E:decrease;61.51U,0,1,11,0,0,6,6,0,0,3,3,2,2
a,中途切换-1d9493,v5.1,timing_J0P,11,0.00E:v5_begin;13.19E:v5_begin;23.38E:v5_begin;41.68E:v5_begin,0.00E:v5_begin;13.19E:v5_begin;23.38E:v5_begin;41.68E:v5_begin,0,1,4,0,0,4,4,0,0,0,0,0,0
a,中途切换-1d9493,v6,timing_J0P,11,10.65E:onset;15.65H:onset;20.37E:restep;20.69E:restep_reload;25.69H:restep_reload;30.69E:decrease;31.46U;39.06E:onset;44.06H:onset;60.79E:decrease;61.51U,10.65E:onset;15.65H:onset;20.37E:restep;20.69E:restep_reload;25.69H:restep_reload;30.69E:decrease;31.46U;39.06E:onset;44.06H:onset;60.79E:decrease;61.51U,0,1,11,0,0,6,6,0,0,3,3,2,2
a,中途切换-1d9493,v6.1,timing_J0P,11,10.65E:onset;15.65H:onset;20.37E:restep;20.69E:restep_reload;25.69H:restep_reload;30.69E:decrease;31.46U;39.06E:onset;44.06H:onset;60.79E:decrease;61.51U,10.65E:onset;15.65H:onset;20.37E:restep;20.69E:restep_reload;25.69H:restep_reload;30.69E:decrease;31.46U;39.06E:onset;44.06H:onset;60.79E:decrease;61.51U,0,1,11,0,0,6,6,0,0,3,3,2,2
a,中途切换-1d9493,v5.1,timing_J0P,12,0.00E:v5_begin;13.19E:v5_begin;23.38E:v5_begin;41.68E:v5_begin,0.00E:v5_begin;13.19E:v5_begin;23.38E:v5_begin;41.68E:v5_begin,0,1,4,0,0,4,4,0,0,0,0,0,0
a,中途切换-1d9493,v6,timing_J0P,12,10.65E:onset;15.65H:onset;20.37E:restep;20.69E:restep_reload;25.69H:restep_reload;30.69E:decrease;31.46U;39.06E:onset;44.06H:onset;60.79E:decrease;61.51U,10.65E:onset;15.65H:onset;20.37E:restep;20.69E:restep_reload;25.69H:restep_reload;30.69E:decrease;31.46U;39.06E:onset;44.06H:onset;60.79E:decrease;61.51U,0,1,11,0,0,6,6,0,0,3,3,2,2
a,中途切换-1d9493,v6.1,timing_J0P,12,10.65E:onset;15.65H:onset;20.37E:restep;20.69E:restep_reload;25.69H:restep_reload;30.69E:decrease;31.46U;39.06E:onset;44.06H:onset;60.79E:decrease;61.51U,10.65E:onset;15.65H:onset;20.37E:restep;20.69E:restep_reload;25.69H:restep_reload;30.69E:decrease;31.46U;39.06E:onset;44.06H:onset;60.79E:decrease;61.51U,0,1,11,0,0,6,6,0,0,3,3,2,2
a,中途切换-1d9493,v5.1,timing_J0P,13,0.00E:v5_begin;13.19E:v5_begin;23.38E:v5_begin;41.68E:v5_begin,0.00E:v5_begin;13.19E:v5_begin;23.38E:v5_begin;41.68E:v5_begin,0,1,4,0,0,4,4,0,0,0,0,0,0
a,中途切换-1d9493,v6,timing_J0P,13,10.65E:onset;15.65H:onset;20.37E:restep;20.69E:restep_reload;25.69H:restep_reload;30.69E:decrease;31.46U;39.06E:onset;44.06H:onset;60.79E:decrease;61.51U,10.65E:onset;15.65H:onset;20.37E:restep;20.69E:restep_reload;25.69H:restep_reload;30.69E:decrease;31.46U;39.06E:onset;44.06H:onset;60.79E:decrease;61.51U,0,1,11,0,0,6,6,0,0,3,3,2,2
a,中途切换-1d9493,v6.1,timing_J0P,13,10.65E:onset;15.65H:onset;20.37E:restep;20.69E:restep_reload;25.69H:restep_reload;30.69E:decrease;31.46U;39.06E:onset;44.06H:onset;60.79E:decrease;61.51U,10.65E:onset;15.65H:onset;20.37E:restep;20.69E:restep_reload;25.69H:restep_reload;30.69E:decrease;31.46U;39.06E:onset;44.06H:onset;60.79E:decrease;61.51U,0,1,11,0,0,6,6,0,0,3,3,2,2
a,中途切换-1d9493,v5.1,timing_J0P,14,0.00E:v5_begin;13.19E:v5_begin;23.38E:v5_begin;41.68E:v5_begin,0.00E:v5_begin;13.19E:v5_begin;23.38E:v5_begin;41.68E:v5_begin,0,1,4,0,0,4,4,0,0,0,0,0,0
a,中途切换-1d9493,v6,timing_J0P,14,10.65E:onset;15.65H:onset;20.37E:restep;20.69E:restep_reload;25.69H:restep_reload;30.69E:decrease;31.46U;39.06E:onset;44.06H:onset;60.79E:decrease;61.51U,10.65E:onset;15.65H:onset;20.37E:restep;20.69E:restep_reload;25.69H:restep_reload;30.69E:decrease;31.46U;39.06E:onset;44.06H:onset;60.79E:decrease;61.51U,0,1,11,0,0,6,6,0,0,3,3,2,2
a,中途切换-1d9493,v6.1,timing_J0P,14,10.65E:onset;15.65H:onset;20.37E:restep;20.69E:restep_reload;25.69H:restep_reload;30.69E:decrease;31.46U;39.06E:onset;44.06H:onset;60.79E:decrease;61.51U,10.65E:onset;15.65H:onset;20.37E:restep;20.69E:restep_reload;25.69H:restep_reload;30.69E:decrease;31.46U;39.06E:onset;44.06H:onset;60.79E:decrease;61.51U,0,1,11,0,0,6,6,0,0,3,3,2,2
a,中途切换-1d9493,v5.1,timing_J0P,15,0.00E:v5_begin;13.19E:v5_begin;23.38E:v5_begin;41.68E:v5_begin,0.00E:v5_begin;13.19E:v5_begin;23.38E:v5_begin;41.68E:v5_begin,0,1,4,0,0,4,4,0,0,0,0,0,0
a,中途切换-1d9493,v6,timing_J0P,15,10.65E:onset;15.65H:onset;20.37E:restep;20.69E:restep_reload;25.69H:restep_reload;30.69E:decrease;31.46U;39.06E:onset;44.06H:onset;60.79E:decrease;61.51U,10.65E:onset;15.65H:onset;20.37E:restep;20.69E:restep_reload;25.69H:restep_reload;30.69E:decrease;31.46U;39.06E:onset;44.06H:onset;60.79E:decrease;61.51U,0,1,11,0,0,6,6,0,0,3,3,2,2
a,中途切换-1d9493,v6.1,timing_J0P,15,10.65E:onset;15.65H:onset;20.37E:restep;20.69E:restep_reload;25.69H:restep_reload;30.69E:decrease;31.46U;39.06E:onset;44.06H:onset;60.79E:decrease;61.51U,10.65E:onset;15.65H:onset;20.37E:restep;20.69E:restep_reload;25.69H:restep_reload;30.69E:decrease;31.46U;39.06E:onset;44.06H:onset;60.79E:decrease;61.51U,0,1,11,0,0,6,6,0,0,3,3,2,2
a,中途切换-1d9493,v5.1,timing_J0P,16,0.00E:v5_begin;13.19E:v5_begin;23.38E:v5_begin;41.68E:v5_begin,0.00E:v5_begin;13.19E:v5_begin;23.38E:v5_begin;41.68E:v5_begin,0,1,4,0,0,4,4,0,0,0,0,0,0
a,中途切换-1d9493,v6,timing_J0P,16,10.65E:onset;15.65H:onset;20.37E:restep;20.69E:restep_reload;25.69H:restep_reload;30.69E:decrease;31.46U;39.06E:onset;44.06H:onset;60.79E:decrease;61.51U,10.65E:onset;15.65H:onset;20.37E:restep;20.69E:restep_reload;25.69H:restep_reload;30.69E:decrease;31.46U;39.06E:onset;44.06H:onset;60.79E:decrease;61.51U,0,1,11,0,0,6,6,0,0,3,3,2,2
a,中途切换-1d9493,v6.1,timing_J0P,16,10.65E:onset;15.65H:onset;20.37E:restep;20.69E:restep_reload;25.69H:restep_reload;30.69E:decrease;31.46U;39.06E:onset;44.06H:onset;60.79E:decrease;61.51U,10.65E:onset;15.65H:onset;20.37E:restep;20.69E:restep_reload;25.69H:restep_reload;30.69E:decrease;31.46U;39.06E:onset;44.06H:onset;60.79E:decrease;61.51U,0,1,11,0,0,6,6,0,0,3,3,2,2
a,中途切换-1d9493,v5.1,timing_J0P,17,0.00E:v5_begin;13.19E:v5_begin;23.38E:v5_begin;41.68E:v5_begin,0.00E:v5_begin;13.19E:v5_begin;23.38E:v5_begin;41.68E:v5_begin,0,1,4,0,0,4,4,0,0,0,0,0,0
a,中途切换-1d9493,v6,timing_J0P,17,10.65E:onset;15.65H:onset;20.37E:restep;20.69E:restep_reload;25.69H:restep_reload;30.69E:decrease;31.46U;39.06E:onset;44.06H:onset;60.79E:decrease;61.51U,10.65E:onset;15.65H:onset;20.37E:restep;20.69E:restep_reload;25.69H:restep_reload;30.69E:decrease;31.46U;39.06E:onset;44.06H:onset;60.79E:decrease;61.51U,0,1,11,0,0,6,6,0,0,3,3,2,2
a,中途切换-1d9493,v6.1,timing_J0P,17,10.65E:onset;15.65H:onset;20.37E:restep;20.69E:restep_reload;25.69H:restep_reload;30.69E:decrease;31.46U;39.06E:onset;44.06H:onset;60.79E:decrease;61.51U,10.65E:onset;15.65H:onset;20.37E:restep;20.69E:restep_reload;25.69H:restep_reload;30.69E:decrease;31.46U;39.06E:onset;44.06H:onset;60.79E:decrease;61.51U,0,1,11,0,0,6,6,0,0,3,3,2,2
a,中途切换-1d9493,v5.1,timing_J0P,18,0.00E:v5_begin;13.19E:v5_begin;23.38E:v5_begin;41.68E:v5_begin,0.00E:v5_begin;13.19E:v5_begin;23.38E:v5_begin;41.68E:v5_begin,0,1,4,0,0,4,4,0,0,0,0,0,0
a,中途切换-1d9493,v6,timing_J0P,18,10.65E:onset;15.65H:onset;20.37E:restep;20.69E:restep_reload;25.69H:restep_reload;30.69E:decrease;31.46U;39.06E:onset;44.06H:onset;60.79E:decrease;61.51U,10.65E:onset;15.65H:onset;20.37E:restep;20.69E:restep_reload;25.69H:restep_reload;30.69E:decrease;31.46U;39.06E:onset;44.06H:onset;60.79E:decrease;61.51U,0,1,11,0,0,6,6,0,0,3,3,2,2
a,中途切换-1d9493,v6.1,timing_J0P,18,10.65E:onset;15.65H:onset;20.37E:restep;20.69E:restep_reload;25.69H:restep_reload;30.69E:decrease;31.46U;39.06E:onset;44.06H:onset;60.79E:decrease;61.51U,10.65E:onset;15.65H:onset;20.37E:restep;20.69E:restep_reload;25.69H:restep_reload;30.69E:decrease;31.46U;39.06E:onset;44.06H:onset;60.79E:decrease;61.51U,0,1,11,0,0,6,6,0,0,3,3,2,2
a,中途切换-1d9493,v5.1,timing_J0P,19,0.00E:v5_begin;13.19E:v5_begin;23.38E:v5_begin;41.68E:v5_begin,0.00E:v5_begin;13.19E:v5_begin;23.38E:v5_begin;41.68E:v5_begin,0,1,4,0,0,4,4,0,0,0,0,0,0
a,中途切换-1d9493,v6,timing_J0P,19,10.65E:onset;15.65H:onset;20.37E:restep;20.69E:restep_reload;25.69H:restep_reload;30.69E:decrease;31.46U;39.06E:onset;44.06H:onset;60.79E:decrease;61.51U,10.65E:onset;15.65H:onset;20.37E:restep;20.69E:restep_reload;25.69H:restep_reload;30.69E:decrease;31.46U;39.06E:onset;44.06H:onset;60.79E:decrease;61.51U,0,1,11,0,0,6,6,0,0,3,3,2,2
a,中途切换-1d9493,v6.1,timing_J0P,19,10.65E:onset;15.65H:onset;20.37E:restep;20.69E:restep_reload;25.69H:restep_reload;30.69E:decrease;31.46U;39.06E:onset;44.06H:onset;60.79E:decrease;61.51U,10.65E:onset;15.65H:onset;20.37E:restep;20.69E:restep_reload;25.69H:restep_reload;30.69E:decrease;31.46U;39.06E:onset;44.06H:onset;60.79E:decrease;61.51U,0,1,11,0,0,6,6,0,0,3,3,2,2
a,中途切换-1d9493,v5.1,timing_J0P,20,0.00E:v5_begin;13.19E:v5_begin;23.38E:v5_begin;41.68E:v5_begin,0.00E:v5_begin;13.19E:v5_begin;23.38E:v5_begin;41.68E:v5_begin,0,1,4,0,0,4,4,0,0,0,0,0,0
a,中途切换-1d9493,v6,timing_J0P,20,10.65E:onset;15.65H:onset;20.37E:restep;20.69E:restep_reload;25.69H:restep_reload;30.69E:decrease;31.46U;39.06E:onset;44.06H:onset;60.79E:decrease;61.51U,10.65E:onset;15.65H:onset;20.37E:restep;20.69E:restep_reload;25.69H:restep_reload;30.69E:decrease;31.46U;39.06E:onset;44.06H:onset;60.79E:decrease;61.51U,0,1,11,0,0,6,6,0,0,3,3,2,2
a,中途切换-1d9493,v6.1,timing_J0P,20,10.65E:onset;15.65H:onset;20.37E:restep;20.69E:restep_reload;25.69H:restep_reload;30.69E:decrease;31.46U;39.06E:onset;44.06H:onset;60.79E:decrease;61.51U,10.65E:onset;15.65H:onset;20.37E:restep;20.69E:restep_reload;25.69H:restep_reload;30.69E:decrease;31.46U;39.06E:onset;44.06H:onset;60.79E:decrease;61.51U,0,1,11,0,0,6,6,0,0,3,3,2,2
a,中途切换-1d9493,v5.1,timing_J0P,21,0.00E:v5_begin;13.19E:v5_begin;23.38E:v5_begin;41.68E:v5_begin,0.00E:v5_begin;13.19E:v5_begin;23.38E:v5_begin;41.68E:v5_begin,0,1,4,0,0,4,4,0,0,0,0,0,0
a,中途切换-1d9493,v6,timing_J0P,21,10.65E:onset;15.65H:onset;20.37E:restep;20.69E:restep_reload;25.69H:restep_reload;30.69E:decrease;31.46U;39.06E:onset;44.06H:onset;60.79E:decrease;61.51U,10.65E:onset;15.65H:onset;20.37E:restep;20.69E:restep_reload;25.69H:restep_reload;30.69E:decrease;31.46U;39.06E:onset;44.06H:onset;60.79E:decrease;61.51U,0,1,11,0,0,6,6,0,0,3,3,2,2
a,中途切换-1d9493,v6.1,timing_J0P,21,10.65E:onset;15.65H:onset;20.37E:restep;20.69E:restep_reload;25.69H:restep_reload;30.69E:decrease;31.46U;39.06E:onset;44.06H:onset;60.79E:decrease;61.51U,10.65E:onset;15.65H:onset;20.37E:restep;20.69E:restep_reload;25.69H:restep_reload;30.69E:decrease;31.46U;39.06E:onset;44.06H:onset;60.79E:decrease;61.51U,0,1,11,0,0,6,6,0,0,3,3,2,2
a,中途切换-1d9493,v5.1,timing_J0P,22,0.00E:v5_begin;13.19E:v5_begin;23.38E:v5_begin;41.68E:v5_begin,0.00E:v5_begin;13.19E:v5_begin;23.38E:v5_begin;41.68E:v5_begin,0,1,4,0,0,4,4,0,0,0,0,0,0
a,中途切换-1d9493,v6,timing_J0P,22,10.65E:onset;15.65H:onset;20.37E:restep;20.69E:restep_reload;25.69H:restep_reload;30.69E:decrease;31.46U;39.06E:onset;44.06H:onset;60.79E:decrease;61.51U,10.65E:onset;15.65H:onset;20.37E:restep;20.69E:restep_reload;25.69H:restep_reload;30.69E:decrease;31.46U;39.06E:onset;44.06H:onset;60.79E:decrease;61.51U,0,1,11,0,0,6,6,0,0,3,3,2,2
a,中途切换-1d9493,v6.1,timing_J0P,22,10.65E:onset;15.65H:onset;20.37E:restep;20.69E:restep_reload;25.69H:restep_reload;30.69E:decrease;31.46U;39.06E:onset;44.06H:onset;60.79E:decrease;61.51U,10.65E:onset;15.65H:onset;20.37E:restep;20.69E:restep_reload;25.69H:restep_reload;30.69E:decrease;31.46U;39.06E:onset;44.06H:onset;60.79E:decrease;61.51U,0,1,11,0,0,6,6,0,0,3,3,2,2
a,中途切换-1d9493,v5.1,timing_J0P,23,0.00E:v5_begin;13.19E:v5_begin;23.38E:v5_begin;41.68E:v5_begin,0.00E:v5_begin;13.19E:v5_begin;23.38E:v5_begin;41.68E:v5_begin,0,1,4,0,0,4,4,0,0,0,0,0,0
a,中途切换-1d9493,v6,timing_J0P,23,10.65E:onset;15.65H:onset;20.37E:restep;20.69E:restep_reload;25.69H:restep_reload;30.69E:decrease;31.46U;39.06E:onset;44.06H:onset;60.79E:decrease;61.51U,10.65E:onset;15.65H:onset;20.37E:restep;20.69E:restep_reload;25.69H:restep_reload;30.69E:decrease;31.46U;39.06E:onset;44.06H:onset;60.79E:decrease;61.51U,0,1,11,0,0,6,6,0,0,3,3,2,2
a,中途切换-1d9493,v6.1,timing_J0P,23,10.65E:onset;15.65H:onset;20.37E:restep;20.69E:restep_reload;25.69H:restep_reload;30.69E:decrease;31.46U;39.06E:onset;44.06H:onset;60.79E:decrease;61.51U,10.65E:onset;15.65H:onset;20.37E:restep;20.69E:restep_reload;25.69H:restep_reload;30.69E:decrease;31.46U;39.06E:onset;44.06H:onset;60.79E:decrease;61.51U,0,1,11,0,0,6,6,0,0,3,3,2,2
a,中途切换-1d9493,v5.1,timing_J0P,24,0.00E:v5_begin;13.19E:v5_begin;23.38E:v5_begin;41.68E:v5_begin,0.00E:v5_begin;13.19E:v5_begin;23.38E:v5_begin;41.68E:v5_begin,0,1,4,0,0,4,4,0,0,0,0,0,0
a,中途切换-1d9493,v6,timing_J0P,24,10.65E:onset;15.65H:onset;20.37E:restep;20.69E:restep_reload;25.69H:restep_reload;30.69E:decrease;31.46U;39.06E:onset;44.06H:onset;60.79E:decrease;61.51U,10.65E:onset;15.65H:onset;20.37E:restep;20.69E:restep_reload;25.69H:restep_reload;30.69E:decrease;31.46U;39.06E:onset;44.06H:onset;60.79E:decrease;61.51U,0,1,11,0,0,6,6,0,0,3,3,2,2
a,中途切换-1d9493,v6.1,timing_J0P,24,10.65E:onset;15.65H:onset;20.37E:restep;20.69E:restep_reload;25.69H:restep_reload;30.69E:decrease;31.46U;39.06E:onset;44.06H:onset;60.79E:decrease;61.51U,10.65E:onset;15.65H:onset;20.37E:restep;20.69E:restep_reload;25.69H:restep_reload;30.69E:decrease;31.46U;39.06E:onset;44.06H:onset;60.79E:decrease;61.51U,0,1,11,0,0,6,6,0,0,3,3,2,2
a,中途切换-1d9493,v5.1,timing_J0P,25,0.00E:v5_begin;13.19E:v5_begin;23.38E:v5_begin;41.68E:v5_begin,0.00E:v5_begin;13.19E:v5_begin;23.38E:v5_begin;41.68E:v5_begin,0,1,4,0,0,4,4,0,0,0,0,0,0
a,中途切换-1d9493,v6,timing_J0P,25,10.65E:onset;15.65H:onset;20.37E:restep;20.69E:restep_reload;25.69H:restep_reload;30.69E:decrease;31.46U;39.06E:onset;44.06H:onset;60.79E:decrease;61.51U,10.65E:onset;15.65H:onset;20.37E:restep;20.69E:restep_reload;25.69H:restep_reload;30.69E:decrease;31.46U;39.06E:onset;44.06H:onset;60.79E:decrease;61.51U,0,1,11,0,0,6,6,0,0,3,3,2,2
a,中途切换-1d9493,v6.1,timing_J0P,25,10.65E:onset;15.65H:onset;20.37E:restep;20.69E:restep_reload;25.69H:restep_reload;30.69E:decrease;31.46U;39.06E:onset;44.06H:onset;60.79E:decrease;61.51U,10.65E:onset;15.65H:onset;20.37E:restep;20.69E:restep_reload;25.69H:restep_reload;30.69E:decrease;31.46U;39.06E:onset;44.06H:onset;60.79E:decrease;61.51U,0,1,11,0,0,6,6,0,0,3,3,2,2
a,中途切换-1d9493,v5.1,timing_J0P,26,0.00E:v5_begin;13.19E:v5_begin;23.38E:v5_begin;41.68E:v5_begin,0.00E:v5_begin;13.19E:v5_begin;23.38E:v5_begin;41.68E:v5_begin,0,1,4,0,0,4,4,0,0,0,0,0,0
a,中途切换-1d9493,v6,timing_J0P,26,10.65E:onset;15.65H:onset;20.37E:restep;20.69E:restep_reload;25.69H:restep_reload;30.69E:decrease;31.46U;39.06E:onset;44.06H:onset;60.79E:decrease;61.51U,10.65E:onset;15.65H:onset;20.37E:restep;20.69E:restep_reload;25.69H:restep_reload;30.69E:decrease;31.46U;39.06E:onset;44.06H:onset;60.79E:decrease;61.51U,0,1,11,0,0,6,6,0,0,3,3,2,2
a,中途切换-1d9493,v6.1,timing_J0P,26,10.65E:onset;15.65H:onset;20.37E:restep;20.69E:restep_reload;25.69H:restep_reload;30.69E:decrease;31.46U;39.06E:onset;44.06H:onset;60.79E:decrease;61.51U,10.65E:onset;15.65H:onset;20.37E:restep;20.69E:restep_reload;25.69H:restep_reload;30.69E:decrease;31.46U;39.06E:onset;44.06H:onset;60.79E:decrease;61.51U,0,1,11,0,0,6,6,0,0,3,3,2,2
a,中途切换-1d9493,v5.1,timing_J0P,27,0.00E:v5_begin;13.19E:v5_begin;23.38E:v5_begin;41.68E:v5_begin,0.00E:v5_begin;13.19E:v5_begin;23.38E:v5_begin;41.68E:v5_begin,0,1,4,0,0,4,4,0,0,0,0,0,0
a,中途切换-1d9493,v6,timing_J0P,27,10.65E:onset;15.65H:onset;20.37E:restep;20.69E:restep_reload;25.69H:restep_reload;30.69E:decrease;31.46U;39.06E:onset;44.06H:onset;60.79E:decrease;61.51U,10.65E:onset;15.65H:onset;20.37E:restep;20.69E:restep_reload;25.69H:restep_reload;30.69E:decrease;31.46U;39.06E:onset;44.06H:onset;60.79E:decrease;61.51U,0,1,11,0,0,6,6,0,0,3,3,2,2
a,中途切换-1d9493,v6.1,timing_J0P,27,10.65E:onset;15.65H:onset;20.37E:restep;20.69E:restep_reload;25.69H:restep_reload;30.69E:decrease;31.46U;39.06E:onset;44.06H:onset;60.79E:decrease;61.51U,10.65E:onset;15.65H:onset;20.37E:restep;20.69E:restep_reload;25.69H:restep_reload;30.69E:decrease;31.46U;39.06E:onset;44.06H:onset;60.79E:decrease;61.51U,0,1,11,0,0,6,6,0,0,3,3,2,2
a,中途切换-1d9493,v5.1,timing_J0P,28,0.00E:v5_begin;13.19E:v5_begin;23.38E:v5_begin;41.68E:v5_begin,0.00E:v5_begin;13.19E:v5_begin;23.38E:v5_begin;41.68E:v5_begin,0,1,4,0,0,4,4,0,0,0,0,0,0
a,中途切换-1d9493,v6,timing_J0P,28,10.65E:onset;15.65H:onset;20.37E:restep;20.69E:restep_reload;25.69H:restep_reload;30.69E:decrease;31.46U;39.06E:onset;44.06H:onset;60.79E:decrease;61.51U,10.65E:onset;15.65H:onset;20.37E:restep;20.69E:restep_reload;25.69H:restep_reload;30.69E:decrease;31.46U;39.06E:onset;44.06H:onset;60.79E:decrease;61.51U,0,1,11,0,0,6,6,0,0,3,3,2,2
a,中途切换-1d9493,v6.1,timing_J0P,28,10.65E:onset;15.65H:onset;20.37E:restep;20.69E:restep_reload;25.69H:restep_reload;30.69E:decrease;31.46U;39.06E:onset;44.06H:onset;60.79E:decrease;61.51U,10.65E:onset;15.65H:onset;20.37E:restep;20.69E:restep_reload;25.69H:restep_reload;30.69E:decrease;31.46U;39.06E:onset;44.06H:onset;60.79E:decrease;61.51U,0,1,11,0,0,6,6,0,0,3,3,2,2
a,中途切换-1d9493,v5.1,timing_J0P,29,0.00E:v5_begin;13.19E:v5_begin;23.38E:v5_begin;41.68E:v5_begin,0.00E:v5_begin;13.19E:v5_begin;23.38E:v5_begin;41.68E:v5_begin,0,1,4,0,0,4,4,0,0,0,0,0,0
a,中途切换-1d9493,v6,timing_J0P,29,10.65E:onset;15.65H:onset;20.37E:restep;20.69E:restep_reload;25.69H:restep_reload;30.69E:decrease;31.46U;39.06E:onset;44.06H:onset;60.79E:decrease;61.51U,10.65E:onset;15.65H:onset;20.37E:restep;20.69E:restep_reload;25.69H:restep_reload;30.69E:decrease;31.46U;39.06E:onset;44.06H:onset;60.79E:decrease;61.51U,0,1,11,0,0,6,6,0,0,3,3,2,2
a,中途切换-1d9493,v6.1,timing_J0P,29,10.65E:onset;15.65H:onset;20.37E:restep;20.69E:restep_reload;25.69H:restep_reload;30.69E:decrease;31.46U;39.06E:onset;44.06H:onset;60.79E:decrease;61.51U,10.65E:onset;15.65H:onset;20.37E:restep;20.69E:restep_reload;25.69H:restep_reload;30.69E:decrease;31.46U;39.06E:onset;44.06H:onset;60.79E:decrease;61.51U,0,1,11,0,0,6,6,0,0,3,3,2,2
a,中途切换-1d9493,v5.1,timing_J10P,0,0.00E:v5_begin;13.19E:v5_begin;23.38E:v5_begin;41.68E:v5_begin,0.00E:v5_begin;13.18E:v5_begin;23.38E:v5_begin;41.68E:v5_begin,0,1,4,0,0,4,4,0,0,0,0,0,0
a,中途切换-1d9493,v6,timing_J10P,0,10.65E:onset;15.65H:onset;20.37E:restep;20.69E:restep_reload;25.69H:restep_reload;30.69E:decrease;31.46U;39.06E:onset;44.06H:onset;60.79E:decrease;61.51U,10.65E:onset;15.66H:onset;20.37E:restep;20.69E:restep_reload;25.70H:restep_reload;30.69E:decrease;31.46U;39.06E:onset;44.06H:onset;60.79E:decrease;61.51U,0,1,11,0,0,6,6,0,0,3,3,2,2
a,中途切换-1d9493,v6.1,timing_J10P,0,10.65E:onset;15.65H:onset;20.37E:restep;20.69E:restep_reload;25.69H:restep_reload;30.69E:decrease;31.46U;39.06E:onset;44.06H:onset;60.79E:decrease;61.51U,10.65E:onset;15.66H:onset;20.37E:restep;20.69E:restep_reload;25.70H:restep_reload;30.69E:decrease;31.46U;39.06E:onset;44.06H:onset;60.79E:decrease;61.51U,0,1,11,0,0,6,6,0,0,3,3,2,2
a,中途切换-1d9493,v5.1,timing_J10P,1,0.00E:v5_begin;13.19E:v5_begin;23.38E:v5_begin;41.68E:v5_begin,0.00E:v5_begin;13.18E:v5_begin;23.38E:v5_begin;41.68E:v5_begin,0,1,4,0,0,4,4,0,0,0,0,0,0
a,中途切换-1d9493,v6,timing_J10P,1,10.65E:onset;15.65H:onset;20.37E:restep;20.69E:restep_reload;25.69H:restep_reload;30.69E:decrease;31.46U;39.06E:onset;44.06H:onset;60.79E:decrease;61.51U,10.65E:onset;15.65H:onset;20.37E:restep;20.69E:restep_reload;25.69H:restep_reload;30.69E:decrease;31.46U;39.06E:onset;44.07H:onset;60.79E:decrease;61.51U,0,1,11,0,0,6,6,0,0,3,3,2,2
a,中途切换-1d9493,v6.1,timing_J10P,1,10.65E:onset;15.65H:onset;20.37E:restep;20.69E:restep_reload;25.69H:restep_reload;30.69E:decrease;31.46U;39.06E:onset;44.06H:onset;60.79E:decrease;61.51U,10.65E:onset;15.65H:onset;20.37E:restep;20.69E:restep_reload;25.69H:restep_reload;30.69E:decrease;31.46U;39.06E:onset;44.07H:onset;60.79E:decrease;61.51U,0,1,11,0,0,6,6,0,0,3,3,2,2
a,中途切换-1d9493,v5.1,timing_J10P,2,0.00E:v5_begin;13.19E:v5_begin;23.38E:v5_begin;41.68E:v5_begin,0.00E:v5_begin;13.19E:v5_begin;23.38E:v5_begin;41.68E:v5_begin,0,1,4,0,0,4,4,0,0,0,0,0,0
a,中途切换-1d9493,v6,timing_J10P,2,10.65E:onset;15.65H:onset;20.37E:restep;20.69E:restep_reload;25.69H:restep_reload;30.69E:decrease;31.46U;39.06E:onset;44.06H:onset;60.79E:decrease;61.51U,10.65E:onset;15.66H:onset;20.65E:restep;20.69E:restep_reload;25.70H:restep_reload;30.69E:decrease;31.47U;39.06E:onset;44.06H:onset;60.79E:decrease;61.51U,0,1,10,1,1,6,6,0,0,3,3,2,2
a,中途切换-1d9493,v6.1,timing_J10P,2,10.65E:onset;15.65H:onset;20.37E:restep;20.69E:restep_reload;25.69H:restep_reload;30.69E:decrease;31.46U;39.06E:onset;44.06H:onset;60.79E:decrease;61.51U,10.65E:onset;15.66H:onset;20.65E:restep;20.69E:restep_reload;25.70H:restep_reload;30.69E:decrease;31.47U;39.06E:onset;44.06H:onset;60.79E:decrease;61.51U,0,1,10,1,1,6,6,0,0,3,3,2,2
a,中途切换-1d9493,v5.1,timing_J10P,3,0.00E:v5_begin;13.19E:v5_begin;23.38E:v5_begin;41.68E:v5_begin,0.00E:v5_begin;13.19E:v5_begin;23.38E:v5_begin;41.66E:v5_begin,0,1,4,0,0,4,4,0,0,0,0,0,0
a,中途切换-1d9493,v6,timing_J10P,3,10.65E:onset;15.65H:onset;20.37E:restep;20.69E:restep_reload;25.69H:restep_reload;30.69E:decrease;31.46U;39.06E:onset;44.06H:onset;60.79E:decrease;61.51U,10.65E:onset;15.65H:onset;20.65E:restep;20.69E:restep_reload;25.69H:restep_reload;30.69E:decrease;31.46U;39.06E:onset;44.07H:onset;60.79E:decrease;61.51U,0,1,10,1,1,6,6,0,0,3,3,2,2
a,中途切换-1d9493,v6.1,timing_J10P,3,10.65E:onset;15.65H:onset;20.37E:restep;20.69E:restep_reload;25.69H:restep_reload;30.69E:decrease;31.46U;39.06E:onset;44.06H:onset;60.79E:decrease;61.51U,10.65E:onset;15.65H:onset;20.65E:restep;20.69E:restep_reload;25.69H:restep_reload;30.69E:decrease;31.46U;39.06E:onset;44.07H:onset;60.79E:decrease;61.51U,0,1,10,1,1,6,6,0,0,3,3,2,2
a,中途切换-1d9493,v5.1,timing_J10P,4,0.00E:v5_begin;13.19E:v5_begin;23.38E:v5_begin;41.68E:v5_begin,0.00E:v5_begin;13.19E:v5_begin;23.38E:v5_begin;41.68E:v5_begin,0,1,4,0,0,4,4,0,0,0,0,0,0
a,中途切换-1d9493,v6,timing_J10P,4,10.65E:onset;15.65H:onset;20.37E:restep;20.69E:restep_reload;25.69H:restep_reload;30.69E:decrease;31.46U;39.06E:onset;44.06H:onset;60.79E:decrease;61.51U,10.65E:onset;15.65H:onset;20.37E:restep;20.69E:restep_reload;25.69H:restep_reload;30.69E:decrease;31.47U;39.06E:onset;44.07H:onset;60.79E:decrease;61.51U,0,1,11,0,0,6,6,0,0,3,3,2,2
a,中途切换-1d9493,v6.1,timing_J10P,4,10.65E:onset;15.65H:onset;20.37E:restep;20.69E:restep_reload;25.69H:restep_reload;30.69E:decrease;31.46U;39.06E:onset;44.06H:onset;60.79E:decrease;61.51U,10.65E:onset;15.65H:onset;20.37E:restep;20.69E:restep_reload;25.69H:restep_reload;30.69E:decrease;31.47U;39.06E:onset;44.07H:onset;60.79E:decrease;61.51U,0,1,11,0,0,6,6,0,0,3,3,2,2
a,中途切换-1d9493,v5.1,timing_J10P,5,0.00E:v5_begin;13.19E:v5_begin;23.38E:v5_begin;41.68E:v5_begin,0.00E:v5_begin;13.18E:v5_begin;23.38E:v5_begin;41.68E:v5_begin,0,1,4,0,0,4,4,0,0,0,0,0,0
a,中途切换-1d9493,v6,timing_J10P,5,10.65E:onset;15.65H:onset;20.37E:restep;20.69E:restep_reload;25.69H:restep_reload;30.69E:decrease;31.46U;39.06E:onset;44.06H:onset;60.79E:decrease;61.51U,10.65E:onset;15.65H:onset;20.65E:restep;20.69E:restep_reload;25.70H:restep_reload;30.69E:decrease;31.47U;39.06E:onset;44.06H:onset;60.79E:decrease;61.51U,0,1,10,1,1,6,6,0,0,3,3,2,2
a,中途切换-1d9493,v6.1,timing_J10P,5,10.65E:onset;15.65H:onset;20.37E:restep;20.69E:restep_reload;25.69H:restep_reload;30.69E:decrease;31.46U;39.06E:onset;44.06H:onset;60.79E:decrease;61.51U,10.65E:onset;15.65H:onset;20.65E:restep;20.69E:restep_reload;25.70H:restep_reload;30.69E:decrease;31.47U;39.06E:onset;44.06H:onset;60.79E:decrease;61.51U,0,1,10,1,1,6,6,0,0,3,3,2,2
a,中途切换-1d9493,v5.1,timing_J10P,6,0.00E:v5_begin;13.19E:v5_begin;23.38E:v5_begin;41.68E:v5_begin,-0.00E:v5_begin;13.19E:v5_begin;23.38E:v5_begin;41.68E:v5_begin,0,1,4,0,0,4,4,0,0,0,0,0,0
a,中途切换-1d9493,v6,timing_J10P,6,10.65E:onset;15.65H:onset;20.37E:restep;20.69E:restep_reload;25.69H:restep_reload;30.69E:decrease;31.46U;39.06E:onset;44.06H:onset;60.79E:decrease;61.51U,10.65E:onset;15.66H:onset;20.65E:restep;20.69E:restep_reload;25.69H:restep_reload;30.69E:decrease;31.46U;39.06E:onset;44.07H:onset;60.79E:decrease;61.50U,0,1,10,1,1,6,6,0,0,3,3,2,2
a,中途切换-1d9493,v6.1,timing_J10P,6,10.65E:onset;15.65H:onset;20.37E:restep;20.69E:restep_reload;25.69H:restep_reload;30.69E:decrease;31.46U;39.06E:onset;44.06H:onset;60.79E:decrease;61.51U,10.65E:onset;15.66H:onset;20.65E:restep;20.69E:restep_reload;25.69H:restep_reload;30.69E:decrease;31.46U;39.06E:onset;44.07H:onset;60.79E:decrease;61.50U,0,1,10,1,1,6,6,0,0,3,3,2,2
a,中途切换-1d9493,v5.1,timing_J10P,7,0.00E:v5_begin;13.19E:v5_begin;23.38E:v5_begin;41.68E:v5_begin,-0.00E:v5_begin;13.18E:v5_begin;23.38E:v5_begin;41.68E:v5_begin,0,1,4,0,0,4,4,0,0,0,0,0,0
a,中途切换-1d9493,v6,timing_J10P,7,10.65E:onset;15.65H:onset;20.37E:restep;20.69E:restep_reload;25.69H:restep_reload;30.69E:decrease;31.46U;39.06E:onset;44.06H:onset;60.79E:decrease;61.51U,10.65E:onset;15.66H:onset;20.37E:restep;20.69E:restep_reload;25.70H:restep_reload;30.69E:decrease;31.46U;39.06E:onset;44.07H:onset;60.79E:decrease;61.51U,0,1,11,0,0,6,6,0,0,3,3,2,2
a,中途切换-1d9493,v6.1,timing_J10P,7,10.65E:onset;15.65H:onset;20.37E:restep;20.69E:restep_reload;25.69H:restep_reload;30.69E:decrease;31.46U;39.06E:onset;44.06H:onset;60.79E:decrease;61.51U,10.65E:onset;15.66H:onset;20.37E:restep;20.69E:restep_reload;25.70H:restep_reload;30.69E:decrease;31.46U;39.06E:onset;44.07H:onset;60.79E:decrease;61.51U,0,1,11,0,0,6,6,0,0,3,3,2,2
a,中途切换-1d9493,v5.1,timing_J10P,8,0.00E:v5_begin;13.19E:v5_begin;23.38E:v5_begin;41.68E:v5_begin,0.00E:v5_begin;13.19E:v5_begin;23.39E:v5_begin;41.67E:v5_begin,0,1,4,0,0,4,4,0,0,0,0,0,0
a,中途切换-1d9493,v6,timing_J10P,8,10.65E:onset;15.65H:onset;20.37E:restep;20.69E:restep_reload;25.69H:restep_reload;30.69E:decrease;31.46U;39.06E:onset;44.06H:onset;60.79E:decrease;61.51U,10.65E:onset;15.65H:onset;20.65E:restep;20.69E:restep_reload;25.69H:restep_reload;30.69E:decrease;31.46U;39.06E:onset;44.06H:onset;60.79E:decrease;61.51U,0,1,10,1,1,6,6,0,0,3,3,2,2
a,中途切换-1d9493,v6.1,timing_J10P,8,10.65E:onset;15.65H:onset;20.37E:restep;20.69E:restep_reload;25.69H:restep_reload;30.69E:decrease;31.46U;39.06E:onset;44.06H:onset;60.79E:decrease;61.51U,10.65E:onset;15.65H:onset;20.65E:restep;20.69E:restep_reload;25.69H:restep_reload;30.69E:decrease;31.46U;39.06E:onset;44.06H:onset;60.79E:decrease;61.51U,0,1,10,1,1,6,6,0,0,3,3,2,2
a,中途切换-1d9493,v5.1,timing_J10P,9,0.00E:v5_begin;13.19E:v5_begin;23.38E:v5_begin;41.68E:v5_begin,-0.00E:v5_begin;13.19E:v5_begin;23.38E:v5_begin;41.67E:v5_begin,0,1,4,0,0,4,4,0,0,0,0,0,0
a,中途切换-1d9493,v6,timing_J10P,9,10.65E:onset;15.65H:onset;20.37E:restep;20.69E:restep_reload;25.69H:restep_reload;30.69E:decrease;31.46U;39.06E:onset;44.06H:onset;60.79E:decrease;61.51U,10.65E:onset;15.65H:onset;20.37E:restep;20.69E:restep_reload;25.69H:restep_reload;30.69E:decrease;31.47U;39.06E:onset;44.06H:onset;60.79E:decrease;61.51U,0,1,11,0,0,6,6,0,0,3,3,2,2
a,中途切换-1d9493,v6.1,timing_J10P,9,10.65E:onset;15.65H:onset;20.37E:restep;20.69E:restep_reload;25.69H:restep_reload;30.69E:decrease;31.46U;39.06E:onset;44.06H:onset;60.79E:decrease;61.51U,10.65E:onset;15.65H:onset;20.37E:restep;20.69E:restep_reload;25.69H:restep_reload;30.69E:decrease;31.47U;39.06E:onset;44.06H:onset;60.79E:decrease;61.51U,0,1,11,0,0,6,6,0,0,3,3,2,2
a,中途切换-1d9493,v5.1,timing_J10P,10,0.00E:v5_begin;13.19E:v5_begin;23.38E:v5_begin;41.68E:v5_begin,0.00E:v5_begin;13.18E:v5_begin;23.39E:v5_begin;41.66E:v5_begin,0,1,4,0,0,4,4,0,0,0,0,0,0
a,中途切换-1d9493,v6,timing_J10P,10,10.65E:onset;15.65H:onset;20.37E:restep;20.69E:restep_reload;25.69H:restep_reload;30.69E:decrease;31.46U;39.06E:onset;44.06H:onset;60.79E:decrease;61.51U,10.65E:onset;15.65H:onset;20.37E:restep;20.69E:restep_reload;25.70H:restep_reload;30.69E:decrease;31.47U;39.06E:onset;44.06H:onset;60.79E:decrease;61.51U,0,1,11,0,0,6,6,0,0,3,3,2,2
a,中途切换-1d9493,v6.1,timing_J10P,10,10.65E:onset;15.65H:onset;20.37E:restep;20.69E:restep_reload;25.69H:restep_reload;30.69E:decrease;31.46U;39.06E:onset;44.06H:onset;60.79E:decrease;61.51U,10.65E:onset;15.65H:onset;20.37E:restep;20.69E:restep_reload;25.70H:restep_reload;30.69E:decrease;31.47U;39.06E:onset;44.06H:onset;60.79E:decrease;61.51U,0,1,11,0,0,6,6,0,0,3,3,2,2
a,中途切换-1d9493,v5.1,timing_J10P,11,0.00E:v5_begin;13.19E:v5_begin;23.38E:v5_begin;41.68E:v5_begin,-0.00E:v5_begin;13.18E:v5_begin;23.37E:v5_begin;41.68E:v5_begin,0,1,4,0,0,4,4,0,0,0,0,0,0
a,中途切换-1d9493,v6,timing_J10P,11,10.65E:onset;15.65H:onset;20.37E:restep;20.69E:restep_reload;25.69H:restep_reload;30.69E:decrease;31.46U;39.06E:onset;44.06H:onset;60.79E:decrease;61.51U,10.65E:onset;15.65H:onset;20.65E:restep;20.69E:restep_reload;25.69H:restep_reload;30.69E:decrease;31.46U;39.06E:onset;44.06H:onset;60.79E:decrease;61.51U,0,1,10,1,1,6,6,0,0,3,3,2,2
a,中途切换-1d9493,v6.1,timing_J10P,11,10.65E:onset;15.65H:onset;20.37E:restep;20.69E:restep_reload;25.69H:restep_reload;30.69E:decrease;31.46U;39.06E:onset;44.06H:onset;60.79E:decrease;61.51U,10.65E:onset;15.65H:onset;20.65E:restep;20.69E:restep_reload;25.69H:restep_reload;30.69E:decrease;31.46U;39.06E:onset;44.06H:onset;60.79E:decrease;61.51U,0,1,10,1,1,6,6,0,0,3,3,2,2
a,中途切换-1d9493,v5.1,timing_J10P,12,0.00E:v5_begin;13.19E:v5_begin;23.38E:v5_begin;41.68E:v5_begin,0.00E:v5_begin;13.18E:v5_begin;23.38E:v5_begin;41.67E:v5_begin,0,1,4,0,0,4,4,0,0,0,0,0,0
a,中途切换-1d9493,v6,timing_J10P,12,10.65E:onset;15.65H:onset;20.37E:restep;20.69E:restep_reload;25.69H:restep_reload;30.69E:decrease;31.46U;39.06E:onset;44.06H:onset;60.79E:decrease;61.51U,10.65E:onset;15.65H:onset;20.65E:restep;20.69E:restep_reload;25.70H:restep_reload;30.69E:decrease;31.46U;39.06E:onset;44.07H:onset;60.79E:decrease;61.51U,0,1,10,1,1,6,6,0,0,3,3,2,2
a,中途切换-1d9493,v6.1,timing_J10P,12,10.65E:onset;15.65H:onset;20.37E:restep;20.69E:restep_reload;25.69H:restep_reload;30.69E:decrease;31.46U;39.06E:onset;44.06H:onset;60.79E:decrease;61.51U,10.65E:onset;15.65H:onset;20.65E:restep;20.69E:restep_reload;25.70H:restep_reload;30.69E:decrease;31.46U;39.06E:onset;44.07H:onset;60.79E:decrease;61.51U,0,1,10,1,1,6,6,0,0,3,3,2,2
a,中途切换-1d9493,v5.1,timing_J10P,13,0.00E:v5_begin;13.19E:v5_begin;23.38E:v5_begin;41.68E:v5_begin,0.00E:v5_begin;13.18E:v5_begin;23.38E:v5_begin;41.67E:v5_begin,0,1,4,0,0,4,4,0,0,0,0,0,0
a,中途切换-1d9493,v6,timing_J10P,13,10.65E:onset;15.65H:onset;20.37E:restep;20.69E:restep_reload;25.69H:restep_reload;30.69E:decrease;31.46U;39.06E:onset;44.06H:onset;60.79E:decrease;61.51U,10.65E:onset;15.66H:onset;20.37E:restep;20.69E:restep_reload;25.70H:restep_reload;30.69E:decrease;31.46U;39.06E:onset;44.06H:onset;60.79E:decrease;61.51U,0,1,11,0,0,6,6,0,0,3,3,2,2
a,中途切换-1d9493,v6.1,timing_J10P,13,10.65E:onset;15.65H:onset;20.37E:restep;20.69E:restep_reload;25.69H:restep_reload;30.69E:decrease;31.46U;39.06E:onset;44.06H:onset;60.79E:decrease;61.51U,10.65E:onset;15.66H:onset;20.37E:restep;20.69E:restep_reload;25.70H:restep_reload;30.69E:decrease;31.46U;39.06E:onset;44.06H:onset;60.79E:decrease;61.51U,0,1,11,0,0,6,6,0,0,3,3,2,2
a,中途切换-1d9493,v5.1,timing_J10P,14,0.00E:v5_begin;13.19E:v5_begin;23.38E:v5_begin;41.68E:v5_begin,-0.00E:v5_begin;13.18E:v5_begin;23.39E:v5_begin;41.67E:v5_begin,0,1,4,0,0,4,4,0,0,0,0,0,0
a,中途切换-1d9493,v6,timing_J10P,14,10.65E:onset;15.65H:onset;20.37E:restep;20.69E:restep_reload;25.69H:restep_reload;30.69E:decrease;31.46U;39.06E:onset;44.06H:onset;60.79E:decrease;61.51U,10.65E:onset;15.66H:onset;20.37E:restep;20.69E:restep_reload;25.69H:restep_reload;30.69E:decrease;31.46U;39.06E:onset;44.06H:onset;60.79E:decrease;61.51U,0,1,11,0,0,6,6,0,0,3,3,2,2
a,中途切换-1d9493,v6.1,timing_J10P,14,10.65E:onset;15.65H:onset;20.37E:restep;20.69E:restep_reload;25.69H:restep_reload;30.69E:decrease;31.46U;39.06E:onset;44.06H:onset;60.79E:decrease;61.51U,10.65E:onset;15.66H:onset;20.37E:restep;20.69E:restep_reload;25.69H:restep_reload;30.69E:decrease;31.46U;39.06E:onset;44.06H:onset;60.79E:decrease;61.51U,0,1,11,0,0,6,6,0,0,3,3,2,2
a,中途切换-1d9493,v5.1,timing_J10P,15,0.00E:v5_begin;13.19E:v5_begin;23.38E:v5_begin;41.68E:v5_begin,-0.00E:v5_begin;13.18E:v5_begin;23.38E:v5_begin;41.67E:v5_begin,0,1,4,0,0,4,4,0,0,0,0,0,0
a,中途切换-1d9493,v6,timing_J10P,15,10.65E:onset;15.65H:onset;20.37E:restep;20.69E:restep_reload;25.69H:restep_reload;30.69E:decrease;31.46U;39.06E:onset;44.06H:onset;60.79E:decrease;61.51U,10.65E:onset;15.65H:onset;20.37E:restep;20.69E:restep_reload;25.69H:restep_reload;30.69E:decrease;31.47U;39.06E:onset;44.06H:onset;60.79E:decrease;61.52U,0,1,11,0,0,6,6,0,0,3,3,2,2
a,中途切换-1d9493,v6.1,timing_J10P,15,10.65E:onset;15.65H:onset;20.37E:restep;20.69E:restep_reload;25.69H:restep_reload;30.69E:decrease;31.46U;39.06E:onset;44.06H:onset;60.79E:decrease;61.51U,10.65E:onset;15.65H:onset;20.37E:restep;20.69E:restep_reload;25.69H:restep_reload;30.69E:decrease;31.47U;39.06E:onset;44.06H:onset;60.79E:decrease;61.52U,0,1,11,0,0,6,6,0,0,3,3,2,2
a,中途切换-1d9493,v5.1,timing_J10P,16,0.00E:v5_begin;13.19E:v5_begin;23.38E:v5_begin;41.68E:v5_begin,0.00E:v5_begin;13.18E:v5_begin;23.39E:v5_begin;41.67E:v5_begin,0,1,4,0,0,4,4,0,0,0,0,0,0
a,中途切换-1d9493,v6,timing_J10P,16,10.65E:onset;15.65H:onset;20.37E:restep;20.69E:restep_reload;25.69H:restep_reload;30.69E:decrease;31.46U;39.06E:onset;44.06H:onset;60.79E:decrease;61.51U,10.65E:onset;15.65H:onset;20.37E:restep;20.69E:restep_reload;25.69H:restep_reload;30.69E:decrease;31.46U;39.06E:onset;44.07H:onset;60.79E:decrease;61.51U,0,1,11,0,0,6,6,0,0,3,3,2,2
a,中途切换-1d9493,v6.1,timing_J10P,16,10.65E:onset;15.65H:onset;20.37E:restep;20.69E:restep_reload;25.69H:restep_reload;30.69E:decrease;31.46U;39.06E:onset;44.06H:onset;60.79E:decrease;61.51U,10.65E:onset;15.65H:onset;20.37E:restep;20.69E:restep_reload;25.69H:restep_reload;30.69E:decrease;31.46U;39.06E:onset;44.07H:onset;60.79E:decrease;61.51U,0,1,11,0,0,6,6,0,0,3,3,2,2
a,中途切换-1d9493,v5.1,timing_J10P,17,0.00E:v5_begin;13.19E:v5_begin;23.38E:v5_begin;41.68E:v5_begin,-0.00E:v5_begin;13.18E:v5_begin;23.38E:v5_begin;41.68E:v5_begin,0,1,4,0,0,4,4,0,0,0,0,0,0
a,中途切换-1d9493,v6,timing_J10P,17,10.65E:onset;15.65H:onset;20.37E:restep;20.69E:restep_reload;25.69H:restep_reload;30.69E:decrease;31.46U;39.06E:onset;44.06H:onset;60.79E:decrease;61.51U,10.65E:onset;15.66H:onset;20.65E:restep;20.69E:restep_reload;25.69H:restep_reload;30.69E:decrease;31.46U;39.06E:onset;44.07H:onset;60.79E:decrease;61.52U,0,1,10,1,1,6,6,0,0,3,3,2,2
a,中途切换-1d9493,v6.1,timing_J10P,17,10.65E:onset;15.65H:onset;20.37E:restep;20.69E:restep_reload;25.69H:restep_reload;30.69E:decrease;31.46U;39.06E:onset;44.06H:onset;60.79E:decrease;61.51U,10.65E:onset;15.66H:onset;20.65E:restep;20.69E:restep_reload;25.69H:restep_reload;30.69E:decrease;31.46U;39.06E:onset;44.07H:onset;60.79E:decrease;61.52U,0,1,10,1,1,6,6,0,0,3,3,2,2
a,中途切换-1d9493,v5.1,timing_J10P,18,0.00E:v5_begin;13.19E:v5_begin;23.38E:v5_begin;41.68E:v5_begin,0.00E:v5_begin;13.18E:v5_begin;23.37E:v5_begin;41.67E:v5_begin,0,1,4,0,0,4,4,0,0,0,0,0,0
a,中途切换-1d9493,v6,timing_J10P,18,10.65E:onset;15.65H:onset;20.37E:restep;20.69E:restep_reload;25.69H:restep_reload;30.69E:decrease;31.46U;39.06E:onset;44.06H:onset;60.79E:decrease;61.51U,10.65E:onset;15.65H:onset;20.65E:restep;20.69E:restep_reload;25.69H:restep_reload;30.69E:decrease;31.46U;39.06E:onset;44.06H:onset;60.79E:decrease;61.51U,0,1,10,1,1,6,6,0,0,3,3,2,2
a,中途切换-1d9493,v6.1,timing_J10P,18,10.65E:onset;15.65H:onset;20.37E:restep;20.69E:restep_reload;25.69H:restep_reload;30.69E:decrease;31.46U;39.06E:onset;44.06H:onset;60.79E:decrease;61.51U,10.65E:onset;15.65H:onset;20.65E:restep;20.69E:restep_reload;25.69H:restep_reload;30.69E:decrease;31.46U;39.06E:onset;44.06H:onset;60.79E:decrease;61.51U,0,1,10,1,1,6,6,0,0,3,3,2,2
a,中途切换-1d9493,v5.1,timing_J10P,19,0.00E:v5_begin;13.19E:v5_begin;23.38E:v5_begin;41.68E:v5_begin,0.00E:v5_begin;13.18E:v5_begin;23.38E:v5_begin;41.67E:v5_begin,0,1,4,0,0,4,4,0,0,0,0,0,0
a,中途切换-1d9493,v6,timing_J10P,19,10.65E:onset;15.65H:onset;20.37E:restep;20.69E:restep_reload;25.69H:restep_reload;30.69E:decrease;31.46U;39.06E:onset;44.06H:onset;60.79E:decrease;61.51U,10.65E:onset;15.65H:onset;20.65E:restep;20.69E:restep_reload;25.70H:restep_reload;30.69E:decrease;31.47U;39.06E:onset;44.07H:onset;60.79E:decrease;61.51U,0,1,10,1,1,6,6,0,0,3,3,2,2
a,中途切换-1d9493,v6.1,timing_J10P,19,10.65E:onset;15.65H:onset;20.37E:restep;20.69E:restep_reload;25.69H:restep_reload;30.69E:decrease;31.46U;39.06E:onset;44.06H:onset;60.79E:decrease;61.51U,10.65E:onset;15.65H:onset;20.65E:restep;20.69E:restep_reload;25.70H:restep_reload;30.69E:decrease;31.47U;39.06E:onset;44.07H:onset;60.79E:decrease;61.51U,0,1,10,1,1,6,6,0,0,3,3,2,2
a,中途切换-1d9493,v5.1,timing_J10P,20,0.00E:v5_begin;13.19E:v5_begin;23.38E:v5_begin;41.68E:v5_begin,-0.00E:v5_begin;13.18E:v5_begin;23.38E:v5_begin;41.68E:v5_begin,0,1,4,0,0,4,4,0,0,0,0,0,0
a,中途切换-1d9493,v6,timing_J10P,20,10.65E:onset;15.65H:onset;20.37E:restep;20.69E:restep_reload;25.69H:restep_reload;30.69E:decrease;31.46U;39.06E:onset;44.06H:onset;60.79E:decrease;61.51U,10.65E:onset;15.65H:onset;20.65E:restep;20.69E:restep_reload;25.70H:restep_reload;30.69E:decrease;31.46U;39.06E:onset;44.07H:onset;60.79E:decrease;61.50U,0,1,10,1,1,6,6,0,0,3,3,2,2
a,中途切换-1d9493,v6.1,timing_J10P,20,10.65E:onset;15.65H:onset;20.37E:restep;20.69E:restep_reload;25.69H:restep_reload;30.69E:decrease;31.46U;39.06E:onset;44.06H:onset;60.79E:decrease;61.51U,10.65E:onset;15.65H:onset;20.65E:restep;20.69E:restep_reload;25.70H:restep_reload;30.69E:decrease;31.46U;39.06E:onset;44.07H:onset;60.79E:decrease;61.50U,0,1,10,1,1,6,6,0,0,3,3,2,2
a,中途切换-1d9493,v5.1,timing_J10P,21,0.00E:v5_begin;13.19E:v5_begin;23.38E:v5_begin;41.68E:v5_begin,-0.00E:v5_begin;13.18E:v5_begin;23.38E:v5_begin;41.67E:v5_begin,0,1,4,0,0,4,4,0,0,0,0,0,0
a,中途切换-1d9493,v6,timing_J10P,21,10.65E:onset;15.65H:onset;20.37E:restep;20.69E:restep_reload;25.69H:restep_reload;30.69E:decrease;31.46U;39.06E:onset;44.06H:onset;60.79E:decrease;61.51U,10.65E:onset;15.65H:onset;20.37E:restep;20.69E:restep_reload;25.70H:restep_reload;30.69E:decrease;31.47U;39.06E:onset;44.07H:onset;60.79E:decrease;61.51U,0,1,11,0,0,6,6,0,0,3,3,2,2
a,中途切换-1d9493,v6.1,timing_J10P,21,10.65E:onset;15.65H:onset;20.37E:restep;20.69E:restep_reload;25.69H:restep_reload;30.69E:decrease;31.46U;39.06E:onset;44.06H:onset;60.79E:decrease;61.51U,10.65E:onset;15.65H:onset;20.37E:restep;20.69E:restep_reload;25.70H:restep_reload;30.69E:decrease;31.47U;39.06E:onset;44.07H:onset;60.79E:decrease;61.51U,0,1,11,0,0,6,6,0,0,3,3,2,2
a,中途切换-1d9493,v5.1,timing_J10P,22,0.00E:v5_begin;13.19E:v5_begin;23.38E:v5_begin;41.68E:v5_begin,-0.00E:v5_begin;13.19E:v5_begin;23.38E:v5_begin;41.67E:v5_begin,0,1,4,0,0,4,4,0,0,0,0,0,0
a,中途切换-1d9493,v6,timing_J10P,22,10.65E:onset;15.65H:onset;20.37E:restep;20.69E:restep_reload;25.69H:restep_reload;30.69E:decrease;31.46U;39.06E:onset;44.06H:onset;60.79E:decrease;61.51U,10.65E:onset;15.66H:onset;20.37E:restep;20.69E:restep_reload;25.69H:restep_reload;30.69E:decrease;31.46U;39.06E:onset;44.07H:onset;60.79E:decrease;61.50U,0,1,11,0,0,6,6,0,0,3,3,2,2
a,中途切换-1d9493,v6.1,timing_J10P,22,10.65E:onset;15.65H:onset;20.37E:restep;20.69E:restep_reload;25.69H:restep_reload;30.69E:decrease;31.46U;39.06E:onset;44.06H:onset;60.79E:decrease;61.51U,10.65E:onset;15.66H:onset;20.37E:restep;20.69E:restep_reload;25.69H:restep_reload;30.69E:decrease;31.46U;39.06E:onset;44.07H:onset;60.79E:decrease;61.50U,0,1,11,0,0,6,6,0,0,3,3,2,2
a,中途切换-1d9493,v5.1,timing_J10P,23,0.00E:v5_begin;13.19E:v5_begin;23.38E:v5_begin;41.68E:v5_begin,-0.00E:v5_begin;13.18E:v5_begin;23.37E:v5_begin;41.66E:v5_begin,0,1,4,0,0,4,4,0,0,0,0,0,0
a,中途切换-1d9493,v6,timing_J10P,23,10.65E:onset;15.65H:onset;20.37E:restep;20.69E:restep_reload;25.69H:restep_reload;30.69E:decrease;31.46U;39.06E:onset;44.06H:onset;60.79E:decrease;61.51U,10.65E:onset;15.65H:onset;20.37E:restep;20.69E:restep_reload;25.70H:restep_reload;30.69E:decrease;31.47U;39.06E:onset;44.07H:onset;60.79E:decrease;61.51U,0,1,11,0,0,6,6,0,0,3,3,2,2
a,中途切换-1d9493,v6.1,timing_J10P,23,10.65E:onset;15.65H:onset;20.37E:restep;20.69E:restep_reload;25.69H:restep_reload;30.69E:decrease;31.46U;39.06E:onset;44.06H:onset;60.79E:decrease;61.51U,10.65E:onset;15.65H:onset;20.37E:restep;20.69E:restep_reload;25.70H:restep_reload;30.69E:decrease;31.47U;39.06E:onset;44.07H:onset;60.79E:decrease;61.51U,0,1,11,0,0,6,6,0,0,3,3,2,2
a,中途切换-1d9493,v5.1,timing_J10P,24,0.00E:v5_begin;13.19E:v5_begin;23.38E:v5_begin;41.68E:v5_begin,0.00E:v5_begin;13.19E:v5_begin;23.38E:v5_begin;41.68E:v5_begin,0,1,4,0,0,4,4,0,0,0,0,0,0
a,中途切换-1d9493,v6,timing_J10P,24,10.65E:onset;15.65H:onset;20.37E:restep;20.69E:restep_reload;25.69H:restep_reload;30.69E:decrease;31.46U;39.06E:onset;44.06H:onset;60.79E:decrease;61.51U,10.65E:onset;15.65H:onset;20.37E:restep;20.69E:restep_reload;25.70H:restep_reload;30.69E:decrease;31.47U;39.06E:onset;44.06H:onset;60.79E:decrease;61.52U,0,1,11,0,0,6,6,0,0,3,3,2,2
a,中途切换-1d9493,v6.1,timing_J10P,24,10.65E:onset;15.65H:onset;20.37E:restep;20.69E:restep_reload;25.69H:restep_reload;30.69E:decrease;31.46U;39.06E:onset;44.06H:onset;60.79E:decrease;61.51U,10.65E:onset;15.65H:onset;20.37E:restep;20.69E:restep_reload;25.70H:restep_reload;30.69E:decrease;31.47U;39.06E:onset;44.06H:onset;60.79E:decrease;61.52U,0,1,11,0,0,6,6,0,0,3,3,2,2
a,中途切换-1d9493,v5.1,timing_J10P,25,0.00E:v5_begin;13.19E:v5_begin;23.38E:v5_begin;41.68E:v5_begin,0.00E:v5_begin;13.19E:v5_begin;23.38E:v5_begin;41.67E:v5_begin,0,1,4,0,0,4,4,0,0,0,0,0,0
a,中途切换-1d9493,v6,timing_J10P,25,10.65E:onset;15.65H:onset;20.37E:restep;20.69E:restep_reload;25.69H:restep_reload;30.69E:decrease;31.46U;39.06E:onset;44.06H:onset;60.79E:decrease;61.51U,10.65E:onset;15.66H:onset;20.37E:restep;20.69E:restep_reload;25.69H:restep_reload;30.69E:decrease;31.46U;39.06E:onset;44.07H:onset;60.79E:decrease;61.51U,0,1,11,0,0,6,6,0,0,3,3,2,2
a,中途切换-1d9493,v6.1,timing_J10P,25,10.65E:onset;15.65H:onset;20.37E:restep;20.69E:restep_reload;25.69H:restep_reload;30.69E:decrease;31.46U;39.06E:onset;44.06H:onset;60.79E:decrease;61.51U,10.65E:onset;15.66H:onset;20.37E:restep;20.69E:restep_reload;25.69H:restep_reload;30.69E:decrease;31.46U;39.06E:onset;44.07H:onset;60.79E:decrease;61.51U,0,1,11,0,0,6,6,0,0,3,3,2,2
a,中途切换-1d9493,v5.1,timing_J10P,26,0.00E:v5_begin;13.19E:v5_begin;23.38E:v5_begin;41.68E:v5_begin,-0.00E:v5_begin;13.18E:v5_begin;23.37E:v5_begin;41.67E:v5_begin,0,1,4,0,0,4,4,0,0,0,0,0,0
a,中途切换-1d9493,v6,timing_J10P,26,10.65E:onset;15.65H:onset;20.37E:restep;20.69E:restep_reload;25.69H:restep_reload;30.69E:decrease;31.46U;39.06E:onset;44.06H:onset;60.79E:decrease;61.51U,10.65E:onset;15.66H:onset;20.37E:restep;20.69E:restep_reload;25.70H:restep_reload;30.69E:decrease;31.46U;39.06E:onset;44.06H:onset;60.79E:decrease;61.50U,0,1,11,0,0,6,6,0,0,3,3,2,2
a,中途切换-1d9493,v6.1,timing_J10P,26,10.65E:onset;15.65H:onset;20.37E:restep;20.69E:restep_reload;25.69H:restep_reload;30.69E:decrease;31.46U;39.06E:onset;44.06H:onset;60.79E:decrease;61.51U,10.65E:onset;15.66H:onset;20.37E:restep;20.69E:restep_reload;25.70H:restep_reload;30.69E:decrease;31.46U;39.06E:onset;44.06H:onset;60.79E:decrease;61.50U,0,1,11,0,0,6,6,0,0,3,3,2,2
a,中途切换-1d9493,v5.1,timing_J10P,27,0.00E:v5_begin;13.19E:v5_begin;23.38E:v5_begin;41.68E:v5_begin,0.00E:v5_begin;13.18E:v5_begin;23.39E:v5_begin;41.68E:v5_begin,0,1,4,0,0,4,4,0,0,0,0,0,0
a,中途切换-1d9493,v6,timing_J10P,27,10.65E:onset;15.65H:onset;20.37E:restep;20.69E:restep_reload;25.69H:restep_reload;30.69E:decrease;31.46U;39.06E:onset;44.06H:onset;60.79E:decrease;61.51U,10.65E:onset;15.66H:onset;20.65E:restep;20.69E:restep_reload;25.70H:restep_reload;30.69E:decrease;31.47U;39.06E:onset;44.07H:onset;60.79E:decrease;61.51U,0,1,10,1,1,6,6,0,0,3,3,2,2
a,中途切换-1d9493,v6.1,timing_J10P,27,10.65E:onset;15.65H:onset;20.37E:restep;20.69E:restep_reload;25.69H:restep_reload;30.69E:decrease;31.46U;39.06E:onset;44.06H:onset;60.79E:decrease;61.51U,10.65E:onset;15.66H:onset;20.65E:restep;20.69E:restep_reload;25.70H:restep_reload;30.69E:decrease;31.47U;39.06E:onset;44.07H:onset;60.79E:decrease;61.51U,0,1,10,1,1,6,6,0,0,3,3,2,2
a,中途切换-1d9493,v5.1,timing_J10P,28,0.00E:v5_begin;13.19E:v5_begin;23.38E:v5_begin;41.68E:v5_begin,-0.00E:v5_begin;13.18E:v5_begin;23.38E:v5_begin;41.67E:v5_begin,0,1,4,0,0,4,4,0,0,0,0,0,0
a,中途切换-1d9493,v6,timing_J10P,28,10.65E:onset;15.65H:onset;20.37E:restep;20.69E:restep_reload;25.69H:restep_reload;30.69E:decrease;31.46U;39.06E:onset;44.06H:onset;60.79E:decrease;61.51U,10.65E:onset;15.65H:onset;20.37E:restep;20.69E:restep_reload;25.69H:restep_reload;30.69E:decrease;31.46U;39.06E:onset;44.07H:onset;60.79E:decrease;61.51U,0,1,11,0,0,6,6,0,0,3,3,2,2
a,中途切换-1d9493,v6.1,timing_J10P,28,10.65E:onset;15.65H:onset;20.37E:restep;20.69E:restep_reload;25.69H:restep_reload;30.69E:decrease;31.46U;39.06E:onset;44.06H:onset;60.79E:decrease;61.51U,10.65E:onset;15.65H:onset;20.37E:restep;20.69E:restep_reload;25.69H:restep_reload;30.69E:decrease;31.46U;39.06E:onset;44.07H:onset;60.79E:decrease;61.51U,0,1,11,0,0,6,6,0,0,3,3,2,2
a,中途切换-1d9493,v5.1,timing_J10P,29,0.00E:v5_begin;13.19E:v5_begin;23.38E:v5_begin;41.68E:v5_begin,-0.00E:v5_begin;13.19E:v5_begin;23.38E:v5_begin;41.67E:v5_begin,0,1,4,0,0,4,4,0,0,0,0,0,0
a,中途切换-1d9493,v6,timing_J10P,29,10.65E:onset;15.65H:onset;20.37E:restep;20.69E:restep_reload;25.69H:restep_reload;30.69E:decrease;31.46U;39.06E:onset;44.06H:onset;60.79E:decrease;61.51U,10.65E:onset;15.66H:onset;20.65E:restep;20.69E:restep_reload;25.70H:restep_reload;30.69E:decrease;31.46U;39.06E:onset;44.07H:onset;60.79E:decrease;61.51U,0,1,10,1,1,6,6,0,0,3,3,2,2
a,中途切换-1d9493,v6.1,timing_J10P,29,10.65E:onset;15.65H:onset;20.37E:restep;20.69E:restep_reload;25.69H:restep_reload;30.69E:decrease;31.46U;39.06E:onset;44.06H:onset;60.79E:decrease;61.51U,10.65E:onset;15.66H:onset;20.65E:restep;20.69E:restep_reload;25.70H:restep_reload;30.69E:decrease;31.46U;39.06E:onset;44.07H:onset;60.79E:decrease;61.51U,0,1,10,1,1,6,6,0,0,3,3,2,2
a,中途切换-1d9493,v5.1,timing_J25P,0,0.00E:v5_begin;13.19E:v5_begin;23.38E:v5_begin;41.68E:v5_begin,0.00E:v5_begin;13.17E:v5_begin;23.37E:v5_begin;41.68E:v5_begin,0,1,4,0,0,4,4,0,0,0,0,0,0
a,中途切换-1d9493,v6,timing_J25P,0,10.65E:onset;15.65H:onset;20.37E:restep;20.69E:restep_reload;25.69H:restep_reload;30.69E:decrease;31.46U;39.06E:onset;44.06H:onset;60.79E:decrease;61.51U,10.65E:onset;15.66H:onset;20.66E:restep;20.69E:restep_reload;25.70H:restep_reload;30.69E:decrease;31.44U;39.05E:onset;44.06H:onset;60.78E:decrease;61.50U,0,1,10,1,1,6,6,0,0,3,3,2,2
a,中途切换-1d9493,v6.1,timing_J25P,0,10.65E:onset;15.65H:onset;20.37E:restep;20.69E:restep_reload;25.69H:restep_reload;30.69E:decrease;31.46U;39.06E:onset;44.06H:onset;60.79E:decrease;61.51U,10.65E:onset;15.66H:onset;20.66E:restep;20.69E:restep_reload;25.70H:restep_reload;30.69E:decrease;31.44U;39.05E:onset;44.06H:onset;60.78E:decrease;61.50U,0,1,10,1,1,6,6,0,0,3,3,2,2
a,中途切换-1d9493,v5.1,timing_J25P,1,0.00E:v5_begin;13.19E:v5_begin;23.38E:v5_begin;41.68E:v5_begin,-0.00E:v5_begin;13.19E:v5_begin;23.40E:v5_begin;41.67E:v5_begin,0,1,4,0,0,4,4,0,0,0,0,0,0
a,中途切换-1d9493,v6,timing_J25P,1,10.65E:onset;15.65H:onset;20.37E:restep;20.69E:restep_reload;25.69H:restep_reload;30.69E:decrease;31.46U;39.06E:onset;44.06H:onset;60.79E:decrease;61.51U,10.65E:onset;15.67H:onset;20.37E:restep;20.68E:restep_reload;25.68H:restep_reload;30.70E:decrease;31.44U;39.06E:onset;44.07H:onset;60.79E:decrease;61.49U,0,1,11,0,0,6,6,0,0,3,3,2,2
a,中途切换-1d9493,v6.1,timing_J25P,1,10.65E:onset;15.65H:onset;20.37E:restep;20.69E:restep_reload;25.69H:restep_reload;30.69E:decrease;31.46U;39.06E:onset;44.06H:onset;60.79E:decrease;61.51U,10.65E:onset;15.67H:onset;20.37E:restep;20.68E:restep_reload;25.68H:restep_reload;30.70E:decrease;31.44U;39.06E:onset;44.07H:onset;60.79E:decrease;61.49U,0,1,11,0,0,6,6,0,0,3,3,2,2
a,中途切换-1d9493,v5.1,timing_J25P,2,0.00E:v5_begin;13.19E:v5_begin;23.38E:v5_begin;41.68E:v5_begin,-0.01E:v5_begin;13.17E:v5_begin;23.39E:v5_begin;41.66E:v5_begin,0,1,4,0,0,4,4,0,0,0,0,0,0
a,中途切换-1d9493,v6,timing_J25P,2,10.65E:onset;15.65H:onset;20.37E:restep;20.69E:restep_reload;25.69H:restep_reload;30.69E:decrease;31.46U;39.06E:onset;44.06H:onset;60.79E:decrease;61.51U,10.65E:onset;15.66H:onset;20.37E:restep;20.70E:restep_reload;25.70H:restep_reload;30.69E:decrease;31.46U;39.06E:onset;44.06H:onset;60.79E:decrease;61.50U,0,1,11,0,0,6,6,0,0,3,3,2,2
a,中途切换-1d9493,v6.1,timing_J25P,2,10.65E:onset;15.65H:onset;20.37E:restep;20.69E:restep_reload;25.69H:restep_reload;30.69E:decrease;31.46U;39.06E:onset;44.06H:onset;60.79E:decrease;61.51U,10.65E:onset;15.66H:onset;20.37E:restep;20.70E:restep_reload;25.70H:restep_reload;30.69E:decrease;31.46U;39.06E:onset;44.06H:onset;60.79E:decrease;61.50U,0,1,11,0,0,6,6,0,0,3,3,2,2
a,中途切换-1d9493,v5.1,timing_J25P,3,0.00E:v5_begin;13.19E:v5_begin;23.38E:v5_begin;41.68E:v5_begin,-0.01E:v5_begin;13.19E:v5_begin;23.38E:v5_begin;41.66E:v5_begin,0,1,4,0,0,4,4,0,0,0,0,0,0
a,中途切换-1d9493,v6,timing_J25P,3,10.65E:onset;15.65H:onset;20.37E:restep;20.69E:restep_reload;25.69H:restep_reload;30.69E:decrease;31.46U;39.06E:onset;44.06H:onset;60.79E:decrease;61.51U,10.65E:onset;15.65H:onset;20.65E:restep;20.69E:restep_reload;25.69H:restep_reload;30.69E:decrease;31.45U;39.06E:onset;44.06H:onset;60.78E:decrease;61.51U,0,1,10,1,1,6,6,0,0,3,3,2,2
a,中途切换-1d9493,v6.1,timing_J25P,3,10.65E:onset;15.65H:onset;20.37E:restep;20.69E:restep_reload;25.69H:restep_reload;30.69E:decrease;31.46U;39.06E:onset;44.06H:onset;60.79E:decrease;61.51U,10.65E:onset;15.65H:onset;20.65E:restep;20.69E:restep_reload;25.69H:restep_reload;30.69E:decrease;31.45U;39.06E:onset;44.06H:onset;60.78E:decrease;61.51U,0,1,10,1,1,6,6,0,0,3,3,2,2
a,中途切换-1d9493,v5.1,timing_J25P,4,0.00E:v5_begin;13.19E:v5_begin;23.38E:v5_begin;41.68E:v5_begin,-0.00E:v5_begin;13.19E:v5_begin;23.39E:v5_begin;41.67E:v5_begin,0,1,4,0,0,4,4,0,0,0,0,0,0
a,中途切换-1d9493,v6,timing_J25P,4,10.65E:onset;15.65H:onset;20.37E:restep;20.69E:restep_reload;25.69H:restep_reload;30.69E:decrease;31.46U;39.06E:onset;44.06H:onset;60.79E:decrease;61.51U,10.65E:onset;15.66H:onset;20.65E:restep;20.70E:restep_reload;25.70H:restep_reload;30.69E:decrease;31.45U;39.06E:onset;44.06H:onset;60.78E:decrease;61.50U,0,1,10,1,1,6,6,0,0,3,3,2,2
a,中途切换-1d9493,v6.1,timing_J25P,4,10.65E:onset;15.65H:onset;20.37E:restep;20.69E:restep_reload;25.69H:restep_reload;30.69E:decrease;31.46U;39.06E:onset;44.06H:onset;60.79E:decrease;61.51U,10.65E:onset;15.66H:onset;20.65E:restep;20.70E:restep_reload;25.70H:restep_reload;30.69E:decrease;31.45U;39.06E:onset;44.06H:onset;60.78E:decrease;61.50U,0,1,10,1,1,6,6,0,0,3,3,2,2
a,中途切换-1d9493,v5.1,timing_J25P,5,0.00E:v5_begin;13.19E:v5_begin;23.38E:v5_begin;41.68E:v5_begin,-0.00E:v5_begin;13.18E:v5_begin;23.38E:v5_begin;41.67E:v5_begin,0,1,4,0,0,4,4,0,0,0,0,0,0
a,中途切换-1d9493,v6,timing_J25P,5,10.65E:onset;15.65H:onset;20.37E:restep;20.69E:restep_reload;25.69H:restep_reload;30.69E:decrease;31.46U;39.06E:onset;44.06H:onset;60.79E:decrease;61.51U,10.65E:onset;15.65H:onset;20.37E:restep;20.70E:restep_reload;25.70H:restep_reload;30.70E:decrease;31.45U;39.05E:onset;44.06H:onset;60.79E:decrease;61.52U,0,1,11,0,0,6,6,0,0,3,3,2,2
a,中途切换-1d9493,v6.1,timing_J25P,5,10.65E:onset;15.65H:onset;20.37E:restep;20.69E:restep_reload;25.69H:restep_reload;30.69E:decrease;31.46U;39.06E:onset;44.06H:onset;60.79E:decrease;61.51U,10.65E:onset;15.65H:onset;20.37E:restep;20.70E:restep_reload;25.70H:restep_reload;30.70E:decrease;31.45U;39.05E:onset;44.06H:onset;60.79E:decrease;61.52U,0,1,11,0,0,6,6,0,0,3,3,2,2
a,中途切换-1d9493,v5.1,timing_J25P,6,0.00E:v5_begin;13.19E:v5_begin;23.38E:v5_begin;41.68E:v5_begin,0.01E:v5_begin;13.18E:v5_begin;23.40E:v5_begin;41.67E:v5_begin,0,1,4,0,0,4,4,0,0,0,0,0,0
a,中途切换-1d9493,v6,timing_J25P,6,10.65E:onset;15.65H:onset;20.37E:restep;20.69E:restep_reload;25.69H:restep_reload;30.69E:decrease;31.46U;39.06E:onset;44.06H:onset;60.79E:decrease;61.51U,10.65E:onset;15.65H:onset;20.65E:restep;20.68E:restep_reload;25.69H:restep_reload;30.69E:decrease;31.45U;39.06E:onset;44.07H:onset;60.79E:decrease;61.50U,0,1,10,1,1,6,6,0,0,3,3,2,2
a,中途切换-1d9493,v6.1,timing_J25P,6,10.65E:onset;15.65H:onset;20.37E:restep;20.69E:restep_reload;25.69H:restep_reload;30.69E:decrease;31.46U;39.06E:onset;44.06H:onset;60.79E:decrease;61.51U,10.65E:onset;15.65H:onset;20.65E:restep;20.68E:restep_reload;25.69H:restep_reload;30.69E:decrease;31.45U;39.06E:onset;44.07H:onset;60.79E:decrease;61.50U,0,1,10,1,1,6,6,0,0,3,3,2,2
a,中途切换-1d9493,v5.1,timing_J25P,7,0.00E:v5_begin;13.19E:v5_begin;23.38E:v5_begin;41.68E:v5_begin,0.01E:v5_begin;13.18E:v5_begin;23.39E:v5_begin;41.67E:v5_begin,0,1,4,0,0,4,4,0,0,0,0,0,0
a,中途切换-1d9493,v6,timing_J25P,7,10.65E:onset;15.65H:onset;20.37E:restep;20.69E:restep_reload;25.69H:restep_reload;30.69E:decrease;31.46U;39.06E:onset;44.06H:onset;60.79E:decrease;61.51U,10.65E:onset;15.65H:onset;20.37E:restep;20.69E:restep_reload;25.70H:restep_reload;30.68E:decrease;31.43U;39.05E:onset;44.06H:onset;60.79E:decrease;61.50U,0,1,11,0,0,6,6,0,0,3,3,2,2
a,中途切换-1d9493,v6.1,timing_J25P,7,10.65E:onset;15.65H:onset;20.37E:restep;20.69E:restep_reload;25.69H:restep_reload;30.69E:decrease;31.46U;39.06E:onset;44.06H:onset;60.79E:decrease;61.51U,10.65E:onset;15.65H:onset;20.37E:restep;20.69E:restep_reload;25.70H:restep_reload;30.68E:decrease;31.43U;39.05E:onset;44.06H:onset;60.79E:decrease;61.50U,0,1,11,0,0,6,6,0,0,3,3,2,2
a,中途切换-1d9493,v5.1,timing_J25P,8,0.00E:v5_begin;13.19E:v5_begin;23.38E:v5_begin;41.68E:v5_begin,-0.01E:v5_begin;13.18E:v5_begin;23.38E:v5_begin;41.68E:v5_begin,0,1,4,0,0,4,4,0,0,0,0,0,0
a,中途切换-1d9493,v6,timing_J25P,8,10.65E:onset;15.65H:onset;20.37E:restep;20.69E:restep_reload;25.69H:restep_reload;30.69E:decrease;31.46U;39.06E:onset;44.06H:onset;60.79E:decrease;61.51U,10.64E:onset;10.77R;20.70E:restep;25.70H:restep;30.69E:decrease;31.44U;39.06E:onset;44.07H:onset;60.78E:decrease;61.52U,3,0,7,3,4,5,6,1,0,2,3,2,2
a,中途切换-1d9493,v6.1,timing_J25P,8,10.65E:onset;15.65H:onset;20.37E:restep;20.69E:restep_reload;25.69H:restep_reload;30.69E:decrease;31.46U;39.06E:onset;44.06H:onset;60.79E:decrease;61.51U,10.64E:onset;10.77R;20.70E:restep;25.70H:restep;30.69E:decrease;31.44U;39.06E:onset;44.07H:onset;60.78E:decrease;61.52U,3,0,7,3,4,5,6,1,0,2,3,2,2
a,中途切换-1d9493,v5.1,timing_J25P,9,0.00E:v5_begin;13.19E:v5_begin;23.38E:v5_begin;41.68E:v5_begin,0.00E:v5_begin;13.19E:v5_begin;23.37E:v5_begin;41.68E:v5_begin,0,1,4,0,0,4,4,0,0,0,0,0,0
a,中途切换-1d9493,v6,timing_J25P,9,10.65E:onset;15.65H:onset;20.37E:restep;20.69E:restep_reload;25.69H:restep_reload;30.69E:decrease;31.46U;39.06E:onset;44.06H:onset;60.79E:decrease;61.51U,10.65E:onset;10.78R;20.70E:restep;25.70H:restep;30.69E:decrease;31.45U;39.06E:onset;44.06H:onset;60.80E:decrease;61.49U,3,0,7,3,4,5,6,1,0,2,3,2,2
a,中途切换-1d9493,v6.1,timing_J25P,9,10.65E:onset;15.65H:onset;20.37E:restep;20.69E:restep_reload;25.69H:restep_reload;30.69E:decrease;31.46U;39.06E:onset;44.06H:onset;60.79E:decrease;61.51U,10.65E:onset;10.78R;20.70E:restep;25.70H:restep;30.69E:decrease;31.45U;39.06E:onset;44.06H:onset;60.80E:decrease;61.49U,3,0,7,3,4,5,6,1,0,2,3,2,2
a,中途切换-1d9493,v5.1,timing_J25P,10,0.00E:v5_begin;13.19E:v5_begin;23.38E:v5_begin;41.68E:v5_begin,-0.00E:v5_begin;13.18E:v5_begin;23.39E:v5_begin;41.68E:v5_begin,0,1,4,0,0,4,4,0,0,0,0,0,0
a,中途切换-1d9493,v6,timing_J25P,10,10.65E:onset;15.65H:onset;20.37E:restep;20.69E:restep_reload;25.69H:restep_reload;30.69E:decrease;31.46U;39.06E:onset;44.06H:onset;60.79E:decrease;61.51U,10.65E:onset;15.66H:onset;20.66E:restep;20.69E:restep_reload;25.69H:restep_reload;30.70E:decrease;31.45U;39.06E:onset;44.07H:onset;60.79E:decrease;61.50U,0,1,10,1,1,6,6,0,0,3,3,2,2
a,中途切换-1d9493,v6.1,timing_J25P,10,10.65E:onset;15.65H:onset;20.37E:restep;20.69E:restep_reload;25.69H:restep_reload;30.69E:decrease;31.46U;39.06E:onset;44.06H:onset;60.79E:decrease;61.51U,10.65E:onset;15.66H:onset;20.66E:restep;20.69E:restep_reload;25.69H:restep_reload;30.70E:decrease;31.45U;39.06E:onset;44.07H:onset;60.79E:decrease;61.50U,0,1,10,1,1,6,6,0,0,3,3,2,2
a,中途切换-1d9493,v5.1,timing_J25P,11,0.00E:v5_begin;13.19E:v5_begin;23.38E:v5_begin;41.68E:v5_begin,-0.01E:v5_begin;13.19E:v5_begin;23.39E:v5_begin;41.67E:v5_begin,0,1,4,0,0,4,4,0,0,0,0,0,0
a,中途切换-1d9493,v6,timing_J25P,11,10.65E:onset;15.65H:onset;20.37E:restep;20.69E:restep_reload;25.69H:restep_reload;30.69E:decrease;31.46U;39.06E:onset;44.06H:onset;60.79E:decrease;61.51U,10.65E:onset;10.78R;20.69E:restep;25.70H:restep;30.70E:decrease;31.47U;39.05E:onset;44.06H:onset;60.79E:decrease;61.52U,3,0,7,3,4,5,6,1,0,2,3,2,2
a,中途切换-1d9493,v6.1,timing_J25P,11,10.65E:onset;15.65H:onset;20.37E:restep;20.69E:restep_reload;25.69H:restep_reload;30.69E:decrease;31.46U;39.06E:onset;44.06H:onset;60.79E:decrease;61.51U,10.65E:onset;10.78R;20.69E:restep;25.70H:restep;30.70E:decrease;31.47U;39.05E:onset;44.06H:onset;60.79E:decrease;61.52U,3,0,7,3,4,5,6,1,0,2,3,2,2
a,中途切换-1d9493,v5.1,timing_J25P,12,0.00E:v5_begin;13.19E:v5_begin;23.38E:v5_begin;41.68E:v5_begin,0.01E:v5_begin;13.18E:v5_begin;23.38E:v5_begin;41.66E:v5_begin,0,1,4,0,0,4,4,0,0,0,0,0,0
a,中途切换-1d9493,v6,timing_J25P,12,10.65E:onset;15.65H:onset;20.37E:restep;20.69E:restep_reload;25.69H:restep_reload;30.69E:decrease;31.46U;39.06E:onset;44.06H:onset;60.79E:decrease;61.51U,10.66E:onset;15.66H:onset;20.66E:restep;20.69E:restep_reload;25.71H:restep_reload;30.69E:decrease;31.46U;39.05E:onset;44.06H:onset;60.79E:decrease;61.50U,0,1,10,1,1,6,6,0,0,3,3,2,2
a,中途切换-1d9493,v6.1,timing_J25P,12,10.65E:onset;15.65H:onset;20.37E:restep;20.69E:restep_reload;25.69H:restep_reload;30.69E:decrease;31.46U;39.06E:onset;44.06H:onset;60.79E:decrease;61.51U,10.66E:onset;15.66H:onset;20.66E:restep;20.69E:restep_reload;25.71H:restep_reload;30.69E:decrease;31.46U;39.05E:onset;44.06H:onset;60.79E:decrease;61.50U,0,1,10,1,1,6,6,0,0,3,3,2,2
a,中途切换-1d9493,v5.1,timing_J25P,13,0.00E:v5_begin;13.19E:v5_begin;23.38E:v5_begin;41.68E:v5_begin,-0.01E:v5_begin;13.27E:v5_begin;23.39E:v5_begin;41.68E:v5_begin,0,1,4,0,0,4,4,0,0,0,0,0,0
a,中途切换-1d9493,v6,timing_J25P,13,10.65E:onset;15.65H:onset;20.37E:restep;20.69E:restep_reload;25.69H:restep_reload;30.69E:decrease;31.46U;39.06E:onset;44.06H:onset;60.79E:decrease;61.51U,10.65E:onset;15.65H:onset;20.65E:restep;20.69E:restep_reload;25.70H:restep_reload;30.70E:decrease;31.46U;39.06E:onset;44.06H:onset;60.79E:decrease;61.49U,0,1,10,1,1,6,6,0,0,3,3,2,2
a,中途切换-1d9493,v6.1,timing_J25P,13,10.65E:onset;15.65H:onset;20.37E:restep;20.69E:restep_reload;25.69H:restep_reload;30.69E:decrease;31.46U;39.06E:onset;44.06H:onset;60.79E:decrease;61.51U,10.65E:onset;15.65H:onset;20.65E:restep;20.69E:restep_reload;25.70H:restep_reload;30.70E:decrease;31.46U;39.06E:onset;44.06H:onset;60.79E:decrease;61.49U,0,1,10,1,1,6,6,0,0,3,3,2,2
a,中途切换-1d9493,v5.1,timing_J25P,14,0.00E:v5_begin;13.19E:v5_begin;23.38E:v5_begin;41.68E:v5_begin,0.00E:v5_begin;13.19E:v5_begin;23.37E:v5_begin;41.68E:v5_begin,0,1,4,0,0,4,4,0,0,0,0,0,0
a,中途切换-1d9493,v6,timing_J25P,14,10.65E:onset;15.65H:onset;20.37E:restep;20.69E:restep_reload;25.69H:restep_reload;30.69E:decrease;31.46U;39.06E:onset;44.06H:onset;60.79E:decrease;61.51U,10.66E:onset;15.66H:onset;20.65E:restep;20.68E:restep_reload;25.69H:restep_reload;30.69E:decrease;31.45U;39.05E:onset;44.06H:onset;60.79E:decrease;61.49U,0,1,10,1,1,6,6,0,0,3,3,2,2
a,中途切换-1d9493,v6.1,timing_J25P,14,10.65E:onset;15.65H:onset;20.37E:restep;20.69E:restep_reload;25.69H:restep_reload;30.69E:decrease;31.46U;39.06E:onset;44.06H:onset;60.79E:decrease;61.51U,10.66E:onset;15.66H:onset;20.65E:restep;20.68E:restep_reload;25.69H:restep_reload;30.69E:decrease;31.45U;39.05E:onset;44.06H:onset;60.79E:decrease;61.49U,0,1,10,1,1,6,6,0,0,3,3,2,2
a,中途切换-1d9493,v5.1,timing_J25P,15,0.00E:v5_begin;13.19E:v5_begin;23.38E:v5_begin;41.68E:v5_begin,-0.00E:v5_begin;13.18E:v5_begin;23.38E:v5_begin;41.67E:v5_begin,0,1,4,0,0,4,4,0,0,0,0,0,0
a,中途切换-1d9493,v6,timing_J25P,15,10.65E:onset;15.65H:onset;20.37E:restep;20.69E:restep_reload;25.69H:restep_reload;30.69E:decrease;31.46U;39.06E:onset;44.06H:onset;60.79E:decrease;61.51U,10.65E:onset;15.65H:onset;20.64E:restep;20.70E:restep_reload;25.70H:restep_reload;30.68E:decrease;31.45U;39.05E:onset;44.06H:onset;60.79E:decrease;61.51U,0,1,10,1,1,6,6,0,0,3,3,2,2
a,中途切换-1d9493,v6.1,timing_J25P,15,10.65E:onset;15.65H:onset;20.37E:restep;20.69E:restep_reload;25.69H:restep_reload;30.69E:decrease;31.46U;39.06E:onset;44.06H:onset;60.79E:decrease;61.51U,10.65E:onset;15.65H:onset;20.64E:restep;20.70E:restep_reload;25.70H:restep_reload;30.68E:decrease;31.45U;39.05E:onset;44.06H:onset;60.79E:decrease;61.51U,0,1,10,1,1,6,6,0,0,3,3,2,2
a,中途切换-1d9493,v5.1,timing_J25P,16,0.00E:v5_begin;13.19E:v5_begin;23.38E:v5_begin;41.68E:v5_begin,-0.01E:v5_begin;13.18E:v5_begin;23.38E:v5_begin;41.67E:v5_begin,0,1,4,0,0,4,4,0,0,0,0,0,0
a,中途切换-1d9493,v6,timing_J25P,16,10.65E:onset;15.65H:onset;20.37E:restep;20.69E:restep_reload;25.69H:restep_reload;30.69E:decrease;31.46U;39.06E:onset;44.06H:onset;60.79E:decrease;61.51U,10.65E:onset;15.65H:onset;20.64E:restep;20.68E:restep_reload;25.68H:restep_reload;30.68E:decrease;31.45U;39.06E:onset;44.07H:onset;60.79E:decrease;61.51U,0,1,10,1,1,6,6,0,0,3,3,2,2
a,中途切换-1d9493,v6.1,timing_J25P,16,10.65E:onset;15.65H:onset;20.37E:restep;20.69E:restep_reload;25.69H:restep_reload;30.69E:decrease;31.46U;39.06E:onset;44.06H:onset;60.79E:decrease;61.51U,10.65E:onset;15.65H:onset;20.64E:restep;20.68E:restep_reload;25.68H:restep_reload;30.68E:decrease;31.45U;39.06E:onset;44.07H:onset;60.79E:decrease;61.51U,0,1,10,1,1,6,6,0,0,3,3,2,2
a,中途切换-1d9493,v5.1,timing_J25P,17,0.00E:v5_begin;13.19E:v5_begin;23.38E:v5_begin;41.68E:v5_begin,-0.00E:v5_begin;13.19E:v5_begin;23.38E:v5_begin;41.68E:v5_begin,0,1,4,0,0,4,4,0,0,0,0,0,0
a,中途切换-1d9493,v6,timing_J25P,17,10.65E:onset;15.65H:onset;20.37E:restep;20.69E:restep_reload;25.69H:restep_reload;30.69E:decrease;31.46U;39.06E:onset;44.06H:onset;60.79E:decrease;61.51U,10.65E:onset;15.66H:onset;20.65E:restep;20.69E:restep_reload;25.71H:restep_reload;30.68E:decrease;31.46U;39.06E:onset;44.07H:onset;60.79E:decrease;61.50U,0,1,10,1,1,6,6,0,0,3,3,2,2
a,中途切换-1d9493,v6.1,timing_J25P,17,10.65E:onset;15.65H:onset;20.37E:restep;20.69E:restep_reload;25.69H:restep_reload;30.69E:decrease;31.46U;39.06E:onset;44.06H:onset;60.79E:decrease;61.51U,10.65E:onset;15.66H:onset;20.65E:restep;20.69E:restep_reload;25.71H:restep_reload;30.68E:decrease;31.46U;39.06E:onset;44.07H:onset;60.79E:decrease;61.50U,0,1,10,1,1,6,6,0,0,3,3,2,2
a,中途切换-1d9493,v5.1,timing_J25P,18,0.00E:v5_begin;13.19E:v5_begin;23.38E:v5_begin;41.68E:v5_begin,0.00E:v5_begin;13.17E:v5_begin;23.38E:v5_begin;41.68E:v5_begin,0,1,4,0,0,4,4,0,0,0,0,0,0
a,中途切换-1d9493,v6,timing_J25P,18,10.65E:onset;15.65H:onset;20.37E:restep;20.69E:restep_reload;25.69H:restep_reload;30.69E:decrease;31.46U;39.06E:onset;44.06H:onset;60.79E:decrease;61.51U,10.65E:onset;10.78R;20.69E:restep;25.69H:restep;30.69E:decrease;31.44U;39.06E:onset;44.07H:onset;60.79E:decrease;61.50U,3,0,7,3,4,5,6,1,0,2,3,2,2
a,中途切换-1d9493,v6.1,timing_J25P,18,10.65E:onset;15.65H:onset;20.37E:restep;20.69E:restep_reload;25.69H:restep_reload;30.69E:decrease;31.46U;39.06E:onset;44.06H:onset;60.79E:decrease;61.51U,10.65E:onset;10.78R;20.69E:restep;25.69H:restep;30.69E:decrease;31.44U;39.06E:onset;44.07H:onset;60.79E:decrease;61.50U,3,0,7,3,4,5,6,1,0,2,3,2,2
a,中途切换-1d9493,v5.1,timing_J25P,19,0.00E:v5_begin;13.19E:v5_begin;23.38E:v5_begin;41.68E:v5_begin,-0.00E:v5_begin;13.19E:v5_begin;23.39E:v5_begin;41.67E:v5_begin,0,1,4,0,0,4,4,0,0,0,0,0,0
a,中途切换-1d9493,v6,timing_J25P,19,10.65E:onset;15.65H:onset;20.37E:restep;20.69E:restep_reload;25.69H:restep_reload;30.69E:decrease;31.46U;39.06E:onset;44.06H:onset;60.79E:decrease;61.51U,10.66E:onset;15.66H:onset;20.65E:restep;20.70E:restep_reload;25.71H:restep_reload;30.68E:decrease;31.44U;39.06E:onset;44.06H:onset;60.78E:decrease;61.49U,0,1,10,1,1,6,6,0,0,3,3,2,2
a,中途切换-1d9493,v6.1,timing_J25P,19,10.65E:onset;15.65H:onset;20.37E:restep;20.69E:restep_reload;25.69H:restep_reload;30.69E:decrease;31.46U;39.06E:onset;44.06H:onset;60.79E:decrease;61.51U,10.66E:onset;15.66H:onset;20.65E:restep;20.70E:restep_reload;25.71H:restep_reload;30.68E:decrease;31.44U;39.06E:onset;44.06H:onset;60.78E:decrease;61.49U,0,1,10,1,1,6,6,0,0,3,3,2,2
a,中途切换-1d9493,v5.1,timing_J25P,20,0.00E:v5_begin;13.19E:v5_begin;23.38E:v5_begin;41.68E:v5_begin,-0.01E:v5_begin;13.18E:v5_begin;23.38E:v5_begin;41.67E:v5_begin,0,1,4,0,0,4,4,0,0,0,0,0,0
a,中途切换-1d9493,v6,timing_J25P,20,10.65E:onset;15.65H:onset;20.37E:restep;20.69E:restep_reload;25.69H:restep_reload;30.69E:decrease;31.46U;39.06E:onset;44.06H:onset;60.79E:decrease;61.51U,10.65E:onset;15.65H:onset;20.36E:restep;20.69E:restep_reload;25.69H:restep_reload;30.69E:decrease;31.46U;39.06E:onset;44.07H:onset;60.79E:decrease;61.48U,0,1,11,0,0,6,6,0,0,3,3,2,2
a,中途切换-1d9493,v6.1,timing_J25P,20,10.65E:onset;15.65H:onset;20.37E:restep;20.69E:restep_reload;25.69H:restep_reload;30.69E:decrease;31.46U;39.06E:onset;44.06H:onset;60.79E:decrease;61.51U,10.65E:onset;15.65H:onset;20.36E:restep;20.69E:restep_reload;25.69H:restep_reload;30.69E:decrease;31.46U;39.06E:onset;44.07H:onset;60.79E:decrease;61.48U,0,1,11,0,0,6,6,0,0,3,3,2,2
a,中途切换-1d9493,v5.1,timing_J25P,21,0.00E:v5_begin;13.19E:v5_begin;23.38E:v5_begin;41.68E:v5_begin,-0.01E:v5_begin;13.19E:v5_begin;23.39E:v5_begin;41.67E:v5_begin,0,1,4,0,0,4,4,0,0,0,0,0,0
a,中途切换-1d9493,v6,timing_J25P,21,10.65E:onset;15.65H:onset;20.37E:restep;20.69E:restep_reload;25.69H:restep_reload;30.69E:decrease;31.46U;39.06E:onset;44.06H:onset;60.79E:decrease;61.51U,10.65E:onset;15.66H:onset;20.66E:restep;20.70E:restep_reload;25.71H:restep_reload;30.69E:decrease;31.44U;39.07E:onset;44.07H:onset;60.80E:decrease;61.51U,0,1,10,1,1,6,6,0,0,3,3,2,2
a,中途切换-1d9493,v6.1,timing_J25P,21,10.65E:onset;15.65H:onset;20.37E:restep;20.69E:restep_reload;25.69H:restep_reload;30.69E:decrease;31.46U;39.06E:onset;44.06H:onset;60.79E:decrease;61.51U,10.65E:onset;15.66H:onset;20.66E:restep;20.70E:restep_reload;25.71H:restep_reload;30.69E:decrease;31.44U;39.07E:onset;44.07H:onset;60.80E:decrease;61.51U,0,1,10,1,1,6,6,0,0,3,3,2,2
a,中途切换-1d9493,v5.1,timing_J25P,22,0.00E:v5_begin;13.19E:v5_begin;23.38E:v5_begin;41.68E:v5_begin,-0.01E:v5_begin;13.19E:v5_begin;23.38E:v5_begin;41.68E:v5_begin,0,1,4,0,0,4,4,0,0,0,0,0,0
a,中途切换-1d9493,v6,timing_J25P,22,10.65E:onset;15.65H:onset;20.37E:restep;20.69E:restep_reload;25.69H:restep_reload;30.69E:decrease;31.46U;39.06E:onset;44.06H:onset;60.79E:decrease;61.51U,10.65E:onset;15.66H:onset;20.36E:restep;20.69E:restep_reload;25.69H:restep_reload;30.69E:decrease;31.43U;39.05E:onset;44.06H:onset;60.78E:decrease;61.50U,0,1,11,0,0,6,6,0,0,3,3,2,2
a,中途切换-1d9493,v6.1,timing_J25P,22,10.65E:onset;15.65H:onset;20.37E:restep;20.69E:restep_reload;25.69H:restep_reload;30.69E:decrease;31.46U;39.06E:onset;44.06H:onset;60.79E:decrease;61.51U,10.65E:onset;15.66H:onset;20.36E:restep;20.69E:restep_reload;25.69H:restep_reload;30.69E:decrease;31.43U;39.05E:onset;44.06H:onset;60.78E:decrease;61.50U,0,1,11,0,0,6,6,0,0,3,3,2,2
a,中途切换-1d9493,v5.1,timing_J25P,23,0.00E:v5_begin;13.19E:v5_begin;23.38E:v5_begin;41.68E:v5_begin,0.00E:v5_begin;13.18E:v5_begin;23.38E:v5_begin;41.65E:v5_begin,0,1,4,0,0,4,4,0,0,0,0,0,0
a,中途切换-1d9493,v6,timing_J25P,23,10.65E:onset;15.65H:onset;20.37E:restep;20.69E:restep_reload;25.69H:restep_reload;30.69E:decrease;31.46U;39.06E:onset;44.06H:onset;60.79E:decrease;61.51U,10.65E:onset;15.65H:onset;20.37E:restep;20.69E:restep_reload;25.70H:restep_reload;30.68E:decrease;31.45U;39.05E:onset;44.05H:onset;60.79E:decrease;61.51U,0,1,11,0,0,6,6,0,0,3,3,2,2
a,中途切换-1d9493,v6.1,timing_J25P,23,10.65E:onset;15.65H:onset;20.37E:restep;20.69E:restep_reload;25.69H:restep_reload;30.69E:decrease;31.46U;39.06E:onset;44.06H:onset;60.79E:decrease;61.51U,10.65E:onset;15.65H:onset;20.37E:restep;20.69E:restep_reload;25.70H:restep_reload;30.68E:decrease;31.45U;39.05E:onset;44.05H:onset;60.79E:decrease;61.51U,0,1,11,0,0,6,6,0,0,3,3,2,2
a,中途切换-1d9493,v5.1,timing_J25P,24,0.00E:v5_begin;13.19E:v5_begin;23.38E:v5_begin;41.68E:v5_begin,-0.00E:v5_begin;13.18E:v5_begin;23.37E:v5_begin;41.67E:v5_begin,0,1,4,0,0,4,4,0,0,0,0,0,0
a,中途切换-1d9493,v6,timing_J25P,24,10.65E:onset;15.65H:onset;20.37E:restep;20.69E:restep_reload;25.69H:restep_reload;30.69E:decrease;31.46U;39.06E:onset;44.06H:onset;60.79E:decrease;61.51U,10.64E:onset;15.64H:onset;20.38E:restep;20.68E:restep_reload;25.69H:restep_reload;30.69E:decrease;31.46U;39.07E:onset;44.07H:onset;60.79E:decrease;61.50U,0,1,11,0,0,6,6,0,0,3,3,2,2
a,中途切换-1d9493,v6.1,timing_J25P,24,10.65E:onset;15.65H:onset;20.37E:restep;20.69E:restep_reload;25.69H:restep_reload;30.69E:decrease;31.46U;39.06E:onset;44.06H:onset;60.79E:decrease;61.51U,10.64E:onset;15.64H:onset;20.38E:restep;20.68E:restep_reload;25.69H:restep_reload;30.69E:decrease;31.46U;39.07E:onset;44.07H:onset;60.79E:decrease;61.50U,0,1,11,0,0,6,6,0,0,3,3,2,2
a,中途切换-1d9493,v5.1,timing_J25P,25,0.00E:v5_begin;13.19E:v5_begin;23.38E:v5_begin;41.68E:v5_begin,-0.00E:v5_begin;13.18E:v5_begin;23.38E:v5_begin;41.66E:v5_begin,0,1,4,0,0,4,4,0,0,0,0,0,0
a,中途切换-1d9493,v6,timing_J25P,25,10.65E:onset;15.65H:onset;20.37E:restep;20.69E:restep_reload;25.69H:restep_reload;30.69E:decrease;31.46U;39.06E:onset;44.06H:onset;60.79E:decrease;61.51U,10.66E:onset;15.66H:onset;20.66E:restep;20.69E:restep_reload;25.69H:restep_reload;30.69E:decrease;31.46U;39.07E:onset;44.08H:onset;60.79E:decrease;61.48U,0,1,10,1,1,6,6,0,0,3,3,2,2
a,中途切换-1d9493,v6.1,timing_J25P,25,10.65E:onset;15.65H:onset;20.37E:restep;20.69E:restep_reload;25.69H:restep_reload;30.69E:decrease;31.46U;39.06E:onset;44.06H:onset;60.79E:decrease;61.51U,10.66E:onset;15.66H:onset;20.66E:restep;20.69E:restep_reload;25.69H:restep_reload;30.69E:decrease;31.46U;39.07E:onset;44.08H:onset;60.79E:decrease;61.48U,0,1,10,1,1,6,6,0,0,3,3,2,2
a,中途切换-1d9493,v5.1,timing_J25P,26,0.00E:v5_begin;13.19E:v5_begin;23.38E:v5_begin;41.68E:v5_begin,0.01E:v5_begin;13.18E:v5_begin;23.39E:v5_begin;41.67E:v5_begin,0,1,4,0,0,4,4,0,0,0,0,0,0
a,中途切换-1d9493,v6,timing_J25P,26,10.65E:onset;15.65H:onset;20.37E:restep;20.69E:restep_reload;25.69H:restep_reload;30.69E:decrease;31.46U;39.06E:onset;44.06H:onset;60.79E:decrease;61.51U,10.66E:onset;15.66H:onset;20.65E:restep;20.70E:restep_reload;25.70H:restep_reload;30.69E:decrease;31.46U;39.07E:onset;44.07H:onset;60.80E:decrease;61.51U,0,1,10,1,1,6,6,0,0,3,3,2,2
a,中途切换-1d9493,v6.1,timing_J25P,26,10.65E:onset;15.65H:onset;20.37E:restep;20.69E:restep_reload;25.69H:restep_reload;30.69E:decrease;31.46U;39.06E:onset;44.06H:onset;60.79E:decrease;61.51U,10.66E:onset;15.66H:onset;20.65E:restep;20.70E:restep_reload;25.70H:restep_reload;30.69E:decrease;31.46U;39.07E:onset;44.07H:onset;60.80E:decrease;61.51U,0,1,10,1,1,6,6,0,0,3,3,2,2
a,中途切换-1d9493,v5.1,timing_J25P,27,0.00E:v5_begin;13.19E:v5_begin;23.38E:v5_begin;41.68E:v5_begin,-0.00E:v5_begin;13.17E:v5_begin;23.37E:v5_begin;41.66E:v5_begin,0,1,4,0,0,4,4,0,0,0,0,0,0
a,中途切换-1d9493,v6,timing_J25P,27,10.65E:onset;15.65H:onset;20.37E:restep;20.69E:restep_reload;25.69H:restep_reload;30.69E:decrease;31.46U;39.06E:onset;44.06H:onset;60.79E:decrease;61.51U,10.65E:onset;15.66H:onset;20.65E:restep;20.70E:restep_reload;25.70H:restep_reload;30.68E:decrease;31.45U;39.07E:onset;44.07H:onset;60.78E:decrease;61.49U,0,1,10,1,1,6,6,0,0,3,3,2,2
a,中途切换-1d9493,v6.1,timing_J25P,27,10.65E:onset;15.65H:onset;20.37E:restep;20.69E:restep_reload;25.69H:restep_reload;30.69E:decrease;31.46U;39.06E:onset;44.06H:onset;60.79E:decrease;61.51U,10.65E:onset;15.66H:onset;20.65E:restep;20.70E:restep_reload;25.70H:restep_reload;30.68E:decrease;31.45U;39.07E:onset;44.07H:onset;60.78E:decrease;61.49U,0,1,10,1,1,6,6,0,0,3,3,2,2
a,中途切换-1d9493,v5.1,timing_J25P,28,0.00E:v5_begin;13.19E:v5_begin;23.38E:v5_begin;41.68E:v5_begin,-0.00E:v5_begin;13.18E:v5_begin;23.38E:v5_begin;41.66E:v5_begin,0,1,4,0,0,4,4,0,0,0,0,0,0
a,中途切换-1d9493,v6,timing_J25P,28,10.65E:onset;15.65H:onset;20.37E:restep;20.69E:restep_reload;25.69H:restep_reload;30.69E:decrease;31.46U;39.06E:onset;44.06H:onset;60.79E:decrease;61.51U,10.64E:onset;15.65H:onset;20.37E:restep;20.70E:restep_reload;25.70H:restep_reload;30.69E:decrease;31.45U;39.07E:onset;44.08H:onset;60.79E:decrease;61.49U,0,1,11,0,0,6,6,0,0,3,3,2,2
a,中途切换-1d9493,v6.1,timing_J25P,28,10.65E:onset;15.65H:onset;20.37E:restep;20.69E:restep_reload;25.69H:restep_reload;30.69E:decrease;31.46U;39.06E:onset;44.06H:onset;60.79E:decrease;61.51U,10.64E:onset;15.65H:onset;20.37E:restep;20.70E:restep_reload;25.70H:restep_reload;30.69E:decrease;31.45U;39.07E:onset;44.08H:onset;60.79E:decrease;61.49U,0,1,11,0,0,6,6,0,0,3,3,2,2
a,中途切换-1d9493,v5.1,timing_J25P,29,0.00E:v5_begin;13.19E:v5_begin;23.38E:v5_begin;41.68E:v5_begin,-0.01E:v5_begin;13.17E:v5_begin;23.40E:v5_begin;41.68E:v5_begin,0,1,4,0,0,4,4,0,0,0,0,0,0
a,中途切换-1d9493,v6,timing_J25P,29,10.65E:onset;15.65H:onset;20.37E:restep;20.69E:restep_reload;25.69H:restep_reload;30.69E:decrease;31.46U;39.06E:onset;44.06H:onset;60.79E:decrease;61.51U,10.66E:onset;15.68H:onset;20.36E:restep;20.69E:restep_reload;25.69H:restep_reload;30.70E:decrease;31.45U;39.07E:onset;44.07H:onset;60.79E:decrease;61.51U,0,1,11,0,0,6,6,0,0,3,3,2,2
a,中途切换-1d9493,v6.1,timing_J25P,29,10.65E:onset;15.65H:onset;20.37E:restep;20.69E:restep_reload;25.69H:restep_reload;30.69E:decrease;31.46U;39.06E:onset;44.06H:onset;60.79E:decrease;61.51U,10.66E:onset;15.68H:onset;20.36E:restep;20.69E:restep_reload;25.69H:restep_reload;30.70E:decrease;31.45U;39.07E:onset;44.07H:onset;60.79E:decrease;61.51U,0,1,11,0,0,6,6,0,0,3,3,2,2
a,中途切换-1d9493,v5.1,timing_J50P,0,0.00E:v5_begin;13.19E:v5_begin;23.38E:v5_begin;41.68E:v5_begin,-0.01E:v5_begin;13.19E:v5_begin;23.37E:v5_begin;41.67E:v5_begin,0,1,4,0,0,4,4,0,0,0,0,0,0
a,中途切换-1d9493,v6,timing_J50P,0,10.65E:onset;15.65H:onset;20.37E:restep;20.69E:restep_reload;25.69H:restep_reload;30.69E:decrease;31.46U;39.06E:onset;44.06H:onset;60.79E:decrease;61.51U,10.67E:onset;10.68R;20.70E:restep;25.70H:restep;30.69E:decrease;31.44U;39.08E:onset;44.10H:onset;60.80E:decrease;60.80E:decrease;60.81R;61.73U,5,0,7,5,4,6,6,2,0,2,3,2,2
a,中途切换-1d9493,v6.1,timing_J50P,0,10.65E:onset;15.65H:onset;20.37E:restep;20.69E:restep_reload;25.69H:restep_reload;30.69E:decrease;31.46U;39.06E:onset;44.06H:onset;60.79E:decrease;61.51U,10.67E:onset;10.68R;20.70E:restep;25.70H:restep;30.69E:decrease;31.44U;39.08E:onset;44.10H:onset;60.80E:decrease;60.80E:decrease;60.81R;61.73U,5,0,7,5,4,6,6,2,0,2,3,2,2
a,中途切换-1d9493,v5.1,timing_J50P,1,0.00E:v5_begin;13.19E:v5_begin;23.38E:v5_begin;41.68E:v5_begin,-0.02E:v5_begin;13.17E:v5_begin;23.39E:v5_begin;41.68E:v5_begin,0,1,4,0,0,4,4,0,0,0,0,0,0
a,中途切换-1d9493,v6,timing_J50P,1,10.65E:onset;15.65H:onset;20.37E:restep;20.69E:restep_reload;25.69H:restep_reload;30.69E:decrease;31.46U;39.06E:onset;44.06H:onset;60.79E:decrease;61.51U,10.64E:onset;10.76R;20.69E:restep;25.69H:restep;30.70E:decrease;31.42U;39.06E:onset;44.07H:onset;60.78E:decrease;61.45U,3,0,7,3,4,5,6,1,0,2,3,2,2
a,中途切换-1d9493,v6.1,timing_J50P,1,10.65E:onset;15.65H:onset;20.37E:restep;20.69E:restep_reload;25.69H:restep_reload;30.69E:decrease;31.46U;39.06E:onset;44.06H:onset;60.79E:decrease;61.51U,10.64E:onset;10.76R;20.69E:restep;25.69H:restep;30.70E:decrease;31.42U;39.06E:onset;44.07H:onset;60.78E:decrease;61.45U,3,0,7,3,4,5,6,1,0,2,3,2,2
a,中途切换-1d9493,v5.1,timing_J50P,2,0.00E:v5_begin;13.19E:v5_begin;23.38E:v5_begin;41.68E:v5_begin,-0.00E:v5_begin;13.30E:v5_begin;23.40E:v5_begin;41.65E:v5_begin,0,1,4,0,0,4,4,0,0,0,0,0,0
a,中途切换-1d9493,v6,timing_J50P,2,10.65E:onset;15.65H:onset;20.37E:restep;20.69E:restep_reload;25.69H:restep_reload;30.69E:decrease;31.46U;39.06E:onset;44.06H:onset;60.79E:decrease;61.51U,10.64E:onset;15.64H:onset;20.64E:restep;20.68E:restep_reload;25.69H:restep_reload;30.68E:decrease;31.42U;39.06E:onset;44.08H:onset;60.79E:decrease;61.48U,0,1,10,1,1,6,6,0,0,3,3,2,2
a,中途切换-1d9493,v6.1,timing_J50P,2,10.65E:onset;15.65H:onset;20.37E:restep;20.69E:restep_reload;25.69H:restep_reload;30.69E:decrease;31.46U;39.06E:onset;44.06H:onset;60.79E:decrease;61.51U,10.64E:onset;15.64H:onset;20.64E:restep;20.68E:restep_reload;25.69H:restep_reload;30.68E:decrease;31.42U;39.06E:onset;44.08H:onset;60.79E:decrease;61.48U,0,1,10,1,1,6,6,0,0,3,3,2,2
a,中途切换-1d9493,v5.1,timing_J50P,3,0.00E:v5_begin;13.19E:v5_begin;23.38E:v5_begin;41.68E:v5_begin,0.01E:v5_begin;13.19E:v5_begin;23.38E:v5_begin;41.65E:v5_begin,0,1,4,0,0,4,4,0,0,0,0,0,0
a,中途切换-1d9493,v6,timing_J50P,3,10.65E:onset;15.65H:onset;20.37E:restep;20.69E:restep_reload;25.69H:restep_reload;30.69E:decrease;31.46U;39.06E:onset;44.06H:onset;60.79E:decrease;61.51U,10.67E:onset;15.67H:onset;20.66E:restep;20.71E:restep_reload;25.71H:restep_reload;30.68E:decrease;31.40U;39.05E:onset;44.06H:onset;60.78E:decrease;61.46U,0,1,10,1,1,6,6,0,0,3,3,2,2
a,中途切换-1d9493,v6.1,timing_J50P,3,10.65E:onset;15.65H:onset;20.37E:restep;20.69E:restep_reload;25.69H:restep_reload;30.69E:decrease;31.46U;39.06E:onset;44.06H:onset;60.79E:decrease;61.51U,10.67E:onset;15.67H:onset;20.66E:restep;20.71E:restep_reload;25.71H:restep_reload;30.68E:decrease;31.40U;39.05E:onset;44.06H:onset;60.78E:decrease;61.46U,0,1,10,1,1,6,6,0,0,3,3,2,2
a,中途切换-1d9493,v5.1,timing_J50P,4,0.00E:v5_begin;13.19E:v5_begin;23.38E:v5_begin;41.68E:v5_begin,0.02E:v5_begin;13.18E:v5_begin;23.40E:v5_begin;41.66E:v5_begin,0,1,4,0,0,4,4,0,0,0,0,0,0
a,中途切换-1d9493,v6,timing_J50P,4,10.65E:onset;15.65H:onset;20.37E:restep;20.69E:restep_reload;25.69H:restep_reload;30.69E:decrease;31.46U;39.06E:onset;44.06H:onset;60.79E:decrease;61.51U,10.64E:onset;10.78R;20.70E:restep;25.70H:restep;30.68E:decrease;31.41U;39.07E:onset;44.08H:onset;60.79E:decrease;61.45U,3,0,7,3,4,5,6,1,0,2,3,2,2
a,中途切换-1d9493,v6.1,timing_J50P,4,10.65E:onset;15.65H:onset;20.37E:restep;20.69E:restep_reload;25.69H:restep_reload;30.69E:decrease;31.46U;39.06E:onset;44.06H:onset;60.79E:decrease;61.51U,10.64E:onset;10.78R;20.70E:restep;25.70H:restep;30.68E:decrease;31.41U;39.07E:onset;44.08H:onset;60.79E:decrease;61.45U,3,0,7,3,4,5,6,1,0,2,3,2,2
a,中途切换-1d9493,v5.1,timing_J50P,5,0.00E:v5_begin;13.19E:v5_begin;23.38E:v5_begin;41.68E:v5_begin,-0.01E:v5_begin;13.18E:v5_begin;23.36E:v5_begin;41.65E:v5_begin,0,1,4,0,0,4,4,0,0,0,0,0,0
a,中途切换-1d9493,v6,timing_J50P,5,10.65E:onset;15.65H:onset;20.37E:restep;20.69E:restep_reload;25.69H:restep_reload;30.69E:decrease;31.46U;39.06E:onset;44.06H:onset;60.79E:decrease;61.51U,10.65E:onset;10.78R;20.68E:restep;25.68H:restep;30.69E:decrease;31.39U;39.05E:onset;44.06H:onset;60.78E:decrease;61.44U,3,0,7,3,4,5,6,1,0,2,3,2,2
a,中途切换-1d9493,v6.1,timing_J50P,5,10.65E:onset;15.65H:onset;20.37E:restep;20.69E:restep_reload;25.69H:restep_reload;30.69E:decrease;31.46U;39.06E:onset;44.06H:onset;60.79E:decrease;61.51U,10.65E:onset;10.78R;20.68E:restep;25.68H:restep;30.69E:decrease;31.39U;39.05E:onset;44.06H:onset;60.78E:decrease;61.44U,3,0,7,3,4,5,6,1,0,2,3,2,2
a,中途切换-1d9493,v5.1,timing_J50P,6,0.00E:v5_begin;13.19E:v5_begin;23.38E:v5_begin;41.68E:v5_begin,-0.02E:v5_begin;13.16E:v5_begin;23.39E:v5_begin;41.66E:v5_begin,0,1,4,0,0,4,4,0,0,0,0,0,0
a,中途切换-1d9493,v6,timing_J50P,6,10.65E:onset;15.65H:onset;20.37E:restep;20.69E:restep_reload;25.69H:restep_reload;30.69E:decrease;31.46U;39.06E:onset;44.06H:onset;60.79E:decrease;61.51U,10.66E:onset;10.79R;20.70E:restep;25.71H:restep;30.68E:decrease;31.38U;39.06E:onset;44.06H:onset;60.81E:decrease;61.45U,3,0,7,3,4,5,6,1,0,2,3,2,2
a,中途切换-1d9493,v6.1,timing_J50P,6,10.65E:onset;15.65H:onset;20.37E:restep;20.69E:restep_reload;25.69H:restep_reload;30.69E:decrease;31.46U;39.06E:onset;44.06H:onset;60.79E:decrease;61.51U,10.66E:onset;10.79R;20.70E:restep;25.71H:restep;30.68E:decrease;31.38U;39.06E:onset;44.06H:onset;60.81E:decrease;61.45U,3,0,7,3,4,5,6,1,0,2,3,2,2
a,中途切换-1d9493,v5.1,timing_J50P,7,0.00E:v5_begin;13.19E:v5_begin;23.38E:v5_begin;41.68E:v5_begin,-0.01E:v5_begin;13.28E:v5_begin;23.38E:v5_begin;41.65E:v5_begin,0,1,4,0,0,4,4,0,0,0,0,0,0
a,中途切换-1d9493,v6,timing_J50P,7,10.65E:onset;15.65H:onset;20.37E:restep;20.69E:restep_reload;25.69H:restep_reload;30.69E:decrease;31.46U;39.06E:onset;44.06H:onset;60.79E:decrease;61.51U,10.64E:onset;15.65H:onset;20.65E:restep;20.68E:restep_reload;25.69H:restep_reload;30.70E:decrease;31.39U;39.04E:onset;44.05H:onset;60.78E:decrease;61.45U,0,1,10,1,1,6,6,0,0,3,3,2,2
a,中途切换-1d9493,v6.1,timing_J50P,7,10.65E:onset;15.65H:onset;20.37E:restep;20.69E:restep_reload;25.69H:restep_reload;30.69E:decrease;31.46U;39.06E:onset;44.06H:onset;60.79E:decrease;61.51U,10.64E:onset;15.65H:onset;20.65E:restep;20.68E:restep_reload;25.69H:restep_reload;30.70E:decrease;31.39U;39.04E:onset;44.05H:onset;60.78E:decrease;61.45U,0,1,10,1,1,6,6,0,0,3,3,2,2
a,中途切换-1d9493,v5.1,timing_J50P,8,0.00E:v5_begin;13.19E:v5_begin;23.38E:v5_begin;41.68E:v5_begin,0.01E:v5_begin;13.18E:v5_begin;23.40E:v5_begin;41.67E:v5_begin,0,1,4,0,0,4,4,0,0,0,0,0,0
a,中途切换-1d9493,v6,timing_J50P,8,10.65E:onset;15.65H:onset;20.37E:restep;20.69E:restep_reload;25.69H:restep_reload;30.69E:decrease;31.46U;39.06E:onset;44.06H:onset;60.79E:decrease;61.51U,10.65E:onset;15.66H:onset;20.35E:restep;20.71E:restep_reload;25.71H:restep_reload;30.71E:decrease;31.39U;39.07E:onset;44.08H:onset;60.81E:decrease;61.74U,0,1,11,0,0,6,6,0,0,3,3,2,2
a,中途切换-1d9493,v6.1,timing_J50P,8,10.65E:onset;15.65H:onset;20.37E:restep;20.69E:restep_reload;25.69H:restep_reload;30.69E:decrease;31.46U;39.06E:onset;44.06H:onset;60.79E:decrease;61.51U,10.65E:onset;15.66H:onset;20.35E:restep;20.71E:restep_reload;25.71H:restep_reload;30.71E:decrease;31.39U;39.07E:onset;44.08H:onset;60.81E:decrease;61.74U,0,1,11,0,0,6,6,0,0,3,3,2,2
a,中途切换-1d9493,v5.1,timing_J50P,9,0.00E:v5_begin;13.19E:v5_begin;23.38E:v5_begin;41.68E:v5_begin,-0.00E:v5_begin;13.30E:v5_begin;23.39E:v5_begin;41.67E:v5_begin,0,1,4,0,0,4,4,0,0,0,0,0,0
a,中途切换-1d9493,v6,timing_J50P,9,10.65E:onset;15.65H:onset;20.37E:restep;20.69E:restep_reload;25.69H:restep_reload;30.69E:decrease;31.46U;39.06E:onset;44.06H:onset;60.79E:decrease;61.51U,10.64E:onset;15.65H:onset;20.65E:restep;20.70E:restep_reload;25.70H:restep_reload;30.70E:decrease;31.39U;39.06E:onset;44.07H:onset;60.79E:decrease;61.45U,0,1,10,1,1,6,6,0,0,3,3,2,2
a,中途切换-1d9493,v6.1,timing_J50P,9,10.65E:onset;15.65H:onset;20.37E:restep;20.69E:restep_reload;25.69H:restep_reload;30.69E:decrease;31.46U;39.06E:onset;44.06H:onset;60.79E:decrease;61.51U,10.64E:onset;15.65H:onset;20.65E:restep;20.70E:restep_reload;25.70H:restep_reload;30.70E:decrease;31.39U;39.06E:onset;44.07H:onset;60.79E:decrease;61.45U,0,1,10,1,1,6,6,0,0,3,3,2,2
a,中途切换-1d9493,v5.1,timing_J50P,10,0.00E:v5_begin;13.19E:v5_begin;23.38E:v5_begin;41.68E:v5_begin,-0.00E:v5_begin;13.17E:v5_begin;23.40E:v5_begin;41.67E:v5_begin,0,1,4,0,0,4,4,0,0,0,0,0,0
a,中途切换-1d9493,v6,timing_J50P,10,10.65E:onset;15.65H:onset;20.37E:restep;20.69E:restep_reload;25.69H:restep_reload;30.69E:decrease;31.46U;39.06E:onset;44.06H:onset;60.79E:decrease;61.51U,10.66E:onset;15.68H:onset;20.36E:restep;20.69E:restep_reload;25.69H:restep_reload;30.69E:decrease;31.40U;39.06E:onset;44.06H:onset;60.78E:decrease;61.48U,0,1,11,0,0,6,6,0,0,3,3,2,2
a,中途切换-1d9493,v6.1,timing_J50P,10,10.65E:onset;15.65H:onset;20.37E:restep;20.69E:restep_reload;25.69H:restep_reload;30.69E:decrease;31.46U;39.06E:onset;44.06H:onset;60.79E:decrease;61.51U,10.66E:onset;15.68H:onset;20.36E:restep;20.69E:restep_reload;25.69H:restep_reload;30.69E:decrease;31.40U;39.06E:onset;44.06H:onset;60.78E:decrease;61.48U,0,1,11,0,0,6,6,0,0,3,3,2,2
a,中途切换-1d9493,v5.1,timing_J50P,11,0.00E:v5_begin;13.19E:v5_begin;23.38E:v5_begin;41.68E:v5_begin,-0.01E:v5_begin;13.28E:v5_begin;23.41E:v5_begin;41.69E:v5_begin,0,1,4,0,0,4,4,0,0,0,0,0,0
a,中途切换-1d9493,v6,timing_J50P,11,10.65E:onset;15.65H:onset;20.37E:restep;20.69E:restep_reload;25.69H:restep_reload;30.69E:decrease;31.46U;39.06E:onset;44.06H:onset;60.79E:decrease;61.51U,10.65E:onset;15.65H:onset;20.65E:restep;20.70E:restep_reload;25.71H:restep_reload;30.68E:decrease;31.38U;39.08E:onset;44.08H:onset;60.80E:decrease;61.45U,0,1,10,1,1,6,6,0,0,3,3,2,2
a,中途切换-1d9493,v6.1,timing_J50P,11,10.65E:onset;15.65H:onset;20.37E:restep;20.69E:restep_reload;25.69H:restep_reload;30.69E:decrease;31.46U;39.06E:onset;44.06H:onset;60.79E:decrease;61.51U,10.65E:onset;15.65H:onset;20.65E:restep;20.70E:restep_reload;25.71H:restep_reload;30.68E:decrease;31.38U;39.08E:onset;44.08H:onset;60.80E:decrease;61.45U,0,1,10,1,1,6,6,0,0,3,3,2,2
a,中途切换-1d9493,v5.1,timing_J50P,12,0.00E:v5_begin;13.19E:v5_begin;23.38E:v5_begin;41.68E:v5_begin,-0.00E:v5_begin;13.19E:v5_begin;23.38E:v5_begin;41.66E:v5_begin,0,1,4,0,0,4,4,0,0,0,0,0,0
a,中途切换-1d9493,v6,timing_J50P,12,10.65E:onset;15.65H:onset;20.37E:restep;20.69E:restep_reload;25.69H:restep_reload;30.69E:decrease;31.46U;39.06E:onset;44.06H:onset;60.79E:decrease;61.51U,10.66E:onset;10.79R;20.70E:restep;25.71H:restep;30.68E:decrease;31.41U;39.05E:onset;44.07H:onset;60.80E:decrease;61.48U,3,0,7,3,4,5,6,1,0,2,3,2,2
a,中途切换-1d9493,v6.1,timing_J50P,12,10.65E:onset;15.65H:onset;20.37E:restep;20.69E:restep_reload;25.69H:restep_reload;30.69E:decrease;31.46U;39.06E:onset;44.06H:onset;60.79E:decrease;61.51U,10.66E:onset;10.79R;20.70E:restep;25.71H:restep;30.68E:decrease;31.41U;39.05E:onset;44.07H:onset;60.80E:decrease;61.48U,3,0,7,3,4,5,6,1,0,2,3,2,2
a,中途切换-1d9493,v5.1,timing_J50P,13,0.00E:v5_begin;13.19E:v5_begin;23.38E:v5_begin;41.68E:v5_begin,-0.02E:v5_begin;13.18E:v5_begin;23.40E:v5_begin;41.67E:v5_begin,0,1,4,0,0,4,4,0,0,0,0,0,0
a,中途切换-1d9493,v6,timing_J50P,13,10.65E:onset;15.65H:onset;20.37E:restep;20.69E:restep_reload;25.69H:restep_reload;30.69E:decrease;31.46U;39.06E:onset;44.06H:onset;60.79E:decrease;61.51U,10.66E:onset;15.67H:onset;20.66E:restep;20.68E:restep_reload;25.68H:restep_reload;30.71E:decrease;31.39U;39.07E:onset;44.08H:onset;60.80E:decrease;61.47U,0,1,10,1,1,6,6,0,0,3,3,2,2
a,中途切换-1d9493,v6.1,timing_J50P,13,10.65E:onset;15.65H:onset;20.37E:restep;20.69E:restep_reload;25.69H:restep_reload;30.69E:decrease;31.46U;39.06E:onset;44.06H:onset;60.79E:decrease;61.51U,10.66E:onset;15.67H:onset;20.66E:restep;20.68E:restep_reload;25.68H:restep_reload;30.71E:decrease;31.39U;39.07E:onset;44.08H:onset;60.80E:decrease;61.47U,0,1,10,1,1,6,6,0,0,3,3,2,2
a,中途切换-1d9493,v5.1,timing_J50P,14,0.00E:v5_begin;13.19E:v5_begin;23.38E:v5_begin;41.68E:v5_begin,0.00E:v5_begin;13.17E:v5_begin;23.41E:v5_begin;41.66E:v5_begin,0,1,4,0,0,4,4,0,0,0,0,0,0
a,中途切换-1d9493,v6,timing_J50P,14,10.65E:onset;15.65H:onset;20.37E:restep;20.69E:restep_reload;25.69H:restep_reload;30.69E:decrease;31.46U;39.06E:onset;44.06H:onset;60.79E:decrease;61.51U,10.66E:onset;15.67H:onset;20.38E:restep;20.69E:restep_reload;25.70H:restep_reload;30.69E:decrease;31.44U;39.08E:onset;44.08H:onset;60.79E:decrease;61.44U,0,1,11,0,0,6,6,0,0,3,3,2,2
a,中途切换-1d9493,v6.1,timing_J50P,14,10.65E:onset;15.65H:onset;20.37E:restep;20.69E:restep_reload;25.69H:restep_reload;30.69E:decrease;31.46U;39.06E:onset;44.06H:onset;60.79E:decrease;61.51U,10.66E:onset;15.67H:onset;20.38E:restep;20.69E:restep_reload;25.70H:restep_reload;30.69E:decrease;31.44U;39.08E:onset;44.08H:onset;60.79E:decrease;61.44U,0,1,11,0,0,6,6,0,0,3,3,2,2
a,中途切换-1d9493,v5.1,timing_J50P,15,0.00E:v5_begin;13.19E:v5_begin;23.38E:v5_begin;41.68E:v5_begin,0.00E:v5_begin;13.17E:v5_begin;23.39E:v5_begin;41.65E:v5_begin,0,1,4,0,0,4,4,0,0,0,0,0,0
a,中途切换-1d9493,v6,timing_J50P,15,10.65E:onset;15.65H:onset;20.37E:restep;20.69E:restep_reload;25.69H:restep_reload;30.69E:decrease;31.46U;39.06E:onset;44.06H:onset;60.79E:decrease;61.51U,10.65E:onset;10.79R;20.68E:restep;25.69H:restep;30.71E:decrease;31.38U;39.06E:onset;44.06H:onset;60.80E:decrease;61.45U,3,0,7,3,4,5,6,1,0,2,3,2,2
a,中途切换-1d9493,v6.1,timing_J50P,15,10.65E:onset;15.65H:onset;20.37E:restep;20.69E:restep_reload;25.69H:restep_reload;30.69E:decrease;31.46U;39.06E:onset;44.06H:onset;60.79E:decrease;61.51U,10.65E:onset;10.79R;20.68E:restep;25.69H:restep;30.71E:decrease;31.38U;39.06E:onset;44.06H:onset;60.80E:decrease;61.45U,3,0,7,3,4,5,6,1,0,2,3,2,2
a,中途切换-1d9493,v5.1,timing_J50P,16,0.00E:v5_begin;13.19E:v5_begin;23.38E:v5_begin;41.68E:v5_begin,-0.01E:v5_begin;13.18E:v5_begin;23.39E:v5_begin;41.66E:v5_begin,0,1,4,0,0,4,4,0,0,0,0,0,0
a,中途切换-1d9493,v6,timing_J50P,16,10.65E:onset;15.65H:onset;20.37E:restep;20.69E:restep_reload;25.69H:restep_reload;30.69E:decrease;31.46U;39.06E:onset;44.06H:onset;60.79E:decrease;61.51U,10.63E:onset;10.76R;20.71E:restep;25.72H:restep;30.70E:decrease;31.41U;39.05E:onset;44.08H:onset;60.78E:decrease;61.45U,3,0,7,3,4,5,6,1,0,2,3,2,2
a,中途切换-1d9493,v6.1,timing_J50P,16,10.65E:onset;15.65H:onset;20.37E:restep;20.69E:restep_reload;25.69H:restep_reload;30.69E:decrease;31.46U;39.06E:onset;44.06H:onset;60.79E:decrease;61.51U,10.63E:onset;10.76R;20.71E:restep;25.72H:restep;30.70E:decrease;31.41U;39.05E:onset;44.08H:onset;60.78E:decrease;61.45U,3,0,7,3,4,5,6,1,0,2,3,2,2
a,中途切换-1d9493,v5.1,timing_J50P,17,0.00E:v5_begin;13.19E:v5_begin;23.38E:v5_begin;41.68E:v5_begin,-0.01E:v5_begin;13.20E:v5_begin;23.40E:v5_begin;41.66E:v5_begin,0,1,4,0,0,4,4,0,0,0,0,0,0
a,中途切换-1d9493,v6,timing_J50P,17,10.65E:onset;15.65H:onset;20.37E:restep;20.69E:restep_reload;25.69H:restep_reload;30.69E:decrease;31.46U;39.06E:onset;44.06H:onset;60.79E:decrease;61.51U,10.67E:onset;15.69H:onset;20.67E:restep;20.69E:restep_reload;25.70H:restep_reload;30.71E:decrease;31.40U;39.06E:onset;44.06H:onset;60.77E:decrease;61.44U,0,1,10,1,1,6,6,0,0,3,3,2,2
a,中途切换-1d9493,v6.1,timing_J50P,17,10.65E:onset;15.65H:onset;20.37E:restep;20.69E:restep_reload;25.69H:restep_reload;30.69E:decrease;31.46U;39.06E:onset;44.06H:onset;60.79E:decrease;61.51U,10.67E:onset;15.69H:onset;20.67E:restep;20.69E:restep_reload;25.70H:restep_reload;30.71E:decrease;31.40U;39.06E:onset;44.06H:onset;60.77E:decrease;61.44U,0,1,10,1,1,6,6,0,0,3,3,2,2
a,中途切换-1d9493,v5.1,timing_J50P,18,0.00E:v5_begin;13.19E:v5_begin;23.38E:v5_begin;41.68E:v5_begin,-0.01E:v5_begin;13.19E:v5_begin;23.40E:v5_begin;41.66E:v5_begin,0,1,4,0,0,4,4,0,0,0,0,0,0
a,中途切换-1d9493,v6,timing_J50P,18,10.65E:onset;15.65H:onset;20.37E:restep;20.69E:restep_reload;25.69H:restep_reload;30.69E:decrease;31.46U;39.06E:onset;44.06H:onset;60.79E:decrease;61.51U,10.65E:onset;10.79R;20.70E:restep;25.71H:restep;30.69E:decrease;31.39U;39.07E:onset;44.08H:onset;60.80E:decrease;61.46U,3,0,7,3,4,5,6,1,0,2,3,2,2
a,中途切换-1d9493,v6.1,timing_J50P,18,10.65E:onset;15.65H:onset;20.37E:restep;20.69E:restep_reload;25.69H:restep_reload;30.69E:decrease;31.46U;39.06E:onset;44.06H:onset;60.79E:decrease;61.51U,10.65E:onset;10.79R;20.70E:restep;25.71H:restep;30.69E:decrease;31.39U;39.07E:onset;44.08H:onset;60.80E:decrease;61.46U,3,0,7,3,4,5,6,1,0,2,3,2,2
a,中途切换-1d9493,v5.1,timing_J50P,19,0.00E:v5_begin;13.19E:v5_begin;23.38E:v5_begin;41.68E:v5_begin,0.01E:v5_begin;13.17E:v5_begin;23.37E:v5_begin;41.65E:v5_begin,0,1,4,0,0,4,4,0,0,0,0,0,0
a,中途切换-1d9493,v6,timing_J50P,19,10.65E:onset;15.65H:onset;20.37E:restep;20.69E:restep_reload;25.69H:restep_reload;30.69E:decrease;31.46U;39.06E:onset;44.06H:onset;60.79E:decrease;61.51U,10.64E:onset;10.77R;20.71E:restep;25.71H:restep;30.69E:decrease;31.41U;39.08E:onset;44.08H:onset;60.79E:decrease;61.46U,3,0,7,3,4,5,6,1,0,2,3,2,2
a,中途切换-1d9493,v6.1,timing_J50P,19,10.65E:onset;15.65H:onset;20.37E:restep;20.69E:restep_reload;25.69H:restep_reload;30.69E:decrease;31.46U;39.06E:onset;44.06H:onset;60.79E:decrease;61.51U,10.64E:onset;10.77R;20.71E:restep;25.71H:restep;30.69E:decrease;31.41U;39.08E:onset;44.08H:onset;60.79E:decrease;61.46U,3,0,7,3,4,5,6,1,0,2,3,2,2
a,中途切换-1d9493,v5.1,timing_J50P,20,0.00E:v5_begin;13.19E:v5_begin;23.38E:v5_begin;41.68E:v5_begin,-0.00E:v5_begin;13.19E:v5_begin;23.37E:v5_begin;41.67E:v5_begin,0,1,4,0,0,4,4,0,0,0,0,0,0
a,中途切换-1d9493,v6,timing_J50P,20,10.65E:onset;15.65H:onset;20.37E:restep;20.69E:restep_reload;25.69H:restep_reload;30.69E:decrease;31.46U;39.06E:onset;44.06H:onset;60.79E:decrease;61.51U,10.66E:onset;15.67H:onset;20.38E:restep;20.70E:restep_reload;25.70H:restep_reload;30.69E:decrease;31.42U;39.06E:onset;44.07H:onset;60.81E:decrease;61.44U,0,1,11,0,0,6,6,0,0,3,3,2,2
a,中途切换-1d9493,v6.1,timing_J50P,20,10.65E:onset;15.65H:onset;20.37E:restep;20.69E:restep_reload;25.69H:restep_reload;30.69E:decrease;31.46U;39.06E:onset;44.06H:onset;60.79E:decrease;61.51U,10.66E:onset;15.67H:onset;20.38E:restep;20.70E:restep_reload;25.70H:restep_reload;30.69E:decrease;31.42U;39.06E:onset;44.07H:onset;60.81E:decrease;61.44U,0,1,11,0,0,6,6,0,0,3,3,2,2
a,中途切换-1d9493,v5.1,timing_J50P,21,0.00E:v5_begin;13.19E:v5_begin;23.38E:v5_begin;41.68E:v5_begin,-0.01E:v5_begin;13.18E:v5_begin;23.40E:v5_begin;41.66E:v5_begin,0,1,4,0,0,4,4,0,0,0,0,0,0
a,中途切换-1d9493,v6,timing_J50P,21,10.65E:onset;15.65H:onset;20.37E:restep;20.69E:restep_reload;25.69H:restep_reload;30.69E:decrease;31.46U;39.06E:onset;44.06H:onset;60.79E:decrease;61.51U,10.64E:onset;10.78R;20.68E:restep;25.68H:restep;30.69E:decrease;31.40U;39.07E:onset;44.07H:onset;60.80E:decrease;61.47U,3,0,7,3,4,5,6,1,0,2,3,2,2
a,中途切换-1d9493,v6.1,timing_J50P,21,10.65E:onset;15.65H:onset;20.37E:restep;20.69E:restep_reload;25.69H:restep_reload;30.69E:decrease;31.46U;39.06E:onset;44.06H:onset;60.79E:decrease;61.51U,10.64E:onset;10.78R;20.68E:restep;25.68H:restep;30.69E:decrease;31.40U;39.07E:onset;44.07H:onset;60.80E:decrease;61.47U,3,0,7,3,4,5,6,1,0,2,3,2,2
a,中途切换-1d9493,v5.1,timing_J50P,22,0.00E:v5_begin;13.19E:v5_begin;23.38E:v5_begin;41.68E:v5_begin,0.01E:v5_begin;13.19E:v5_begin;23.38E:v5_begin;41.67E:v5_begin,0,1,4,0,0,4,4,0,0,0,0,0,0
a,中途切换-1d9493,v6,timing_J50P,22,10.65E:onset;15.65H:onset;20.37E:restep;20.69E:restep_reload;25.69H:restep_reload;30.69E:decrease;31.46U;39.06E:onset;44.06H:onset;60.79E:decrease;61.51U,10.66E:onset;15.66H:onset;20.66E:restep;20.69E:restep_reload;25.71H:restep_reload;30.69E:decrease;31.46U;39.08E:onset;44.09H:onset;60.80E:decrease;61.44U,0,1,10,1,1,6,6,0,0,3,3,2,2
a,中途切换-1d9493,v6.1,timing_J50P,22,10.65E:onset;15.65H:onset;20.37E:restep;20.69E:restep_reload;25.69H:restep_reload;30.69E:decrease;31.46U;39.06E:onset;44.06H:onset;60.79E:decrease;61.51U,10.66E:onset;15.66H:onset;20.66E:restep;20.69E:restep_reload;25.71H:restep_reload;30.69E:decrease;31.46U;39.08E:onset;44.09H:onset;60.80E:decrease;61.44U,0,1,10,1,1,6,6,0,0,3,3,2,2
a,中途切换-1d9493,v5.1,timing_J50P,23,0.00E:v5_begin;13.19E:v5_begin;23.38E:v5_begin;41.68E:v5_begin,-0.01E:v5_begin;13.16E:v5_begin;23.39E:v5_begin;41.68E:v5_begin,0,1,4,0,0,4,4,0,0,0,0,0,0
a,中途切换-1d9493,v6,timing_J50P,23,10.65E:onset;15.65H:onset;20.37E:restep;20.69E:restep_reload;25.69H:restep_reload;30.69E:decrease;31.46U;39.06E:onset;44.06H:onset;60.79E:decrease;61.51U,10.64E:onset;10.78R;20.67E:restep;25.68H:restep;30.68E:decrease;31.42U;39.07E:onset;44.08H:onset;60.78E:decrease;61.45U,3,0,7,3,4,5,6,1,0,2,3,2,2
a,中途切换-1d9493,v6.1,timing_J50P,23,10.65E:onset;15.65H:onset;20.37E:restep;20.69E:restep_reload;25.69H:restep_reload;30.69E:decrease;31.46U;39.06E:onset;44.06H:onset;60.79E:decrease;61.51U,10.64E:onset;10.78R;20.67E:restep;25.68H:restep;30.68E:decrease;31.42U;39.07E:onset;44.08H:onset;60.78E:decrease;61.45U,3,0,7,3,4,5,6,1,0,2,3,2,2
a,中途切换-1d9493,v5.1,timing_J50P,24,0.00E:v5_begin;13.19E:v5_begin;23.38E:v5_begin;41.68E:v5_begin,0.02E:v5_begin;13.28E:v5_begin;23.39E:v5_begin;41.66E:v5_begin,0,1,4,0,0,4,4,0,0,0,0,0,0
a,中途切换-1d9493,v6,timing_J50P,24,10.65E:onset;15.65H:onset;20.37E:restep;20.69E:restep_reload;25.69H:restep_reload;30.69E:decrease;31.46U;39.06E:onset;44.06H:onset;60.79E:decrease;61.51U,10.65E:onset;10.77R;20.71E:restep;25.71H:restep;30.70E:decrease;31.39U;39.05E:onset;44.06H:onset;60.79E:decrease;61.45U,3,0,7,3,4,5,6,1,0,2,3,2,2
a,中途切换-1d9493,v6.1,timing_J50P,24,10.65E:onset;15.65H:onset;20.37E:restep;20.69E:restep_reload;25.69H:restep_reload;30.69E:decrease;31.46U;39.06E:onset;44.06H:onset;60.79E:decrease;61.51U,10.65E:onset;10.77R;20.71E:restep;25.71H:restep;30.70E:decrease;31.39U;39.05E:onset;44.06H:onset;60.79E:decrease;61.45U,3,0,7,3,4,5,6,1,0,2,3,2,2
a,中途切换-1d9493,v5.1,timing_J50P,25,0.00E:v5_begin;13.19E:v5_begin;23.38E:v5_begin;41.68E:v5_begin,-0.02E:v5_begin;13.25E:v5_begin;23.39E:v5_begin;41.66E:v5_begin,0,1,4,0,0,4,4,0,0,0,0,0,0
a,中途切换-1d9493,v6,timing_J50P,25,10.65E:onset;15.65H:onset;20.37E:restep;20.69E:restep_reload;25.69H:restep_reload;30.69E:decrease;31.46U;39.06E:onset;44.06H:onset;60.79E:decrease;61.51U,10.64E:onset;15.64H:onset;20.65E:restep;20.68E:restep_reload;25.69H:restep_reload;30.69E:decrease;31.40U;39.08E:onset;44.09H:onset;60.78E:decrease;61.47U,0,1,10,1,1,6,6,0,0,3,3,2,2
a,中途切换-1d9493,v6.1,timing_J50P,25,10.65E:onset;15.65H:onset;20.37E:restep;20.69E:restep_reload;25.69H:restep_reload;30.69E:decrease;31.46U;39.06E:onset;44.06H:onset;60.79E:decrease;61.51U,10.64E:onset;15.64H:onset;20.65E:restep;20.68E:restep_reload;25.69H:restep_reload;30.69E:decrease;31.40U;39.08E:onset;44.09H:onset;60.78E:decrease;61.47U,0,1,10,1,1,6,6,0,0,3,3,2,2
a,中途切换-1d9493,v5.1,timing_J50P,26,0.00E:v5_begin;13.19E:v5_begin;23.38E:v5_begin;41.68E:v5_begin,-0.00E:v5_begin;13.20E:v5_begin;23.37E:v5_begin;41.65E:v5_begin,0,1,4,0,0,4,4,0,0,0,0,0,0
a,中途切换-1d9493,v6,timing_J50P,26,10.65E:onset;15.65H:onset;20.37E:restep;20.69E:restep_reload;25.69H:restep_reload;30.69E:decrease;31.46U;39.06E:onset;44.06H:onset;60.79E:decrease;61.51U,10.66E:onset;15.66H:onset;20.38E:restep;20.69E:restep_reload;25.69H:restep_reload;30.71E:decrease;31.42U;39.06E:onset;44.07H:onset;60.78E:decrease;61.44U,0,1,11,0,0,6,6,0,0,3,3,2,2
a,中途切换-1d9493,v6.1,timing_J50P,26,10.65E:onset;15.65H:onset;20.37E:restep;20.69E:restep_reload;25.69H:restep_reload;30.69E:decrease;31.46U;39.06E:onset;44.06H:onset;60.79E:decrease;61.51U,10.66E:onset;15.66H:onset;20.38E:restep;20.69E:restep_reload;25.69H:restep_reload;30.71E:decrease;31.42U;39.06E:onset;44.07H:onset;60.78E:decrease;61.44U,0,1,11,0,0,6,6,0,0,3,3,2,2
a,中途切换-1d9493,v5.1,timing_J50P,27,0.00E:v5_begin;13.19E:v5_begin;23.38E:v5_begin;41.68E:v5_begin,0.01E:v5_begin;13.17E:v5_begin;23.37E:v5_begin;41.68E:v5_begin,0,1,4,0,0,4,4,0,0,0,0,0,0
a,中途切换-1d9493,v6,timing_J50P,27,10.65E:onset;15.65H:onset;20.37E:restep;20.69E:restep_reload;25.69H:restep_reload;30.69E:decrease;31.46U;39.06E:onset;44.06H:onset;60.79E:decrease;61.51U,10.67E:onset;15.67H:onset;20.67E:restep;20.70E:restep_reload;25.71H:restep_reload;30.69E:decrease;31.39U;39.08E:onset;44.08H:onset;60.81E:decrease;61.45U,0,1,10,1,1,6,6,0,0,3,3,2,2
a,中途切换-1d9493,v6.1,timing_J50P,27,10.65E:onset;15.65H:onset;20.37E:restep;20.69E:restep_reload;25.69H:restep_reload;30.69E:decrease;31.46U;39.06E:onset;44.06H:onset;60.79E:decrease;61.51U,10.67E:onset;15.67H:onset;20.67E:restep;20.70E:restep_reload;25.71H:restep_reload;30.69E:decrease;31.39U;39.08E:onset;44.08H:onset;60.81E:decrease;61.45U,0,1,10,1,1,6,6,0,0,3,3,2,2
a,中途切换-1d9493,v5.1,timing_J50P,28,0.00E:v5_begin;13.19E:v5_begin;23.38E:v5_begin;41.68E:v5_begin,-0.02E:v5_begin;13.29E:v5_begin;23.37E:v5_begin;41.65E:v5_begin,0,1,4,0,0,4,4,0,0,0,0,0,0
a,中途切换-1d9493,v6,timing_J50P,28,10.65E:onset;15.65H:onset;20.37E:restep;20.69E:restep_reload;25.69H:restep_reload;30.69E:decrease;31.46U;39.06E:onset;44.06H:onset;60.79E:decrease;61.51U,10.64E:onset;10.77R;20.70E:restep;25.70H:restep;30.70E:decrease;31.42U;39.07E:onset;44.08H:onset;60.79E:decrease;61.45U,3,0,7,3,4,5,6,1,0,2,3,2,2
a,中途切换-1d9493,v6.1,timing_J50P,28,10.65E:onset;15.65H:onset;20.37E:restep;20.69E:restep_reload;25.69H:restep_reload;30.69E:decrease;31.46U;39.06E:onset;44.06H:onset;60.79E:decrease;61.51U,10.64E:onset;10.77R;20.70E:restep;25.70H:restep;30.70E:decrease;31.42U;39.07E:onset;44.08H:onset;60.79E:decrease;61.45U,3,0,7,3,4,5,6,1,0,2,3,2,2
a,中途切换-1d9493,v5.1,timing_J50P,29,0.00E:v5_begin;13.19E:v5_begin;23.38E:v5_begin;41.68E:v5_begin,-0.02E:v5_begin;13.18E:v5_begin;23.39E:v5_begin;41.73E:v5_begin,0,1,4,0,0,4,4,0,0,0,0,0,0
a,中途切换-1d9493,v6,timing_J50P,29,10.65E:onset;15.65H:onset;20.37E:restep;20.69E:restep_reload;25.69H:restep_reload;30.69E:decrease;31.46U;39.06E:onset;44.06H:onset;60.79E:decrease;61.51U,10.65E:onset;10.77R;20.69E:restep;25.69H:restep;30.70E:decrease;31.38U;39.07E:onset;44.08H:onset;60.80E:decrease;61.47U,3,0,7,3,4,5,6,1,0,2,3,2,2
a,中途切换-1d9493,v6.1,timing_J50P,29,10.65E:onset;15.65H:onset;20.37E:restep;20.69E:restep_reload;25.69H:restep_reload;30.69E:decrease;31.46U;39.06E:onset;44.06H:onset;60.79E:decrease;61.51U,10.65E:onset;10.77R;20.69E:restep;25.69H:restep;30.70E:decrease;31.38U;39.07E:onset;44.08H:onset;60.80E:decrease;61.47U,3,0,7,3,4,5,6,1,0,2,3,2,2
a,中途切换-1d9493,v5.1,timing_J100P,0,0.00E:v5_begin;13.19E:v5_begin;23.38E:v5_begin;41.68E:v5_begin,0.02E:v5_begin;13.18E:v5_begin;23.38E:v5_begin;41.71E:v5_begin,0,1,4,0,0,4,4,0,0,0,0,0,0
a,中途切换-1d9493,v6,timing_J100P,0,10.65E:onset;15.65H:onset;20.37E:restep;20.69E:restep_reload;25.69H:restep_reload;30.69E:decrease;31.46U;39.06E:onset;44.06H:onset;60.79E:decrease;61.51U,10.67E:onset;10.67R;20.69E:restep;25.70H:restep;30.70E:decrease;30.70E:decrease;30.75R;31.30U;39.08E:onset;44.09H:onset;60.82E:decrease;61.46U,4,0,7,5,4,6,6,2,0,2,3,2,2
a,中途切换-1d9493,v6.1,timing_J100P,0,10.65E:onset;15.65H:onset;20.37E:restep;20.69E:restep_reload;25.69H:restep_reload;30.69E:decrease;31.46U;39.06E:onset;44.06H:onset;60.79E:decrease;61.51U,10.67E:onset;10.67R;20.69E:restep;25.70H:restep;30.70E:decrease;30.70E:decrease;30.75R;31.30U;39.08E:onset;44.09H:onset;60.82E:decrease;61.46U,4,0,7,5,4,6,6,2,0,2,3,2,2
a,中途切换-1d9493,v5.1,timing_J100P,1,0.00E:v5_begin;13.19E:v5_begin;23.38E:v5_begin;41.68E:v5_begin,0.03E:v5_begin;13.22E:v5_begin;23.40E:v5_begin;41.66E:v5_begin,0,1,4,0,0,4,4,0,0,0,0,0,0
a,中途切换-1d9493,v6,timing_J100P,1,10.65E:onset;15.65H:onset;20.37E:restep;20.69E:restep_reload;25.69H:restep_reload;30.69E:decrease;31.46U;39.06E:onset;44.06H:onset;60.79E:decrease;61.51U,10.68E:onset;15.71H:onset;20.64E:restep;20.69E:restep_reload;25.69H:restep_reload;30.70E:decrease;31.36U;39.05E:onset;44.05H:onset;60.76E:decrease;61.50U,0,1,10,1,1,6,6,0,0,3,3,2,2
a,中途切换-1d9493,v6.1,timing_J100P,1,10.65E:onset;15.65H:onset;20.37E:restep;20.69E:restep_reload;25.69H:restep_reload;30.69E:decrease;31.46U;39.06E:onset;44.06H:onset;60.79E:decrease;61.51U,10.68E:onset;15.71H:onset;20.64E:restep;20.69E:restep_reload;25.69H:restep_reload;30.70E:decrease;31.36U;39.05E:onset;44.05H:onset;60.76E:decrease;61.50U,0,1,10,1,1,6,6,0,0,3,3,2,2
a,中途切换-1d9493,v5.1,timing_J100P,2,0.00E:v5_begin;13.19E:v5_begin;23.38E:v5_begin;41.68E:v5_begin,-0.03E:v5_begin;13.28E:v5_begin;23.38E:v5_begin;41.64E:v5_begin,0,1,4,0,0,4,4,0,0,0,0,0,0
a,中途切换-1d9493,v6,timing_J100P,2,10.65E:onset;15.65H:onset;20.37E:restep;20.69E:restep_reload;25.69H:restep_reload;30.69E:decrease;31.46U;39.06E:onset;44.06H:onset;60.79E:decrease;61.51U,10.62E:onset;10.77R;20.69E:restep;25.71H:restep;30.67E:decrease;31.39U;39.03E:onset;44.04H:onset;60.82E:decrease;60.82E:decrease;60.83R;61.38U,5,0,7,5,4,6,6,2,0,2,3,2,2
a,中途切换-1d9493,v6.1,timing_J100P,2,10.65E:onset;15.65H:onset;20.37E:restep;20.69E:restep_reload;25.69H:restep_reload;30.69E:decrease;31.46U;39.06E:onset;44.06H:onset;60.79E:decrease;61.51U,10.62E:onset;10.77R;20.69E:restep;25.71H:restep;30.67E:decrease;31.39U;39.03E:onset;44.04H:onset;60.82E:decrease;60.82E:decrease;60.83R;61.38U,5,0,7,5,4,6,6,2,0,2,3,2,2
a,中途切换-1d9493,v5.1,timing_J100P,3,0.00E:v5_begin;13.19E:v5_begin;23.38E:v5_begin;41.68E:v5_begin,-0.02E:v5_begin;13.19E:v5_begin;23.38E:v5_begin;41.63E:v5_begin,0,1,4,0,0,4,4,0,0,0,0,0,0
a,中途切换-1d9493,v6,timing_J100P,3,10.65E:onset;15.65H:onset;20.37E:restep;20.69E:restep_reload;25.69H:restep_reload;30.69E:decrease;31.46U;39.06E:onset;44.06H:onset;60.79E:decrease;61.51U,10.66E:onset;15.66H:onset;20.69E:restep;20.70E:restep_reload;25.70H:restep_reload;30.73E:decrease;31.39U;39.03E:onset;44.04H:onset;60.81E:decrease;61.47U,0,1,10,1,1,6,6,0,0,3,3,2,2
a,中途切换-1d9493,v6.1,timing_J100P,3,10.65E:onset;15.65H:onset;20.37E:restep;20.69E:restep_reload;25.69H:restep_reload;30.69E:decrease;31.46U;39.06E:onset;44.06H:onset;60.79E:decrease;61.51U,10.66E:onset;15.66H:onset;20.69E:restep;20.70E:restep_reload;25.70H:restep_reload;30.73E:decrease;31.39U;39.03E:onset;44.04H:onset;60.81E:decrease;61.47U,0,1,10,1,1,6,6,0,0,3,3,2,2
a,中途切换-1d9493,v5.1,timing_J100P,4,0.00E:v5_begin;13.19E:v5_begin;23.38E:v5_begin;41.68E:v5_begin,-0.02E:v5_begin;13.20E:v5_begin;23.39E:v5_begin;41.64E:v5_begin,0,1,4,0,0,4,4,0,0,0,0,0,0
a,中途切换-1d9493,v6,timing_J100P,4,10.65E:onset;15.65H:onset;20.37E:restep;20.69E:restep_reload;25.69H:restep_reload;30.69E:decrease;31.46U;39.06E:onset;44.06H:onset;60.79E:decrease;61.51U,10.66E:onset;10.67R;20.72E:restep;25.73H:restep;30.67E:decrease;31.34U;39.03E:onset;44.04H:onset;60.83E:decrease;60.83E:decrease;60.84R;61.35U,5,0,7,5,4,6,6,2,0,2,3,2,2
a,中途切换-1d9493,v6.1,timing_J100P,4,10.65E:onset;15.65H:onset;20.37E:restep;20.69E:restep_reload;25.69H:restep_reload;30.69E:decrease;31.46U;39.06E:onset;44.06H:onset;60.79E:decrease;61.51U,10.66E:onset;10.67R;20.72E:restep;25.73H:restep;30.67E:decrease;31.34U;39.03E:onset;44.04H:onset;60.83E:decrease;60.83E:decrease;60.84R;61.35U,5,0,7,5,4,6,6,2,0,2,3,2,2
a,中途切换-1d9493,v5.1,timing_J100P,5,0.00E:v5_begin;13.19E:v5_begin;23.38E:v5_begin;41.68E:v5_begin,-0.00E:v5_begin;13.16E:v5_begin;23.39E:v5_begin;41.70E:v5_begin,0,1,4,0,0,4,4,0,0,0,0,0,0
a,中途切换-1d9493,v6,timing_J100P,5,10.65E:onset;15.65H:onset;20.37E:restep;20.69E:restep_reload;25.69H:restep_reload;30.69E:decrease;31.46U;39.06E:onset;44.06H:onset;60.79E:decrease;61.51U,10.63E:onset;10.76R;20.71E:restep;25.71H:restep;30.66E:decrease;31.35U;39.04E:onset;44.05H:onset;60.79E:decrease;61.46U,3,0,7,3,4,5,6,1,0,2,3,2,2
a,中途切换-1d9493,v6.1,timing_J100P,5,10.65E:onset;15.65H:onset;20.37E:restep;20.69E:restep_reload;25.69H:restep_reload;30.69E:decrease;31.46U;39.06E:onset;44.06H:onset;60.79E:decrease;61.51U,10.63E:onset;10.76R;20.71E:restep;25.71H:restep;30.66E:decrease;31.35U;39.04E:onset;44.05H:onset;60.79E:decrease;61.46U,3,0,7,3,4,5,6,1,0,2,3,2,2
a,中途切换-1d9493,v5.1,timing_J100P,6,0.00E:v5_begin;13.19E:v5_begin;23.38E:v5_begin;41.68E:v5_begin,0.04E:v5_begin;13.18E:v5_begin;23.40E:v5_begin;41.65E:v5_begin,0,1,4,0,0,4,4,0,0,0,0,0,0
a,中途切换-1d9493,v6,timing_J100P,6,10.65E:onset;15.65H:onset;20.37E:restep;20.69E:restep_reload;25.69H:restep_reload;30.69E:decrease;31.46U;39.06E:onset;44.06H:onset;60.79E:decrease;61.51U,10.67E:onset;15.69H:onset;20.69E:restep;20.70E:restep_reload;25.70H:restep_reload;30.70E:decrease;31.35U;39.08E:onset;44.08H:onset;60.83E:decrease;61.53U,0,1,10,1,1,6,6,0,0,3,3,2,2
a,中途切换-1d9493,v6.1,timing_J100P,6,10.65E:onset;15.65H:onset;20.37E:restep;20.69E:restep_reload;25.69H:restep_reload;30.69E:decrease;31.46U;39.06E:onset;44.06H:onset;60.79E:decrease;61.51U,10.67E:onset;15.69H:onset;20.69E:restep;20.70E:restep_reload;25.70H:restep_reload;30.70E:decrease;31.35U;39.08E:onset;44.08H:onset;60.83E:decrease;61.53U,0,1,10,1,1,6,6,0,0,3,3,2,2
a,中途切换-1d9493,v5.1,timing_J100P,7,0.00E:v5_begin;13.19E:v5_begin;23.38E:v5_begin;41.68E:v5_begin,-0.00E:v5_begin;13.18E:v5_begin;23.42E:v5_begin;41.64E:v5_begin,0,1,4,0,0,4,4,0,0,0,0,0,0
a,中途切换-1d9493,v6,timing_J100P,7,10.65E:onset;15.65H:onset;20.37E:restep;20.69E:restep_reload;25.69H:restep_reload;30.69E:decrease;31.46U;39.06E:onset;44.06H:onset;60.79E:decrease;61.51U,10.66E:onset;10.78R;20.66E:restep;25.67H:restep;30.67E:decrease;31.36U;39.02E:onset;44.09H:onset;60.83E:decrease;61.48U,3,0,7,3,4,5,6,1,0,2,3,2,2
a,中途切换-1d9493,v6.1,timing_J100P,7,10.65E:onset;15.65H:onset;20.37E:restep;20.69E:restep_reload;25.69H:restep_reload;30.69E:decrease;31.46U;39.06E:onset;44.06H:onset;60.79E:decrease;61.51U,10.66E:onset;10.78R;20.66E:restep;25.67H:restep;30.67E:decrease;31.36U;39.02E:onset;44.09H:onset;60.83E:decrease;61.48U,3,0,7,3,4,5,6,1,0,2,3,2,2
a,中途切换-1d9493,v5.1,timing_J100P,8,0.00E:v5_begin;13.19E:v5_begin;23.38E:v5_begin;41.68E:v5_begin,-0.03E:v5_begin;13.17E:v5_begin;23.40E:v5_begin;41.62E:v5_begin,0,1,4,0,0,4,4,0,0,0,0,0,0
a,中途切换-1d9493,v6,timing_J100P,8,10.65E:onset;15.65H:onset;20.37E:restep;20.69E:restep_reload;25.69H:restep_reload;30.69E:decrease;31.46U;39.06E:onset;44.06H:onset;60.79E:decrease;61.51U,10.66E:onset;10.66R;20.68E:restep;25.68H:restep;30.69E:decrease;31.39U;39.09E:onset;44.14H:onset;60.77E:decrease;61.41U,3,0,7,3,4,5,6,1,0,2,3,2,2
a,中途切换-1d9493,v6.1,timing_J100P,8,10.65E:onset;15.65H:onset;20.37E:restep;20.69E:restep_reload;25.69H:restep_reload;30.69E:decrease;31.46U;39.06E:onset;44.06H:onset;60.79E:decrease;61.51U,10.66E:onset;10.66R;20.68E:restep;25.68H:restep;30.69E:decrease;31.39U;39.09E:onset;44.14H:onset;60.77E:decrease;61.41U,3,0,7,3,4,5,6,1,0,2,3,2,2
a,中途切换-1d9493,v5.1,timing_J100P,9,0.00E:v5_begin;13.19E:v5_begin;23.38E:v5_begin;41.68E:v5_begin,-0.01E:v5_begin;13.26E:v5_begin;23.39E:v5_begin;41.65E:v5_begin,0,1,4,0,0,4,4,0,0,0,0,0,0
a,中途切换-1d9493,v6,timing_J100P,9,10.65E:onset;15.65H:onset;20.37E:restep;20.69E:restep_reload;25.69H:restep_reload;30.69E:decrease;31.46U;39.06E:onset;44.06H:onset;60.79E:decrease;61.51U,10.63E:onset;10.76R;20.68E:restep;25.68H:restep;30.68E:decrease;31.36U;39.08E:onset;44.10H:onset;60.79E:decrease;61.44U,3,0,7,3,4,5,6,1,0,2,3,2,2
a,中途切换-1d9493,v6.1,timing_J100P,9,10.65E:onset;15.65H:onset;20.37E:restep;20.69E:restep_reload;25.69H:restep_reload;30.69E:decrease;31.46U;39.06E:onset;44.06H:onset;60.79E:decrease;61.51U,10.63E:onset;10.76R;20.68E:restep;25.68H:restep;30.68E:decrease;31.36U;39.08E:onset;44.10H:onset;60.79E:decrease;61.44U,3,0,7,3,4,5,6,1,0,2,3,2,2
a,中途切换-1d9493,v5.1,timing_J100P,10,0.00E:v5_begin;13.19E:v5_begin;23.38E:v5_begin;41.68E:v5_begin,0.01E:v5_begin;13.16E:v5_begin;23.39E:v5_begin;41.65E:v5_begin,0,1,4,0,0,4,4,0,0,0,0,0,0
a,中途切换-1d9493,v6,timing_J100P,10,10.65E:onset;15.65H:onset;20.37E:restep;20.69E:restep_reload;25.69H:restep_reload;30.69E:decrease;31.46U;39.06E:onset;44.06H:onset;60.79E:decrease;61.51U,10.62E:onset;10.75R;20.67E:restep;25.68H:restep;30.70E:decrease;31.39U;39.05E:onset;44.06H:onset;60.77E:decrease;61.41U,3,0,7,3,4,5,6,1,0,2,3,2,2
a,中途切换-1d9493,v6.1,timing_J100P,10,10.65E:onset;15.65H:onset;20.37E:restep;20.69E:restep_reload;25.69H:restep_reload;30.69E:decrease;31.46U;39.06E:onset;44.06H:onset;60.79E:decrease;61.51U,10.62E:onset;10.75R;20.67E:restep;25.68H:restep;30.70E:decrease;31.39U;39.05E:onset;44.06H:onset;60.77E:decrease;61.41U,3,0,7,3,4,5,6,1,0,2,3,2,2
a,中途切换-1d9493,v5.1,timing_J100P,11,0.00E:v5_begin;13.19E:v5_begin;23.38E:v5_begin;41.68E:v5_begin,0.01E:v5_begin;13.28E:v5_begin;23.39E:v5_begin;41.66E:v5_begin,0,1,4,0,0,4,4,0,0,0,0,0,0
a,中途切换-1d9493,v6,timing_J100P,11,10.65E:onset;15.65H:onset;20.37E:restep;20.69E:restep_reload;25.69H:restep_reload;30.69E:decrease;31.46U;39.06E:onset;44.06H:onset;60.79E:decrease;61.51U,10.64E:onset;10.78R;20.71E:restep;25.72H:restep;30.72E:decrease;30.72E:decrease;30.75R;31.30U;39.05E:onset;44.05H:onset;60.80E:decrease;61.46U,4,0,7,5,4,6,6,2,0,2,3,2,2
a,中途切换-1d9493,v6.1,timing_J100P,11,10.65E:onset;15.65H:onset;20.37E:restep;20.69E:restep_reload;25.69H:restep_reload;30.69E:decrease;31.46U;39.06E:onset;44.06H:onset;60.79E:decrease;61.51U,10.64E:onset;10.78R;20.71E:restep;25.72H:restep;30.72E:decrease;30.72E:decrease;30.75R;31.30U;39.05E:onset;44.05H:onset;60.80E:decrease;61.46U,4,0,7,5,4,6,6,2,0,2,3,2,2
a,中途切换-1d9493,v5.1,timing_J100P,12,0.00E:v5_begin;13.19E:v5_begin;23.38E:v5_begin;41.68E:v5_begin,0.00E:v5_begin;13.18E:v5_begin;23.36E:v5_begin;41.63E:v5_begin,0,1,4,0,0,4,4,0,0,0,0,0,0
a,中途切换-1d9493,v6,timing_J100P,12,10.65E:onset;15.65H:onset;20.37E:restep;20.69E:restep_reload;25.69H:restep_reload;30.69E:decrease;31.46U;39.06E:onset;44.06H:onset;60.79E:decrease;61.51U,10.67E:onset;15.68H:onset;20.63E:restep;20.69E:restep_reload;25.69H:restep_reload;30.72E:decrease;31.35U;39.07E:onset;44.09H:onset;60.81E:decrease;61.44U,0,1,10,1,1,6,6,0,0,3,3,2,2
a,中途切换-1d9493,v6.1,timing_J100P,12,10.65E:onset;15.65H:onset;20.37E:restep;20.69E:restep_reload;25.69H:restep_reload;30.69E:decrease;31.46U;39.06E:onset;44.06H:onset;60.79E:decrease;61.51U,10.67E:onset;15.68H:onset;20.63E:restep;20.69E:restep_reload;25.69H:restep_reload;30.72E:decrease;31.35U;39.07E:onset;44.09H:onset;60.81E:decrease;61.44U,0,1,10,1,1,6,6,0,0,3,3,2,2
a,中途切换-1d9493,v5.1,timing_J100P,13,0.00E:v5_begin;13.19E:v5_begin;23.38E:v5_begin;41.68E:v5_begin,0.03E:v5_begin;13.25E:v5_begin;23.39E:v5_begin;41.65E:v5_begin,0,1,4,0,0,4,4,0,0,0,0,0,0
a,中途切换-1d9493,v6,timing_J100P,13,10.65E:onset;15.65H:onset;20.37E:restep;20.69E:restep_reload;25.69H:restep_reload;30.69E:decrease;31.46U;39.06E:onset;44.06H:onset;60.79E:decrease;61.51U,10.68E:onset;15.72H:onset;20.67E:restep;20.71E:restep_reload;25.74H:restep_reload;30.72E:decrease;31.31U;39.09E:onset;44.09H:onset;60.80E:decrease;61.44U,0,1,10,1,1,6,6,0,0,3,3,2,2
a,中途切换-1d9493,v6.1,timing_J100P,13,10.65E:onset;15.65H:onset;20.37E:restep;20.69E:restep_reload;25.69H:restep_reload;30.69E:decrease;31.46U;39.06E:onset;44.06H:onset;60.79E:decrease;61.51U,10.68E:onset;15.72H:onset;20.67E:restep;20.71E:restep_reload;25.74H:restep_reload;30.72E:decrease;31.31U;39.09E:onset;44.09H:onset;60.80E:decrease;61.44U,0,1,10,1,1,6,6,0,0,3,3,2,2
a,中途切换-1d9493,v5.1,timing_J100P,14,0.00E:v5_begin;13.19E:v5_begin;23.38E:v5_begin;41.68E:v5_begin,0.03E:v5_begin;13.31E:v5_begin;23.40E:v5_begin;41.63E:v5_begin,0,1,4,0,0,4,4,0,0,0,0,0,0
a,中途切换-1d9493,v6,timing_J100P,14,10.65E:onset;15.65H:onset;20.37E:restep;20.69E:restep_reload;25.69H:restep_reload;30.69E:decrease;31.46U;39.06E:onset;44.06H:onset;60.79E:decrease;61.51U,10.65E:onset;10.80R;20.71E:restep;25.78H:restep;30.66E:decrease;31.32U;39.04E:onset;44.04H:onset;60.79E:decrease;61.43U,3,0,7,3,4,5,6,1,0,2,3,2,2
a,中途切换-1d9493,v6.1,timing_J100P,14,10.65E:onset;15.65H:onset;20.37E:restep;20.69E:restep_reload;25.69H:restep_reload;30.69E:decrease;31.46U;39.06E:onset;44.06H:onset;60.79E:decrease;61.51U,10.65E:onset;10.80R;20.71E:restep;25.78H:restep;30.66E:decrease;31.32U;39.04E:onset;44.04H:onset;60.79E:decrease;61.43U,3,0,7,3,4,5,6,1,0,2,3,2,2
a,中途切换-1d9493,v5.1,timing_J100P,15,0.00E:v5_begin;13.19E:v5_begin;23.38E:v5_begin;41.68E:v5_begin,0.03E:v5_begin;13.21E:v5_begin;23.43E:v5_begin;41.65E:v5_begin,0,1,4,0,0,4,4,0,0,0,0,0,0
a,中途切换-1d9493,v6,timing_J100P,15,10.65E:onset;15.65H:onset;20.37E:restep;20.69E:restep_reload;25.69H:restep_reload;30.69E:decrease;31.46U;39.06E:onset;44.06H:onset;60.79E:decrease;61.51U,10.69E:onset;10.69R;20.66E:restep;25.67H:restep;30.66E:decrease;31.39U;39.08E:onset;44.09H:onset;60.81E:decrease;61.45U,3,0,7,3,4,5,6,1,0,2,3,2,2
a,中途切换-1d9493,v6.1,timing_J100P,15,10.65E:onset;15.65H:onset;20.37E:restep;20.69E:restep_reload;25.69H:restep_reload;30.69E:decrease;31.46U;39.06E:onset;44.06H:onset;60.79E:decrease;61.51U,10.69E:onset;10.69R;20.66E:restep;25.67H:restep;30.66E:decrease;31.39U;39.08E:onset;44.09H:onset;60.81E:decrease;61.45U,3,0,7,3,4,5,6,1,0,2,3,2,2
a,中途切换-1d9493,v5.1,timing_J100P,16,0.00E:v5_begin;13.19E:v5_begin;23.38E:v5_begin;41.68E:v5_begin,-0.01E:v5_begin;13.26E:v5_begin;23.36E:v5_begin;41.64E:v5_begin,0,1,4,0,0,4,4,0,0,0,0,0,0
a,中途切换-1d9493,v6,timing_J100P,16,10.65E:onset;15.65H:onset;20.37E:restep;20.69E:restep_reload;25.69H:restep_reload;30.69E:decrease;31.46U;39.06E:onset;44.06H:onset;60.79E:decrease;61.51U,10.64E:onset;10.77R;20.70E:restep;25.72H:restep;30.65E:decrease;31.34U;39.07E:onset;44.07H:onset;60.81E:decrease;60.81E:decrease;60.81R;61.37U,5,0,7,5,4,6,6,2,0,2,3,2,2
a,中途切换-1d9493,v6.1,timing_J100P,16,10.65E:onset;15.65H:onset;20.37E:restep;20.69E:restep_reload;25.69H:restep_reload;30.69E:decrease;31.46U;39.06E:onset;44.06H:onset;60.79E:decrease;61.51U,10.64E:onset;10.77R;20.70E:restep;25.72H:restep;30.65E:decrease;31.34U;39.07E:onset;44.07H:onset;60.81E:decrease;60.81E:decrease;60.81R;61.37U,5,0,7,5,4,6,6,2,0,2,3,2,2
a,中途切换-1d9493,v5.1,timing_J100P,17,0.00E:v5_begin;13.19E:v5_begin;23.38E:v5_begin;41.68E:v5_begin,0.04E:v5_begin;13.25E:v5_begin;23.37E:v5_begin;41.66E:v5_begin,0,1,4,0,0,4,4,0,0,0,0,0,0
a,中途切换-1d9493,v6,timing_J100P,17,10.65E:onset;15.65H:onset;20.37E:restep;20.69E:restep_reload;25.69H:restep_reload;30.69E:decrease;31.46U;39.06E:onset;44.06H:onset;60.79E:decrease;61.51U,10.65E:onset;15.65H:onset;20.64E:restep;20.72E:restep_reload;25.72H:restep_reload;30.69E:decrease;31.37U;39.04E:onset;44.05H:onset;60.80E:decrease;61.43U,0,1,10,1,1,6,6,0,0,3,3,2,2
a,中途切换-1d9493,v6.1,timing_J100P,17,10.65E:onset;15.65H:onset;20.37E:restep;20.69E:restep_reload;25.69H:restep_reload;30.69E:decrease;31.46U;39.06E:onset;44.06H:onset;60.79E:decrease;61.51U,10.65E:onset;15.65H:onset;20.64E:restep;20.72E:restep_reload;25.72H:restep_reload;30.69E:decrease;31.37U;39.04E:onset;44.05H:onset;60.80E:decrease;61.43U,0,1,10,1,1,6,6,0,0,3,3,2,2
a,中途切换-1d9493,v5.1,timing_J100P,18,0.00E:v5_begin;13.19E:v5_begin;23.38E:v5_begin;41.68E:v5_begin,0.03E:v5_begin;13.17E:v5_begin;23.39E:v5_begin;41.65E:v5_begin,0,1,4,0,0,4,4,0,0,0,0,0,0
a,中途切换-1d9493,v6,timing_J100P,18,10.65E:onset;15.65H:onset;20.37E:restep;20.69E:restep_reload;25.69H:restep_reload;30.69E:decrease;31.46U;39.06E:onset;44.06H:onset;60.79E:decrease;61.51U,10.64E:onset;10.76R;20.70E:restep;25.71H:restep;30.72E:decrease;31.37U;39.05E:onset;44.09H:onset;60.83E:decrease;60.83E:decrease;60.83R;61.39U,5,0,7,5,4,6,6,2,0,2,3,2,2
a,中途切换-1d9493,v6.1,timing_J100P,18,10.65E:onset;15.65H:onset;20.37E:restep;20.69E:restep_reload;25.69H:restep_reload;30.69E:decrease;31.46U;39.06E:onset;44.06H:onset;60.79E:decrease;61.51U,10.64E:onset;10.76R;20.70E:restep;25.71H:restep;30.72E:decrease;31.37U;39.05E:onset;44.09H:onset;60.83E:decrease;60.83E:decrease;60.83R;61.39U,5,0,7,5,4,6,6,2,0,2,3,2,2
a,中途切换-1d9493,v5.1,timing_J100P,19,0.00E:v5_begin;13.19E:v5_begin;23.38E:v5_begin;41.68E:v5_begin,0.04E:v5_begin;13.32E:v5_begin;23.40E:v5_begin;41.68E:v5_begin,0,1,4,0,0,4,4,0,0,0,0,0,0
a,中途切换-1d9493,v6,timing_J100P,19,10.65E:onset;15.65H:onset;20.37E:restep;20.69E:restep_reload;25.69H:restep_reload;30.69E:decrease;31.46U;39.06E:onset;44.06H:onset;60.79E:decrease;61.51U,10.67E:onset;15.67H:onset;20.66E:restep;20.70E:restep_reload;25.71H:restep_reload;30.70E:decrease;31.33U;39.09E:onset;44.10H:onset;60.83E:decrease;61.50U,0,1,10,1,1,6,6,0,0,3,3,2,2
a,中途切换-1d9493,v6.1,timing_J100P,19,10.65E:onset;15.65H:onset;20.37E:restep;20.69E:restep_reload;25.69H:restep_reload;30.69E:decrease;31.46U;39.06E:onset;44.06H:onset;60.79E:decrease;61.51U,10.67E:onset;15.67H:onset;20.66E:restep;20.70E:restep_reload;25.71H:restep_reload;30.70E:decrease;31.33U;39.09E:onset;44.10H:onset;60.83E:decrease;61.50U,0,1,10,1,1,6,6,0,0,3,3,2,2
a,中途切换-1d9493,v5.1,timing_J100P,20,0.00E:v5_begin;13.19E:v5_begin;23.38E:v5_begin;41.68E:v5_begin,-0.01E:v5_begin;13.28E:v5_begin;23.36E:v5_begin;41.62E:v5_begin,0,1,4,0,0,4,4,0,0,0,0,0,0
a,中途切换-1d9493,v6,timing_J100P,20,10.65E:onset;15.65H:onset;20.37E:restep;20.69E:restep_reload;25.69H:restep_reload;30.69E:decrease;31.46U;39.06E:onset;44.06H:onset;60.79E:decrease;61.51U,10.67R;10.67E:onset;20.72E:restep;25.73H:restep;30.71E:decrease;31.41U;39.09E:onset;44.09H:onset;60.79E:decrease;61.43U,4,0,7,3,4,5,6,1,0,2,3,2,2
a,中途切换-1d9493,v6.1,timing_J100P,20,10.65E:onset;15.65H:onset;20.37E:restep;20.69E:restep_reload;25.69H:restep_reload;30.69E:decrease;31.46U;39.06E:onset;44.06H:onset;60.79E:decrease;61.51U,10.67R;10.67E:onset;20.72E:restep;25.73H:restep;30.71E:decrease;31.41U;39.09E:onset;44.09H:onset;60.79E:decrease;61.43U,4,0,7,3,4,5,6,1,0,2,3,2,2
a,中途切换-1d9493,v5.1,timing_J100P,21,0.00E:v5_begin;13.19E:v5_begin;23.38E:v5_begin;41.68E:v5_begin,0.02E:v5_begin;13.21E:v5_begin;23.36E:v5_begin;41.68E:v5_begin,0,1,4,0,0,4,4,0,0,0,0,0,0
a,中途切换-1d9493,v6,timing_J100P,21,10.65E:onset;15.65H:onset;20.37E:restep;20.69E:restep_reload;25.69H:restep_reload;30.69E:decrease;31.46U;39.06E:onset;44.06H:onset;60.79E:decrease;61.51U,10.67E:onset;10.80R;20.70E:restep;20.89E:restep_reload;25.90H:restep_reload;30.68E:decrease;31.40U;39.09E:onset;44.09H:onset;60.81E:decrease;60.81E:decrease;60.82R;61.39U,3,0,9,4,2,7,6,2,0,2,3,2,2
a,中途切换-1d9493,v6.1,timing_J100P,21,10.65E:onset;15.65H:onset;20.37E:restep;20.69E:restep_reload;25.69H:restep_reload;30.69E:decrease;31.46U;39.06E:onset;44.06H:onset;60.79E:decrease;61.51U,10.67E:onset;10.80R;20.70E:restep;20.89E:restep_reload;25.90H:restep_reload;30.68E:decrease;31.40U;39.09E:onset;44.09H:onset;60.81E:decrease;60.81E:decrease;60.82R;61.39U,3,0,9,4,2,7,6,2,0,2,3,2,2
a,中途切换-1d9493,v5.1,timing_J100P,22,0.00E:v5_begin;13.19E:v5_begin;23.38E:v5_begin;41.68E:v5_begin,-0.02E:v5_begin;13.17E:v5_begin;23.43E:v5_begin;41.63E:v5_begin,0,1,4,0,0,4,4,0,0,0,0,0,0
a,中途切换-1d9493,v6,timing_J100P,22,10.65E:onset;15.65H:onset;20.37E:restep;20.69E:restep_reload;25.69H:restep_reload;30.69E:decrease;31.46U;39.06E:onset;44.06H:onset;60.79E:decrease;61.51U,10.63E:onset;10.78R;20.69E:restep;25.70H:restep;30.69E:decrease;31.34U;39.08E:onset;44.10H:onset;60.77E:decrease;61.51U,3,0,7,3,4,5,6,1,0,2,3,2,2
a,中途切换-1d9493,v6.1,timing_J100P,22,10.65E:onset;15.65H:onset;20.37E:restep;20.69E:restep_reload;25.69H:restep_reload;30.69E:decrease;31.46U;39.06E:onset;44.06H:onset;60.79E:decrease;61.51U,10.63E:onset;10.78R;20.69E:restep;25.70H:restep;30.69E:decrease;31.34U;39.08E:onset;44.10H:onset;60.77E:decrease;61.51U,3,0,7,3,4,5,6,1,0,2,3,2,2
a,中途切换-1d9493,v5.1,timing_J100P,23,0.00E:v5_begin;13.19E:v5_begin;23.38E:v5_begin;41.68E:v5_begin,-0.01E:v5_begin;13.17E:v5_begin;23.38E:v5_begin;41.67E:v5_begin,0,1,4,0,0,4,4,0,0,0,0,0,0
a,中途切换-1d9493,v6,timing_J100P,23,10.65E:onset;15.65H:onset;20.37E:restep;20.69E:restep_reload;25.69H:restep_reload;30.69E:decrease;31.46U;39.06E:onset;44.06H:onset;60.79E:decrease;61.51U,10.64E:onset;10.77R;20.67E:restep;25.67H:restep;30.69E:decrease;31.33U;39.07E:onset;44.13H:onset;60.81E:decrease;61.49U,3,0,7,3,4,5,6,1,0,2,3,2,2
a,中途切换-1d9493,v6.1,timing_J100P,23,10.65E:onset;15.65H:onset;20.37E:restep;20.69E:restep_reload;25.69H:restep_reload;30.69E:decrease;31.46U;39.06E:onset;44.06H:onset;60.79E:decrease;61.51U,10.64E:onset;10.77R;20.67E:restep;25.67H:restep;30.69E:decrease;31.33U;39.07E:onset;44.13H:onset;60.81E:decrease;61.49U,3,0,7,3,4,5,6,1,0,2,3,2,2
a,中途切换-1d9493,v5.1,timing_J100P,24,0.00E:v5_begin;13.19E:v5_begin;23.38E:v5_begin;41.68E:v5_begin,0.02E:v5_begin;13.32E:v5_begin;23.42E:v5_begin;41.63E:v5_begin,0,1,4,0,0,4,4,0,0,0,0,0,0
a,中途切换-1d9493,v6,timing_J100P,24,10.65E:onset;15.65H:onset;20.37E:restep;20.69E:restep_reload;25.69H:restep_reload;30.69E:decrease;31.46U;39.06E:onset;44.06H:onset;60.79E:decrease;61.51U,10.64E:onset;10.77R;20.66E:restep;25.67H:restep;30.66E:decrease;31.38U;39.07E:onset;44.07H:onset;60.79E:decrease;61.44U,3,0,7,3,4,5,6,1,0,2,3,2,2
a,中途切换-1d9493,v6.1,timing_J100P,24,10.65E:onset;15.65H:onset;20.37E:restep;20.69E:restep_reload;25.69H:restep_reload;30.69E:decrease;31.46U;39.06E:onset;44.06H:onset;60.79E:decrease;61.51U,10.64E:onset;10.77R;20.66E:restep;25.67H:restep;30.66E:decrease;31.38U;39.07E:onset;44.07H:onset;60.79E:decrease;61.44U,3,0,7,3,4,5,6,1,0,2,3,2,2
a,中途切换-1d9493,v5.1,timing_J100P,25,0.00E:v5_begin;13.19E:v5_begin;23.38E:v5_begin;41.68E:v5_begin,0.02E:v5_begin;13.28E:v5_begin;23.39E:v5_begin;41.66E:v5_begin,0,1,4,0,0,4,4,0,0,0,0,0,0
a,中途切换-1d9493,v6,timing_J100P,25,10.65E:onset;15.65H:onset;20.37E:restep;20.69E:restep_reload;25.69H:restep_reload;30.69E:decrease;31.46U;39.06E:onset;44.06H:onset;60.79E:decrease;61.51U,10.65E:onset;10.77R;20.68E:restep;25.68H:restep;30.68E:decrease;31.40U;39.07E:onset;44.09H:onset;60.83E:decrease;60.83E:decrease;60.83R;61.45U,5,0,7,5,4,6,6,2,0,2,3,2,2
a,中途切换-1d9493,v6.1,timing_J100P,25,10.65E:onset;15.65H:onset;20.37E:restep;20.69E:restep_reload;25.69H:restep_reload;30.69E:decrease;31.46U;39.06E:onset;44.06H:onset;60.79E:decrease;61.51U,10.65E:onset;10.77R;20.68E:restep;25.68H:restep;30.68E:decrease;31.40U;39.07E:onset;44.09H:onset;60.83E:decrease;60.83E:decrease;60.83R;61.45U,5,0,7,5,4,6,6,2,0,2,3,2,2
a,中途切换-1d9493,v5.1,timing_J100P,26,0.00E:v5_begin;13.19E:v5_begin;23.38E:v5_begin;41.68E:v5_begin,0.01E:v5_begin;13.20E:v5_begin;23.40E:v5_begin;41.67E:v5_begin,0,1,4,0,0,4,4,0,0,0,0,0,0
a,中途切换-1d9493,v6,timing_J100P,26,10.65E:onset;15.65H:onset;20.37E:restep;20.69E:restep_reload;25.69H:restep_reload;30.69E:decrease;31.46U;39.06E:onset;44.06H:onset;60.79E:decrease;61.51U,10.65E:onset;10.78R;20.69E:restep;25.70H:restep;30.72E:decrease;31.36U;39.07E:onset;44.09H:onset;60.80E:decrease;61.44U,3,0,7,3,4,5,6,1,0,2,3,2,2
a,中途切换-1d9493,v6.1,timing_J100P,26,10.65E:onset;15.65H:onset;20.37E:restep;20.69E:restep_reload;25.69H:restep_reload;30.69E:decrease;31.46U;39.06E:onset;44.06H:onset;60.79E:decrease;61.51U,10.65E:onset;10.78R;20.69E:restep;25.70H:restep;30.72E:decrease;31.36U;39.07E:onset;44.09H:onset;60.80E:decrease;61.44U,3,0,7,3,4,5,6,1,0,2,3,2,2
a,中途切换-1d9493,v5.1,timing_J100P,27,0.00E:v5_begin;13.19E:v5_begin;23.38E:v5_begin;41.68E:v5_begin,-0.03E:v5_begin;13.24E:v5_begin;23.38E:v5_begin;41.63E:v5_begin,0,1,4,0,0,4,4,0,0,0,0,0,0
a,中途切换-1d9493,v6,timing_J100P,27,10.65E:onset;15.65H:onset;20.37E:restep;20.69E:restep_reload;25.69H:restep_reload;30.69E:decrease;31.46U;39.06E:onset;44.06H:onset;60.79E:decrease;61.51U,10.67E:onset;15.68H:onset;20.64E:restep;20.66E:restep_reload;25.69H:restep_reload;30.73E:decrease;31.40U;39.04E:onset;44.08H:onset;60.79E:decrease;61.47U,0,1,10,1,1,6,6,0,0,3,3,2,2
a,中途切换-1d9493,v6.1,timing_J100P,27,10.65E:onset;15.65H:onset;20.37E:restep;20.69E:restep_reload;25.69H:restep_reload;30.69E:decrease;31.46U;39.06E:onset;44.06H:onset;60.79E:decrease;61.51U,10.67E:onset;15.68H:onset;20.64E:restep;20.66E:restep_reload;25.69H:restep_reload;30.73E:decrease;31.40U;39.04E:onset;44.08H:onset;60.79E:decrease;61.47U,0,1,10,1,1,6,6,0,0,3,3,2,2
a,中途切换-1d9493,v5.1,timing_J100P,28,0.00E:v5_begin;13.19E:v5_begin;23.38E:v5_begin;41.68E:v5_begin,0.02E:v5_begin;13.18E:v5_begin;23.41E:v5_begin;41.69E:v5_begin,0,1,4,0,0,4,4,0,0,0,0,0,0
a,中途切换-1d9493,v6,timing_J100P,28,10.65E:onset;15.65H:onset;20.37E:restep;20.69E:restep_reload;25.69H:restep_reload;30.69E:decrease;31.46U;39.06E:onset;44.06H:onset;60.79E:decrease;61.51U,10.66E:onset;10.66R;20.71E:restep;25.72H:restep;30.69E:decrease;31.33U;39.06E:onset;44.07H:onset;60.81E:decrease;61.46U,3,0,7,3,4,5,6,1,0,2,3,2,2
a,中途切换-1d9493,v6.1,timing_J100P,28,10.65E:onset;15.65H:onset;20.37E:restep;20.69E:restep_reload;25.69H:restep_reload;30.69E:decrease;31.46U;39.06E:onset;44.06H:onset;60.79E:decrease;61.51U,10.66E:onset;10.66R;20.71E:restep;25.72H:restep;30.69E:decrease;31.33U;39.06E:onset;44.07H:onset;60.81E:decrease;61.46U,3,0,7,3,4,5,6,1,0,2,3,2,2
a,中途切换-1d9493,v5.1,timing_J100P,29,0.00E:v5_begin;13.19E:v5_begin;23.38E:v5_begin;41.68E:v5_begin,0.00E:v5_begin;13.19E:v5_begin;23.37E:v5_begin;41.69E:v5_begin,0,1,4,0,0,4,4,0,0,0,0,0,0
a,中途切换-1d9493,v6,timing_J100P,29,10.65E:onset;15.65H:onset;20.37E:restep;20.69E:restep_reload;25.69H:restep_reload;30.69E:decrease;31.46U;39.06E:onset;44.06H:onset;60.79E:decrease;61.51U,10.25E:onset;15.25H:onset;20.65E:restep;20.69E:restep_reload;25.69H:restep_reload;30.71E:decrease;31.35U;39.10E:onset;44.12H:onset;60.82E:decrease;60.82E:decrease;60.83R;61.37U,2,0,8,5,3,7,6,1,0,3,3,2,2
a,中途切换-1d9493,v6.1,timing_J100P,29,10.65E:onset;15.65H:onset;20.37E:restep;20.69E:restep_reload;25.69H:restep_reload;30.69E:decrease;31.46U;39.06E:onset;44.06H:onset;60.79E:decrease;61.51U,10.25E:onset;15.25H:onset;20.65E:restep;20.69E:restep_reload;25.69H:restep_reload;30.71E:decrease;31.35U;39.10E:onset;44.12H:onset;60.82E:decrease;60.82E:decrease;60.83R;61.37U,2,0,8,5,3,7,6,1,0,3,3,2,2
a,中途切换-1d9493,v5.1,noise_1ADC,0,0.00E:v5_begin;13.19E:v5_begin;23.38E:v5_begin;41.68E:v5_begin,0.00E:v5_begin;13.19E:v5_begin;23.38E:v5_begin;41.68E:v5_begin,0,1,4,0,0,4,4,0,0,0,0,0,0
a,中途切换-1d9493,v6,noise_1ADC,0,10.65E:onset;15.65H:onset;20.37E:restep;20.69E:restep_reload;25.69H:restep_reload;30.69E:decrease;31.46U;39.06E:onset;44.06H:onset;60.79E:decrease;61.51U,10.65E:onset;15.65H:onset;20.37E:restep;20.69E:restep_reload;25.69H:restep_reload;30.69E:decrease;31.46U;39.06E:onset;44.06H:onset;60.79E:decrease;61.51U,0,1,11,0,0,6,6,0,0,3,3,2,2
a,中途切换-1d9493,v6.1,noise_1ADC,0,10.65E:onset;15.65H:onset;20.37E:restep;20.69E:restep_reload;25.69H:restep_reload;30.69E:decrease;31.46U;39.06E:onset;44.06H:onset;60.79E:decrease;61.51U,10.65E:onset;15.65H:onset;20.37E:restep;20.69E:restep_reload;25.69H:restep_reload;30.69E:decrease;31.46U;39.06E:onset;44.06H:onset;60.79E:decrease;61.51U,0,1,11,0,0,6,6,0,0,3,3,2,2
a,中途切换-1d9493,v5.1,noise_1ADC,1,0.00E:v5_begin;13.19E:v5_begin;23.38E:v5_begin;41.68E:v5_begin,0.00E:v5_begin;13.19E:v5_begin;23.38E:v5_begin;41.68E:v5_begin,0,1,4,0,0,4,4,0,0,0,0,0,0
a,中途切换-1d9493,v6,noise_1ADC,1,10.65E:onset;15.65H:onset;20.37E:restep;20.69E:restep_reload;25.69H:restep_reload;30.69E:decrease;31.46U;39.06E:onset;44.06H:onset;60.79E:decrease;61.51U,10.65E:onset;15.65H:onset;20.37E:restep;20.69E:restep_reload;25.69H:restep_reload;30.69E:decrease;31.46U;39.06E:onset;44.06H:onset;60.79E:decrease;61.51U,0,1,11,0,0,6,6,0,0,3,3,2,2
a,中途切换-1d9493,v6.1,noise_1ADC,1,10.65E:onset;15.65H:onset;20.37E:restep;20.69E:restep_reload;25.69H:restep_reload;30.69E:decrease;31.46U;39.06E:onset;44.06H:onset;60.79E:decrease;61.51U,10.65E:onset;15.65H:onset;20.37E:restep;20.69E:restep_reload;25.69H:restep_reload;30.69E:decrease;31.46U;39.06E:onset;44.06H:onset;60.79E:decrease;61.51U,0,1,11,0,0,6,6,0,0,3,3,2,2
a,中途切换-1d9493,v5.1,noise_1ADC,2,0.00E:v5_begin;13.19E:v5_begin;23.38E:v5_begin;41.68E:v5_begin,0.00E:v5_begin;13.19E:v5_begin;23.38E:v5_begin;41.68E:v5_begin,0,1,4,0,0,4,4,0,0,0,0,0,0
a,中途切换-1d9493,v6,noise_1ADC,2,10.65E:onset;15.65H:onset;20.37E:restep;20.69E:restep_reload;25.69H:restep_reload;30.69E:decrease;31.46U;39.06E:onset;44.06H:onset;60.79E:decrease;61.51U,10.65E:onset;15.65H:onset;20.37E:restep;20.69E:restep_reload;25.69H:restep_reload;30.69E:decrease;31.46U;39.06E:onset;44.06H:onset;60.79E:decrease;61.51U,0,1,11,0,0,6,6,0,0,3,3,2,2
a,中途切换-1d9493,v6.1,noise_1ADC,2,10.65E:onset;15.65H:onset;20.37E:restep;20.69E:restep_reload;25.69H:restep_reload;30.69E:decrease;31.46U;39.06E:onset;44.06H:onset;60.79E:decrease;61.51U,10.65E:onset;15.65H:onset;20.37E:restep;20.69E:restep_reload;25.69H:restep_reload;30.69E:decrease;31.46U;39.06E:onset;44.06H:onset;60.79E:decrease;61.51U,0,1,11,0,0,6,6,0,0,3,3,2,2
a,中途切换-1d9493,v5.1,noise_1ADC,3,0.00E:v5_begin;13.19E:v5_begin;23.38E:v5_begin;41.68E:v5_begin,0.00E:v5_begin;13.19E:v5_begin;23.38E:v5_begin;41.68E:v5_begin,0,1,4,0,0,4,4,0,0,0,0,0,0
a,中途切换-1d9493,v6,noise_1ADC,3,10.65E:onset;15.65H:onset;20.37E:restep;20.69E:restep_reload;25.69H:restep_reload;30.69E:decrease;31.46U;39.06E:onset;44.06H:onset;60.79E:decrease;61.51U,10.65E:onset;15.65H:onset;20.37E:restep;20.69E:restep_reload;25.69H:restep_reload;30.69E:decrease;31.46U;39.06E:onset;44.06H:onset;60.79E:decrease;61.51U,0,1,11,0,0,6,6,0,0,3,3,2,2
a,中途切换-1d9493,v6.1,noise_1ADC,3,10.65E:onset;15.65H:onset;20.37E:restep;20.69E:restep_reload;25.69H:restep_reload;30.69E:decrease;31.46U;39.06E:onset;44.06H:onset;60.79E:decrease;61.51U,10.65E:onset;15.65H:onset;20.37E:restep;20.69E:restep_reload;25.69H:restep_reload;30.69E:decrease;31.46U;39.06E:onset;44.06H:onset;60.79E:decrease;61.51U,0,1,11,0,0,6,6,0,0,3,3,2,2
a,中途切换-1d9493,v5.1,noise_1ADC,4,0.00E:v5_begin;13.19E:v5_begin;23.38E:v5_begin;41.68E:v5_begin,0.00E:v5_begin;13.19E:v5_begin;23.38E:v5_begin;41.68E:v5_begin,0,1,4,0,0,4,4,0,0,0,0,0,0
a,中途切换-1d9493,v6,noise_1ADC,4,10.65E:onset;15.65H:onset;20.37E:restep;20.69E:restep_reload;25.69H:restep_reload;30.69E:decrease;31.46U;39.06E:onset;44.06H:onset;60.79E:decrease;61.51U,10.65E:onset;15.65H:onset;20.37E:restep;20.69E:restep_reload;25.69H:restep_reload;30.69E:decrease;31.46U;39.06E:onset;44.06H:onset;60.79E:decrease;61.51U,0,1,11,0,0,6,6,0,0,3,3,2,2
a,中途切换-1d9493,v6.1,noise_1ADC,4,10.65E:onset;15.65H:onset;20.37E:restep;20.69E:restep_reload;25.69H:restep_reload;30.69E:decrease;31.46U;39.06E:onset;44.06H:onset;60.79E:decrease;61.51U,10.65E:onset;15.65H:onset;20.37E:restep;20.69E:restep_reload;25.69H:restep_reload;30.69E:decrease;31.46U;39.06E:onset;44.06H:onset;60.79E:decrease;61.51U,0,1,11,0,0,6,6,0,0,3,3,2,2
a,中途切换-1d9493,v5.1,noise_1ADC,5,0.00E:v5_begin;13.19E:v5_begin;23.38E:v5_begin;41.68E:v5_begin,0.00E:v5_begin;13.19E:v5_begin;23.38E:v5_begin;41.68E:v5_begin,0,1,4,0,0,4,4,0,0,0,0,0,0
a,中途切换-1d9493,v6,noise_1ADC,5,10.65E:onset;15.65H:onset;20.37E:restep;20.69E:restep_reload;25.69H:restep_reload;30.69E:decrease;31.46U;39.06E:onset;44.06H:onset;60.79E:decrease;61.51U,10.65E:onset;15.65H:onset;20.37E:restep;20.69E:restep_reload;25.69H:restep_reload;30.69E:decrease;31.46U;39.06E:onset;44.06H:onset;60.79E:decrease;61.51U,0,1,11,0,0,6,6,0,0,3,3,2,2
a,中途切换-1d9493,v6.1,noise_1ADC,5,10.65E:onset;15.65H:onset;20.37E:restep;20.69E:restep_reload;25.69H:restep_reload;30.69E:decrease;31.46U;39.06E:onset;44.06H:onset;60.79E:decrease;61.51U,10.65E:onset;15.65H:onset;20.37E:restep;20.69E:restep_reload;25.69H:restep_reload;30.69E:decrease;31.46U;39.06E:onset;44.06H:onset;60.79E:decrease;61.51U,0,1,11,0,0,6,6,0,0,3,3,2,2
a,中途切换-1d9493,v5.1,noise_1ADC,6,0.00E:v5_begin;13.19E:v5_begin;23.38E:v5_begin;41.68E:v5_begin,0.00E:v5_begin;13.19E:v5_begin;23.38E:v5_begin;41.68E:v5_begin,0,1,4,0,0,4,4,0,0,0,0,0,0
a,中途切换-1d9493,v6,noise_1ADC,6,10.65E:onset;15.65H:onset;20.37E:restep;20.69E:restep_reload;25.69H:restep_reload;30.69E:decrease;31.46U;39.06E:onset;44.06H:onset;60.79E:decrease;61.51U,10.65E:onset;15.65H:onset;20.37E:restep;20.69E:restep_reload;25.69H:restep_reload;30.69E:decrease;31.46U;39.06E:onset;44.06H:onset;60.79E:decrease;61.51U,0,1,11,0,0,6,6,0,0,3,3,2,2
a,中途切换-1d9493,v6.1,noise_1ADC,6,10.65E:onset;15.65H:onset;20.37E:restep;20.69E:restep_reload;25.69H:restep_reload;30.69E:decrease;31.46U;39.06E:onset;44.06H:onset;60.79E:decrease;61.51U,10.65E:onset;15.65H:onset;20.37E:restep;20.69E:restep_reload;25.69H:restep_reload;30.69E:decrease;31.46U;39.06E:onset;44.06H:onset;60.79E:decrease;61.51U,0,1,11,0,0,6,6,0,0,3,3,2,2
a,中途切换-1d9493,v5.1,noise_1ADC,7,0.00E:v5_begin;13.19E:v5_begin;23.38E:v5_begin;41.68E:v5_begin,0.00E:v5_begin;13.19E:v5_begin;23.38E:v5_begin;41.68E:v5_begin,0,1,4,0,0,4,4,0,0,0,0,0,0
a,中途切换-1d9493,v6,noise_1ADC,7,10.65E:onset;15.65H:onset;20.37E:restep;20.69E:restep_reload;25.69H:restep_reload;30.69E:decrease;31.46U;39.06E:onset;44.06H:onset;60.79E:decrease;61.51U,10.65E:onset;15.65H:onset;20.37E:restep;20.69E:restep_reload;25.69H:restep_reload;30.69E:decrease;31.46U;39.06E:onset;44.06H:onset;60.79E:decrease;61.51U,0,1,11,0,0,6,6,0,0,3,3,2,2
a,中途切换-1d9493,v6.1,noise_1ADC,7,10.65E:onset;15.65H:onset;20.37E:restep;20.69E:restep_reload;25.69H:restep_reload;30.69E:decrease;31.46U;39.06E:onset;44.06H:onset;60.79E:decrease;61.51U,10.65E:onset;15.65H:onset;20.37E:restep;20.69E:restep_reload;25.69H:restep_reload;30.69E:decrease;31.46U;39.06E:onset;44.06H:onset;60.79E:decrease;61.51U,0,1,11,0,0,6,6,0,0,3,3,2,2
a,中途切换-1d9493,v5.1,noise_1ADC,8,0.00E:v5_begin;13.19E:v5_begin;23.38E:v5_begin;41.68E:v5_begin,0.00E:v5_begin;13.19E:v5_begin;23.38E:v5_begin;41.68E:v5_begin,0,1,4,0,0,4,4,0,0,0,0,0,0
a,中途切换-1d9493,v6,noise_1ADC,8,10.65E:onset;15.65H:onset;20.37E:restep;20.69E:restep_reload;25.69H:restep_reload;30.69E:decrease;31.46U;39.06E:onset;44.06H:onset;60.79E:decrease;61.51U,10.65E:onset;15.65H:onset;20.37E:restep;20.69E:restep_reload;25.69H:restep_reload;30.69E:decrease;31.46U;39.06E:onset;44.06H:onset;60.79E:decrease;61.51U,0,1,11,0,0,6,6,0,0,3,3,2,2
a,中途切换-1d9493,v6.1,noise_1ADC,8,10.65E:onset;15.65H:onset;20.37E:restep;20.69E:restep_reload;25.69H:restep_reload;30.69E:decrease;31.46U;39.06E:onset;44.06H:onset;60.79E:decrease;61.51U,10.65E:onset;15.65H:onset;20.37E:restep;20.69E:restep_reload;25.69H:restep_reload;30.69E:decrease;31.46U;39.06E:onset;44.06H:onset;60.79E:decrease;61.51U,0,1,11,0,0,6,6,0,0,3,3,2,2
a,中途切换-1d9493,v5.1,noise_1ADC,9,0.00E:v5_begin;13.19E:v5_begin;23.38E:v5_begin;41.68E:v5_begin,0.00E:v5_begin;13.19E:v5_begin;23.38E:v5_begin;41.68E:v5_begin,0,1,4,0,0,4,4,0,0,0,0,0,0
a,中途切换-1d9493,v6,noise_1ADC,9,10.65E:onset;15.65H:onset;20.37E:restep;20.69E:restep_reload;25.69H:restep_reload;30.69E:decrease;31.46U;39.06E:onset;44.06H:onset;60.79E:decrease;61.51U,10.65E:onset;15.65H:onset;20.37E:restep;20.69E:restep_reload;25.69H:restep_reload;30.69E:decrease;31.46U;39.06E:onset;44.06H:onset;60.79E:decrease;61.51U,0,1,11,0,0,6,6,0,0,3,3,2,2
a,中途切换-1d9493,v6.1,noise_1ADC,9,10.65E:onset;15.65H:onset;20.37E:restep;20.69E:restep_reload;25.69H:restep_reload;30.69E:decrease;31.46U;39.06E:onset;44.06H:onset;60.79E:decrease;61.51U,10.65E:onset;15.65H:onset;20.37E:restep;20.69E:restep_reload;25.69H:restep_reload;30.69E:decrease;31.46U;39.06E:onset;44.06H:onset;60.79E:decrease;61.51U,0,1,11,0,0,6,6,0,0,3,3,2,2
a,中途切换-1d9493,v5.1,noise_1ADC,10,0.00E:v5_begin;13.19E:v5_begin;23.38E:v5_begin;41.68E:v5_begin,0.00E:v5_begin;13.19E:v5_begin;23.38E:v5_begin;41.68E:v5_begin,0,1,4,0,0,4,4,0,0,0,0,0,0
a,中途切换-1d9493,v6,noise_1ADC,10,10.65E:onset;15.65H:onset;20.37E:restep;20.69E:restep_reload;25.69H:restep_reload;30.69E:decrease;31.46U;39.06E:onset;44.06H:onset;60.79E:decrease;61.51U,10.65E:onset;15.65H:onset;20.37E:restep;20.69E:restep_reload;25.69H:restep_reload;30.69E:decrease;31.46U;39.06E:onset;44.06H:onset;60.79E:decrease;61.51U,0,1,11,0,0,6,6,0,0,3,3,2,2
a,中途切换-1d9493,v6.1,noise_1ADC,10,10.65E:onset;15.65H:onset;20.37E:restep;20.69E:restep_reload;25.69H:restep_reload;30.69E:decrease;31.46U;39.06E:onset;44.06H:onset;60.79E:decrease;61.51U,10.65E:onset;15.65H:onset;20.37E:restep;20.69E:restep_reload;25.69H:restep_reload;30.69E:decrease;31.46U;39.06E:onset;44.06H:onset;60.79E:decrease;61.51U,0,1,11,0,0,6,6,0,0,3,3,2,2
a,中途切换-1d9493,v5.1,noise_1ADC,11,0.00E:v5_begin;13.19E:v5_begin;23.38E:v5_begin;41.68E:v5_begin,0.00E:v5_begin;13.19E:v5_begin;23.38E:v5_begin;41.68E:v5_begin,0,1,4,0,0,4,4,0,0,0,0,0,0
a,中途切换-1d9493,v6,noise_1ADC,11,10.65E:onset;15.65H:onset;20.37E:restep;20.69E:restep_reload;25.69H:restep_reload;30.69E:decrease;31.46U;39.06E:onset;44.06H:onset;60.79E:decrease;61.51U,10.65E:onset;15.65H:onset;20.37E:restep;20.69E:restep_reload;25.69H:restep_reload;30.69E:decrease;31.46U;39.06E:onset;44.06H:onset;60.79E:decrease;61.51U,0,1,11,0,0,6,6,0,0,3,3,2,2
a,中途切换-1d9493,v6.1,noise_1ADC,11,10.65E:onset;15.65H:onset;20.37E:restep;20.69E:restep_reload;25.69H:restep_reload;30.69E:decrease;31.46U;39.06E:onset;44.06H:onset;60.79E:decrease;61.51U,10.65E:onset;15.65H:onset;20.37E:restep;20.69E:restep_reload;25.69H:restep_reload;30.69E:decrease;31.46U;39.06E:onset;44.06H:onset;60.79E:decrease;61.51U,0,1,11,0,0,6,6,0,0,3,3,2,2
a,中途切换-1d9493,v5.1,noise_1ADC,12,0.00E:v5_begin;13.19E:v5_begin;23.38E:v5_begin;41.68E:v5_begin,0.00E:v5_begin;13.19E:v5_begin;23.38E:v5_begin;41.68E:v5_begin,0,1,4,0,0,4,4,0,0,0,0,0,0
a,中途切换-1d9493,v6,noise_1ADC,12,10.65E:onset;15.65H:onset;20.37E:restep;20.69E:restep_reload;25.69H:restep_reload;30.69E:decrease;31.46U;39.06E:onset;44.06H:onset;60.79E:decrease;61.51U,10.65E:onset;15.65H:onset;20.37E:restep;20.69E:restep_reload;25.69H:restep_reload;30.69E:decrease;31.46U;39.06E:onset;44.06H:onset;60.79E:decrease;61.51U,0,1,11,0,0,6,6,0,0,3,3,2,2
a,中途切换-1d9493,v6.1,noise_1ADC,12,10.65E:onset;15.65H:onset;20.37E:restep;20.69E:restep_reload;25.69H:restep_reload;30.69E:decrease;31.46U;39.06E:onset;44.06H:onset;60.79E:decrease;61.51U,10.65E:onset;15.65H:onset;20.37E:restep;20.69E:restep_reload;25.69H:restep_reload;30.69E:decrease;31.46U;39.06E:onset;44.06H:onset;60.79E:decrease;61.51U,0,1,11,0,0,6,6,0,0,3,3,2,2
a,中途切换-1d9493,v5.1,noise_1ADC,13,0.00E:v5_begin;13.19E:v5_begin;23.38E:v5_begin;41.68E:v5_begin,0.00E:v5_begin;13.19E:v5_begin;23.38E:v5_begin;41.68E:v5_begin,0,1,4,0,0,4,4,0,0,0,0,0,0
a,中途切换-1d9493,v6,noise_1ADC,13,10.65E:onset;15.65H:onset;20.37E:restep;20.69E:restep_reload;25.69H:restep_reload;30.69E:decrease;31.46U;39.06E:onset;44.06H:onset;60.79E:decrease;61.51U,10.65E:onset;15.65H:onset;20.37E:restep;20.69E:restep_reload;25.69H:restep_reload;30.69E:decrease;31.46U;39.06E:onset;44.06H:onset;60.79E:decrease;61.51U,0,1,11,0,0,6,6,0,0,3,3,2,2
a,中途切换-1d9493,v6.1,noise_1ADC,13,10.65E:onset;15.65H:onset;20.37E:restep;20.69E:restep_reload;25.69H:restep_reload;30.69E:decrease;31.46U;39.06E:onset;44.06H:onset;60.79E:decrease;61.51U,10.65E:onset;15.65H:onset;20.37E:restep;20.69E:restep_reload;25.69H:restep_reload;30.69E:decrease;31.46U;39.06E:onset;44.06H:onset;60.79E:decrease;61.51U,0,1,11,0,0,6,6,0,0,3,3,2,2
a,中途切换-1d9493,v5.1,noise_1ADC,14,0.00E:v5_begin;13.19E:v5_begin;23.38E:v5_begin;41.68E:v5_begin,0.00E:v5_begin;13.19E:v5_begin;23.38E:v5_begin;41.68E:v5_begin,0,1,4,0,0,4,4,0,0,0,0,0,0
a,中途切换-1d9493,v6,noise_1ADC,14,10.65E:onset;15.65H:onset;20.37E:restep;20.69E:restep_reload;25.69H:restep_reload;30.69E:decrease;31.46U;39.06E:onset;44.06H:onset;60.79E:decrease;61.51U,10.65E:onset;15.65H:onset;20.37E:restep;20.69E:restep_reload;25.69H:restep_reload;30.69E:decrease;31.46U;39.06E:onset;44.06H:onset;60.79E:decrease;61.51U,0,1,11,0,0,6,6,0,0,3,3,2,2
a,中途切换-1d9493,v6.1,noise_1ADC,14,10.65E:onset;15.65H:onset;20.37E:restep;20.69E:restep_reload;25.69H:restep_reload;30.69E:decrease;31.46U;39.06E:onset;44.06H:onset;60.79E:decrease;61.51U,10.65E:onset;15.65H:onset;20.37E:restep;20.69E:restep_reload;25.69H:restep_reload;30.69E:decrease;31.46U;39.06E:onset;44.06H:onset;60.79E:decrease;61.51U,0,1,11,0,0,6,6,0,0,3,3,2,2
a,中途切换-1d9493,v5.1,noise_1ADC,15,0.00E:v5_begin;13.19E:v5_begin;23.38E:v5_begin;41.68E:v5_begin,0.00E:v5_begin;13.19E:v5_begin;23.38E:v5_begin;41.68E:v5_begin,0,1,4,0,0,4,4,0,0,0,0,0,0
a,中途切换-1d9493,v6,noise_1ADC,15,10.65E:onset;15.65H:onset;20.37E:restep;20.69E:restep_reload;25.69H:restep_reload;30.69E:decrease;31.46U;39.06E:onset;44.06H:onset;60.79E:decrease;61.51U,10.65E:onset;15.65H:onset;20.37E:restep;20.69E:restep_reload;25.69H:restep_reload;30.69E:decrease;31.46U;39.06E:onset;44.06H:onset;60.79E:decrease;61.51U,0,1,11,0,0,6,6,0,0,3,3,2,2
a,中途切换-1d9493,v6.1,noise_1ADC,15,10.65E:onset;15.65H:onset;20.37E:restep;20.69E:restep_reload;25.69H:restep_reload;30.69E:decrease;31.46U;39.06E:onset;44.06H:onset;60.79E:decrease;61.51U,10.65E:onset;15.65H:onset;20.37E:restep;20.69E:restep_reload;25.69H:restep_reload;30.69E:decrease;31.46U;39.06E:onset;44.06H:onset;60.79E:decrease;61.51U,0,1,11,0,0,6,6,0,0,3,3,2,2
a,中途切换-1d9493,v5.1,noise_1ADC,16,0.00E:v5_begin;13.19E:v5_begin;23.38E:v5_begin;41.68E:v5_begin,0.00E:v5_begin;13.19E:v5_begin;23.38E:v5_begin;41.68E:v5_begin,0,1,4,0,0,4,4,0,0,0,0,0,0
a,中途切换-1d9493,v6,noise_1ADC,16,10.65E:onset;15.65H:onset;20.37E:restep;20.69E:restep_reload;25.69H:restep_reload;30.69E:decrease;31.46U;39.06E:onset;44.06H:onset;60.79E:decrease;61.51U,10.65E:onset;15.65H:onset;20.37E:restep;20.69E:restep_reload;25.69H:restep_reload;30.69E:decrease;31.46U;39.06E:onset;44.06H:onset;60.79E:decrease;61.51U,0,1,11,0,0,6,6,0,0,3,3,2,2
a,中途切换-1d9493,v6.1,noise_1ADC,16,10.65E:onset;15.65H:onset;20.37E:restep;20.69E:restep_reload;25.69H:restep_reload;30.69E:decrease;31.46U;39.06E:onset;44.06H:onset;60.79E:decrease;61.51U,10.65E:onset;15.65H:onset;20.37E:restep;20.69E:restep_reload;25.69H:restep_reload;30.69E:decrease;31.46U;39.06E:onset;44.06H:onset;60.79E:decrease;61.51U,0,1,11,0,0,6,6,0,0,3,3,2,2
a,中途切换-1d9493,v5.1,noise_1ADC,17,0.00E:v5_begin;13.19E:v5_begin;23.38E:v5_begin;41.68E:v5_begin,0.00E:v5_begin;13.19E:v5_begin;23.38E:v5_begin;41.68E:v5_begin,0,1,4,0,0,4,4,0,0,0,0,0,0
a,中途切换-1d9493,v6,noise_1ADC,17,10.65E:onset;15.65H:onset;20.37E:restep;20.69E:restep_reload;25.69H:restep_reload;30.69E:decrease;31.46U;39.06E:onset;44.06H:onset;60.79E:decrease;61.51U,10.65E:onset;15.65H:onset;20.37E:restep;20.69E:restep_reload;25.69H:restep_reload;30.69E:decrease;31.46U;39.06E:onset;44.06H:onset;60.79E:decrease;61.51U,0,1,11,0,0,6,6,0,0,3,3,2,2
a,中途切换-1d9493,v6.1,noise_1ADC,17,10.65E:onset;15.65H:onset;20.37E:restep;20.69E:restep_reload;25.69H:restep_reload;30.69E:decrease;31.46U;39.06E:onset;44.06H:onset;60.79E:decrease;61.51U,10.65E:onset;15.65H:onset;20.37E:restep;20.69E:restep_reload;25.69H:restep_reload;30.69E:decrease;31.46U;39.06E:onset;44.06H:onset;60.79E:decrease;61.51U,0,1,11,0,0,6,6,0,0,3,3,2,2
a,中途切换-1d9493,v5.1,noise_1ADC,18,0.00E:v5_begin;13.19E:v5_begin;23.38E:v5_begin;41.68E:v5_begin,0.00E:v5_begin;13.19E:v5_begin;23.38E:v5_begin;41.68E:v5_begin,0,1,4,0,0,4,4,0,0,0,0,0,0
a,中途切换-1d9493,v6,noise_1ADC,18,10.65E:onset;15.65H:onset;20.37E:restep;20.69E:restep_reload;25.69H:restep_reload;30.69E:decrease;31.46U;39.06E:onset;44.06H:onset;60.79E:decrease;61.51U,10.65E:onset;15.65H:onset;20.37E:restep;20.69E:restep_reload;25.69H:restep_reload;30.69E:decrease;31.46U;39.06E:onset;44.06H:onset;60.79E:decrease;61.51U,0,1,11,0,0,6,6,0,0,3,3,2,2
a,中途切换-1d9493,v6.1,noise_1ADC,18,10.65E:onset;15.65H:onset;20.37E:restep;20.69E:restep_reload;25.69H:restep_reload;30.69E:decrease;31.46U;39.06E:onset;44.06H:onset;60.79E:decrease;61.51U,10.65E:onset;15.65H:onset;20.37E:restep;20.69E:restep_reload;25.69H:restep_reload;30.69E:decrease;31.46U;39.06E:onset;44.06H:onset;60.79E:decrease;61.51U,0,1,11,0,0,6,6,0,0,3,3,2,2
a,中途切换-1d9493,v5.1,noise_1ADC,19,0.00E:v5_begin;13.19E:v5_begin;23.38E:v5_begin;41.68E:v5_begin,0.00E:v5_begin;13.19E:v5_begin;23.38E:v5_begin;41.68E:v5_begin,0,1,4,0,0,4,4,0,0,0,0,0,0
a,中途切换-1d9493,v6,noise_1ADC,19,10.65E:onset;15.65H:onset;20.37E:restep;20.69E:restep_reload;25.69H:restep_reload;30.69E:decrease;31.46U;39.06E:onset;44.06H:onset;60.79E:decrease;61.51U,10.65E:onset;15.65H:onset;20.37E:restep;20.69E:restep_reload;25.69H:restep_reload;30.69E:decrease;31.46U;39.06E:onset;44.06H:onset;60.79E:decrease;61.51U,0,1,11,0,0,6,6,0,0,3,3,2,2
a,中途切换-1d9493,v6.1,noise_1ADC,19,10.65E:onset;15.65H:onset;20.37E:restep;20.69E:restep_reload;25.69H:restep_reload;30.69E:decrease;31.46U;39.06E:onset;44.06H:onset;60.79E:decrease;61.51U,10.65E:onset;15.65H:onset;20.37E:restep;20.69E:restep_reload;25.69H:restep_reload;30.69E:decrease;31.46U;39.06E:onset;44.06H:onset;60.79E:decrease;61.51U,0,1,11,0,0,6,6,0,0,3,3,2,2
a,中途切换-1d9493,v5.1,noise_1ADC,20,0.00E:v5_begin;13.19E:v5_begin;23.38E:v5_begin;41.68E:v5_begin,0.00E:v5_begin;13.19E:v5_begin;23.38E:v5_begin;41.68E:v5_begin,0,1,4,0,0,4,4,0,0,0,0,0,0
a,中途切换-1d9493,v6,noise_1ADC,20,10.65E:onset;15.65H:onset;20.37E:restep;20.69E:restep_reload;25.69H:restep_reload;30.69E:decrease;31.46U;39.06E:onset;44.06H:onset;60.79E:decrease;61.51U,10.65E:onset;15.65H:onset;20.37E:restep;20.69E:restep_reload;25.69H:restep_reload;30.69E:decrease;31.46U;39.06E:onset;44.06H:onset;60.79E:decrease;61.51U,0,1,11,0,0,6,6,0,0,3,3,2,2
a,中途切换-1d9493,v6.1,noise_1ADC,20,10.65E:onset;15.65H:onset;20.37E:restep;20.69E:restep_reload;25.69H:restep_reload;30.69E:decrease;31.46U;39.06E:onset;44.06H:onset;60.79E:decrease;61.51U,10.65E:onset;15.65H:onset;20.37E:restep;20.69E:restep_reload;25.69H:restep_reload;30.69E:decrease;31.46U;39.06E:onset;44.06H:onset;60.79E:decrease;61.51U,0,1,11,0,0,6,6,0,0,3,3,2,2
a,中途切换-1d9493,v5.1,noise_1ADC,21,0.00E:v5_begin;13.19E:v5_begin;23.38E:v5_begin;41.68E:v5_begin,0.00E:v5_begin;13.19E:v5_begin;23.38E:v5_begin;41.68E:v5_begin,0,1,4,0,0,4,4,0,0,0,0,0,0
a,中途切换-1d9493,v6,noise_1ADC,21,10.65E:onset;15.65H:onset;20.37E:restep;20.69E:restep_reload;25.69H:restep_reload;30.69E:decrease;31.46U;39.06E:onset;44.06H:onset;60.79E:decrease;61.51U,10.65E:onset;15.65H:onset;20.37E:restep;20.69E:restep_reload;25.69H:restep_reload;30.69E:decrease;31.46U;39.06E:onset;44.06H:onset;60.79E:decrease;61.51U,0,1,11,0,0,6,6,0,0,3,3,2,2
a,中途切换-1d9493,v6.1,noise_1ADC,21,10.65E:onset;15.65H:onset;20.37E:restep;20.69E:restep_reload;25.69H:restep_reload;30.69E:decrease;31.46U;39.06E:onset;44.06H:onset;60.79E:decrease;61.51U,10.65E:onset;15.65H:onset;20.37E:restep;20.69E:restep_reload;25.69H:restep_reload;30.69E:decrease;31.46U;39.06E:onset;44.06H:onset;60.79E:decrease;61.51U,0,1,11,0,0,6,6,0,0,3,3,2,2
a,中途切换-1d9493,v5.1,noise_1ADC,22,0.00E:v5_begin;13.19E:v5_begin;23.38E:v5_begin;41.68E:v5_begin,0.00E:v5_begin;13.19E:v5_begin;23.38E:v5_begin;41.68E:v5_begin,0,1,4,0,0,4,4,0,0,0,0,0,0
a,中途切换-1d9493,v6,noise_1ADC,22,10.65E:onset;15.65H:onset;20.37E:restep;20.69E:restep_reload;25.69H:restep_reload;30.69E:decrease;31.46U;39.06E:onset;44.06H:onset;60.79E:decrease;61.51U,10.65E:onset;15.65H:onset;20.37E:restep;20.69E:restep_reload;25.69H:restep_reload;30.69E:decrease;31.46U;39.06E:onset;44.06H:onset;60.79E:decrease;61.51U,0,1,11,0,0,6,6,0,0,3,3,2,2
a,中途切换-1d9493,v6.1,noise_1ADC,22,10.65E:onset;15.65H:onset;20.37E:restep;20.69E:restep_reload;25.69H:restep_reload;30.69E:decrease;31.46U;39.06E:onset;44.06H:onset;60.79E:decrease;61.51U,10.65E:onset;15.65H:onset;20.37E:restep;20.69E:restep_reload;25.69H:restep_reload;30.69E:decrease;31.46U;39.06E:onset;44.06H:onset;60.79E:decrease;61.51U,0,1,11,0,0,6,6,0,0,3,3,2,2
a,中途切换-1d9493,v5.1,noise_1ADC,23,0.00E:v5_begin;13.19E:v5_begin;23.38E:v5_begin;41.68E:v5_begin,0.00E:v5_begin;13.19E:v5_begin;23.38E:v5_begin;41.68E:v5_begin,0,1,4,0,0,4,4,0,0,0,0,0,0
a,中途切换-1d9493,v6,noise_1ADC,23,10.65E:onset;15.65H:onset;20.37E:restep;20.69E:restep_reload;25.69H:restep_reload;30.69E:decrease;31.46U;39.06E:onset;44.06H:onset;60.79E:decrease;61.51U,10.65E:onset;15.65H:onset;20.37E:restep;20.69E:restep_reload;25.69H:restep_reload;30.69E:decrease;31.46U;39.06E:onset;44.06H:onset;60.79E:decrease;61.51U,0,1,11,0,0,6,6,0,0,3,3,2,2
a,中途切换-1d9493,v6.1,noise_1ADC,23,10.65E:onset;15.65H:onset;20.37E:restep;20.69E:restep_reload;25.69H:restep_reload;30.69E:decrease;31.46U;39.06E:onset;44.06H:onset;60.79E:decrease;61.51U,10.65E:onset;15.65H:onset;20.37E:restep;20.69E:restep_reload;25.69H:restep_reload;30.69E:decrease;31.46U;39.06E:onset;44.06H:onset;60.79E:decrease;61.51U,0,1,11,0,0,6,6,0,0,3,3,2,2
a,中途切换-1d9493,v5.1,noise_1ADC,24,0.00E:v5_begin;13.19E:v5_begin;23.38E:v5_begin;41.68E:v5_begin,0.00E:v5_begin;13.19E:v5_begin;23.38E:v5_begin;41.68E:v5_begin,0,1,4,0,0,4,4,0,0,0,0,0,0
a,中途切换-1d9493,v6,noise_1ADC,24,10.65E:onset;15.65H:onset;20.37E:restep;20.69E:restep_reload;25.69H:restep_reload;30.69E:decrease;31.46U;39.06E:onset;44.06H:onset;60.79E:decrease;61.51U,10.65E:onset;15.65H:onset;20.37E:restep;20.69E:restep_reload;25.69H:restep_reload;30.69E:decrease;31.46U;39.06E:onset;44.06H:onset;60.79E:decrease;61.51U,0,1,11,0,0,6,6,0,0,3,3,2,2
a,中途切换-1d9493,v6.1,noise_1ADC,24,10.65E:onset;15.65H:onset;20.37E:restep;20.69E:restep_reload;25.69H:restep_reload;30.69E:decrease;31.46U;39.06E:onset;44.06H:onset;60.79E:decrease;61.51U,10.65E:onset;15.65H:onset;20.37E:restep;20.69E:restep_reload;25.69H:restep_reload;30.69E:decrease;31.46U;39.06E:onset;44.06H:onset;60.79E:decrease;61.51U,0,1,11,0,0,6,6,0,0,3,3,2,2
a,中途切换-1d9493,v5.1,noise_1ADC,25,0.00E:v5_begin;13.19E:v5_begin;23.38E:v5_begin;41.68E:v5_begin,0.00E:v5_begin;13.19E:v5_begin;23.38E:v5_begin;41.68E:v5_begin,0,1,4,0,0,4,4,0,0,0,0,0,0
a,中途切换-1d9493,v6,noise_1ADC,25,10.65E:onset;15.65H:onset;20.37E:restep;20.69E:restep_reload;25.69H:restep_reload;30.69E:decrease;31.46U;39.06E:onset;44.06H:onset;60.79E:decrease;61.51U,10.65E:onset;15.65H:onset;20.37E:restep;20.69E:restep_reload;25.69H:restep_reload;30.69E:decrease;31.46U;39.06E:onset;44.06H:onset;60.79E:decrease;61.51U,0,1,11,0,0,6,6,0,0,3,3,2,2
a,中途切换-1d9493,v6.1,noise_1ADC,25,10.65E:onset;15.65H:onset;20.37E:restep;20.69E:restep_reload;25.69H:restep_reload;30.69E:decrease;31.46U;39.06E:onset;44.06H:onset;60.79E:decrease;61.51U,10.65E:onset;15.65H:onset;20.37E:restep;20.69E:restep_reload;25.69H:restep_reload;30.69E:decrease;31.46U;39.06E:onset;44.06H:onset;60.79E:decrease;61.51U,0,1,11,0,0,6,6,0,0,3,3,2,2
a,中途切换-1d9493,v5.1,noise_1ADC,26,0.00E:v5_begin;13.19E:v5_begin;23.38E:v5_begin;41.68E:v5_begin,0.00E:v5_begin;13.19E:v5_begin;23.38E:v5_begin;41.68E:v5_begin,0,1,4,0,0,4,4,0,0,0,0,0,0
a,中途切换-1d9493,v6,noise_1ADC,26,10.65E:onset;15.65H:onset;20.37E:restep;20.69E:restep_reload;25.69H:restep_reload;30.69E:decrease;31.46U;39.06E:onset;44.06H:onset;60.79E:decrease;61.51U,10.65E:onset;15.65H:onset;20.37E:restep;20.69E:restep_reload;25.69H:restep_reload;30.69E:decrease;31.46U;39.06E:onset;44.06H:onset;60.79E:decrease;61.51U,0,1,11,0,0,6,6,0,0,3,3,2,2
a,中途切换-1d9493,v6.1,noise_1ADC,26,10.65E:onset;15.65H:onset;20.37E:restep;20.69E:restep_reload;25.69H:restep_reload;30.69E:decrease;31.46U;39.06E:onset;44.06H:onset;60.79E:decrease;61.51U,10.65E:onset;15.65H:onset;20.37E:restep;20.69E:restep_reload;25.69H:restep_reload;30.69E:decrease;31.46U;39.06E:onset;44.06H:onset;60.79E:decrease;61.51U,0,1,11,0,0,6,6,0,0,3,3,2,2
a,中途切换-1d9493,v5.1,noise_1ADC,27,0.00E:v5_begin;13.19E:v5_begin;23.38E:v5_begin;41.68E:v5_begin,0.00E:v5_begin;13.19E:v5_begin;23.38E:v5_begin;41.68E:v5_begin,0,1,4,0,0,4,4,0,0,0,0,0,0
a,中途切换-1d9493,v6,noise_1ADC,27,10.65E:onset;15.65H:onset;20.37E:restep;20.69E:restep_reload;25.69H:restep_reload;30.69E:decrease;31.46U;39.06E:onset;44.06H:onset;60.79E:decrease;61.51U,10.65E:onset;15.65H:onset;20.37E:restep;20.69E:restep_reload;25.69H:restep_reload;30.69E:decrease;31.46U;39.06E:onset;44.06H:onset;60.79E:decrease;61.51U,0,1,11,0,0,6,6,0,0,3,3,2,2
a,中途切换-1d9493,v6.1,noise_1ADC,27,10.65E:onset;15.65H:onset;20.37E:restep;20.69E:restep_reload;25.69H:restep_reload;30.69E:decrease;31.46U;39.06E:onset;44.06H:onset;60.79E:decrease;61.51U,10.65E:onset;15.65H:onset;20.37E:restep;20.69E:restep_reload;25.69H:restep_reload;30.69E:decrease;31.46U;39.06E:onset;44.06H:onset;60.79E:decrease;61.51U,0,1,11,0,0,6,6,0,0,3,3,2,2
a,中途切换-1d9493,v5.1,noise_1ADC,28,0.00E:v5_begin;13.19E:v5_begin;23.38E:v5_begin;41.68E:v5_begin,0.00E:v5_begin;13.19E:v5_begin;23.38E:v5_begin;41.68E:v5_begin,0,1,4,0,0,4,4,0,0,0,0,0,0
a,中途切换-1d9493,v6,noise_1ADC,28,10.65E:onset;15.65H:onset;20.37E:restep;20.69E:restep_reload;25.69H:restep_reload;30.69E:decrease;31.46U;39.06E:onset;44.06H:onset;60.79E:decrease;61.51U,10.65E:onset;15.65H:onset;20.37E:restep;20.69E:restep_reload;25.69H:restep_reload;30.69E:decrease;31.46U;39.06E:onset;44.06H:onset;60.79E:decrease;61.51U,0,1,11,0,0,6,6,0,0,3,3,2,2
a,中途切换-1d9493,v6.1,noise_1ADC,28,10.65E:onset;15.65H:onset;20.37E:restep;20.69E:restep_reload;25.69H:restep_reload;30.69E:decrease;31.46U;39.06E:onset;44.06H:onset;60.79E:decrease;61.51U,10.65E:onset;15.65H:onset;20.37E:restep;20.69E:restep_reload;25.69H:restep_reload;30.69E:decrease;31.46U;39.06E:onset;44.06H:onset;60.79E:decrease;61.51U,0,1,11,0,0,6,6,0,0,3,3,2,2
a,中途切换-1d9493,v5.1,noise_1ADC,29,0.00E:v5_begin;13.19E:v5_begin;23.38E:v5_begin;41.68E:v5_begin,0.00E:v5_begin;13.19E:v5_begin;23.38E:v5_begin;41.68E:v5_begin,0,1,4,0,0,4,4,0,0,0,0,0,0
a,中途切换-1d9493,v6,noise_1ADC,29,10.65E:onset;15.65H:onset;20.37E:restep;20.69E:restep_reload;25.69H:restep_reload;30.69E:decrease;31.46U;39.06E:onset;44.06H:onset;60.79E:decrease;61.51U,10.65E:onset;15.65H:onset;20.37E:restep;20.69E:restep_reload;25.69H:restep_reload;30.69E:decrease;31.46U;39.06E:onset;44.06H:onset;60.79E:decrease;61.51U,0,1,11,0,0,6,6,0,0,3,3,2,2
a,中途切换-1d9493,v6.1,noise_1ADC,29,10.65E:onset;15.65H:onset;20.37E:restep;20.69E:restep_reload;25.69H:restep_reload;30.69E:decrease;31.46U;39.06E:onset;44.06H:onset;60.79E:decrease;61.51U,10.65E:onset;15.65H:onset;20.37E:restep;20.69E:restep_reload;25.69H:restep_reload;30.69E:decrease;31.46U;39.06E:onset;44.06H:onset;60.79E:decrease;61.51U,0,1,11,0,0,6,6,0,0,3,3,2,2
a,中途切换-1d9493,v5.1,noise_5ADC,0,0.00E:v5_begin;13.19E:v5_begin;23.38E:v5_begin;41.68E:v5_begin,0.00E:v5_begin;13.19E:v5_begin;23.38E:v5_begin;41.68E:v5_begin,0,1,4,0,0,4,4,0,0,0,0,0,0
a,中途切换-1d9493,v6,noise_5ADC,0,10.65E:onset;15.65H:onset;20.37E:restep;20.69E:restep_reload;25.69H:restep_reload;30.69E:decrease;31.46U;39.06E:onset;44.06H:onset;60.79E:decrease;61.51U,10.65E:onset;15.65H:onset;20.37E:restep;20.69E:restep_reload;25.69H:restep_reload;30.69E:decrease;31.46U;39.06E:onset;44.06H:onset;60.79E:decrease;61.51U,0,1,11,0,0,6,6,0,0,3,3,2,2
a,中途切换-1d9493,v6.1,noise_5ADC,0,10.65E:onset;15.65H:onset;20.37E:restep;20.69E:restep_reload;25.69H:restep_reload;30.69E:decrease;31.46U;39.06E:onset;44.06H:onset;60.79E:decrease;61.51U,10.65E:onset;15.65H:onset;20.37E:restep;20.69E:restep_reload;25.69H:restep_reload;30.69E:decrease;31.46U;39.06E:onset;44.06H:onset;60.79E:decrease;61.51U,0,1,11,0,0,6,6,0,0,3,3,2,2
a,中途切换-1d9493,v5.1,noise_5ADC,1,0.00E:v5_begin;13.19E:v5_begin;23.38E:v5_begin;41.68E:v5_begin,0.00E:v5_begin;13.19E:v5_begin;23.38E:v5_begin;41.68E:v5_begin,0,1,4,0,0,4,4,0,0,0,0,0,0
a,中途切换-1d9493,v6,noise_5ADC,1,10.65E:onset;15.65H:onset;20.37E:restep;20.69E:restep_reload;25.69H:restep_reload;30.69E:decrease;31.46U;39.06E:onset;44.06H:onset;60.79E:decrease;61.51U,10.65E:onset;15.65H:onset;20.37E:restep;20.69E:restep_reload;25.69H:restep_reload;30.69E:decrease;31.46U;39.06E:onset;44.06H:onset;60.79E:decrease;61.51U,0,1,11,0,0,6,6,0,0,3,3,2,2
a,中途切换-1d9493,v6.1,noise_5ADC,1,10.65E:onset;15.65H:onset;20.37E:restep;20.69E:restep_reload;25.69H:restep_reload;30.69E:decrease;31.46U;39.06E:onset;44.06H:onset;60.79E:decrease;61.51U,10.65E:onset;15.65H:onset;20.37E:restep;20.69E:restep_reload;25.69H:restep_reload;30.69E:decrease;31.46U;39.06E:onset;44.06H:onset;60.79E:decrease;61.51U,0,1,11,0,0,6,6,0,0,3,3,2,2
a,中途切换-1d9493,v5.1,noise_5ADC,2,0.00E:v5_begin;13.19E:v5_begin;23.38E:v5_begin;41.68E:v5_begin,0.00E:v5_begin;13.19E:v5_begin;23.38E:v5_begin;41.68E:v5_begin,0,1,4,0,0,4,4,0,0,0,0,0,0
a,中途切换-1d9493,v6,noise_5ADC,2,10.65E:onset;15.65H:onset;20.37E:restep;20.69E:restep_reload;25.69H:restep_reload;30.69E:decrease;31.46U;39.06E:onset;44.06H:onset;60.79E:decrease;61.51U,10.65E:onset;15.65H:onset;20.37E:restep;20.69E:restep_reload;25.69H:restep_reload;30.69E:decrease;31.46U;39.06E:onset;44.06H:onset;60.79E:decrease;61.51U,0,1,11,0,0,6,6,0,0,3,3,2,2
a,中途切换-1d9493,v6.1,noise_5ADC,2,10.65E:onset;15.65H:onset;20.37E:restep;20.69E:restep_reload;25.69H:restep_reload;30.69E:decrease;31.46U;39.06E:onset;44.06H:onset;60.79E:decrease;61.51U,10.65E:onset;15.65H:onset;20.37E:restep;20.69E:restep_reload;25.69H:restep_reload;30.69E:decrease;31.46U;39.06E:onset;44.06H:onset;60.79E:decrease;61.51U,0,1,11,0,0,6,6,0,0,3,3,2,2
a,中途切换-1d9493,v5.1,noise_5ADC,3,0.00E:v5_begin;13.19E:v5_begin;23.38E:v5_begin;41.68E:v5_begin,0.00E:v5_begin;13.19E:v5_begin;23.39E:v5_begin;41.68E:v5_begin,0,1,4,0,0,4,4,0,0,0,0,0,0
a,中途切换-1d9493,v6,noise_5ADC,3,10.65E:onset;15.65H:onset;20.37E:restep;20.69E:restep_reload;25.69H:restep_reload;30.69E:decrease;31.46U;39.06E:onset;44.06H:onset;60.79E:decrease;61.51U,10.65E:onset;15.65H:onset;20.37E:restep;20.69E:restep_reload;25.69H:restep_reload;30.69E:decrease;31.46U;39.06E:onset;44.06H:onset;60.79E:decrease;61.51U,0,1,11,0,0,6,6,0,0,3,3,2,2
a,中途切换-1d9493,v6.1,noise_5ADC,3,10.65E:onset;15.65H:onset;20.37E:restep;20.69E:restep_reload;25.69H:restep_reload;30.69E:decrease;31.46U;39.06E:onset;44.06H:onset;60.79E:decrease;61.51U,10.65E:onset;15.65H:onset;20.37E:restep;20.69E:restep_reload;25.69H:restep_reload;30.69E:decrease;31.46U;39.06E:onset;44.06H:onset;60.79E:decrease;61.51U,0,1,11,0,0,6,6,0,0,3,3,2,2
a,中途切换-1d9493,v5.1,noise_5ADC,4,0.00E:v5_begin;13.19E:v5_begin;23.38E:v5_begin;41.68E:v5_begin,0.00E:v5_begin;13.19E:v5_begin;23.38E:v5_begin;41.68E:v5_begin,0,1,4,0,0,4,4,0,0,0,0,0,0
a,中途切换-1d9493,v6,noise_5ADC,4,10.65E:onset;15.65H:onset;20.37E:restep;20.69E:restep_reload;25.69H:restep_reload;30.69E:decrease;31.46U;39.06E:onset;44.06H:onset;60.79E:decrease;61.51U,10.65E:onset;15.65H:onset;20.37E:restep;20.69E:restep_reload;25.69H:restep_reload;30.69E:decrease;31.46U;39.06E:onset;44.06H:onset;60.79E:decrease;61.51U,0,1,11,0,0,6,6,0,0,3,3,2,2
a,中途切换-1d9493,v6.1,noise_5ADC,4,10.65E:onset;15.65H:onset;20.37E:restep;20.69E:restep_reload;25.69H:restep_reload;30.69E:decrease;31.46U;39.06E:onset;44.06H:onset;60.79E:decrease;61.51U,10.65E:onset;15.65H:onset;20.37E:restep;20.69E:restep_reload;25.69H:restep_reload;30.69E:decrease;31.46U;39.06E:onset;44.06H:onset;60.79E:decrease;61.51U,0,1,11,0,0,6,6,0,0,3,3,2,2
a,中途切换-1d9493,v5.1,noise_5ADC,5,0.00E:v5_begin;13.19E:v5_begin;23.38E:v5_begin;41.68E:v5_begin,0.00E:v5_begin;13.19E:v5_begin;23.38E:v5_begin;41.68E:v5_begin,0,1,4,0,0,4,4,0,0,0,0,0,0
a,中途切换-1d9493,v6,noise_5ADC,5,10.65E:onset;15.65H:onset;20.37E:restep;20.69E:restep_reload;25.69H:restep_reload;30.69E:decrease;31.46U;39.06E:onset;44.06H:onset;60.79E:decrease;61.51U,10.65E:onset;15.65H:onset;20.38E:restep;20.69E:restep_reload;25.69H:restep_reload;30.69E:decrease;31.46U;39.06E:onset;44.06H:onset;60.79E:decrease;61.51U,0,1,11,0,0,6,6,0,0,3,3,2,2
a,中途切换-1d9493,v6.1,noise_5ADC,5,10.65E:onset;15.65H:onset;20.37E:restep;20.69E:restep_reload;25.69H:restep_reload;30.69E:decrease;31.46U;39.06E:onset;44.06H:onset;60.79E:decrease;61.51U,10.65E:onset;15.65H:onset;20.38E:restep;20.69E:restep_reload;25.69H:restep_reload;30.69E:decrease;31.46U;39.06E:onset;44.06H:onset;60.79E:decrease;61.51U,0,1,11,0,0,6,6,0,0,3,3,2,2
a,中途切换-1d9493,v5.1,noise_5ADC,6,0.00E:v5_begin;13.19E:v5_begin;23.38E:v5_begin;41.68E:v5_begin,0.00E:v5_begin;13.19E:v5_begin;23.38E:v5_begin;41.68E:v5_begin,0,1,4,0,0,4,4,0,0,0,0,0,0
a,中途切换-1d9493,v6,noise_5ADC,6,10.65E:onset;15.65H:onset;20.37E:restep;20.69E:restep_reload;25.69H:restep_reload;30.69E:decrease;31.46U;39.06E:onset;44.06H:onset;60.79E:decrease;61.51U,10.65E:onset;15.65H:onset;20.37E:restep;20.69E:restep_reload;25.69H:restep_reload;30.69E:decrease;31.46U;39.06E:onset;44.06H:onset;60.79E:decrease;61.51U,0,1,11,0,0,6,6,0,0,3,3,2,2
a,中途切换-1d9493,v6.1,noise_5ADC,6,10.65E:onset;15.65H:onset;20.37E:restep;20.69E:restep_reload;25.69H:restep_reload;30.69E:decrease;31.46U;39.06E:onset;44.06H:onset;60.79E:decrease;61.51U,10.65E:onset;15.65H:onset;20.37E:restep;20.69E:restep_reload;25.69H:restep_reload;30.69E:decrease;31.46U;39.06E:onset;44.06H:onset;60.79E:decrease;61.51U,0,1,11,0,0,6,6,0,0,3,3,2,2
a,中途切换-1d9493,v5.1,noise_5ADC,7,0.00E:v5_begin;13.19E:v5_begin;23.38E:v5_begin;41.68E:v5_begin,0.00E:v5_begin;13.19E:v5_begin;23.38E:v5_begin;41.68E:v5_begin,0,1,4,0,0,4,4,0,0,0,0,0,0
a,中途切换-1d9493,v6,noise_5ADC,7,10.65E:onset;15.65H:onset;20.37E:restep;20.69E:restep_reload;25.69H:restep_reload;30.69E:decrease;31.46U;39.06E:onset;44.06H:onset;60.79E:decrease;61.51U,10.65E:onset;15.65H:onset;20.38E:restep;20.69E:restep_reload;25.69H:restep_reload;30.69E:decrease;31.46U;39.06E:onset;44.06H:onset;60.79E:decrease;61.51U,0,1,11,0,0,6,6,0,0,3,3,2,2
a,中途切换-1d9493,v6.1,noise_5ADC,7,10.65E:onset;15.65H:onset;20.37E:restep;20.69E:restep_reload;25.69H:restep_reload;30.69E:decrease;31.46U;39.06E:onset;44.06H:onset;60.79E:decrease;61.51U,10.65E:onset;15.65H:onset;20.38E:restep;20.69E:restep_reload;25.69H:restep_reload;30.69E:decrease;31.46U;39.06E:onset;44.06H:onset;60.79E:decrease;61.51U,0,1,11,0,0,6,6,0,0,3,3,2,2
a,中途切换-1d9493,v5.1,noise_5ADC,8,0.00E:v5_begin;13.19E:v5_begin;23.38E:v5_begin;41.68E:v5_begin,0.00E:v5_begin;13.19E:v5_begin;23.39E:v5_begin;41.68E:v5_begin,0,1,4,0,0,4,4,0,0,0,0,0,0
a,中途切换-1d9493,v6,noise_5ADC,8,10.65E:onset;15.65H:onset;20.37E:restep;20.69E:restep_reload;25.69H:restep_reload;30.69E:decrease;31.46U;39.06E:onset;44.06H:onset;60.79E:decrease;61.51U,10.65E:onset;15.65H:onset;20.37E:restep;20.69E:restep_reload;25.69H:restep_reload;30.69E:decrease;31.46U;39.06E:onset;44.06H:onset;60.79E:decrease;61.51U,0,1,11,0,0,6,6,0,0,3,3,2,2
a,中途切换-1d9493,v6.1,noise_5ADC,8,10.65E:onset;15.65H:onset;20.37E:restep;20.69E:restep_reload;25.69H:restep_reload;30.69E:decrease;31.46U;39.06E:onset;44.06H:onset;60.79E:decrease;61.51U,10.65E:onset;15.65H:onset;20.37E:restep;20.69E:restep_reload;25.69H:restep_reload;30.69E:decrease;31.46U;39.06E:onset;44.06H:onset;60.79E:decrease;61.51U,0,1,11,0,0,6,6,0,0,3,3,2,2
a,中途切换-1d9493,v5.1,noise_5ADC,9,0.00E:v5_begin;13.19E:v5_begin;23.38E:v5_begin;41.68E:v5_begin,0.00E:v5_begin;13.19E:v5_begin;23.39E:v5_begin;41.68E:v5_begin,0,1,4,0,0,4,4,0,0,0,0,0,0
a,中途切换-1d9493,v6,noise_5ADC,9,10.65E:onset;15.65H:onset;20.37E:restep;20.69E:restep_reload;25.69H:restep_reload;30.69E:decrease;31.46U;39.06E:onset;44.06H:onset;60.79E:decrease;61.51U,10.65E:onset;15.65H:onset;20.37E:restep;20.69E:restep_reload;25.69H:restep_reload;30.69E:decrease;31.46U;39.06E:onset;44.06H:onset;60.79E:decrease;61.51U,0,1,11,0,0,6,6,0,0,3,3,2,2
a,中途切换-1d9493,v6.1,noise_5ADC,9,10.65E:onset;15.65H:onset;20.37E:restep;20.69E:restep_reload;25.69H:restep_reload;30.69E:decrease;31.46U;39.06E:onset;44.06H:onset;60.79E:decrease;61.51U,10.65E:onset;15.65H:onset;20.37E:restep;20.69E:restep_reload;25.69H:restep_reload;30.69E:decrease;31.46U;39.06E:onset;44.06H:onset;60.79E:decrease;61.51U,0,1,11,0,0,6,6,0,0,3,3,2,2
a,中途切换-1d9493,v5.1,noise_5ADC,10,0.00E:v5_begin;13.19E:v5_begin;23.38E:v5_begin;41.68E:v5_begin,0.00E:v5_begin;13.19E:v5_begin;23.39E:v5_begin;41.68E:v5_begin,0,1,4,0,0,4,4,0,0,0,0,0,0
a,中途切换-1d9493,v6,noise_5ADC,10,10.65E:onset;15.65H:onset;20.37E:restep;20.69E:restep_reload;25.69H:restep_reload;30.69E:decrease;31.46U;39.06E:onset;44.06H:onset;60.79E:decrease;61.51U,10.65E:onset;15.65H:onset;20.37E:restep;20.69E:restep_reload;25.69H:restep_reload;30.69E:decrease;31.46U;39.06E:onset;44.06H:onset;60.79E:decrease;61.51U,0,1,11,0,0,6,6,0,0,3,3,2,2
a,中途切换-1d9493,v6.1,noise_5ADC,10,10.65E:onset;15.65H:onset;20.37E:restep;20.69E:restep_reload;25.69H:restep_reload;30.69E:decrease;31.46U;39.06E:onset;44.06H:onset;60.79E:decrease;61.51U,10.65E:onset;15.65H:onset;20.37E:restep;20.69E:restep_reload;25.69H:restep_reload;30.69E:decrease;31.46U;39.06E:onset;44.06H:onset;60.79E:decrease;61.51U,0,1,11,0,0,6,6,0,0,3,3,2,2
a,中途切换-1d9493,v5.1,noise_5ADC,11,0.00E:v5_begin;13.19E:v5_begin;23.38E:v5_begin;41.68E:v5_begin,0.00E:v5_begin;13.19E:v5_begin;23.38E:v5_begin;41.68E:v5_begin,0,1,4,0,0,4,4,0,0,0,0,0,0
a,中途切换-1d9493,v6,noise_5ADC,11,10.65E:onset;15.65H:onset;20.37E:restep;20.69E:restep_reload;25.69H:restep_reload;30.69E:decrease;31.46U;39.06E:onset;44.06H:onset;60.79E:decrease;61.51U,10.65E:onset;15.65H:onset;20.52E:restep;20.69E:restep_reload;25.69H:restep_reload;30.69E:decrease;31.46U;39.06E:onset;44.06H:onset;60.79E:decrease;61.51U,0,1,11,0,0,6,6,0,0,3,3,2,2
a,中途切换-1d9493,v6.1,noise_5ADC,11,10.65E:onset;15.65H:onset;20.37E:restep;20.69E:restep_reload;25.69H:restep_reload;30.69E:decrease;31.46U;39.06E:onset;44.06H:onset;60.79E:decrease;61.51U,10.65E:onset;15.65H:onset;20.52E:restep;20.69E:restep_reload;25.69H:restep_reload;30.69E:decrease;31.46U;39.06E:onset;44.06H:onset;60.79E:decrease;61.51U,0,1,11,0,0,6,6,0,0,3,3,2,2
a,中途切换-1d9493,v5.1,noise_5ADC,12,0.00E:v5_begin;13.19E:v5_begin;23.38E:v5_begin;41.68E:v5_begin,0.00E:v5_begin;13.19E:v5_begin;23.38E:v5_begin;41.68E:v5_begin,0,1,4,0,0,4,4,0,0,0,0,0,0
a,中途切换-1d9493,v6,noise_5ADC,12,10.65E:onset;15.65H:onset;20.37E:restep;20.69E:restep_reload;25.69H:restep_reload;30.69E:decrease;31.46U;39.06E:onset;44.06H:onset;60.79E:decrease;61.51U,10.65E:onset;15.65H:onset;20.37E:restep;20.69E:restep_reload;25.69H:restep_reload;30.69E:decrease;31.46U;39.06E:onset;44.06H:onset;60.79E:decrease;61.51U,0,1,11,0,0,6,6,0,0,3,3,2,2
a,中途切换-1d9493,v6.1,noise_5ADC,12,10.65E:onset;15.65H:onset;20.37E:restep;20.69E:restep_reload;25.69H:restep_reload;30.69E:decrease;31.46U;39.06E:onset;44.06H:onset;60.79E:decrease;61.51U,10.65E:onset;15.65H:onset;20.37E:restep;20.69E:restep_reload;25.69H:restep_reload;30.69E:decrease;31.46U;39.06E:onset;44.06H:onset;60.79E:decrease;61.51U,0,1,11,0,0,6,6,0,0,3,3,2,2
a,中途切换-1d9493,v5.1,noise_5ADC,13,0.00E:v5_begin;13.19E:v5_begin;23.38E:v5_begin;41.68E:v5_begin,0.00E:v5_begin;13.19E:v5_begin;23.38E:v5_begin;41.68E:v5_begin,0,1,4,0,0,4,4,0,0,0,0,0,0
a,中途切换-1d9493,v6,noise_5ADC,13,10.65E:onset;15.65H:onset;20.37E:restep;20.69E:restep_reload;25.69H:restep_reload;30.69E:decrease;31.46U;39.06E:onset;44.06H:onset;60.79E:decrease;61.51U,10.65E:onset;15.65H:onset;20.53E:restep;20.69E:restep_reload;25.69H:restep_reload;30.69E:decrease;31.46U;39.06E:onset;44.06H:onset;60.79E:decrease;61.51U,0,1,11,0,0,6,6,0,0,3,3,2,2
a,中途切换-1d9493,v6.1,noise_5ADC,13,10.65E:onset;15.65H:onset;20.37E:restep;20.69E:restep_reload;25.69H:restep_reload;30.69E:decrease;31.46U;39.06E:onset;44.06H:onset;60.79E:decrease;61.51U,10.65E:onset;15.65H:onset;20.53E:restep;20.69E:restep_reload;25.69H:restep_reload;30.69E:decrease;31.46U;39.06E:onset;44.06H:onset;60.79E:decrease;61.51U,0,1,11,0,0,6,6,0,0,3,3,2,2
a,中途切换-1d9493,v5.1,noise_5ADC,14,0.00E:v5_begin;13.19E:v5_begin;23.38E:v5_begin;41.68E:v5_begin,0.00E:v5_begin;13.19E:v5_begin;23.39E:v5_begin;41.68E:v5_begin,0,1,4,0,0,4,4,0,0,0,0,0,0
a,中途切换-1d9493,v6,noise_5ADC,14,10.65E:onset;15.65H:onset;20.37E:restep;20.69E:restep_reload;25.69H:restep_reload;30.69E:decrease;31.46U;39.06E:onset;44.06H:onset;60.79E:decrease;61.51U,10.65E:onset;15.65H:onset;20.65E:restep;20.69E:restep_reload;25.69H:restep_reload;30.69E:decrease;31.46U;39.06E:onset;44.06H:onset;60.79E:decrease;61.51U,0,1,10,1,1,6,6,0,0,3,3,2,2
a,中途切换-1d9493,v6.1,noise_5ADC,14,10.65E:onset;15.65H:onset;20.37E:restep;20.69E:restep_reload;25.69H:restep_reload;30.69E:decrease;31.46U;39.06E:onset;44.06H:onset;60.79E:decrease;61.51U,10.65E:onset;15.65H:onset;20.65E:restep;20.69E:restep_reload;25.69H:restep_reload;30.69E:decrease;31.46U;39.06E:onset;44.06H:onset;60.79E:decrease;61.51U,0,1,10,1,1,6,6,0,0,3,3,2,2
a,中途切换-1d9493,v5.1,noise_5ADC,15,0.00E:v5_begin;13.19E:v5_begin;23.38E:v5_begin;41.68E:v5_begin,0.00E:v5_begin;13.19E:v5_begin;23.38E:v5_begin;41.68E:v5_begin,0,1,4,0,0,4,4,0,0,0,0,0,0
a,中途切换-1d9493,v6,noise_5ADC,15,10.65E:onset;15.65H:onset;20.37E:restep;20.69E:restep_reload;25.69H:restep_reload;30.69E:decrease;31.46U;39.06E:onset;44.06H:onset;60.79E:decrease;61.51U,10.65E:onset;15.65H:onset;20.37E:restep;20.69E:restep_reload;25.69H:restep_reload;30.69E:decrease;31.46U;39.06E:onset;44.06H:onset;60.79E:decrease;61.51U,0,1,11,0,0,6,6,0,0,3,3,2,2
a,中途切换-1d9493,v6.1,noise_5ADC,15,10.65E:onset;15.65H:onset;20.37E:restep;20.69E:restep_reload;25.69H:restep_reload;30.69E:decrease;31.46U;39.06E:onset;44.06H:onset;60.79E:decrease;61.51U,10.65E:onset;15.65H:onset;20.37E:restep;20.69E:restep_reload;25.69H:restep_reload;30.69E:decrease;31.46U;39.06E:onset;44.06H:onset;60.79E:decrease;61.51U,0,1,11,0,0,6,6,0,0,3,3,2,2
a,中途切换-1d9493,v5.1,noise_5ADC,16,0.00E:v5_begin;13.19E:v5_begin;23.38E:v5_begin;41.68E:v5_begin,0.00E:v5_begin;13.19E:v5_begin;23.38E:v5_begin;41.68E:v5_begin,0,1,4,0,0,4,4,0,0,0,0,0,0
a,中途切换-1d9493,v6,noise_5ADC,16,10.65E:onset;15.65H:onset;20.37E:restep;20.69E:restep_reload;25.69H:restep_reload;30.69E:decrease;31.46U;39.06E:onset;44.06H:onset;60.79E:decrease;61.51U,10.65E:onset;15.65H:onset;20.37E:restep;20.69E:restep_reload;25.69H:restep_reload;30.69E:decrease;31.46U;39.06E:onset;44.06H:onset;60.79E:decrease;61.51U,0,1,11,0,0,6,6,0,0,3,3,2,2
a,中途切换-1d9493,v6.1,noise_5ADC,16,10.65E:onset;15.65H:onset;20.37E:restep;20.69E:restep_reload;25.69H:restep_reload;30.69E:decrease;31.46U;39.06E:onset;44.06H:onset;60.79E:decrease;61.51U,10.65E:onset;15.65H:onset;20.37E:restep;20.69E:restep_reload;25.69H:restep_reload;30.69E:decrease;31.46U;39.06E:onset;44.06H:onset;60.79E:decrease;61.51U,0,1,11,0,0,6,6,0,0,3,3,2,2
a,中途切换-1d9493,v5.1,noise_5ADC,17,0.00E:v5_begin;13.19E:v5_begin;23.38E:v5_begin;41.68E:v5_begin,0.00E:v5_begin;13.19E:v5_begin;23.38E:v5_begin;41.68E:v5_begin,0,1,4,0,0,4,4,0,0,0,0,0,0
a,中途切换-1d9493,v6,noise_5ADC,17,10.65E:onset;15.65H:onset;20.37E:restep;20.69E:restep_reload;25.69H:restep_reload;30.69E:decrease;31.46U;39.06E:onset;44.06H:onset;60.79E:decrease;61.51U,10.65E:onset;15.65H:onset;20.37E:restep;20.69E:restep_reload;25.69H:restep_reload;30.69E:decrease;31.46U;39.06E:onset;44.06H:onset;60.79E:decrease;61.51U,0,1,11,0,0,6,6,0,0,3,3,2,2
a,中途切换-1d9493,v6.1,noise_5ADC,17,10.65E:onset;15.65H:onset;20.37E:restep;20.69E:restep_reload;25.69H:restep_reload;30.69E:decrease;31.46U;39.06E:onset;44.06H:onset;60.79E:decrease;61.51U,10.65E:onset;15.65H:onset;20.37E:restep;20.69E:restep_reload;25.69H:restep_reload;30.69E:decrease;31.46U;39.06E:onset;44.06H:onset;60.79E:decrease;61.51U,0,1,11,0,0,6,6,0,0,3,3,2,2
a,中途切换-1d9493,v5.1,noise_5ADC,18,0.00E:v5_begin;13.19E:v5_begin;23.38E:v5_begin;41.68E:v5_begin,0.00E:v5_begin;13.19E:v5_begin;23.39E:v5_begin;41.68E:v5_begin,0,1,4,0,0,4,4,0,0,0,0,0,0
a,中途切换-1d9493,v6,noise_5ADC,18,10.65E:onset;15.65H:onset;20.37E:restep;20.69E:restep_reload;25.69H:restep_reload;30.69E:decrease;31.46U;39.06E:onset;44.06H:onset;60.79E:decrease;61.51U,10.65E:onset;15.65H:onset;20.65E:restep;20.69E:restep_reload;25.69H:restep_reload;30.69E:decrease;31.46U;39.06E:onset;44.06H:onset;60.79E:decrease;61.51U,0,1,10,1,1,6,6,0,0,3,3,2,2
a,中途切换-1d9493,v6.1,noise_5ADC,18,10.65E:onset;15.65H:onset;20.37E:restep;20.69E:restep_reload;25.69H:restep_reload;30.69E:decrease;31.46U;39.06E:onset;44.06H:onset;60.79E:decrease;61.51U,10.65E:onset;15.65H:onset;20.65E:restep;20.69E:restep_reload;25.69H:restep_reload;30.69E:decrease;31.46U;39.06E:onset;44.06H:onset;60.79E:decrease;61.51U,0,1,10,1,1,6,6,0,0,3,3,2,2
a,中途切换-1d9493,v5.1,noise_5ADC,19,0.00E:v5_begin;13.19E:v5_begin;23.38E:v5_begin;41.68E:v5_begin,0.00E:v5_begin;13.19E:v5_begin;23.38E:v5_begin;41.68E:v5_begin,0,1,4,0,0,4,4,0,0,0,0,0,0
a,中途切换-1d9493,v6,noise_5ADC,19,10.65E:onset;15.65H:onset;20.37E:restep;20.69E:restep_reload;25.69H:restep_reload;30.69E:decrease;31.46U;39.06E:onset;44.06H:onset;60.79E:decrease;61.51U,10.65E:onset;15.65H:onset;20.37E:restep;20.69E:restep_reload;25.69H:restep_reload;30.69E:decrease;31.46U;39.06E:onset;44.06H:onset;60.79E:decrease;61.51U,0,1,11,0,0,6,6,0,0,3,3,2,2
a,中途切换-1d9493,v6.1,noise_5ADC,19,10.65E:onset;15.65H:onset;20.37E:restep;20.69E:restep_reload;25.69H:restep_reload;30.69E:decrease;31.46U;39.06E:onset;44.06H:onset;60.79E:decrease;61.51U,10.65E:onset;15.65H:onset;20.37E:restep;20.69E:restep_reload;25.69H:restep_reload;30.69E:decrease;31.46U;39.06E:onset;44.06H:onset;60.79E:decrease;61.51U,0,1,11,0,0,6,6,0,0,3,3,2,2
a,中途切换-1d9493,v5.1,noise_5ADC,20,0.00E:v5_begin;13.19E:v5_begin;23.38E:v5_begin;41.68E:v5_begin,0.00E:v5_begin;13.19E:v5_begin;23.38E:v5_begin;41.68E:v5_begin,0,1,4,0,0,4,4,0,0,0,0,0,0
a,中途切换-1d9493,v6,noise_5ADC,20,10.65E:onset;15.65H:onset;20.37E:restep;20.69E:restep_reload;25.69H:restep_reload;30.69E:decrease;31.46U;39.06E:onset;44.06H:onset;60.79E:decrease;61.51U,10.65E:onset;15.65H:onset;20.37E:restep;20.69E:restep_reload;25.69H:restep_reload;30.69E:decrease;31.46U;39.06E:onset;44.06H:onset;60.79E:decrease;61.51U,0,1,11,0,0,6,6,0,0,3,3,2,2
a,中途切换-1d9493,v6.1,noise_5ADC,20,10.65E:onset;15.65H:onset;20.37E:restep;20.69E:restep_reload;25.69H:restep_reload;30.69E:decrease;31.46U;39.06E:onset;44.06H:onset;60.79E:decrease;61.51U,10.65E:onset;15.65H:onset;20.37E:restep;20.69E:restep_reload;25.69H:restep_reload;30.69E:decrease;31.46U;39.06E:onset;44.06H:onset;60.79E:decrease;61.51U,0,1,11,0,0,6,6,0,0,3,3,2,2
a,中途切换-1d9493,v5.1,noise_5ADC,21,0.00E:v5_begin;13.19E:v5_begin;23.38E:v5_begin;41.68E:v5_begin,0.00E:v5_begin;13.19E:v5_begin;23.38E:v5_begin;41.68E:v5_begin,0,1,4,0,0,4,4,0,0,0,0,0,0
a,中途切换-1d9493,v6,noise_5ADC,21,10.65E:onset;15.65H:onset;20.37E:restep;20.69E:restep_reload;25.69H:restep_reload;30.69E:decrease;31.46U;39.06E:onset;44.06H:onset;60.79E:decrease;61.51U,10.65E:onset;15.65H:onset;20.38E:restep;20.69E:restep_reload;25.69H:restep_reload;30.69E:decrease;31.46U;39.06E:onset;44.06H:onset;60.79E:decrease;61.51U,0,1,11,0,0,6,6,0,0,3,3,2,2
a,中途切换-1d9493,v6.1,noise_5ADC,21,10.65E:onset;15.65H:onset;20.37E:restep;20.69E:restep_reload;25.69H:restep_reload;30.69E:decrease;31.46U;39.06E:onset;44.06H:onset;60.79E:decrease;61.51U,10.65E:onset;15.65H:onset;20.38E:restep;20.69E:restep_reload;25.69H:restep_reload;30.69E:decrease;31.46U;39.06E:onset;44.06H:onset;60.79E:decrease;61.51U,0,1,11,0,0,6,6,0,0,3,3,2,2
a,中途切换-1d9493,v5.1,noise_5ADC,22,0.00E:v5_begin;13.19E:v5_begin;23.38E:v5_begin;41.68E:v5_begin,0.00E:v5_begin;13.19E:v5_begin;23.39E:v5_begin;41.68E:v5_begin,0,1,4,0,0,4,4,0,0,0,0,0,0
a,中途切换-1d9493,v6,noise_5ADC,22,10.65E:onset;15.65H:onset;20.37E:restep;20.69E:restep_reload;25.69H:restep_reload;30.69E:decrease;31.46U;39.06E:onset;44.06H:onset;60.79E:decrease;61.51U,10.65E:onset;15.65H:onset;20.37E:restep;20.69E:restep_reload;25.69H:restep_reload;30.69E:decrease;31.46U;39.06E:onset;44.06H:onset;60.79E:decrease;61.51U,0,1,11,0,0,6,6,0,0,3,3,2,2
a,中途切换-1d9493,v6.1,noise_5ADC,22,10.65E:onset;15.65H:onset;20.37E:restep;20.69E:restep_reload;25.69H:restep_reload;30.69E:decrease;31.46U;39.06E:onset;44.06H:onset;60.79E:decrease;61.51U,10.65E:onset;15.65H:onset;20.37E:restep;20.69E:restep_reload;25.69H:restep_reload;30.69E:decrease;31.46U;39.06E:onset;44.06H:onset;60.79E:decrease;61.51U,0,1,11,0,0,6,6,0,0,3,3,2,2
a,中途切换-1d9493,v5.1,noise_5ADC,23,0.00E:v5_begin;13.19E:v5_begin;23.38E:v5_begin;41.68E:v5_begin,0.00E:v5_begin;13.19E:v5_begin;23.39E:v5_begin;41.68E:v5_begin,0,1,4,0,0,4,4,0,0,0,0,0,0
a,中途切换-1d9493,v6,noise_5ADC,23,10.65E:onset;15.65H:onset;20.37E:restep;20.69E:restep_reload;25.69H:restep_reload;30.69E:decrease;31.46U;39.06E:onset;44.06H:onset;60.79E:decrease;61.51U,10.65E:onset;15.65H:onset;20.61E:restep;20.69E:restep_reload;25.69H:restep_reload;30.69E:decrease;31.46U;39.06E:onset;44.06H:onset;60.79E:decrease;61.51U,0,1,11,0,0,6,6,0,0,3,3,2,2
a,中途切换-1d9493,v6.1,noise_5ADC,23,10.65E:onset;15.65H:onset;20.37E:restep;20.69E:restep_reload;25.69H:restep_reload;30.69E:decrease;31.46U;39.06E:onset;44.06H:onset;60.79E:decrease;61.51U,10.65E:onset;15.65H:onset;20.61E:restep;20.69E:restep_reload;25.69H:restep_reload;30.69E:decrease;31.46U;39.06E:onset;44.06H:onset;60.79E:decrease;61.51U,0,1,11,0,0,6,6,0,0,3,3,2,2
a,中途切换-1d9493,v5.1,noise_5ADC,24,0.00E:v5_begin;13.19E:v5_begin;23.38E:v5_begin;41.68E:v5_begin,0.00E:v5_begin;13.19E:v5_begin;23.39E:v5_begin;41.68E:v5_begin,0,1,4,0,0,4,4,0,0,0,0,0,0
a,中途切换-1d9493,v6,noise_5ADC,24,10.65E:onset;15.65H:onset;20.37E:restep;20.69E:restep_reload;25.69H:restep_reload;30.69E:decrease;31.46U;39.06E:onset;44.06H:onset;60.79E:decrease;61.51U,10.65E:onset;15.65H:onset;20.37E:restep;20.69E:restep_reload;25.69H:restep_reload;30.69E:decrease;31.46U;39.06E:onset;44.06H:onset;60.79E:decrease;61.51U,0,1,11,0,0,6,6,0,0,3,3,2,2
a,中途切换-1d9493,v6.1,noise_5ADC,24,10.65E:onset;15.65H:onset;20.37E:restep;20.69E:restep_reload;25.69H:restep_reload;30.69E:decrease;31.46U;39.06E:onset;44.06H:onset;60.79E:decrease;61.51U,10.65E:onset;15.65H:onset;20.37E:restep;20.69E:restep_reload;25.69H:restep_reload;30.69E:decrease;31.46U;39.06E:onset;44.06H:onset;60.79E:decrease;61.51U,0,1,11,0,0,6,6,0,0,3,3,2,2
a,中途切换-1d9493,v5.1,noise_5ADC,25,0.00E:v5_begin;13.19E:v5_begin;23.38E:v5_begin;41.68E:v5_begin,0.00E:v5_begin;13.19E:v5_begin;23.38E:v5_begin;41.68E:v5_begin,0,1,4,0,0,4,4,0,0,0,0,0,0
a,中途切换-1d9493,v6,noise_5ADC,25,10.65E:onset;15.65H:onset;20.37E:restep;20.69E:restep_reload;25.69H:restep_reload;30.69E:decrease;31.46U;39.06E:onset;44.06H:onset;60.79E:decrease;61.51U,10.65E:onset;15.65H:onset;20.37E:restep;20.69E:restep_reload;25.69H:restep_reload;30.69E:decrease;31.46U;39.06E:onset;44.06H:onset;60.79E:decrease;61.51U,0,1,11,0,0,6,6,0,0,3,3,2,2
a,中途切换-1d9493,v6.1,noise_5ADC,25,10.65E:onset;15.65H:onset;20.37E:restep;20.69E:restep_reload;25.69H:restep_reload;30.69E:decrease;31.46U;39.06E:onset;44.06H:onset;60.79E:decrease;61.51U,10.65E:onset;15.65H:onset;20.37E:restep;20.69E:restep_reload;25.69H:restep_reload;30.69E:decrease;31.46U;39.06E:onset;44.06H:onset;60.79E:decrease;61.51U,0,1,11,0,0,6,6,0,0,3,3,2,2
a,中途切换-1d9493,v5.1,noise_5ADC,26,0.00E:v5_begin;13.19E:v5_begin;23.38E:v5_begin;41.68E:v5_begin,0.00E:v5_begin;13.19E:v5_begin;23.38E:v5_begin;41.68E:v5_begin,0,1,4,0,0,4,4,0,0,0,0,0,0
a,中途切换-1d9493,v6,noise_5ADC,26,10.65E:onset;15.65H:onset;20.37E:restep;20.69E:restep_reload;25.69H:restep_reload;30.69E:decrease;31.46U;39.06E:onset;44.06H:onset;60.79E:decrease;61.51U,10.65E:onset;15.65H:onset;20.63E:restep;20.69E:restep_reload;25.69H:restep_reload;30.69E:decrease;31.46U;39.06E:onset;44.06H:onset;60.79E:decrease;61.51U,0,1,10,1,1,6,6,0,0,3,3,2,2
a,中途切换-1d9493,v6.1,noise_5ADC,26,10.65E:onset;15.65H:onset;20.37E:restep;20.69E:restep_reload;25.69H:restep_reload;30.69E:decrease;31.46U;39.06E:onset;44.06H:onset;60.79E:decrease;61.51U,10.65E:onset;15.65H:onset;20.63E:restep;20.69E:restep_reload;25.69H:restep_reload;30.69E:decrease;31.46U;39.06E:onset;44.06H:onset;60.79E:decrease;61.51U,0,1,10,1,1,6,6,0,0,3,3,2,2
a,中途切换-1d9493,v5.1,noise_5ADC,27,0.00E:v5_begin;13.19E:v5_begin;23.38E:v5_begin;41.68E:v5_begin,0.00E:v5_begin;13.19E:v5_begin;23.39E:v5_begin;41.68E:v5_begin,0,1,4,0,0,4,4,0,0,0,0,0,0
a,中途切换-1d9493,v6,noise_5ADC,27,10.65E:onset;15.65H:onset;20.37E:restep;20.69E:restep_reload;25.69H:restep_reload;30.69E:decrease;31.46U;39.06E:onset;44.06H:onset;60.79E:decrease;61.51U,10.65E:onset;15.65H:onset;20.65E:restep;20.69E:restep_reload;25.69H:restep_reload;30.69E:decrease;31.46U;39.06E:onset;44.06H:onset;60.79E:decrease;61.51U,0,1,10,1,1,6,6,0,0,3,3,2,2
a,中途切换-1d9493,v6.1,noise_5ADC,27,10.65E:onset;15.65H:onset;20.37E:restep;20.69E:restep_reload;25.69H:restep_reload;30.69E:decrease;31.46U;39.06E:onset;44.06H:onset;60.79E:decrease;61.51U,10.65E:onset;15.65H:onset;20.65E:restep;20.69E:restep_reload;25.69H:restep_reload;30.69E:decrease;31.46U;39.06E:onset;44.06H:onset;60.79E:decrease;61.51U,0,1,10,1,1,6,6,0,0,3,3,2,2
a,中途切换-1d9493,v5.1,noise_5ADC,28,0.00E:v5_begin;13.19E:v5_begin;23.38E:v5_begin;41.68E:v5_begin,0.00E:v5_begin;13.19E:v5_begin;23.38E:v5_begin;41.68E:v5_begin,0,1,4,0,0,4,4,0,0,0,0,0,0
a,中途切换-1d9493,v6,noise_5ADC,28,10.65E:onset;15.65H:onset;20.37E:restep;20.69E:restep_reload;25.69H:restep_reload;30.69E:decrease;31.46U;39.06E:onset;44.06H:onset;60.79E:decrease;61.51U,10.65E:onset;15.65H:onset;20.58E:restep;20.69E:restep_reload;25.69H:restep_reload;30.69E:decrease;31.46U;39.06E:onset;44.06H:onset;60.79E:decrease;61.51U,0,1,11,0,0,6,6,0,0,3,3,2,2
a,中途切换-1d9493,v6.1,noise_5ADC,28,10.65E:onset;15.65H:onset;20.37E:restep;20.69E:restep_reload;25.69H:restep_reload;30.69E:decrease;31.46U;39.06E:onset;44.06H:onset;60.79E:decrease;61.51U,10.65E:onset;15.65H:onset;20.58E:restep;20.69E:restep_reload;25.69H:restep_reload;30.69E:decrease;31.46U;39.06E:onset;44.06H:onset;60.79E:decrease;61.51U,0,1,11,0,0,6,6,0,0,3,3,2,2
a,中途切换-1d9493,v5.1,noise_5ADC,29,0.00E:v5_begin;13.19E:v5_begin;23.38E:v5_begin;41.68E:v5_begin,0.00E:v5_begin;13.19E:v5_begin;23.39E:v5_begin;41.68E:v5_begin,0,1,4,0,0,4,4,0,0,0,0,0,0
a,中途切换-1d9493,v6,noise_5ADC,29,10.65E:onset;15.65H:onset;20.37E:restep;20.69E:restep_reload;25.69H:restep_reload;30.69E:decrease;31.46U;39.06E:onset;44.06H:onset;60.79E:decrease;61.51U,0.05E:onset;0.37U;10.65E:onset;15.65H:onset;20.37E:restep;20.69E:restep_reload;25.69H:restep_reload;30.69E:decrease;31.46U;39.06E:onset;44.06H:onset;60.79E:decrease;61.51U,2,0,11,2,0,7,6,0,0,3,3,3,2
a,中途切换-1d9493,v6.1,noise_5ADC,29,10.65E:onset;15.65H:onset;20.37E:restep;20.69E:restep_reload;25.69H:restep_reload;30.69E:decrease;31.46U;39.06E:onset;44.06H:onset;60.79E:decrease;61.51U,0.05E:onset;0.37U;10.65E:onset;15.65H:onset;20.37E:restep;20.69E:restep_reload;25.69H:restep_reload;30.69E:decrease;31.46U;39.06E:onset;44.06H:onset;60.79E:decrease;61.51U,2,0,11,2,0,7,6,0,0,3,3,3,2
a,中途切换-1d9493,v5.1,dropout_1frame,0,0.00E:v5_begin;13.19E:v5_begin;23.38E:v5_begin;41.68E:v5_begin,0.00E:v5_begin;13.19E:v5_begin;23.38E:v5_begin;41.68E:v5_begin,0,1,4,0,0,4,4,0,0,0,0,0,0
a,中途切换-1d9493,v6,dropout_1frame,0,10.65E:onset;15.65H:onset;20.37E:restep;20.69E:restep_reload;25.69H:restep_reload;30.69E:decrease;31.46U;39.06E:onset;44.06H:onset;60.79E:decrease;61.51U,10.65E:onset;15.65H:onset;20.37E:restep;20.69E:restep_reload;25.69H:restep_reload;30.69E:decrease;31.46U;39.06E:onset;44.06H:onset;60.79E:decrease;61.51U,0,1,11,0,0,6,6,0,0,3,3,2,2
a,中途切换-1d9493,v6.1,dropout_1frame,0,10.65E:onset;15.65H:onset;20.37E:restep;20.69E:restep_reload;25.69H:restep_reload;30.69E:decrease;31.46U;39.06E:onset;44.06H:onset;60.79E:decrease;61.51U,10.65E:onset;15.65H:onset;20.37E:restep;20.69E:restep_reload;25.69H:restep_reload;30.69E:decrease;31.46U;39.06E:onset;44.06H:onset;60.79E:decrease;61.51U,0,1,11,0,0,6,6,0,0,3,3,2,2
a,中途切换-1d9493,v5.1,dropout_1frame,1,0.00E:v5_begin;13.19E:v5_begin;23.38E:v5_begin;41.68E:v5_begin,0.00E:v5_begin;13.19E:v5_begin;23.38E:v5_begin;41.68E:v5_begin,0,1,4,0,0,4,4,0,0,0,0,0,0
a,中途切换-1d9493,v6,dropout_1frame,1,10.65E:onset;15.65H:onset;20.37E:restep;20.69E:restep_reload;25.69H:restep_reload;30.69E:decrease;31.46U;39.06E:onset;44.06H:onset;60.79E:decrease;61.51U,10.65E:onset;15.65H:onset;20.37E:restep;20.69E:restep_reload;25.69H:restep_reload;30.69E:decrease;31.46U;39.06E:onset;44.06H:onset;60.79E:decrease;61.51U,0,1,11,0,0,6,6,0,0,3,3,2,2
a,中途切换-1d9493,v6.1,dropout_1frame,1,10.65E:onset;15.65H:onset;20.37E:restep;20.69E:restep_reload;25.69H:restep_reload;30.69E:decrease;31.46U;39.06E:onset;44.06H:onset;60.79E:decrease;61.51U,10.65E:onset;15.65H:onset;20.37E:restep;20.69E:restep_reload;25.69H:restep_reload;30.69E:decrease;31.46U;39.06E:onset;44.06H:onset;60.79E:decrease;61.51U,0,1,11,0,0,6,6,0,0,3,3,2,2
a,中途切换-1d9493,v5.1,dropout_1frame,2,0.00E:v5_begin;13.19E:v5_begin;23.38E:v5_begin;41.68E:v5_begin,0.00E:v5_begin;13.19E:v5_begin;23.38E:v5_begin;41.68E:v5_begin,0,1,4,0,0,4,4,0,0,0,0,0,0
a,中途切换-1d9493,v6,dropout_1frame,2,10.65E:onset;15.65H:onset;20.37E:restep;20.69E:restep_reload;25.69H:restep_reload;30.69E:decrease;31.46U;39.06E:onset;44.06H:onset;60.79E:decrease;61.51U,10.65E:onset;15.65H:onset;20.37E:restep;20.69E:restep_reload;25.69H:restep_reload;30.69E:decrease;31.46U;39.06E:onset;44.06H:onset;60.79E:decrease;61.51U,0,1,11,0,0,6,6,0,0,3,3,2,2
a,中途切换-1d9493,v6.1,dropout_1frame,2,10.65E:onset;15.65H:onset;20.37E:restep;20.69E:restep_reload;25.69H:restep_reload;30.69E:decrease;31.46U;39.06E:onset;44.06H:onset;60.79E:decrease;61.51U,10.65E:onset;15.65H:onset;20.37E:restep;20.69E:restep_reload;25.69H:restep_reload;30.69E:decrease;31.46U;39.06E:onset;44.06H:onset;60.79E:decrease;61.51U,0,1,11,0,0,6,6,0,0,3,3,2,2
a,中途切换-1d9493,v5.1,dropout_1frame,3,0.00E:v5_begin;13.19E:v5_begin;23.38E:v5_begin;41.68E:v5_begin,0.00E:v5_begin;13.19E:v5_begin;23.38E:v5_begin;41.68E:v5_begin,0,1,4,0,0,4,4,0,0,0,0,0,0
a,中途切换-1d9493,v6,dropout_1frame,3,10.65E:onset;15.65H:onset;20.37E:restep;20.69E:restep_reload;25.69H:restep_reload;30.69E:decrease;31.46U;39.06E:onset;44.06H:onset;60.79E:decrease;61.51U,10.65E:onset;15.65H:onset;20.37E:restep;20.69E:restep_reload;25.69H:restep_reload;30.69E:decrease;31.46U;39.06E:onset;44.06H:onset;60.79E:decrease;61.51U,0,1,11,0,0,6,6,0,0,3,3,2,2
a,中途切换-1d9493,v6.1,dropout_1frame,3,10.65E:onset;15.65H:onset;20.37E:restep;20.69E:restep_reload;25.69H:restep_reload;30.69E:decrease;31.46U;39.06E:onset;44.06H:onset;60.79E:decrease;61.51U,10.65E:onset;15.65H:onset;20.37E:restep;20.69E:restep_reload;25.69H:restep_reload;30.69E:decrease;31.46U;39.06E:onset;44.06H:onset;60.79E:decrease;61.51U,0,1,11,0,0,6,6,0,0,3,3,2,2
a,中途切换-1d9493,v5.1,dropout_1frame,4,0.00E:v5_begin;13.19E:v5_begin;23.38E:v5_begin;41.68E:v5_begin,0.00E:v5_begin;13.19E:v5_begin;23.38E:v5_begin;41.68E:v5_begin,0,1,4,0,0,4,4,0,0,0,0,0,0
a,中途切换-1d9493,v6,dropout_1frame,4,10.65E:onset;15.65H:onset;20.37E:restep;20.69E:restep_reload;25.69H:restep_reload;30.69E:decrease;31.46U;39.06E:onset;44.06H:onset;60.79E:decrease;61.51U,10.65E:onset;15.65H:onset;20.37E:restep;20.69E:restep_reload;25.69H:restep_reload;30.69E:decrease;31.46U;39.06E:onset;44.06H:onset;60.79E:decrease;61.51U,0,1,11,0,0,6,6,0,0,3,3,2,2
a,中途切换-1d9493,v6.1,dropout_1frame,4,10.65E:onset;15.65H:onset;20.37E:restep;20.69E:restep_reload;25.69H:restep_reload;30.69E:decrease;31.46U;39.06E:onset;44.06H:onset;60.79E:decrease;61.51U,10.65E:onset;15.65H:onset;20.37E:restep;20.69E:restep_reload;25.69H:restep_reload;30.69E:decrease;31.46U;39.06E:onset;44.06H:onset;60.79E:decrease;61.51U,0,1,11,0,0,6,6,0,0,3,3,2,2
a,中途切换-1d9493,v5.1,dropout_1frame,5,0.00E:v5_begin;13.19E:v5_begin;23.38E:v5_begin;41.68E:v5_begin,0.00E:v5_begin;13.19E:v5_begin;23.38E:v5_begin;41.68E:v5_begin,0,1,4,0,0,4,4,0,0,0,0,0,0
a,中途切换-1d9493,v6,dropout_1frame,5,10.65E:onset;15.65H:onset;20.37E:restep;20.69E:restep_reload;25.69H:restep_reload;30.69E:decrease;31.46U;39.06E:onset;44.06H:onset;60.79E:decrease;61.51U,10.65E:onset;15.65H:onset;20.37E:restep;20.69E:restep_reload;25.69H:restep_reload;30.69E:decrease;31.46U;39.06E:onset;44.06H:onset;60.79E:decrease;61.51U,0,1,11,0,0,6,6,0,0,3,3,2,2
a,中途切换-1d9493,v6.1,dropout_1frame,5,10.65E:onset;15.65H:onset;20.37E:restep;20.69E:restep_reload;25.69H:restep_reload;30.69E:decrease;31.46U;39.06E:onset;44.06H:onset;60.79E:decrease;61.51U,10.65E:onset;15.65H:onset;20.37E:restep;20.69E:restep_reload;25.69H:restep_reload;30.69E:decrease;31.46U;39.06E:onset;44.06H:onset;60.79E:decrease;61.51U,0,1,11,0,0,6,6,0,0,3,3,2,2
a,中途切换-1d9493,v5.1,dropout_1frame,6,0.00E:v5_begin;13.19E:v5_begin;23.38E:v5_begin;41.68E:v5_begin,0.00E:v5_begin;13.19E:v5_begin;23.38E:v5_begin;41.68E:v5_begin,0,1,4,0,0,4,4,0,0,0,0,0,0
a,中途切换-1d9493,v6,dropout_1frame,6,10.65E:onset;15.65H:onset;20.37E:restep;20.69E:restep_reload;25.69H:restep_reload;30.69E:decrease;31.46U;39.06E:onset;44.06H:onset;60.79E:decrease;61.51U,10.65E:onset;15.65H:onset;20.37E:restep;20.69E:restep_reload;25.69H:restep_reload;30.69E:decrease;31.46U;39.06E:onset;44.06H:onset;60.79E:decrease;61.51U,0,1,11,0,0,6,6,0,0,3,3,2,2
a,中途切换-1d9493,v6.1,dropout_1frame,6,10.65E:onset;15.65H:onset;20.37E:restep;20.69E:restep_reload;25.69H:restep_reload;30.69E:decrease;31.46U;39.06E:onset;44.06H:onset;60.79E:decrease;61.51U,10.65E:onset;15.65H:onset;20.37E:restep;20.69E:restep_reload;25.69H:restep_reload;30.69E:decrease;31.46U;39.06E:onset;44.06H:onset;60.79E:decrease;61.51U,0,1,11,0,0,6,6,0,0,3,3,2,2
a,中途切换-1d9493,v5.1,dropout_1frame,7,0.00E:v5_begin;13.19E:v5_begin;23.38E:v5_begin;41.68E:v5_begin,0.00E:v5_begin;13.19E:v5_begin;23.38E:v5_begin;41.68E:v5_begin,0,1,4,0,0,4,4,0,0,0,0,0,0
a,中途切换-1d9493,v6,dropout_1frame,7,10.65E:onset;15.65H:onset;20.37E:restep;20.69E:restep_reload;25.69H:restep_reload;30.69E:decrease;31.46U;39.06E:onset;44.06H:onset;60.79E:decrease;61.51U,10.65E:onset;15.65H:onset;20.37E:restep;20.69E:restep_reload;25.69H:restep_reload;30.69E:decrease;31.46U;39.06E:onset;44.06H:onset;60.79E:decrease;61.51U,0,1,11,0,0,6,6,0,0,3,3,2,2
a,中途切换-1d9493,v6.1,dropout_1frame,7,10.65E:onset;15.65H:onset;20.37E:restep;20.69E:restep_reload;25.69H:restep_reload;30.69E:decrease;31.46U;39.06E:onset;44.06H:onset;60.79E:decrease;61.51U,10.65E:onset;15.65H:onset;20.37E:restep;20.69E:restep_reload;25.69H:restep_reload;30.69E:decrease;31.46U;39.06E:onset;44.06H:onset;60.79E:decrease;61.51U,0,1,11,0,0,6,6,0,0,3,3,2,2
a,中途切换-1d9493,v5.1,dropout_1frame,8,0.00E:v5_begin;13.19E:v5_begin;23.38E:v5_begin;41.68E:v5_begin,0.00E:v5_begin;13.19E:v5_begin;23.38E:v5_begin;41.68E:v5_begin,0,1,4,0,0,4,4,0,0,0,0,0,0
a,中途切换-1d9493,v6,dropout_1frame,8,10.65E:onset;15.65H:onset;20.37E:restep;20.69E:restep_reload;25.69H:restep_reload;30.69E:decrease;31.46U;39.06E:onset;44.06H:onset;60.79E:decrease;61.51U,10.65E:onset;15.65H:onset;20.37E:restep;20.69E:restep_reload;25.69H:restep_reload;30.69E:decrease;31.46U;39.06E:onset;44.06H:onset;60.79E:decrease;61.51U,0,1,11,0,0,6,6,0,0,3,3,2,2
a,中途切换-1d9493,v6.1,dropout_1frame,8,10.65E:onset;15.65H:onset;20.37E:restep;20.69E:restep_reload;25.69H:restep_reload;30.69E:decrease;31.46U;39.06E:onset;44.06H:onset;60.79E:decrease;61.51U,10.65E:onset;15.65H:onset;20.37E:restep;20.69E:restep_reload;25.69H:restep_reload;30.69E:decrease;31.46U;39.06E:onset;44.06H:onset;60.79E:decrease;61.51U,0,1,11,0,0,6,6,0,0,3,3,2,2
a,中途切换-1d9493,v5.1,dropout_1frame,9,0.00E:v5_begin;13.19E:v5_begin;23.38E:v5_begin;41.68E:v5_begin,0.00E:v5_begin;13.19E:v5_begin;23.38E:v5_begin;41.68E:v5_begin,0,1,4,0,0,4,4,0,0,0,0,0,0
a,中途切换-1d9493,v6,dropout_1frame,9,10.65E:onset;15.65H:onset;20.37E:restep;20.69E:restep_reload;25.69H:restep_reload;30.69E:decrease;31.46U;39.06E:onset;44.06H:onset;60.79E:decrease;61.51U,10.65E:onset;15.65H:onset;20.37E:restep;20.69E:restep_reload;25.69H:restep_reload;30.69E:decrease;31.46U;39.06E:onset;44.06H:onset;60.79E:decrease;61.51U,0,1,11,0,0,6,6,0,0,3,3,2,2
a,中途切换-1d9493,v6.1,dropout_1frame,9,10.65E:onset;15.65H:onset;20.37E:restep;20.69E:restep_reload;25.69H:restep_reload;30.69E:decrease;31.46U;39.06E:onset;44.06H:onset;60.79E:decrease;61.51U,10.65E:onset;15.65H:onset;20.37E:restep;20.69E:restep_reload;25.69H:restep_reload;30.69E:decrease;31.46U;39.06E:onset;44.06H:onset;60.79E:decrease;61.51U,0,1,11,0,0,6,6,0,0,3,3,2,2
a,中途切换-1d9493,v5.1,dropout_1frame,10,0.00E:v5_begin;13.19E:v5_begin;23.38E:v5_begin;41.68E:v5_begin,0.00E:v5_begin;13.19E:v5_begin;23.38E:v5_begin;41.68E:v5_begin,0,1,4,0,0,4,4,0,0,0,0,0,0
a,中途切换-1d9493,v6,dropout_1frame,10,10.65E:onset;15.65H:onset;20.37E:restep;20.69E:restep_reload;25.69H:restep_reload;30.69E:decrease;31.46U;39.06E:onset;44.06H:onset;60.79E:decrease;61.51U,10.65E:onset;15.65H:onset;20.37E:restep;20.69E:restep_reload;25.69H:restep_reload;30.69E:decrease;31.46U;39.06E:onset;44.06H:onset;60.79E:decrease;61.51U,0,1,11,0,0,6,6,0,0,3,3,2,2
a,中途切换-1d9493,v6.1,dropout_1frame,10,10.65E:onset;15.65H:onset;20.37E:restep;20.69E:restep_reload;25.69H:restep_reload;30.69E:decrease;31.46U;39.06E:onset;44.06H:onset;60.79E:decrease;61.51U,10.65E:onset;15.65H:onset;20.37E:restep;20.69E:restep_reload;25.69H:restep_reload;30.69E:decrease;31.46U;39.06E:onset;44.06H:onset;60.79E:decrease;61.51U,0,1,11,0,0,6,6,0,0,3,3,2,2
a,中途切换-1d9493,v5.1,dropout_1frame,11,0.00E:v5_begin;13.19E:v5_begin;23.38E:v5_begin;41.68E:v5_begin,0.00E:v5_begin;13.19E:v5_begin;23.38E:v5_begin;41.68E:v5_begin,0,1,4,0,0,4,4,0,0,0,0,0,0
a,中途切换-1d9493,v6,dropout_1frame,11,10.65E:onset;15.65H:onset;20.37E:restep;20.69E:restep_reload;25.69H:restep_reload;30.69E:decrease;31.46U;39.06E:onset;44.06H:onset;60.79E:decrease;61.51U,10.65E:onset;15.65H:onset;20.37E:restep;20.69E:restep_reload;25.69H:restep_reload;30.69E:decrease;31.46U;39.06E:onset;44.06H:onset;60.79E:decrease;61.51U,0,1,11,0,0,6,6,0,0,3,3,2,2
a,中途切换-1d9493,v6.1,dropout_1frame,11,10.65E:onset;15.65H:onset;20.37E:restep;20.69E:restep_reload;25.69H:restep_reload;30.69E:decrease;31.46U;39.06E:onset;44.06H:onset;60.79E:decrease;61.51U,10.65E:onset;15.65H:onset;20.37E:restep;20.69E:restep_reload;25.69H:restep_reload;30.69E:decrease;31.46U;39.06E:onset;44.06H:onset;60.79E:decrease;61.51U,0,1,11,0,0,6,6,0,0,3,3,2,2
a,中途切换-1d9493,v5.1,dropout_1frame,12,0.00E:v5_begin;13.19E:v5_begin;23.38E:v5_begin;41.68E:v5_begin,0.00E:v5_begin;13.19E:v5_begin;23.38E:v5_begin;41.68E:v5_begin,0,1,4,0,0,4,4,0,0,0,0,0,0
a,中途切换-1d9493,v6,dropout_1frame,12,10.65E:onset;15.65H:onset;20.37E:restep;20.69E:restep_reload;25.69H:restep_reload;30.69E:decrease;31.46U;39.06E:onset;44.06H:onset;60.79E:decrease;61.51U,10.65E:onset;15.65H:onset;20.37E:restep;20.69E:restep_reload;25.69H:restep_reload;30.69E:decrease;31.46U;39.06E:onset;44.06H:onset;60.79E:decrease;61.51U,0,1,11,0,0,6,6,0,0,3,3,2,2
a,中途切换-1d9493,v6.1,dropout_1frame,12,10.65E:onset;15.65H:onset;20.37E:restep;20.69E:restep_reload;25.69H:restep_reload;30.69E:decrease;31.46U;39.06E:onset;44.06H:onset;60.79E:decrease;61.51U,10.65E:onset;15.65H:onset;20.37E:restep;20.69E:restep_reload;25.69H:restep_reload;30.69E:decrease;31.46U;39.06E:onset;44.06H:onset;60.79E:decrease;61.51U,0,1,11,0,0,6,6,0,0,3,3,2,2
a,中途切换-1d9493,v5.1,dropout_1frame,13,0.00E:v5_begin;13.19E:v5_begin;23.38E:v5_begin;41.68E:v5_begin,0.00E:v5_begin;13.19E:v5_begin;23.38E:v5_begin;41.68E:v5_begin,0,1,4,0,0,4,4,0,0,0,0,0,0
a,中途切换-1d9493,v6,dropout_1frame,13,10.65E:onset;15.65H:onset;20.37E:restep;20.69E:restep_reload;25.69H:restep_reload;30.69E:decrease;31.46U;39.06E:onset;44.06H:onset;60.79E:decrease;61.51U,10.65E:onset;15.65H:onset;20.37E:restep;20.69E:restep_reload;25.69H:restep_reload;30.69E:decrease;31.46U;39.06E:onset;44.06H:onset;60.79E:decrease;61.51U,0,1,11,0,0,6,6,0,0,3,3,2,2
a,中途切换-1d9493,v6.1,dropout_1frame,13,10.65E:onset;15.65H:onset;20.37E:restep;20.69E:restep_reload;25.69H:restep_reload;30.69E:decrease;31.46U;39.06E:onset;44.06H:onset;60.79E:decrease;61.51U,10.65E:onset;15.65H:onset;20.37E:restep;20.69E:restep_reload;25.69H:restep_reload;30.69E:decrease;31.46U;39.06E:onset;44.06H:onset;60.79E:decrease;61.51U,0,1,11,0,0,6,6,0,0,3,3,2,2
a,中途切换-1d9493,v5.1,dropout_1frame,14,0.00E:v5_begin;13.19E:v5_begin;23.38E:v5_begin;41.68E:v5_begin,0.00E:v5_begin;13.19E:v5_begin;23.38E:v5_begin;41.68E:v5_begin,0,1,4,0,0,4,4,0,0,0,0,0,0
a,中途切换-1d9493,v6,dropout_1frame,14,10.65E:onset;15.65H:onset;20.37E:restep;20.69E:restep_reload;25.69H:restep_reload;30.69E:decrease;31.46U;39.06E:onset;44.06H:onset;60.79E:decrease;61.51U,10.65E:onset;15.65H:onset;20.37E:restep;20.69E:restep_reload;25.69H:restep_reload;30.69E:decrease;31.46U;39.06E:onset;44.06H:onset;60.79E:decrease;61.51U,0,1,11,0,0,6,6,0,0,3,3,2,2
a,中途切换-1d9493,v6.1,dropout_1frame,14,10.65E:onset;15.65H:onset;20.37E:restep;20.69E:restep_reload;25.69H:restep_reload;30.69E:decrease;31.46U;39.06E:onset;44.06H:onset;60.79E:decrease;61.51U,10.65E:onset;15.65H:onset;20.37E:restep;20.69E:restep_reload;25.69H:restep_reload;30.69E:decrease;31.46U;39.06E:onset;44.06H:onset;60.79E:decrease;61.51U,0,1,11,0,0,6,6,0,0,3,3,2,2
a,中途切换-1d9493,v5.1,dropout_1frame,15,0.00E:v5_begin;13.19E:v5_begin;23.38E:v5_begin;41.68E:v5_begin,0.00E:v5_begin;13.19E:v5_begin;23.38E:v5_begin;41.68E:v5_begin,0,1,4,0,0,4,4,0,0,0,0,0,0
a,中途切换-1d9493,v6,dropout_1frame,15,10.65E:onset;15.65H:onset;20.37E:restep;20.69E:restep_reload;25.69H:restep_reload;30.69E:decrease;31.46U;39.06E:onset;44.06H:onset;60.79E:decrease;61.51U,10.65E:onset;15.65H:onset;20.37E:restep;20.69E:restep_reload;25.69H:restep_reload;30.69E:decrease;31.46U;39.06E:onset;44.06H:onset;60.79E:decrease;61.51U,0,1,11,0,0,6,6,0,0,3,3,2,2
a,中途切换-1d9493,v6.1,dropout_1frame,15,10.65E:onset;15.65H:onset;20.37E:restep;20.69E:restep_reload;25.69H:restep_reload;30.69E:decrease;31.46U;39.06E:onset;44.06H:onset;60.79E:decrease;61.51U,10.65E:onset;15.65H:onset;20.37E:restep;20.69E:restep_reload;25.69H:restep_reload;30.69E:decrease;31.46U;39.06E:onset;44.06H:onset;60.79E:decrease;61.51U,0,1,11,0,0,6,6,0,0,3,3,2,2
a,中途切换-1d9493,v5.1,dropout_1frame,16,0.00E:v5_begin;13.19E:v5_begin;23.38E:v5_begin;41.68E:v5_begin,0.00E:v5_begin;13.19E:v5_begin;23.38E:v5_begin;41.68E:v5_begin,0,1,4,0,0,4,4,0,0,0,0,0,0
a,中途切换-1d9493,v6,dropout_1frame,16,10.65E:onset;15.65H:onset;20.37E:restep;20.69E:restep_reload;25.69H:restep_reload;30.69E:decrease;31.46U;39.06E:onset;44.06H:onset;60.79E:decrease;61.51U,10.65E:onset;15.65H:onset;20.37E:restep;20.69E:restep_reload;25.69H:restep_reload;30.69E:decrease;31.46U;39.06E:onset;44.06H:onset;60.79E:decrease;61.51U,0,1,11,0,0,6,6,0,0,3,3,2,2
a,中途切换-1d9493,v6.1,dropout_1frame,16,10.65E:onset;15.65H:onset;20.37E:restep;20.69E:restep_reload;25.69H:restep_reload;30.69E:decrease;31.46U;39.06E:onset;44.06H:onset;60.79E:decrease;61.51U,10.65E:onset;15.65H:onset;20.37E:restep;20.69E:restep_reload;25.69H:restep_reload;30.69E:decrease;31.46U;39.06E:onset;44.06H:onset;60.79E:decrease;61.51U,0,1,11,0,0,6,6,0,0,3,3,2,2
a,中途切换-1d9493,v5.1,dropout_1frame,17,0.00E:v5_begin;13.19E:v5_begin;23.38E:v5_begin;41.68E:v5_begin,0.00E:v5_begin;13.19E:v5_begin;23.38E:v5_begin;41.68E:v5_begin,0,1,4,0,0,4,4,0,0,0,0,0,0
a,中途切换-1d9493,v6,dropout_1frame,17,10.65E:onset;15.65H:onset;20.37E:restep;20.69E:restep_reload;25.69H:restep_reload;30.69E:decrease;31.46U;39.06E:onset;44.06H:onset;60.79E:decrease;61.51U,10.65E:onset;15.65H:onset;20.37E:restep;20.69E:restep_reload;25.69H:restep_reload;30.69E:decrease;31.46U;39.06E:onset;44.06H:onset;60.79E:decrease;61.51U,0,1,11,0,0,6,6,0,0,3,3,2,2
a,中途切换-1d9493,v6.1,dropout_1frame,17,10.65E:onset;15.65H:onset;20.37E:restep;20.69E:restep_reload;25.69H:restep_reload;30.69E:decrease;31.46U;39.06E:onset;44.06H:onset;60.79E:decrease;61.51U,10.65E:onset;15.65H:onset;20.37E:restep;20.69E:restep_reload;25.69H:restep_reload;30.69E:decrease;31.46U;39.06E:onset;44.06H:onset;60.79E:decrease;61.51U,0,1,11,0,0,6,6,0,0,3,3,2,2
a,中途切换-1d9493,v5.1,dropout_1frame,18,0.00E:v5_begin;13.19E:v5_begin;23.38E:v5_begin;41.68E:v5_begin,0.00E:v5_begin;13.19E:v5_begin;23.38E:v5_begin;41.68E:v5_begin,0,1,4,0,0,4,4,0,0,0,0,0,0
a,中途切换-1d9493,v6,dropout_1frame,18,10.65E:onset;15.65H:onset;20.37E:restep;20.69E:restep_reload;25.69H:restep_reload;30.69E:decrease;31.46U;39.06E:onset;44.06H:onset;60.79E:decrease;61.51U,10.65E:onset;15.65H:onset;20.37E:restep;20.69E:restep_reload;25.69H:restep_reload;30.69E:decrease;31.46U;39.06E:onset;44.06H:onset;60.79E:decrease;61.51U,0,1,11,0,0,6,6,0,0,3,3,2,2
a,中途切换-1d9493,v6.1,dropout_1frame,18,10.65E:onset;15.65H:onset;20.37E:restep;20.69E:restep_reload;25.69H:restep_reload;30.69E:decrease;31.46U;39.06E:onset;44.06H:onset;60.79E:decrease;61.51U,10.65E:onset;15.65H:onset;20.37E:restep;20.69E:restep_reload;25.69H:restep_reload;30.69E:decrease;31.46U;39.06E:onset;44.06H:onset;60.79E:decrease;61.51U,0,1,11,0,0,6,6,0,0,3,3,2,2
a,中途切换-1d9493,v5.1,dropout_1frame,19,0.00E:v5_begin;13.19E:v5_begin;23.38E:v5_begin;41.68E:v5_begin,0.00E:v5_begin;13.19E:v5_begin;23.38E:v5_begin;41.68E:v5_begin,0,1,4,0,0,4,4,0,0,0,0,0,0
a,中途切换-1d9493,v6,dropout_1frame,19,10.65E:onset;15.65H:onset;20.37E:restep;20.69E:restep_reload;25.69H:restep_reload;30.69E:decrease;31.46U;39.06E:onset;44.06H:onset;60.79E:decrease;61.51U,10.65E:onset;15.65H:onset;20.37E:restep;20.69E:restep_reload;25.69H:restep_reload;30.69E:decrease;31.46U;39.06E:onset;44.06H:onset;60.79E:decrease;61.51U,0,1,11,0,0,6,6,0,0,3,3,2,2
a,中途切换-1d9493,v6.1,dropout_1frame,19,10.65E:onset;15.65H:onset;20.37E:restep;20.69E:restep_reload;25.69H:restep_reload;30.69E:decrease;31.46U;39.06E:onset;44.06H:onset;60.79E:decrease;61.51U,10.65E:onset;15.65H:onset;20.37E:restep;20.69E:restep_reload;25.69H:restep_reload;30.69E:decrease;31.46U;39.06E:onset;44.06H:onset;60.79E:decrease;61.51U,0,1,11,0,0,6,6,0,0,3,3,2,2
a,中途切换-1d9493,v5.1,dropout_1frame,20,0.00E:v5_begin;13.19E:v5_begin;23.38E:v5_begin;41.68E:v5_begin,0.00E:v5_begin;13.19E:v5_begin;23.38E:v5_begin;41.68E:v5_begin,0,1,4,0,0,4,4,0,0,0,0,0,0
a,中途切换-1d9493,v6,dropout_1frame,20,10.65E:onset;15.65H:onset;20.37E:restep;20.69E:restep_reload;25.69H:restep_reload;30.69E:decrease;31.46U;39.06E:onset;44.06H:onset;60.79E:decrease;61.51U,10.65E:onset;15.65H:onset;20.37E:restep;20.69E:restep_reload;25.69H:restep_reload;30.69E:decrease;31.46U;39.06E:onset;44.06H:onset;60.79E:decrease;61.51U,0,1,11,0,0,6,6,0,0,3,3,2,2
a,中途切换-1d9493,v6.1,dropout_1frame,20,10.65E:onset;15.65H:onset;20.37E:restep;20.69E:restep_reload;25.69H:restep_reload;30.69E:decrease;31.46U;39.06E:onset;44.06H:onset;60.79E:decrease;61.51U,10.65E:onset;15.65H:onset;20.37E:restep;20.69E:restep_reload;25.69H:restep_reload;30.69E:decrease;31.46U;39.06E:onset;44.06H:onset;60.79E:decrease;61.51U,0,1,11,0,0,6,6,0,0,3,3,2,2
a,中途切换-1d9493,v5.1,dropout_1frame,21,0.00E:v5_begin;13.19E:v5_begin;23.38E:v5_begin;41.68E:v5_begin,0.00E:v5_begin;13.19E:v5_begin;23.38E:v5_begin;41.68E:v5_begin,0,1,4,0,0,4,4,0,0,0,0,0,0
a,中途切换-1d9493,v6,dropout_1frame,21,10.65E:onset;15.65H:onset;20.37E:restep;20.69E:restep_reload;25.69H:restep_reload;30.69E:decrease;31.46U;39.06E:onset;44.06H:onset;60.79E:decrease;61.51U,10.65E:onset;15.65H:onset;20.37E:restep;20.69E:restep_reload;25.69H:restep_reload;30.69E:decrease;31.46U;39.06E:onset;44.06H:onset;60.79E:decrease;61.51U,0,1,11,0,0,6,6,0,0,3,3,2,2
a,中途切换-1d9493,v6.1,dropout_1frame,21,10.65E:onset;15.65H:onset;20.37E:restep;20.69E:restep_reload;25.69H:restep_reload;30.69E:decrease;31.46U;39.06E:onset;44.06H:onset;60.79E:decrease;61.51U,10.65E:onset;15.65H:onset;20.37E:restep;20.69E:restep_reload;25.69H:restep_reload;30.69E:decrease;31.46U;39.06E:onset;44.06H:onset;60.79E:decrease;61.51U,0,1,11,0,0,6,6,0,0,3,3,2,2
a,中途切换-1d9493,v5.1,dropout_1frame,22,0.00E:v5_begin;13.19E:v5_begin;23.38E:v5_begin;41.68E:v5_begin,0.00E:v5_begin;13.19E:v5_begin;23.38E:v5_begin;41.68E:v5_begin,0,1,4,0,0,4,4,0,0,0,0,0,0
a,中途切换-1d9493,v6,dropout_1frame,22,10.65E:onset;15.65H:onset;20.37E:restep;20.69E:restep_reload;25.69H:restep_reload;30.69E:decrease;31.46U;39.06E:onset;44.06H:onset;60.79E:decrease;61.51U,10.65E:onset;15.65H:onset;20.37E:restep;20.69E:restep_reload;25.69H:restep_reload;30.69E:decrease;31.46U;39.06E:onset;44.06H:onset;60.79E:decrease;61.51U,0,1,11,0,0,6,6,0,0,3,3,2,2
a,中途切换-1d9493,v6.1,dropout_1frame,22,10.65E:onset;15.65H:onset;20.37E:restep;20.69E:restep_reload;25.69H:restep_reload;30.69E:decrease;31.46U;39.06E:onset;44.06H:onset;60.79E:decrease;61.51U,10.65E:onset;15.65H:onset;20.37E:restep;20.69E:restep_reload;25.69H:restep_reload;30.69E:decrease;31.46U;39.06E:onset;44.06H:onset;60.79E:decrease;61.51U,0,1,11,0,0,6,6,0,0,3,3,2,2
a,中途切换-1d9493,v5.1,dropout_1frame,23,0.00E:v5_begin;13.19E:v5_begin;23.38E:v5_begin;41.68E:v5_begin,0.00E:v5_begin;13.19E:v5_begin;23.38E:v5_begin;41.68E:v5_begin,0,1,4,0,0,4,4,0,0,0,0,0,0
a,中途切换-1d9493,v6,dropout_1frame,23,10.65E:onset;15.65H:onset;20.37E:restep;20.69E:restep_reload;25.69H:restep_reload;30.69E:decrease;31.46U;39.06E:onset;44.06H:onset;60.79E:decrease;61.51U,10.65E:onset;15.65H:onset;20.37E:restep;20.69E:restep_reload;25.69H:restep_reload;30.69E:decrease;31.46U;39.06E:onset;44.06H:onset;60.79E:decrease;61.51U,0,1,11,0,0,6,6,0,0,3,3,2,2
a,中途切换-1d9493,v6.1,dropout_1frame,23,10.65E:onset;15.65H:onset;20.37E:restep;20.69E:restep_reload;25.69H:restep_reload;30.69E:decrease;31.46U;39.06E:onset;44.06H:onset;60.79E:decrease;61.51U,10.65E:onset;15.65H:onset;20.37E:restep;20.69E:restep_reload;25.69H:restep_reload;30.69E:decrease;31.46U;39.06E:onset;44.06H:onset;60.79E:decrease;61.51U,0,1,11,0,0,6,6,0,0,3,3,2,2
a,中途切换-1d9493,v5.1,dropout_1frame,24,0.00E:v5_begin;13.19E:v5_begin;23.38E:v5_begin;41.68E:v5_begin,0.00E:v5_begin;13.19E:v5_begin;23.38E:v5_begin;41.68E:v5_begin,0,1,4,0,0,4,4,0,0,0,0,0,0
a,中途切换-1d9493,v6,dropout_1frame,24,10.65E:onset;15.65H:onset;20.37E:restep;20.69E:restep_reload;25.69H:restep_reload;30.69E:decrease;31.46U;39.06E:onset;44.06H:onset;60.79E:decrease;61.51U,10.65E:onset;15.65H:onset;20.37E:restep;20.69E:restep_reload;25.69H:restep_reload;30.69E:decrease;31.46U;39.06E:onset;44.06H:onset;60.79E:decrease;61.51U,0,1,11,0,0,6,6,0,0,3,3,2,2
a,中途切换-1d9493,v6.1,dropout_1frame,24,10.65E:onset;15.65H:onset;20.37E:restep;20.69E:restep_reload;25.69H:restep_reload;30.69E:decrease;31.46U;39.06E:onset;44.06H:onset;60.79E:decrease;61.51U,10.65E:onset;15.65H:onset;20.37E:restep;20.69E:restep_reload;25.69H:restep_reload;30.69E:decrease;31.46U;39.06E:onset;44.06H:onset;60.79E:decrease;61.51U,0,1,11,0,0,6,6,0,0,3,3,2,2
a,中途切换-1d9493,v5.1,dropout_1frame,25,0.00E:v5_begin;13.19E:v5_begin;23.38E:v5_begin;41.68E:v5_begin,0.00E:v5_begin;13.19E:v5_begin;23.38E:v5_begin;41.68E:v5_begin,0,1,4,0,0,4,4,0,0,0,0,0,0
a,中途切换-1d9493,v6,dropout_1frame,25,10.65E:onset;15.65H:onset;20.37E:restep;20.69E:restep_reload;25.69H:restep_reload;30.69E:decrease;31.46U;39.06E:onset;44.06H:onset;60.79E:decrease;61.51U,10.65E:onset;15.65H:onset;20.37E:restep;20.69E:restep_reload;25.69H:restep_reload;30.69E:decrease;31.46U;39.06E:onset;44.06H:onset;60.79E:decrease;61.51U,0,1,11,0,0,6,6,0,0,3,3,2,2
a,中途切换-1d9493,v6.1,dropout_1frame,25,10.65E:onset;15.65H:onset;20.37E:restep;20.69E:restep_reload;25.69H:restep_reload;30.69E:decrease;31.46U;39.06E:onset;44.06H:onset;60.79E:decrease;61.51U,10.65E:onset;15.65H:onset;20.37E:restep;20.69E:restep_reload;25.69H:restep_reload;30.69E:decrease;31.46U;39.06E:onset;44.06H:onset;60.79E:decrease;61.51U,0,1,11,0,0,6,6,0,0,3,3,2,2
a,中途切换-1d9493,v5.1,dropout_1frame,26,0.00E:v5_begin;13.19E:v5_begin;23.38E:v5_begin;41.68E:v5_begin,0.00E:v5_begin;13.19E:v5_begin;23.38E:v5_begin;41.68E:v5_begin,0,1,4,0,0,4,4,0,0,0,0,0,0
a,中途切换-1d9493,v6,dropout_1frame,26,10.65E:onset;15.65H:onset;20.37E:restep;20.69E:restep_reload;25.69H:restep_reload;30.69E:decrease;31.46U;39.06E:onset;44.06H:onset;60.79E:decrease;61.51U,10.65E:onset;15.65H:onset;20.37E:restep;20.69E:restep_reload;25.69H:restep_reload;30.69E:decrease;31.46U;39.06E:onset;44.06H:onset;60.79E:decrease;61.51U,0,1,11,0,0,6,6,0,0,3,3,2,2
a,中途切换-1d9493,v6.1,dropout_1frame,26,10.65E:onset;15.65H:onset;20.37E:restep;20.69E:restep_reload;25.69H:restep_reload;30.69E:decrease;31.46U;39.06E:onset;44.06H:onset;60.79E:decrease;61.51U,10.65E:onset;15.65H:onset;20.37E:restep;20.69E:restep_reload;25.69H:restep_reload;30.69E:decrease;31.46U;39.06E:onset;44.06H:onset;60.79E:decrease;61.51U,0,1,11,0,0,6,6,0,0,3,3,2,2
a,中途切换-1d9493,v5.1,dropout_1frame,27,0.00E:v5_begin;13.19E:v5_begin;23.38E:v5_begin;41.68E:v5_begin,0.00E:v5_begin;13.19E:v5_begin;23.38E:v5_begin;41.68E:v5_begin,0,1,4,0,0,4,4,0,0,0,0,0,0
a,中途切换-1d9493,v6,dropout_1frame,27,10.65E:onset;15.65H:onset;20.37E:restep;20.69E:restep_reload;25.69H:restep_reload;30.69E:decrease;31.46U;39.06E:onset;44.06H:onset;60.79E:decrease;61.51U,10.65E:onset;15.65H:onset;20.37E:restep;20.69E:restep_reload;25.69H:restep_reload;30.69E:decrease;31.46U;39.06E:onset;44.06H:onset;60.79E:decrease;61.51U,0,1,11,0,0,6,6,0,0,3,3,2,2
a,中途切换-1d9493,v6.1,dropout_1frame,27,10.65E:onset;15.65H:onset;20.37E:restep;20.69E:restep_reload;25.69H:restep_reload;30.69E:decrease;31.46U;39.06E:onset;44.06H:onset;60.79E:decrease;61.51U,10.65E:onset;15.65H:onset;20.37E:restep;20.69E:restep_reload;25.69H:restep_reload;30.69E:decrease;31.46U;39.06E:onset;44.06H:onset;60.79E:decrease;61.51U,0,1,11,0,0,6,6,0,0,3,3,2,2
a,中途切换-1d9493,v5.1,dropout_1frame,28,0.00E:v5_begin;13.19E:v5_begin;23.38E:v5_begin;41.68E:v5_begin,0.00E:v5_begin;13.19E:v5_begin;23.38E:v5_begin;41.68E:v5_begin,0,1,4,0,0,4,4,0,0,0,0,0,0
a,中途切换-1d9493,v6,dropout_1frame,28,10.65E:onset;15.65H:onset;20.37E:restep;20.69E:restep_reload;25.69H:restep_reload;30.69E:decrease;31.46U;39.06E:onset;44.06H:onset;60.79E:decrease;61.51U,10.65E:onset;15.65H:onset;20.37E:restep;20.69E:restep_reload;25.69H:restep_reload;30.69E:decrease;31.46U;39.06E:onset;44.06H:onset;60.79E:decrease;61.51U,0,1,11,0,0,6,6,0,0,3,3,2,2
a,中途切换-1d9493,v6.1,dropout_1frame,28,10.65E:onset;15.65H:onset;20.37E:restep;20.69E:restep_reload;25.69H:restep_reload;30.69E:decrease;31.46U;39.06E:onset;44.06H:onset;60.79E:decrease;61.51U,10.65E:onset;15.65H:onset;20.37E:restep;20.69E:restep_reload;25.69H:restep_reload;30.69E:decrease;31.46U;39.06E:onset;44.06H:onset;60.79E:decrease;61.51U,0,1,11,0,0,6,6,0,0,3,3,2,2
a,中途切换-1d9493,v5.1,dropout_1frame,29,0.00E:v5_begin;13.19E:v5_begin;23.38E:v5_begin;41.68E:v5_begin,0.00E:v5_begin;13.19E:v5_begin;23.38E:v5_begin;41.68E:v5_begin,0,1,4,0,0,4,4,0,0,0,0,0,0
a,中途切换-1d9493,v6,dropout_1frame,29,10.65E:onset;15.65H:onset;20.37E:restep;20.69E:restep_reload;25.69H:restep_reload;30.69E:decrease;31.46U;39.06E:onset;44.06H:onset;60.79E:decrease;61.51U,10.65E:onset;15.65H:onset;20.37E:restep;20.69E:restep_reload;25.69H:restep_reload;30.69E:decrease;31.46U;39.06E:onset;44.06H:onset;60.79E:decrease;61.51U,0,1,11,0,0,6,6,0,0,3,3,2,2
a,中途切换-1d9493,v6.1,dropout_1frame,29,10.65E:onset;15.65H:onset;20.37E:restep;20.69E:restep_reload;25.69H:restep_reload;30.69E:decrease;31.46U;39.06E:onset;44.06H:onset;60.79E:decrease;61.51U,10.65E:onset;15.65H:onset;20.37E:restep;20.69E:restep_reload;25.69H:restep_reload;30.69E:decrease;31.46U;39.06E:onset;44.06H:onset;60.79E:decrease;61.51U,0,1,11,0,0,6,6,0,0,3,3,2,2
b,四指指尖/数据1,v5.1,timing_J0P,0,0.00E:v5_begin;13.45E:v5_begin,0.00E:v5_begin;13.45E:v5_begin,0,1,2,0,0,2,2,0,0,0,0,0,0
b,四指指尖/数据1,v6,timing_J0P,0,1.61E:onset;2.21U;9.67E:onset;10.26U;10.94E:onset;15.94H:onset,1.61E:onset;2.21U;9.67E:onset;10.26U;10.94E:onset;15.94H:onset,0,1,6,0,0,3,3,0,0,1,1,2,2
b,四指指尖/数据1,v6.1,timing_J0P,0,1.61E:onset;2.21U;9.67E:onset;10.26U;10.94E:onset;15.94H:onset,1.61E:onset;2.21U;9.67E:onset;10.26U;10.94E:onset;15.94H:onset,0,1,6,0,0,3,3,0,0,1,1,2,2
b,四指指尖/数据1,v5.1,timing_J0P,1,0.00E:v5_begin;13.45E:v5_begin,0.00E:v5_begin;13.45E:v5_begin,0,1,2,0,0,2,2,0,0,0,0,0,0
b,四指指尖/数据1,v6,timing_J0P,1,1.61E:onset;2.21U;9.67E:onset;10.26U;10.94E:onset;15.94H:onset,1.61E:onset;2.21U;9.67E:onset;10.26U;10.94E:onset;15.94H:onset,0,1,6,0,0,3,3,0,0,1,1,2,2
b,四指指尖/数据1,v6.1,timing_J0P,1,1.61E:onset;2.21U;9.67E:onset;10.26U;10.94E:onset;15.94H:onset,1.61E:onset;2.21U;9.67E:onset;10.26U;10.94E:onset;15.94H:onset,0,1,6,0,0,3,3,0,0,1,1,2,2
b,四指指尖/数据1,v5.1,timing_J0P,2,0.00E:v5_begin;13.45E:v5_begin,0.00E:v5_begin;13.45E:v5_begin,0,1,2,0,0,2,2,0,0,0,0,0,0
b,四指指尖/数据1,v6,timing_J0P,2,1.61E:onset;2.21U;9.67E:onset;10.26U;10.94E:onset;15.94H:onset,1.61E:onset;2.21U;9.67E:onset;10.26U;10.94E:onset;15.94H:onset,0,1,6,0,0,3,3,0,0,1,1,2,2
b,四指指尖/数据1,v6.1,timing_J0P,2,1.61E:onset;2.21U;9.67E:onset;10.26U;10.94E:onset;15.94H:onset,1.61E:onset;2.21U;9.67E:onset;10.26U;10.94E:onset;15.94H:onset,0,1,6,0,0,3,3,0,0,1,1,2,2
b,四指指尖/数据1,v5.1,timing_J0P,3,0.00E:v5_begin;13.45E:v5_begin,0.00E:v5_begin;13.45E:v5_begin,0,1,2,0,0,2,2,0,0,0,0,0,0
b,四指指尖/数据1,v6,timing_J0P,3,1.61E:onset;2.21U;9.67E:onset;10.26U;10.94E:onset;15.94H:onset,1.61E:onset;2.21U;9.67E:onset;10.26U;10.94E:onset;15.94H:onset,0,1,6,0,0,3,3,0,0,1,1,2,2
b,四指指尖/数据1,v6.1,timing_J0P,3,1.61E:onset;2.21U;9.67E:onset;10.26U;10.94E:onset;15.94H:onset,1.61E:onset;2.21U;9.67E:onset;10.26U;10.94E:onset;15.94H:onset,0,1,6,0,0,3,3,0,0,1,1,2,2
b,四指指尖/数据1,v5.1,timing_J0P,4,0.00E:v5_begin;13.45E:v5_begin,0.00E:v5_begin;13.45E:v5_begin,0,1,2,0,0,2,2,0,0,0,0,0,0
b,四指指尖/数据1,v6,timing_J0P,4,1.61E:onset;2.21U;9.67E:onset;10.26U;10.94E:onset;15.94H:onset,1.61E:onset;2.21U;9.67E:onset;10.26U;10.94E:onset;15.94H:onset,0,1,6,0,0,3,3,0,0,1,1,2,2
b,四指指尖/数据1,v6.1,timing_J0P,4,1.61E:onset;2.21U;9.67E:onset;10.26U;10.94E:onset;15.94H:onset,1.61E:onset;2.21U;9.67E:onset;10.26U;10.94E:onset;15.94H:onset,0,1,6,0,0,3,3,0,0,1,1,2,2
b,四指指尖/数据1,v5.1,timing_J0P,5,0.00E:v5_begin;13.45E:v5_begin,0.00E:v5_begin;13.45E:v5_begin,0,1,2,0,0,2,2,0,0,0,0,0,0
b,四指指尖/数据1,v6,timing_J0P,5,1.61E:onset;2.21U;9.67E:onset;10.26U;10.94E:onset;15.94H:onset,1.61E:onset;2.21U;9.67E:onset;10.26U;10.94E:onset;15.94H:onset,0,1,6,0,0,3,3,0,0,1,1,2,2
b,四指指尖/数据1,v6.1,timing_J0P,5,1.61E:onset;2.21U;9.67E:onset;10.26U;10.94E:onset;15.94H:onset,1.61E:onset;2.21U;9.67E:onset;10.26U;10.94E:onset;15.94H:onset,0,1,6,0,0,3,3,0,0,1,1,2,2
b,四指指尖/数据1,v5.1,timing_J0P,6,0.00E:v5_begin;13.45E:v5_begin,0.00E:v5_begin;13.45E:v5_begin,0,1,2,0,0,2,2,0,0,0,0,0,0
b,四指指尖/数据1,v6,timing_J0P,6,1.61E:onset;2.21U;9.67E:onset;10.26U;10.94E:onset;15.94H:onset,1.61E:onset;2.21U;9.67E:onset;10.26U;10.94E:onset;15.94H:onset,0,1,6,0,0,3,3,0,0,1,1,2,2
b,四指指尖/数据1,v6.1,timing_J0P,6,1.61E:onset;2.21U;9.67E:onset;10.26U;10.94E:onset;15.94H:onset,1.61E:onset;2.21U;9.67E:onset;10.26U;10.94E:onset;15.94H:onset,0,1,6,0,0,3,3,0,0,1,1,2,2
b,四指指尖/数据1,v5.1,timing_J0P,7,0.00E:v5_begin;13.45E:v5_begin,0.00E:v5_begin;13.45E:v5_begin,0,1,2,0,0,2,2,0,0,0,0,0,0
b,四指指尖/数据1,v6,timing_J0P,7,1.61E:onset;2.21U;9.67E:onset;10.26U;10.94E:onset;15.94H:onset,1.61E:onset;2.21U;9.67E:onset;10.26U;10.94E:onset;15.94H:onset,0,1,6,0,0,3,3,0,0,1,1,2,2
b,四指指尖/数据1,v6.1,timing_J0P,7,1.61E:onset;2.21U;9.67E:onset;10.26U;10.94E:onset;15.94H:onset,1.61E:onset;2.21U;9.67E:onset;10.26U;10.94E:onset;15.94H:onset,0,1,6,0,0,3,3,0,0,1,1,2,2
b,四指指尖/数据1,v5.1,timing_J0P,8,0.00E:v5_begin;13.45E:v5_begin,0.00E:v5_begin;13.45E:v5_begin,0,1,2,0,0,2,2,0,0,0,0,0,0
b,四指指尖/数据1,v6,timing_J0P,8,1.61E:onset;2.21U;9.67E:onset;10.26U;10.94E:onset;15.94H:onset,1.61E:onset;2.21U;9.67E:onset;10.26U;10.94E:onset;15.94H:onset,0,1,6,0,0,3,3,0,0,1,1,2,2
b,四指指尖/数据1,v6.1,timing_J0P,8,1.61E:onset;2.21U;9.67E:onset;10.26U;10.94E:onset;15.94H:onset,1.61E:onset;2.21U;9.67E:onset;10.26U;10.94E:onset;15.94H:onset,0,1,6,0,0,3,3,0,0,1,1,2,2
b,四指指尖/数据1,v5.1,timing_J0P,9,0.00E:v5_begin;13.45E:v5_begin,0.00E:v5_begin;13.45E:v5_begin,0,1,2,0,0,2,2,0,0,0,0,0,0
b,四指指尖/数据1,v6,timing_J0P,9,1.61E:onset;2.21U;9.67E:onset;10.26U;10.94E:onset;15.94H:onset,1.61E:onset;2.21U;9.67E:onset;10.26U;10.94E:onset;15.94H:onset,0,1,6,0,0,3,3,0,0,1,1,2,2
b,四指指尖/数据1,v6.1,timing_J0P,9,1.61E:onset;2.21U;9.67E:onset;10.26U;10.94E:onset;15.94H:onset,1.61E:onset;2.21U;9.67E:onset;10.26U;10.94E:onset;15.94H:onset,0,1,6,0,0,3,3,0,0,1,1,2,2
b,四指指尖/数据1,v5.1,timing_J0P,10,0.00E:v5_begin;13.45E:v5_begin,0.00E:v5_begin;13.45E:v5_begin,0,1,2,0,0,2,2,0,0,0,0,0,0
b,四指指尖/数据1,v6,timing_J0P,10,1.61E:onset;2.21U;9.67E:onset;10.26U;10.94E:onset;15.94H:onset,1.61E:onset;2.21U;9.67E:onset;10.26U;10.94E:onset;15.94H:onset,0,1,6,0,0,3,3,0,0,1,1,2,2
b,四指指尖/数据1,v6.1,timing_J0P,10,1.61E:onset;2.21U;9.67E:onset;10.26U;10.94E:onset;15.94H:onset,1.61E:onset;2.21U;9.67E:onset;10.26U;10.94E:onset;15.94H:onset,0,1,6,0,0,3,3,0,0,1,1,2,2
b,四指指尖/数据1,v5.1,timing_J0P,11,0.00E:v5_begin;13.45E:v5_begin,0.00E:v5_begin;13.45E:v5_begin,0,1,2,0,0,2,2,0,0,0,0,0,0
b,四指指尖/数据1,v6,timing_J0P,11,1.61E:onset;2.21U;9.67E:onset;10.26U;10.94E:onset;15.94H:onset,1.61E:onset;2.21U;9.67E:onset;10.26U;10.94E:onset;15.94H:onset,0,1,6,0,0,3,3,0,0,1,1,2,2
b,四指指尖/数据1,v6.1,timing_J0P,11,1.61E:onset;2.21U;9.67E:onset;10.26U;10.94E:onset;15.94H:onset,1.61E:onset;2.21U;9.67E:onset;10.26U;10.94E:onset;15.94H:onset,0,1,6,0,0,3,3,0,0,1,1,2,2
b,四指指尖/数据1,v5.1,timing_J0P,12,0.00E:v5_begin;13.45E:v5_begin,0.00E:v5_begin;13.45E:v5_begin,0,1,2,0,0,2,2,0,0,0,0,0,0
b,四指指尖/数据1,v6,timing_J0P,12,1.61E:onset;2.21U;9.67E:onset;10.26U;10.94E:onset;15.94H:onset,1.61E:onset;2.21U;9.67E:onset;10.26U;10.94E:onset;15.94H:onset,0,1,6,0,0,3,3,0,0,1,1,2,2
b,四指指尖/数据1,v6.1,timing_J0P,12,1.61E:onset;2.21U;9.67E:onset;10.26U;10.94E:onset;15.94H:onset,1.61E:onset;2.21U;9.67E:onset;10.26U;10.94E:onset;15.94H:onset,0,1,6,0,0,3,3,0,0,1,1,2,2
b,四指指尖/数据1,v5.1,timing_J0P,13,0.00E:v5_begin;13.45E:v5_begin,0.00E:v5_begin;13.45E:v5_begin,0,1,2,0,0,2,2,0,0,0,0,0,0
b,四指指尖/数据1,v6,timing_J0P,13,1.61E:onset;2.21U;9.67E:onset;10.26U;10.94E:onset;15.94H:onset,1.61E:onset;2.21U;9.67E:onset;10.26U;10.94E:onset;15.94H:onset,0,1,6,0,0,3,3,0,0,1,1,2,2
b,四指指尖/数据1,v6.1,timing_J0P,13,1.61E:onset;2.21U;9.67E:onset;10.26U;10.94E:onset;15.94H:onset,1.61E:onset;2.21U;9.67E:onset;10.26U;10.94E:onset;15.94H:onset,0,1,6,0,0,3,3,0,0,1,1,2,2
b,四指指尖/数据1,v5.1,timing_J0P,14,0.00E:v5_begin;13.45E:v5_begin,0.00E:v5_begin;13.45E:v5_begin,0,1,2,0,0,2,2,0,0,0,0,0,0
b,四指指尖/数据1,v6,timing_J0P,14,1.61E:onset;2.21U;9.67E:onset;10.26U;10.94E:onset;15.94H:onset,1.61E:onset;2.21U;9.67E:onset;10.26U;10.94E:onset;15.94H:onset,0,1,6,0,0,3,3,0,0,1,1,2,2
b,四指指尖/数据1,v6.1,timing_J0P,14,1.61E:onset;2.21U;9.67E:onset;10.26U;10.94E:onset;15.94H:onset,1.61E:onset;2.21U;9.67E:onset;10.26U;10.94E:onset;15.94H:onset,0,1,6,0,0,3,3,0,0,1,1,2,2
b,四指指尖/数据1,v5.1,timing_J0P,15,0.00E:v5_begin;13.45E:v5_begin,0.00E:v5_begin;13.45E:v5_begin,0,1,2,0,0,2,2,0,0,0,0,0,0
b,四指指尖/数据1,v6,timing_J0P,15,1.61E:onset;2.21U;9.67E:onset;10.26U;10.94E:onset;15.94H:onset,1.61E:onset;2.21U;9.67E:onset;10.26U;10.94E:onset;15.94H:onset,0,1,6,0,0,3,3,0,0,1,1,2,2
b,四指指尖/数据1,v6.1,timing_J0P,15,1.61E:onset;2.21U;9.67E:onset;10.26U;10.94E:onset;15.94H:onset,1.61E:onset;2.21U;9.67E:onset;10.26U;10.94E:onset;15.94H:onset,0,1,6,0,0,3,3,0,0,1,1,2,2
b,四指指尖/数据1,v5.1,timing_J0P,16,0.00E:v5_begin;13.45E:v5_begin,0.00E:v5_begin;13.45E:v5_begin,0,1,2,0,0,2,2,0,0,0,0,0,0
b,四指指尖/数据1,v6,timing_J0P,16,1.61E:onset;2.21U;9.67E:onset;10.26U;10.94E:onset;15.94H:onset,1.61E:onset;2.21U;9.67E:onset;10.26U;10.94E:onset;15.94H:onset,0,1,6,0,0,3,3,0,0,1,1,2,2
b,四指指尖/数据1,v6.1,timing_J0P,16,1.61E:onset;2.21U;9.67E:onset;10.26U;10.94E:onset;15.94H:onset,1.61E:onset;2.21U;9.67E:onset;10.26U;10.94E:onset;15.94H:onset,0,1,6,0,0,3,3,0,0,1,1,2,2
b,四指指尖/数据1,v5.1,timing_J0P,17,0.00E:v5_begin;13.45E:v5_begin,0.00E:v5_begin;13.45E:v5_begin,0,1,2,0,0,2,2,0,0,0,0,0,0
b,四指指尖/数据1,v6,timing_J0P,17,1.61E:onset;2.21U;9.67E:onset;10.26U;10.94E:onset;15.94H:onset,1.61E:onset;2.21U;9.67E:onset;10.26U;10.94E:onset;15.94H:onset,0,1,6,0,0,3,3,0,0,1,1,2,2
b,四指指尖/数据1,v6.1,timing_J0P,17,1.61E:onset;2.21U;9.67E:onset;10.26U;10.94E:onset;15.94H:onset,1.61E:onset;2.21U;9.67E:onset;10.26U;10.94E:onset;15.94H:onset,0,1,6,0,0,3,3,0,0,1,1,2,2
b,四指指尖/数据1,v5.1,timing_J0P,18,0.00E:v5_begin;13.45E:v5_begin,0.00E:v5_begin;13.45E:v5_begin,0,1,2,0,0,2,2,0,0,0,0,0,0
b,四指指尖/数据1,v6,timing_J0P,18,1.61E:onset;2.21U;9.67E:onset;10.26U;10.94E:onset;15.94H:onset,1.61E:onset;2.21U;9.67E:onset;10.26U;10.94E:onset;15.94H:onset,0,1,6,0,0,3,3,0,0,1,1,2,2
b,四指指尖/数据1,v6.1,timing_J0P,18,1.61E:onset;2.21U;9.67E:onset;10.26U;10.94E:onset;15.94H:onset,1.61E:onset;2.21U;9.67E:onset;10.26U;10.94E:onset;15.94H:onset,0,1,6,0,0,3,3,0,0,1,1,2,2
b,四指指尖/数据1,v5.1,timing_J0P,19,0.00E:v5_begin;13.45E:v5_begin,0.00E:v5_begin;13.45E:v5_begin,0,1,2,0,0,2,2,0,0,0,0,0,0
b,四指指尖/数据1,v6,timing_J0P,19,1.61E:onset;2.21U;9.67E:onset;10.26U;10.94E:onset;15.94H:onset,1.61E:onset;2.21U;9.67E:onset;10.26U;10.94E:onset;15.94H:onset,0,1,6,0,0,3,3,0,0,1,1,2,2
b,四指指尖/数据1,v6.1,timing_J0P,19,1.61E:onset;2.21U;9.67E:onset;10.26U;10.94E:onset;15.94H:onset,1.61E:onset;2.21U;9.67E:onset;10.26U;10.94E:onset;15.94H:onset,0,1,6,0,0,3,3,0,0,1,1,2,2
b,四指指尖/数据1,v5.1,timing_J0P,20,0.00E:v5_begin;13.45E:v5_begin,0.00E:v5_begin;13.45E:v5_begin,0,1,2,0,0,2,2,0,0,0,0,0,0
b,四指指尖/数据1,v6,timing_J0P,20,1.61E:onset;2.21U;9.67E:onset;10.26U;10.94E:onset;15.94H:onset,1.61E:onset;2.21U;9.67E:onset;10.26U;10.94E:onset;15.94H:onset,0,1,6,0,0,3,3,0,0,1,1,2,2
b,四指指尖/数据1,v6.1,timing_J0P,20,1.61E:onset;2.21U;9.67E:onset;10.26U;10.94E:onset;15.94H:onset,1.61E:onset;2.21U;9.67E:onset;10.26U;10.94E:onset;15.94H:onset,0,1,6,0,0,3,3,0,0,1,1,2,2
b,四指指尖/数据1,v5.1,timing_J0P,21,0.00E:v5_begin;13.45E:v5_begin,0.00E:v5_begin;13.45E:v5_begin,0,1,2,0,0,2,2,0,0,0,0,0,0
b,四指指尖/数据1,v6,timing_J0P,21,1.61E:onset;2.21U;9.67E:onset;10.26U;10.94E:onset;15.94H:onset,1.61E:onset;2.21U;9.67E:onset;10.26U;10.94E:onset;15.94H:onset,0,1,6,0,0,3,3,0,0,1,1,2,2
b,四指指尖/数据1,v6.1,timing_J0P,21,1.61E:onset;2.21U;9.67E:onset;10.26U;10.94E:onset;15.94H:onset,1.61E:onset;2.21U;9.67E:onset;10.26U;10.94E:onset;15.94H:onset,0,1,6,0,0,3,3,0,0,1,1,2,2
b,四指指尖/数据1,v5.1,timing_J0P,22,0.00E:v5_begin;13.45E:v5_begin,0.00E:v5_begin;13.45E:v5_begin,0,1,2,0,0,2,2,0,0,0,0,0,0
b,四指指尖/数据1,v6,timing_J0P,22,1.61E:onset;2.21U;9.67E:onset;10.26U;10.94E:onset;15.94H:onset,1.61E:onset;2.21U;9.67E:onset;10.26U;10.94E:onset;15.94H:onset,0,1,6,0,0,3,3,0,0,1,1,2,2
b,四指指尖/数据1,v6.1,timing_J0P,22,1.61E:onset;2.21U;9.67E:onset;10.26U;10.94E:onset;15.94H:onset,1.61E:onset;2.21U;9.67E:onset;10.26U;10.94E:onset;15.94H:onset,0,1,6,0,0,3,3,0,0,1,1,2,2
b,四指指尖/数据1,v5.1,timing_J0P,23,0.00E:v5_begin;13.45E:v5_begin,0.00E:v5_begin;13.45E:v5_begin,0,1,2,0,0,2,2,0,0,0,0,0,0
b,四指指尖/数据1,v6,timing_J0P,23,1.61E:onset;2.21U;9.67E:onset;10.26U;10.94E:onset;15.94H:onset,1.61E:onset;2.21U;9.67E:onset;10.26U;10.94E:onset;15.94H:onset,0,1,6,0,0,3,3,0,0,1,1,2,2
b,四指指尖/数据1,v6.1,timing_J0P,23,1.61E:onset;2.21U;9.67E:onset;10.26U;10.94E:onset;15.94H:onset,1.61E:onset;2.21U;9.67E:onset;10.26U;10.94E:onset;15.94H:onset,0,1,6,0,0,3,3,0,0,1,1,2,2
b,四指指尖/数据1,v5.1,timing_J0P,24,0.00E:v5_begin;13.45E:v5_begin,0.00E:v5_begin;13.45E:v5_begin,0,1,2,0,0,2,2,0,0,0,0,0,0
b,四指指尖/数据1,v6,timing_J0P,24,1.61E:onset;2.21U;9.67E:onset;10.26U;10.94E:onset;15.94H:onset,1.61E:onset;2.21U;9.67E:onset;10.26U;10.94E:onset;15.94H:onset,0,1,6,0,0,3,3,0,0,1,1,2,2
b,四指指尖/数据1,v6.1,timing_J0P,24,1.61E:onset;2.21U;9.67E:onset;10.26U;10.94E:onset;15.94H:onset,1.61E:onset;2.21U;9.67E:onset;10.26U;10.94E:onset;15.94H:onset,0,1,6,0,0,3,3,0,0,1,1,2,2
b,四指指尖/数据1,v5.1,timing_J0P,25,0.00E:v5_begin;13.45E:v5_begin,0.00E:v5_begin;13.45E:v5_begin,0,1,2,0,0,2,2,0,0,0,0,0,0
b,四指指尖/数据1,v6,timing_J0P,25,1.61E:onset;2.21U;9.67E:onset;10.26U;10.94E:onset;15.94H:onset,1.61E:onset;2.21U;9.67E:onset;10.26U;10.94E:onset;15.94H:onset,0,1,6,0,0,3,3,0,0,1,1,2,2
b,四指指尖/数据1,v6.1,timing_J0P,25,1.61E:onset;2.21U;9.67E:onset;10.26U;10.94E:onset;15.94H:onset,1.61E:onset;2.21U;9.67E:onset;10.26U;10.94E:onset;15.94H:onset,0,1,6,0,0,3,3,0,0,1,1,2,2
b,四指指尖/数据1,v5.1,timing_J0P,26,0.00E:v5_begin;13.45E:v5_begin,0.00E:v5_begin;13.45E:v5_begin,0,1,2,0,0,2,2,0,0,0,0,0,0
b,四指指尖/数据1,v6,timing_J0P,26,1.61E:onset;2.21U;9.67E:onset;10.26U;10.94E:onset;15.94H:onset,1.61E:onset;2.21U;9.67E:onset;10.26U;10.94E:onset;15.94H:onset,0,1,6,0,0,3,3,0,0,1,1,2,2
b,四指指尖/数据1,v6.1,timing_J0P,26,1.61E:onset;2.21U;9.67E:onset;10.26U;10.94E:onset;15.94H:onset,1.61E:onset;2.21U;9.67E:onset;10.26U;10.94E:onset;15.94H:onset,0,1,6,0,0,3,3,0,0,1,1,2,2
b,四指指尖/数据1,v5.1,timing_J0P,27,0.00E:v5_begin;13.45E:v5_begin,0.00E:v5_begin;13.45E:v5_begin,0,1,2,0,0,2,2,0,0,0,0,0,0
b,四指指尖/数据1,v6,timing_J0P,27,1.61E:onset;2.21U;9.67E:onset;10.26U;10.94E:onset;15.94H:onset,1.61E:onset;2.21U;9.67E:onset;10.26U;10.94E:onset;15.94H:onset,0,1,6,0,0,3,3,0,0,1,1,2,2
b,四指指尖/数据1,v6.1,timing_J0P,27,1.61E:onset;2.21U;9.67E:onset;10.26U;10.94E:onset;15.94H:onset,1.61E:onset;2.21U;9.67E:onset;10.26U;10.94E:onset;15.94H:onset,0,1,6,0,0,3,3,0,0,1,1,2,2
b,四指指尖/数据1,v5.1,timing_J0P,28,0.00E:v5_begin;13.45E:v5_begin,0.00E:v5_begin;13.45E:v5_begin,0,1,2,0,0,2,2,0,0,0,0,0,0
b,四指指尖/数据1,v6,timing_J0P,28,1.61E:onset;2.21U;9.67E:onset;10.26U;10.94E:onset;15.94H:onset,1.61E:onset;2.21U;9.67E:onset;10.26U;10.94E:onset;15.94H:onset,0,1,6,0,0,3,3,0,0,1,1,2,2
b,四指指尖/数据1,v6.1,timing_J0P,28,1.61E:onset;2.21U;9.67E:onset;10.26U;10.94E:onset;15.94H:onset,1.61E:onset;2.21U;9.67E:onset;10.26U;10.94E:onset;15.94H:onset,0,1,6,0,0,3,3,0,0,1,1,2,2
b,四指指尖/数据1,v5.1,timing_J0P,29,0.00E:v5_begin;13.45E:v5_begin,0.00E:v5_begin;13.45E:v5_begin,0,1,2,0,0,2,2,0,0,0,0,0,0
b,四指指尖/数据1,v6,timing_J0P,29,1.61E:onset;2.21U;9.67E:onset;10.26U;10.94E:onset;15.94H:onset,1.61E:onset;2.21U;9.67E:onset;10.26U;10.94E:onset;15.94H:onset,0,1,6,0,0,3,3,0,0,1,1,2,2
b,四指指尖/数据1,v6.1,timing_J0P,29,1.61E:onset;2.21U;9.67E:onset;10.26U;10.94E:onset;15.94H:onset,1.61E:onset;2.21U;9.67E:onset;10.26U;10.94E:onset;15.94H:onset,0,1,6,0,0,3,3,0,0,1,1,2,2
b,四指指尖/数据1,v5.1,timing_J25P,0,0.00E:v5_begin;13.45E:v5_begin,0.00E:v5_begin;13.44E:v5_begin,0,1,2,0,0,2,2,0,0,0,0,0,0
b,四指指尖/数据1,v6,timing_J25P,0,1.61E:onset;2.21U;9.67E:onset;10.26U;10.94E:onset;15.94H:onset,1.62E:onset;2.21U;9.66E:onset;10.26U;10.94E:onset;15.95H:onset,0,1,6,0,0,3,3,0,0,1,1,2,2
b,四指指尖/数据1,v6.1,timing_J25P,0,1.61E:onset;2.21U;9.67E:onset;10.26U;10.94E:onset;15.94H:onset,1.62E:onset;2.21U;9.66E:onset;10.26U;10.94E:onset;15.95H:onset,0,1,6,0,0,3,3,0,0,1,1,2,2
b,四指指尖/数据1,v5.1,timing_J25P,1,0.00E:v5_begin;13.45E:v5_begin,0.00E:v5_begin;13.45E:v5_begin,0,1,2,0,0,2,2,0,0,0,0,0,0
b,四指指尖/数据1,v6,timing_J25P,1,1.61E:onset;2.21U;9.67E:onset;10.26U;10.94E:onset;15.94H:onset,1.63E:onset;2.22U;9.66E:onset;10.26U;10.94E:onset;15.95H:onset,0,1,6,0,0,3,3,0,0,1,1,2,2
b,四指指尖/数据1,v6.1,timing_J25P,1,1.61E:onset;2.21U;9.67E:onset;10.26U;10.94E:onset;15.94H:onset,1.63E:onset;2.22U;9.66E:onset;10.26U;10.94E:onset;15.95H:onset,0,1,6,0,0,3,3,0,0,1,1,2,2
b,四指指尖/数据1,v5.1,timing_J25P,2,0.00E:v5_begin;13.45E:v5_begin,0.00E:v5_begin;13.45E:v5_begin,0,1,2,0,0,2,2,0,0,0,0,0,0
b,四指指尖/数据1,v6,timing_J25P,2,1.61E:onset;2.21U;9.67E:onset;10.26U;10.94E:onset;15.94H:onset,9.67E:onset;10.27U;10.94E:onset;15.95H:onset,2,0,4,0,2,2,3,0,0,1,1,1,2
b,四指指尖/数据1,v6.1,timing_J25P,2,1.61E:onset;2.21U;9.67E:onset;10.26U;10.94E:onset;15.94H:onset,9.67E:onset;10.27U;10.94E:onset;15.95H:onset,2,0,4,0,2,2,3,0,0,1,1,1,2
b,四指指尖/数据1,v5.1,timing_J25P,3,0.00E:v5_begin;13.45E:v5_begin,0.00E:v5_begin;13.44E:v5_begin,0,1,2,0,0,2,2,0,0,0,0,0,0
b,四指指尖/数据1,v6,timing_J25P,3,1.61E:onset;2.21U;9.67E:onset;10.26U;10.94E:onset;15.94H:onset,1.62E:onset;2.21U;9.67E:onset;10.26U;10.94E:onset;15.94H:onset,0,1,6,0,0,3,3,0,0,1,1,2,2
b,四指指尖/数据1,v6.1,timing_J25P,3,1.61E:onset;2.21U;9.67E:onset;10.26U;10.94E:onset;15.94H:onset,1.62E:onset;2.21U;9.67E:onset;10.26U;10.94E:onset;15.94H:onset,0,1,6,0,0,3,3,0,0,1,1,2,2
b,四指指尖/数据1,v5.1,timing_J25P,4,0.00E:v5_begin;13.45E:v5_begin,0.00E:v5_begin;13.44E:v5_begin,0,1,2,0,0,2,2,0,0,0,0,0,0
b,四指指尖/数据1,v6,timing_J25P,4,1.61E:onset;2.21U;9.67E:onset;10.26U;10.94E:onset;15.94H:onset,1.63E:onset;2.22U;9.67E:onset;10.27U;10.94E:onset;15.95H:onset,0,1,6,0,0,3,3,0,0,1,1,2,2
b,四指指尖/数据1,v6.1,timing_J25P,4,1.61E:onset;2.21U;9.67E:onset;10.26U;10.94E:onset;15.94H:onset,1.63E:onset;2.22U;9.67E:onset;10.27U;10.94E:onset;15.95H:onset,0,1,6,0,0,3,3,0,0,1,1,2,2
b,四指指尖/数据1,v5.1,timing_J25P,5,0.00E:v5_begin;13.45E:v5_begin,0.00E:v5_begin;13.45E:v5_begin,0,1,2,0,0,2,2,0,0,0,0,0,0
b,四指指尖/数据1,v6,timing_J25P,5,1.61E:onset;2.21U;9.67E:onset;10.26U;10.94E:onset;15.94H:onset,1.63E:onset;2.22U;9.67E:onset;10.26U;10.94E:onset;15.95H:onset,0,1,6,0,0,3,3,0,0,1,1,2,2
b,四指指尖/数据1,v6.1,timing_J25P,5,1.61E:onset;2.21U;9.67E:onset;10.26U;10.94E:onset;15.94H:onset,1.63E:onset;2.22U;9.67E:onset;10.26U;10.94E:onset;15.95H:onset,0,1,6,0,0,3,3,0,0,1,1,2,2
b,四指指尖/数据1,v5.1,timing_J25P,6,0.00E:v5_begin;13.45E:v5_begin,-0.00E:v5_begin;13.45E:v5_begin,0,1,2,0,0,2,2,0,0,0,0,0,0
b,四指指尖/数据1,v6,timing_J25P,6,1.61E:onset;2.21U;9.67E:onset;10.26U;10.94E:onset;15.94H:onset,1.63E:onset;2.22U;9.66E:onset;10.26U;10.94E:onset;15.95H:onset,0,1,6,0,0,3,3,0,0,1,1,2,2
b,四指指尖/数据1,v6.1,timing_J25P,6,1.61E:onset;2.21U;9.67E:onset;10.26U;10.94E:onset;15.94H:onset,1.63E:onset;2.22U;9.66E:onset;10.26U;10.94E:onset;15.95H:onset,0,1,6,0,0,3,3,0,0,1,1,2,2
b,四指指尖/数据1,v5.1,timing_J25P,7,0.00E:v5_begin;13.45E:v5_begin,-0.00E:v5_begin;13.44E:v5_begin,0,1,2,0,0,2,2,0,0,0,0,0,0
b,四指指尖/数据1,v6,timing_J25P,7,1.61E:onset;2.21U;9.67E:onset;10.26U;10.94E:onset;15.94H:onset,1.61E:onset;2.21U;9.67E:onset;10.26U;10.94E:onset;15.94H:onset,0,1,6,0,0,3,3,0,0,1,1,2,2
b,四指指尖/数据1,v6.1,timing_J25P,7,1.61E:onset;2.21U;9.67E:onset;10.26U;10.94E:onset;15.94H:onset,1.61E:onset;2.21U;9.67E:onset;10.26U;10.94E:onset;15.94H:onset,0,1,6,0,0,3,3,0,0,1,1,2,2
b,四指指尖/数据1,v5.1,timing_J25P,8,0.00E:v5_begin;13.45E:v5_begin,0.00E:v5_begin;13.45E:v5_begin,0,1,2,0,0,2,2,0,0,0,0,0,0
b,四指指尖/数据1,v6,timing_J25P,8,1.61E:onset;2.21U;9.67E:onset;10.26U;10.94E:onset;15.94H:onset,1.63E:onset;2.22U;9.66E:onset;10.26U;10.94E:onset;15.95H:onset,0,1,6,0,0,3,3,0,0,1,1,2,2
b,四指指尖/数据1,v6.1,timing_J25P,8,1.61E:onset;2.21U;9.67E:onset;10.26U;10.94E:onset;15.94H:onset,1.63E:onset;2.22U;9.66E:onset;10.26U;10.94E:onset;15.95H:onset,0,1,6,0,0,3,3,0,0,1,1,2,2
b,四指指尖/数据1,v5.1,timing_J25P,9,0.00E:v5_begin;13.45E:v5_begin,-0.00E:v5_begin;13.45E:v5_begin,0,1,2,0,0,2,2,0,0,0,0,0,0
b,四指指尖/数据1,v6,timing_J25P,9,1.61E:onset;2.21U;9.67E:onset;10.26U;10.94E:onset;15.94H:onset,1.62E:onset;2.22U;9.67E:onset;10.26U;10.94E:onset;15.94H:onset,0,1,6,0,0,3,3,0,0,1,1,2,2
b,四指指尖/数据1,v6.1,timing_J25P,9,1.61E:onset;2.21U;9.67E:onset;10.26U;10.94E:onset;15.94H:onset,1.62E:onset;2.22U;9.67E:onset;10.26U;10.94E:onset;15.94H:onset,0,1,6,0,0,3,3,0,0,1,1,2,2
b,四指指尖/数据1,v5.1,timing_J25P,10,0.00E:v5_begin;13.45E:v5_begin,0.00E:v5_begin;13.45E:v5_begin,0,1,2,0,0,2,2,0,0,0,0,0,0
b,四指指尖/数据1,v6,timing_J25P,10,1.61E:onset;2.21U;9.67E:onset;10.26U;10.94E:onset;15.94H:onset,1.61E:onset;2.21U;9.66E:onset;10.26U;10.94E:onset;15.95H:onset,0,1,6,0,0,3,3,0,0,1,1,2,2
b,四指指尖/数据1,v6.1,timing_J25P,10,1.61E:onset;2.21U;9.67E:onset;10.26U;10.94E:onset;15.94H:onset,1.61E:onset;2.21U;9.66E:onset;10.26U;10.94E:onset;15.95H:onset,0,1,6,0,0,3,3,0,0,1,1,2,2
b,四指指尖/数据1,v5.1,timing_J25P,11,0.00E:v5_begin;13.45E:v5_begin,-0.00E:v5_begin;13.45E:v5_begin,0,1,2,0,0,2,2,0,0,0,0,0,0
b,四指指尖/数据1,v6,timing_J25P,11,1.61E:onset;2.21U;9.67E:onset;10.26U;10.94E:onset;15.94H:onset,9.67E:onset;10.27U;10.94E:onset;15.95H:onset,2,0,4,0,2,2,3,0,0,1,1,1,2
b,四指指尖/数据1,v6.1,timing_J25P,11,1.61E:onset;2.21U;9.67E:onset;10.26U;10.94E:onset;15.94H:onset,9.67E:onset;10.27U;10.94E:onset;15.95H:onset,2,0,4,0,2,2,3,0,0,1,1,1,2
b,四指指尖/数据1,v5.1,timing_J25P,12,0.00E:v5_begin;13.45E:v5_begin,0.00E:v5_begin;13.44E:v5_begin,0,1,2,0,0,2,2,0,0,0,0,0,0
b,四指指尖/数据1,v6,timing_J25P,12,1.61E:onset;2.21U;9.67E:onset;10.26U;10.94E:onset;15.94H:onset,9.69E:onset;10.28U;10.94E:onset;15.94H:onset,2,0,4,0,2,2,3,0,0,1,1,1,2
b,四指指尖/数据1,v6.1,timing_J25P,12,1.61E:onset;2.21U;9.67E:onset;10.26U;10.94E:onset;15.94H:onset,9.69E:onset;10.28U;10.94E:onset;15.94H:onset,2,0,4,0,2,2,3,0,0,1,1,1,2
b,四指指尖/数据1,v5.1,timing_J25P,13,0.00E:v5_begin;13.45E:v5_begin,0.00E:v5_begin;13.45E:v5_begin,0,1,2,0,0,2,2,0,0,0,0,0,0
b,四指指尖/数据1,v6,timing_J25P,13,1.61E:onset;2.21U;9.67E:onset;10.26U;10.94E:onset;15.94H:onset,1.61E:onset;2.21U;9.67E:onset;10.27U;10.94E:onset;15.94H:onset,0,1,6,0,0,3,3,0,0,1,1,2,2
b,四指指尖/数据1,v6.1,timing_J25P,13,1.61E:onset;2.21U;9.67E:onset;10.26U;10.94E:onset;15.94H:onset,1.61E:onset;2.21U;9.67E:onset;10.27U;10.94E:onset;15.94H:onset,0,1,6,0,0,3,3,0,0,1,1,2,2
b,四指指尖/数据1,v5.1,timing_J25P,14,0.00E:v5_begin;13.45E:v5_begin,-0.00E:v5_begin;13.45E:v5_begin,0,1,2,0,0,2,2,0,0,0,0,0,0
b,四指指尖/数据1,v6,timing_J25P,14,1.61E:onset;2.21U;9.67E:onset;10.26U;10.94E:onset;15.94H:onset,1.62E:onset;2.21U;9.68E:onset;10.27U;10.94E:onset;15.94H:onset,0,1,6,0,0,3,3,0,0,1,1,2,2
b,四指指尖/数据1,v6.1,timing_J25P,14,1.61E:onset;2.21U;9.67E:onset;10.26U;10.94E:onset;15.94H:onset,1.62E:onset;2.21U;9.68E:onset;10.27U;10.94E:onset;15.94H:onset,0,1,6,0,0,3,3,0,0,1,1,2,2
b,四指指尖/数据1,v5.1,timing_J25P,15,0.00E:v5_begin;13.45E:v5_begin,-0.00E:v5_begin;13.45E:v5_begin,0,1,2,0,0,2,2,0,0,0,0,0,0
b,四指指尖/数据1,v6,timing_J25P,15,1.61E:onset;2.21U;9.67E:onset;10.26U;10.94E:onset;15.94H:onset,9.79E:onset;10.30U;10.94E:onset;15.95H:onset,2,0,4,0,2,2,3,0,0,1,1,1,2
b,四指指尖/数据1,v6.1,timing_J25P,15,1.61E:onset;2.21U;9.67E:onset;10.26U;10.94E:onset;15.94H:onset,9.79E:onset;10.30U;10.94E:onset;15.95H:onset,2,0,4,0,2,2,3,0,0,1,1,1,2
b,四指指尖/数据1,v5.1,timing_J25P,16,0.00E:v5_begin;13.45E:v5_begin,0.00E:v5_begin;13.44E:v5_begin,0,1,2,0,0,2,2,0,0,0,0,0,0
b,四指指尖/数据1,v6,timing_J25P,16,1.61E:onset;2.21U;9.67E:onset;10.26U;10.94E:onset;15.94H:onset,1.62E:onset;2.21U;9.79E:onset;10.29U;10.94E:onset;15.94H:onset,0,1,6,0,0,3,3,0,0,1,1,2,2
b,四指指尖/数据1,v6.1,timing_J25P,16,1.61E:onset;2.21U;9.67E:onset;10.26U;10.94E:onset;15.94H:onset,1.62E:onset;2.21U;9.79E:onset;10.29U;10.94E:onset;15.94H:onset,0,1,6,0,0,3,3,0,0,1,1,2,2
b,四指指尖/数据1,v5.1,timing_J25P,17,0.00E:v5_begin;13.45E:v5_begin,-0.00E:v5_begin;13.45E:v5_begin,0,1,2,0,0,2,2,0,0,0,0,0,0
b,四指指尖/数据1,v6,timing_J25P,17,1.61E:onset;2.21U;9.67E:onset;10.26U;10.94E:onset;15.94H:onset,1.63E:onset;2.22U;9.67E:onset;10.27U;10.94E:onset;15.94H:onset,0,1,6,0,0,3,3,0,0,1,1,2,2
b,四指指尖/数据1,v6.1,timing_J25P,17,1.61E:onset;2.21U;9.67E:onset;10.26U;10.94E:onset;15.94H:onset,1.63E:onset;2.22U;9.67E:onset;10.27U;10.94E:onset;15.94H:onset,0,1,6,0,0,3,3,0,0,1,1,2,2
b,四指指尖/数据1,v5.1,timing_J25P,18,0.00E:v5_begin;13.45E:v5_begin,0.00E:v5_begin;13.44E:v5_begin,0,1,2,0,0,2,2,0,0,0,0,0,0
b,四指指尖/数据1,v6,timing_J25P,18,1.61E:onset;2.21U;9.67E:onset;10.26U;10.94E:onset;15.94H:onset,1.63E:onset;2.22U;9.67E:onset;10.26U;10.94E:onset;15.95H:onset,0,1,6,0,0,3,3,0,0,1,1,2,2
b,四指指尖/数据1,v6.1,timing_J25P,18,1.61E:onset;2.21U;9.67E:onset;10.26U;10.94E:onset;15.94H:onset,1.63E:onset;2.22U;9.67E:onset;10.26U;10.94E:onset;15.95H:onset,0,1,6,0,0,3,3,0,0,1,1,2,2
b,四指指尖/数据1,v5.1,timing_J25P,19,0.00E:v5_begin;13.45E:v5_begin,0.00E:v5_begin;13.44E:v5_begin,0,1,2,0,0,2,2,0,0,0,0,0,0
b,四指指尖/数据1,v6,timing_J25P,19,1.61E:onset;2.21U;9.67E:onset;10.26U;10.94E:onset;15.94H:onset,1.62E:onset;2.21U;9.67E:onset;10.26U;10.94E:onset;15.95H:onset,0,1,6,0,0,3,3,0,0,1,1,2,2
b,四指指尖/数据1,v6.1,timing_J25P,19,1.61E:onset;2.21U;9.67E:onset;10.26U;10.94E:onset;15.94H:onset,1.62E:onset;2.21U;9.67E:onset;10.26U;10.94E:onset;15.95H:onset,0,1,6,0,0,3,3,0,0,1,1,2,2
b,四指指尖/数据1,v5.1,timing_J25P,20,0.00E:v5_begin;13.45E:v5_begin,-0.00E:v5_begin;13.44E:v5_begin,0,1,2,0,0,2,2,0,0,0,0,0,0
b,四指指尖/数据1,v6,timing_J25P,20,1.61E:onset;2.21U;9.67E:onset;10.26U;10.94E:onset;15.94H:onset,1.62E:onset;2.22U;9.68E:onset;10.28U;10.94E:onset;15.94H:onset,0,1,6,0,0,3,3,0,0,1,1,2,2
b,四指指尖/数据1,v6.1,timing_J25P,20,1.61E:onset;2.21U;9.67E:onset;10.26U;10.94E:onset;15.94H:onset,1.62E:onset;2.22U;9.68E:onset;10.28U;10.94E:onset;15.94H:onset,0,1,6,0,0,3,3,0,0,1,1,2,2
b,四指指尖/数据1,v5.1,timing_J25P,21,0.00E:v5_begin;13.45E:v5_begin,-0.00E:v5_begin;13.44E:v5_begin,0,1,2,0,0,2,2,0,0,0,0,0,0
b,四指指尖/数据1,v6,timing_J25P,21,1.61E:onset;2.21U;9.67E:onset;10.26U;10.94E:onset;15.94H:onset,1.62E:onset;2.22U;9.68E:onset;10.27U;10.94E:onset;15.94H:onset,0,1,6,0,0,3,3,0,0,1,1,2,2
b,四指指尖/数据1,v6.1,timing_J25P,21,1.61E:onset;2.21U;9.67E:onset;10.26U;10.94E:onset;15.94H:onset,1.62E:onset;2.22U;9.68E:onset;10.27U;10.94E:onset;15.94H:onset,0,1,6,0,0,3,3,0,0,1,1,2,2
b,四指指尖/数据1,v5.1,timing_J25P,22,0.00E:v5_begin;13.45E:v5_begin,-0.00E:v5_begin;13.44E:v5_begin,0,1,2,0,0,2,2,0,0,0,0,0,0
b,四指指尖/数据1,v6,timing_J25P,22,1.61E:onset;2.21U;9.67E:onset;10.26U;10.94E:onset;15.94H:onset,9.68E:onset;10.27U;10.94E:onset;15.94H:onset,2,0,4,0,2,2,3,0,0,1,1,1,2
b,四指指尖/数据1,v6.1,timing_J25P,22,1.61E:onset;2.21U;9.67E:onset;10.26U;10.94E:onset;15.94H:onset,9.68E:onset;10.27U;10.94E:onset;15.94H:onset,2,0,4,0,2,2,3,0,0,1,1,1,2
b,四指指尖/数据1,v5.1,timing_J25P,23,0.00E:v5_begin;13.45E:v5_begin,-0.00E:v5_begin;13.45E:v5_begin,0,1,2,0,0,2,2,0,0,0,0,0,0
b,四指指尖/数据1,v6,timing_J25P,23,1.61E:onset;2.21U;9.67E:onset;10.26U;10.94E:onset;15.94H:onset,1.62E:onset;2.21U;9.67E:onset;10.26U;10.94E:onset;15.95H:onset,0,1,6,0,0,3,3,0,0,1,1,2,2
b,四指指尖/数据1,v6.1,timing_J25P,23,1.61E:onset;2.21U;9.67E:onset;10.26U;10.94E:onset;15.94H:onset,1.62E:onset;2.21U;9.67E:onset;10.26U;10.94E:onset;15.95H:onset,0,1,6,0,0,3,3,0,0,1,1,2,2
b,四指指尖/数据1,v5.1,timing_J25P,24,0.00E:v5_begin;13.45E:v5_begin,0.00E:v5_begin;13.44E:v5_begin,0,1,2,0,0,2,2,0,0,0,0,0,0
b,四指指尖/数据1,v6,timing_J25P,24,1.61E:onset;2.21U;9.67E:onset;10.26U;10.94E:onset;15.94H:onset,1.63E:onset;2.22U;9.67E:onset;10.27U;10.94E:onset;15.94H:onset,0,1,6,0,0,3,3,0,0,1,1,2,2
b,四指指尖/数据1,v6.1,timing_J25P,24,1.61E:onset;2.21U;9.67E:onset;10.26U;10.94E:onset;15.94H:onset,1.63E:onset;2.22U;9.67E:onset;10.27U;10.94E:onset;15.94H:onset,0,1,6,0,0,3,3,0,0,1,1,2,2
b,四指指尖/数据1,v5.1,timing_J25P,25,0.00E:v5_begin;13.45E:v5_begin,0.00E:v5_begin;13.45E:v5_begin,0,1,2,0,0,2,2,0,0,0,0,0,0
b,四指指尖/数据1,v6,timing_J25P,25,1.61E:onset;2.21U;9.67E:onset;10.26U;10.94E:onset;15.94H:onset,1.63E:onset;2.22U;9.67E:onset;10.27U;10.94E:onset;15.94H:onset,0,1,6,0,0,3,3,0,0,1,1,2,2
b,四指指尖/数据1,v6.1,timing_J25P,25,1.61E:onset;2.21U;9.67E:onset;10.26U;10.94E:onset;15.94H:onset,1.63E:onset;2.22U;9.67E:onset;10.27U;10.94E:onset;15.94H:onset,0,1,6,0,0,3,3,0,0,1,1,2,2
b,四指指尖/数据1,v5.1,timing_J25P,26,0.00E:v5_begin;13.45E:v5_begin,-0.00E:v5_begin;13.44E:v5_begin,0,1,2,0,0,2,2,0,0,0,0,0,0
b,四指指尖/数据1,v6,timing_J25P,26,1.61E:onset;2.21U;9.67E:onset;10.26U;10.94E:onset;15.94H:onset,9.80E:onset;10.35U;10.94E:onset;15.95H:onset,2,0,4,0,2,2,3,0,0,1,1,1,2
b,四指指尖/数据1,v6.1,timing_J25P,26,1.61E:onset;2.21U;9.67E:onset;10.26U;10.94E:onset;15.94H:onset,9.80E:onset;10.35U;10.94E:onset;15.95H:onset,2,0,4,0,2,2,3,0,0,1,1,1,2
b,四指指尖/数据1,v5.1,timing_J25P,27,0.00E:v5_begin;13.45E:v5_begin,0.00E:v5_begin;13.44E:v5_begin,0,1,2,0,0,2,2,0,0,0,0,0,0
b,四指指尖/数据1,v6,timing_J25P,27,1.61E:onset;2.21U;9.67E:onset;10.26U;10.94E:onset;15.94H:onset,1.62E:onset;2.21U;9.68E:onset;10.27U;10.94E:onset;15.94H:onset,0,1,6,0,0,3,3,0,0,1,1,2,2
b,四指指尖/数据1,v6.1,timing_J25P,27,1.61E:onset;2.21U;9.67E:onset;10.26U;10.94E:onset;15.94H:onset,1.62E:onset;2.21U;9.68E:onset;10.27U;10.94E:onset;15.94H:onset,0,1,6,0,0,3,3,0,0,1,1,2,2
b,四指指尖/数据1,v5.1,timing_J25P,28,0.00E:v5_begin;13.45E:v5_begin,-0.00E:v5_begin;13.45E:v5_begin,0,1,2,0,0,2,2,0,0,0,0,0,0
b,四指指尖/数据1,v6,timing_J25P,28,1.61E:onset;2.21U;9.67E:onset;10.26U;10.94E:onset;15.94H:onset,1.63E:onset;2.22U;9.66E:onset;10.26U;10.94E:onset;15.94H:onset,0,1,6,0,0,3,3,0,0,1,1,2,2
b,四指指尖/数据1,v6.1,timing_J25P,28,1.61E:onset;2.21U;9.67E:onset;10.26U;10.94E:onset;15.94H:onset,1.63E:onset;2.22U;9.66E:onset;10.26U;10.94E:onset;15.94H:onset,0,1,6,0,0,3,3,0,0,1,1,2,2
b,四指指尖/数据1,v5.1,timing_J25P,29,0.00E:v5_begin;13.45E:v5_begin,-0.00E:v5_begin;13.44E:v5_begin,0,1,2,0,0,2,2,0,0,0,0,0,0
b,四指指尖/数据1,v6,timing_J25P,29,1.61E:onset;2.21U;9.67E:onset;10.26U;10.94E:onset;15.94H:onset,9.66E:onset;10.26U;10.94E:onset;15.95H:onset,2,0,4,0,2,2,3,0,0,1,1,1,2
b,四指指尖/数据1,v6.1,timing_J25P,29,1.61E:onset;2.21U;9.67E:onset;10.26U;10.94E:onset;15.94H:onset,9.66E:onset;10.26U;10.94E:onset;15.95H:onset,2,0,4,0,2,2,3,0,0,1,1,1,2
b,四指指尖/数据1,v5.1,timing_J100P,0,0.00E:v5_begin;13.45E:v5_begin,0.00E:v5_begin;13.45E:v5_begin,0,1,2,0,0,2,2,0,0,0,0,0,0
b,四指指尖/数据1,v6,timing_J100P,0,1.61E:onset;2.21U;9.67E:onset;10.26U;10.94E:onset;15.94H:onset,1.70E:onset;2.19U;9.69E:onset;10.28U;10.94E:onset;15.94H:onset,0,1,6,0,0,3,3,0,0,1,1,2,2
b,四指指尖/数据1,v6.1,timing_J100P,0,1.61E:onset;2.21U;9.67E:onset;10.26U;10.94E:onset;15.94H:onset,1.70E:onset;2.19U;9.69E:onset;10.28U;10.94E:onset;15.94H:onset,0,1,6,0,0,3,3,0,0,1,1,2,2
b,四指指尖/数据1,v5.1,timing_J100P,1,0.00E:v5_begin;13.45E:v5_begin,-0.00E:v5_begin;13.46E:v5_begin,0,1,2,0,0,2,2,0,0,0,0,0,0
b,四指指尖/数据1,v6,timing_J100P,1,1.61E:onset;2.21U;9.67E:onset;10.26U;10.94E:onset;15.94H:onset,1.62E:onset;2.21U;9.70E:onset;10.28U;10.95E:onset;15.98H:onset,0,1,6,0,0,3,3,0,0,1,1,2,2
b,四指指尖/数据1,v6.1,timing_J100P,1,1.61E:onset;2.21U;9.67E:onset;10.26U;10.94E:onset;15.94H:onset,1.62E:onset;2.21U;9.70E:onset;10.28U;10.95E:onset;15.98H:onset,0,1,6,0,0,3,3,0,0,1,1,2,2
b,四指指尖/数据1,v5.1,timing_J100P,2,0.00E:v5_begin;13.45E:v5_begin,-0.02E:v5_begin;13.43E:v5_begin,0,1,2,0,0,2,2,0,0,0,0,0,0
b,四指指尖/数据1,v6,timing_J100P,2,1.61E:onset;2.21U;9.67E:onset;10.26U;10.94E:onset;15.94H:onset,1.70E:onset;2.19U;9.70E:onset;10.27U;10.93E:onset;15.94H:onset,0,1,6,0,0,3,3,0,0,1,1,2,2
b,四指指尖/数据1,v6.1,timing_J100P,2,1.61E:onset;2.21U;9.67E:onset;10.26U;10.94E:onset;15.94H:onset,1.70E:onset;2.19U;9.70E:onset;10.27U;10.93E:onset;15.94H:onset,0,1,6,0,0,3,3,0,0,1,1,2,2
b,四指指尖/数据1,v5.1,timing_J100P,3,0.00E:v5_begin;13.45E:v5_begin,-0.01E:v5_begin;13.45E:v5_begin,0,1,2,0,0,2,2,0,0,0,0,0,0
b,四指指尖/数据1,v6,timing_J100P,3,1.61E:onset;2.21U;9.67E:onset;10.26U;10.94E:onset;15.94H:onset,9.80E:onset;10.31U;10.94E:onset;15.95H:onset,2,0,4,0,2,2,3,0,0,1,1,1,2
b,四指指尖/数据1,v6.1,timing_J100P,3,1.61E:onset;2.21U;9.67E:onset;10.26U;10.94E:onset;15.94H:onset,9.80E:onset;10.31U;10.94E:onset;15.95H:onset,2,0,4,0,2,2,3,0,0,1,1,1,2
b,四指指尖/数据1,v5.1,timing_J100P,4,0.00E:v5_begin;13.45E:v5_begin,-0.00E:v5_begin;13.48E:v5_begin,0,1,2,0,0,2,2,0,0,0,0,0,0
b,四指指尖/数据1,v6,timing_J100P,4,1.61E:onset;2.21U;9.67E:onset;10.26U;10.94E:onset;15.94H:onset,1.62E:onset;2.21U;9.67E:onset;10.26U;10.95E:onset;15.95H:onset,0,1,6,0,0,3,3,0,0,1,1,2,2
b,四指指尖/数据1,v6.1,timing_J100P,4,1.61E:onset;2.21U;9.67E:onset;10.26U;10.94E:onset;15.94H:onset,1.62E:onset;2.21U;9.67E:onset;10.26U;10.95E:onset;15.95H:onset,0,1,6,0,0,3,3,0,0,1,1,2,2
b,四指指尖/数据1,v5.1,timing_J100P,5,0.00E:v5_begin;13.45E:v5_begin,-0.00E:v5_begin;13.45E:v5_begin,0,1,2,0,0,2,2,0,0,0,0,0,0
b,四指指尖/数据1,v6,timing_J100P,5,1.61E:onset;2.21U;9.67E:onset;10.26U;10.94E:onset;15.94H:onset,1.65E:onset;2.23U;9.67E:onset;10.27U;10.94E:onset;15.95H:onset,0,1,6,0,0,3,3,0,0,1,1,2,2
b,四指指尖/数据1,v6.1,timing_J100P,5,1.61E:onset;2.21U;9.67E:onset;10.26U;10.94E:onset;15.94H:onset,1.65E:onset;2.23U;9.67E:onset;10.27U;10.94E:onset;15.95H:onset,0,1,6,0,0,3,3,0,0,1,1,2,2
b,四指指尖/数据1,v5.1,timing_J100P,6,0.00E:v5_begin;13.45E:v5_begin,0.01E:v5_begin;13.43E:v5_begin,0,1,2,0,0,2,2,0,0,0,0,0,0
b,四指指尖/数据1,v6,timing_J100P,6,1.61E:onset;2.21U;9.67E:onset;10.26U;10.94E:onset;15.94H:onset,1.63E:onset;2.23U;9.69E:onset;10.27U;10.93E:onset;15.94H:onset,0,1,6,0,0,3,3,0,0,1,1,2,2
b,四指指尖/数据1,v6.1,timing_J100P,6,1.61E:onset;2.21U;9.67E:onset;10.26U;10.94E:onset;15.94H:onset,1.63E:onset;2.23U;9.69E:onset;10.27U;10.93E:onset;15.94H:onset,0,1,6,0,0,3,3,0,0,1,1,2,2
b,四指指尖/数据1,v5.1,timing_J100P,7,0.00E:v5_begin;13.45E:v5_begin,0.01E:v5_begin;13.43E:v5_begin,0,1,2,0,0,2,2,0,0,0,0,0,0
b,四指指尖/数据1,v6,timing_J100P,7,1.61E:onset;2.21U;9.67E:onset;10.26U;10.94E:onset;15.94H:onset,1.69E:onset;2.20U;9.79E:onset;10.28U;10.92E:onset;15.93H:onset,0,1,6,0,0,3,3,0,0,1,1,2,2
b,四指指尖/数据1,v6.1,timing_J100P,7,1.61E:onset;2.21U;9.67E:onset;10.26U;10.94E:onset;15.94H:onset,1.69E:onset;2.20U;9.79E:onset;10.28U;10.92E:onset;15.93H:onset,0,1,6,0,0,3,3,0,0,1,1,2,2
b,四指指尖/数据1,v5.1,timing_J100P,8,0.00E:v5_begin;13.45E:v5_begin,-0.01E:v5_begin;13.45E:v5_begin,0,1,2,0,0,2,2,0,0,0,0,0,0
b,四指指尖/数据1,v6,timing_J100P,8,1.61E:onset;2.21U;9.67E:onset;10.26U;10.94E:onset;15.94H:onset,9.69E:onset;10.27U;10.94E:onset;15.94H:onset,2,0,4,0,2,2,3,0,0,1,1,1,2
b,四指指尖/数据1,v6.1,timing_J100P,8,1.61E:onset;2.21U;9.67E:onset;10.26U;10.94E:onset;15.94H:onset,9.69E:onset;10.27U;10.94E:onset;15.94H:onset,2,0,4,0,2,2,3,0,0,1,1,1,2
b,四指指尖/数据1,v5.1,timing_J100P,9,0.00E:v5_begin;13.45E:v5_begin,0.00E:v5_begin;13.43E:v5_begin,0,1,2,0,0,2,2,0,0,0,0,0,0
b,四指指尖/数据1,v6,timing_J100P,9,1.61E:onset;2.21U;9.67E:onset;10.26U;10.94E:onset;15.94H:onset,1.59E:onset;2.18U;9.67E:onset;10.27U;10.93E:onset;15.93H:onset,0,1,6,0,0,3,3,0,0,1,1,2,2
b,四指指尖/数据1,v6.1,timing_J100P,9,1.61E:onset;2.21U;9.67E:onset;10.26U;10.94E:onset;15.94H:onset,1.59E:onset;2.18U;9.67E:onset;10.27U;10.93E:onset;15.93H:onset,0,1,6,0,0,3,3,0,0,1,1,2,2
b,四指指尖/数据1,v5.1,timing_J100P,10,0.00E:v5_begin;13.45E:v5_begin,-0.01E:v5_begin;13.46E:v5_begin,0,1,2,0,0,2,2,0,0,0,0,0,0
b,四指指尖/数据1,v6,timing_J100P,10,1.61E:onset;2.21U;9.67E:onset;10.26U;10.94E:onset;15.94H:onset,9.67E:onset;10.26U;10.95E:onset;15.96H:onset,2,0,4,0,2,2,3,0,0,1,1,1,2
b,四指指尖/数据1,v6.1,timing_J100P,10,1.61E:onset;2.21U;9.67E:onset;10.26U;10.94E:onset;15.94H:onset,9.67E:onset;10.26U;10.95E:onset;15.96H:onset,2,0,4,0,2,2,3,0,0,1,1,1,2
b,四指指尖/数据1,v5.1,timing_J100P,11,0.00E:v5_begin;13.45E:v5_begin,-0.01E:v5_begin;13.43E:v5_begin,0,1,2,0,0,2,2,0,0,0,0,0,0
b,四指指尖/数据1,v6,timing_J100P,11,1.61E:onset;2.21U;9.67E:onset;10.26U;10.94E:onset;15.94H:onset,1.69E:onset;2.20U;9.80E:onset;10.35U;10.93E:onset;15.94H:onset,0,1,6,0,0,3,3,0,0,1,1,2,2
b,四指指尖/数据1,v6.1,timing_J100P,11,1.61E:onset;2.21U;9.67E:onset;10.26U;10.94E:onset;15.94H:onset,1.69E:onset;2.20U;9.80E:onset;10.35U;10.93E:onset;15.94H:onset,0,1,6,0,0,3,3,0,0,1,1,2,2
b,四指指尖/数据1,v5.1,timing_J100P,12,0.00E:v5_begin;13.45E:v5_begin,0.01E:v5_begin;13.45E:v5_begin,0,1,2,0,0,2,2,0,0,0,0,0,0
b,四指指尖/数据1,v6,timing_J100P,12,1.61E:onset;2.21U;9.67E:onset;10.26U;10.94E:onset;15.94H:onset,9.66E:onset;10.26U;10.94E:onset;15.95H:onset,2,0,4,0,2,2,3,0,0,1,1,1,2
b,四指指尖/数据1,v6.1,timing_J100P,12,1.61E:onset;2.21U;9.67E:onset;10.26U;10.94E:onset;15.94H:onset,9.66E:onset;10.26U;10.94E:onset;15.95H:onset,2,0,4,0,2,2,3,0,0,1,1,1,2
b,四指指尖/数据1,v5.1,timing_J100P,13,0.00E:v5_begin;13.45E:v5_begin,-0.01E:v5_begin;13.43E:v5_begin,0,1,2,0,0,2,2,0,0,0,0,0,0
b,四指指尖/数据1,v6,timing_J100P,13,1.61E:onset;2.21U;9.67E:onset;10.26U;10.94E:onset;15.94H:onset,1.61E:onset;2.21U;9.69E:onset;10.27U;10.93E:onset;15.94H:onset,0,1,6,0,0,3,3,0,0,1,1,2,2
b,四指指尖/数据1,v6.1,timing_J100P,13,1.61E:onset;2.21U;9.67E:onset;10.26U;10.94E:onset;15.94H:onset,1.61E:onset;2.21U;9.69E:onset;10.27U;10.93E:onset;15.94H:onset,0,1,6,0,0,3,3,0,0,1,1,2,2
b,四指指尖/数据1,v5.1,timing_J100P,14,0.00E:v5_begin;13.45E:v5_begin,0.01E:v5_begin;13.46E:v5_begin,0,1,2,0,0,2,2,0,0,0,0,0,0
b,四指指尖/数据1,v6,timing_J100P,14,1.61E:onset;2.21U;9.67E:onset;10.26U;10.94E:onset;15.94H:onset,1.62E:onset;2.21U;9.70E:onset;10.27U;10.94E:onset;15.95H:onset,0,1,6,0,0,3,3,0,0,1,1,2,2
b,四指指尖/数据1,v6.1,timing_J100P,14,1.61E:onset;2.21U;9.67E:onset;10.26U;10.94E:onset;15.94H:onset,1.62E:onset;2.21U;9.70E:onset;10.27U;10.94E:onset;15.95H:onset,0,1,6,0,0,3,3,0,0,1,1,2,2
b,四指指尖/数据1,v5.1,timing_J100P,15,0.00E:v5_begin;13.45E:v5_begin,-0.01E:v5_begin;13.45E:v5_begin,0,1,2,0,0,2,2,0,0,0,0,0,0
b,四指指尖/数据1,v6,timing_J100P,15,1.61E:onset;2.21U;9.67E:onset;10.26U;10.94E:onset;15.94H:onset,1.62E:onset;2.21U;9.69E:onset;10.28U;10.93E:onset;15.93H:onset,0,1,6,0,0,3,3,0,0,1,1,2,2
b,四指指尖/数据1,v6.1,timing_J100P,15,1.61E:onset;2.21U;9.67E:onset;10.26U;10.94E:onset;15.94H:onset,1.62E:onset;2.21U;9.69E:onset;10.28U;10.93E:onset;15.93H:onset,0,1,6,0,0,3,3,0,0,1,1,2,2
b,四指指尖/数据1,v5.1,timing_J100P,16,0.00E:v5_begin;13.45E:v5_begin,-0.02E:v5_begin;13.45E:v5_begin,0,1,2,0,0,2,2,0,0,0,0,0,0
b,四指指尖/数据1,v6,timing_J100P,16,1.61E:onset;2.21U;9.67E:onset;10.26U;10.94E:onset;15.94H:onset,9.80E:onset;10.34U;10.95E:onset;15.95H:onset,2,0,4,0,2,2,3,0,0,1,1,1,2
b,四指指尖/数据1,v6.1,timing_J100P,16,1.61E:onset;2.21U;9.67E:onset;10.26U;10.94E:onset;15.94H:onset,9.80E:onset;10.34U;10.95E:onset;15.95H:onset,2,0,4,0,2,2,3,0,0,1,1,1,2
b,四指指尖/数据1,v5.1,timing_J100P,17,0.00E:v5_begin;13.45E:v5_begin,-0.00E:v5_begin;13.46E:v5_begin,0,1,2,0,0,2,2,0,0,0,0,0,0
b,四指指尖/数据1,v6,timing_J100P,17,1.61E:onset;2.21U;9.67E:onset;10.26U;10.94E:onset;15.94H:onset,1.63E:onset;2.21U;9.79E:onset;10.35U;10.94E:onset;15.94H:onset,0,1,6,0,0,3,3,0,0,1,1,2,2
b,四指指尖/数据1,v6.1,timing_J100P,17,1.61E:onset;2.21U;9.67E:onset;10.26U;10.94E:onset;15.94H:onset,1.63E:onset;2.21U;9.79E:onset;10.35U;10.94E:onset;15.94H:onset,0,1,6,0,0,3,3,0,0,1,1,2,2
b,四指指尖/数据1,v5.1,timing_J100P,18,0.00E:v5_begin;13.45E:v5_begin,0.00E:v5_begin;13.45E:v5_begin,0,1,2,0,0,2,2,0,0,0,0,0,0
b,四指指尖/数据1,v6,timing_J100P,18,1.61E:onset;2.21U;9.67E:onset;10.26U;10.94E:onset;15.94H:onset,1.68E:onset;2.20U;9.66E:onset;10.26U;10.93E:onset;15.94H:onset,0,1,6,0,0,3,3,0,0,1,1,2,2
b,四指指尖/数据1,v6.1,timing_J100P,18,1.61E:onset;2.21U;9.67E:onset;10.26U;10.94E:onset;15.94H:onset,1.68E:onset;2.20U;9.66E:onset;10.26U;10.93E:onset;15.94H:onset,0,1,6,0,0,3,3,0,0,1,1,2,2
b,四指指尖/数据1,v5.1,timing_J100P,19,0.00E:v5_begin;13.45E:v5_begin,-0.01E:v5_begin;13.44E:v5_begin,0,1,2,0,0,2,2,0,0,0,0,0,0
b,四指指尖/数据1,v6,timing_J100P,19,1.61E:onset;2.21U;9.67E:onset;10.26U;10.94E:onset;15.94H:onset,1.61E:onset;2.21U;9.68E:onset;10.28U;10.93E:onset;15.95H:onset,0,1,6,0,0,3,3,0,0,1,1,2,2
b,四指指尖/数据1,v6.1,timing_J100P,19,1.61E:onset;2.21U;9.67E:onset;10.26U;10.94E:onset;15.94H:onset,1.61E:onset;2.21U;9.68E:onset;10.28U;10.93E:onset;15.95H:onset,0,1,6,0,0,3,3,0,0,1,1,2,2
b,四指指尖/数据1,v5.1,timing_J100P,20,0.00E:v5_begin;13.45E:v5_begin,-0.01E:v5_begin;13.44E:v5_begin,0,1,2,0,0,2,2,0,0,0,0,0,0
b,四指指尖/数据1,v6,timing_J100P,20,1.61E:onset;2.21U;9.67E:onset;10.26U;10.94E:onset;15.94H:onset,1.58E:onset;2.17U;9.69E:onset;10.29U;10.94E:onset;15.94H:onset,0,1,6,0,0,3,3,0,0,1,1,2,2
b,四指指尖/数据1,v6.1,timing_J100P,20,1.61E:onset;2.21U;9.67E:onset;10.26U;10.94E:onset;15.94H:onset,1.58E:onset;2.17U;9.69E:onset;10.29U;10.94E:onset;15.94H:onset,0,1,6,0,0,3,3,0,0,1,1,2,2
b,四指指尖/数据1,v5.1,timing_J100P,21,0.00E:v5_begin;13.45E:v5_begin,-0.02E:v5_begin;13.45E:v5_begin,0,1,2,0,0,2,2,0,0,0,0,0,0
b,四指指尖/数据1,v6,timing_J100P,21,1.61E:onset;2.21U;9.67E:onset;10.26U;10.94E:onset;15.94H:onset,1.69E:onset;2.21U;7.65E:onset;8.20U;9.80E:onset;10.30U;10.94E:onset;15.95H:onset,2,0,6,2,0,4,3,0,0,1,1,3,2
b,四指指尖/数据1,v6.1,timing_J100P,21,1.61E:onset;2.21U;9.67E:onset;10.26U;10.94E:onset;15.94H:onset,1.69E:onset;2.21U;7.65E:onset;8.20U;9.80E:onset;10.30U;10.94E:onset;15.95H:onset,2,0,6,2,0,4,3,0,0,1,1,3,2
b,四指指尖/数据1,v5.1,timing_J100P,22,0.00E:v5_begin;13.45E:v5_begin,-0.01E:v5_begin;13.46E:v5_begin,0,1,2,0,0,2,2,0,0,0,0,0,0
b,四指指尖/数据1,v6,timing_J100P,22,1.61E:onset;2.21U;9.67E:onset;10.26U;10.94E:onset;15.94H:onset,9.80E:onset;10.31U;10.94E:onset;15.96H:onset,2,0,4,0,2,2,3,0,0,1,1,1,2
b,四指指尖/数据1,v6.1,timing_J100P,22,1.61E:onset;2.21U;9.67E:onset;10.26U;10.94E:onset;15.94H:onset,9.80E:onset;10.31U;10.94E:onset;15.96H:onset,2,0,4,0,2,2,3,0,0,1,1,1,2
b,四指指尖/数据1,v5.1,timing_J100P,23,0.00E:v5_begin;13.45E:v5_begin,0.01E:v5_begin;13.45E:v5_begin,0,1,2,0,0,2,2,0,0,0,0,0,0
b,四指指尖/数据1,v6,timing_J100P,23,1.61E:onset;2.21U;9.67E:onset;10.26U;10.94E:onset;15.94H:onset,1.62E:onset;2.21U;9.68E:onset;10.27U;10.95E:onset;15.96H:onset,0,1,6,0,0,3,3,0,0,1,1,2,2
b,四指指尖/数据1,v6.1,timing_J100P,23,1.61E:onset;2.21U;9.67E:onset;10.26U;10.94E:onset;15.94H:onset,1.62E:onset;2.21U;9.68E:onset;10.27U;10.95E:onset;15.96H:onset,0,1,6,0,0,3,3,0,0,1,1,2,2
b,四指指尖/数据1,v5.1,timing_J100P,24,0.00E:v5_begin;13.45E:v5_begin,-0.00E:v5_begin;13.45E:v5_begin,0,1,2,0,0,2,2,0,0,0,0,0,0
b,四指指尖/数据1,v6,timing_J100P,24,1.61E:onset;2.21U;9.67E:onset;10.26U;10.94E:onset;15.94H:onset,1.63E:onset;2.22U;9.69E:onset;10.28U;10.95E:onset;15.95H:onset,0,1,6,0,0,3,3,0,0,1,1,2,2
b,四指指尖/数据1,v6.1,timing_J100P,24,1.61E:onset;2.21U;9.67E:onset;10.26U;10.94E:onset;15.94H:onset,1.63E:onset;2.22U;9.69E:onset;10.28U;10.95E:onset;15.95H:onset,0,1,6,0,0,3,3,0,0,1,1,2,2
b,四指指尖/数据1,v5.1,timing_J100P,25,0.00E:v5_begin;13.45E:v5_begin,-0.00E:v5_begin;13.48E:v5_begin,0,1,2,0,0,2,2,0,0,0,0,0,0
b,四指指尖/数据1,v6,timing_J100P,25,1.61E:onset;2.21U;9.67E:onset;10.26U;10.94E:onset;15.94H:onset,1.59E:onset;2.18U;9.69E:onset;10.28U;10.95E:onset;15.97H:onset,0,1,6,0,0,3,3,0,0,1,1,2,2
b,四指指尖/数据1,v6.1,timing_J100P,25,1.61E:onset;2.21U;9.67E:onset;10.26U;10.94E:onset;15.94H:onset,1.59E:onset;2.18U;9.69E:onset;10.28U;10.95E:onset;15.97H:onset,0,1,6,0,0,3,3,0,0,1,1,2,2
b,四指指尖/数据1,v5.1,timing_J100P,26,0.00E:v5_begin;13.45E:v5_begin,0.01E:v5_begin;13.46E:v5_begin,0,1,2,0,0,2,2,0,0,0,0,0,0
b,四指指尖/数据1,v6,timing_J100P,26,1.61E:onset;2.21U;9.67E:onset;10.26U;10.94E:onset;15.94H:onset,1.69E:onset;2.22U;9.67E:onset;10.27U;10.94E:onset;15.94H:onset,0,1,6,0,0,3,3,0,0,1,1,2,2
b,四指指尖/数据1,v6.1,timing_J100P,26,1.61E:onset;2.21U;9.67E:onset;10.26U;10.94E:onset;15.94H:onset,1.69E:onset;2.22U;9.67E:onset;10.27U;10.94E:onset;15.94H:onset,0,1,6,0,0,3,3,0,0,1,1,2,2
b,四指指尖/数据1,v5.1,timing_J100P,27,0.00E:v5_begin;13.45E:v5_begin,-0.01E:v5_begin;13.46E:v5_begin,0,1,2,0,0,2,2,0,0,0,0,0,0
b,四指指尖/数据1,v6,timing_J100P,27,1.61E:onset;2.21U;9.67E:onset;10.26U;10.94E:onset;15.94H:onset,1.68E:onset;2.20U;9.68E:onset;10.28U;10.94E:onset;15.95H:onset,0,1,6,0,0,3,3,0,0,1,1,2,2
b,四指指尖/数据1,v6.1,timing_J100P,27,1.61E:onset;2.21U;9.67E:onset;10.26U;10.94E:onset;15.94H:onset,1.68E:onset;2.20U;9.68E:onset;10.28U;10.94E:onset;15.95H:onset,0,1,6,0,0,3,3,0,0,1,1,2,2
b,四指指尖/数据1,v5.1,timing_J100P,28,0.00E:v5_begin;13.45E:v5_begin,-0.01E:v5_begin;13.45E:v5_begin,0,1,2,0,0,2,2,0,0,0,0,0,0
b,四指指尖/数据1,v6,timing_J100P,28,1.61E:onset;2.21U;9.67E:onset;10.26U;10.94E:onset;15.94H:onset,1.62E:onset;2.21U;9.79E:onset;10.38U;10.93E:onset;15.94H:onset,0,1,6,0,0,3,3,0,0,1,1,2,2
b,四指指尖/数据1,v6.1,timing_J100P,28,1.61E:onset;2.21U;9.67E:onset;10.26U;10.94E:onset;15.94H:onset,1.62E:onset;2.21U;9.79E:onset;10.38U;10.93E:onset;15.94H:onset,0,1,6,0,0,3,3,0,0,1,1,2,2
b,四指指尖/数据1,v5.1,timing_J100P,29,0.00E:v5_begin;13.45E:v5_begin,-0.01E:v5_begin;13.45E:v5_begin,0,1,2,0,0,2,2,0,0,0,0,0,0
b,四指指尖/数据1,v6,timing_J100P,29,1.61E:onset;2.21U;9.67E:onset;10.26U;10.94E:onset;15.94H:onset,1.61E:onset;2.21U;9.67E:onset;10.27U;10.94E:onset;15.95H:onset,0,1,6,0,0,3,3,0,0,1,1,2,2
b,四指指尖/数据1,v6.1,timing_J100P,29,1.61E:onset;2.21U;9.67E:onset;10.26U;10.94E:onset;15.94H:onset,1.61E:onset;2.21U;9.67E:onset;10.27U;10.94E:onset;15.95H:onset,0,1,6,0,0,3,3,0,0,1,1,2,2
b,四指指尖/数据1,v5.1,noise_1ADC,0,0.00E:v5_begin;13.45E:v5_begin,2.51E:v5_begin;8.29E:v5_begin;14.30E:v5_begin,1,0,0,3,2,3,2,0,0,0,0,0,0
b,四指指尖/数据1,v6,noise_1ADC,0,1.61E:onset;2.21U;9.67E:onset;10.26U;10.94E:onset;15.94H:onset,10.47E:restep;15.47H:onset,5,0,0,2,6,1,3,0,0,1,1,0,2
b,四指指尖/数据1,v6.1,noise_1ADC,0,1.61E:onset;2.21U;9.67E:onset;10.26U;10.94E:onset;15.94H:onset,10.47E:restep;15.47H:onset,5,0,0,2,6,1,3,0,0,1,1,0,2
b,四指指尖/数据1,v5.1,noise_1ADC,1,0.00E:v5_begin;13.45E:v5_begin,0.00E:v5_begin;13.45E:v5_begin,0,1,2,0,0,2,2,0,0,0,0,0,0
b,四指指尖/数据1,v6,noise_1ADC,1,1.61E:onset;2.21U;9.67E:onset;10.26U;10.94E:onset;15.94H:onset,0.49E:onset;1.14U;10.47E:onset;15.47H:onset,2,0,0,4,6,2,3,0,0,1,1,1,2
b,四指指尖/数据1,v6.1,noise_1ADC,1,1.61E:onset;2.21U;9.67E:onset;10.26U;10.94E:onset;15.94H:onset,0.49E:onset;1.14U;10.47E:onset;15.47H:onset,2,0,0,4,6,2,3,0,0,1,1,1,2
b,四指指尖/数据1,v5.1,noise_1ADC,2,0.00E:v5_begin;13.45E:v5_begin,0.00E:v5_begin;13.45E:v5_begin,0,1,2,0,0,2,2,0,0,0,0,0,0
b,四指指尖/数据1,v6,noise_1ADC,2,1.61E:onset;2.21U;9.67E:onset;10.26U;10.94E:onset;15.94H:onset,10.41E:onset;15.41H:onset;26.86E:restep;31.86H:restep,5,0,0,4,6,2,3,0,0,2,1,0,2
b,四指指尖/数据1,v6.1,noise_1ADC,2,1.61E:onset;2.21U;9.67E:onset;10.26U;10.94E:onset;15.94H:onset,10.41E:onset;15.41H:onset;26.86E:restep;31.86H:restep,5,0,0,4,6,2,3,0,0,2,1,0,2
b,四指指尖/数据1,v5.1,noise_1ADC,3,0.00E:v5_begin;13.45E:v5_begin,2.51E:v5_begin;13.43E:v5_begin,0,1,1,1,1,2,2,0,0,0,0,0,0
b,四指指尖/数据1,v6,noise_1ADC,3,1.61E:onset;2.21U;9.67E:onset;10.26U;10.94E:onset;15.94H:onset,10.43E:restep;15.43H:onset,5,0,0,2,6,1,3,0,0,1,1,0,2
b,四指指尖/数据1,v6.1,noise_1ADC,3,1.61E:onset;2.21U;9.67E:onset;10.26U;10.94E:onset;15.94H:onset,10.43E:restep;15.43H:onset,5,0,0,2,6,1,3,0,0,1,1,0,2
b,四指指尖/数据1,v5.1,noise_1ADC,4,0.00E:v5_begin;13.45E:v5_begin,2.55E:v5_begin;13.08E:v5_begin,0,1,0,2,2,2,2,0,0,0,0,0,0
b,四指指尖/数据1,v6,noise_1ADC,4,1.61E:onset;2.21U;9.67E:onset;10.26U;10.94E:onset;15.94H:onset,10.43E:onset;15.43H:onset,4,0,0,2,6,1,3,0,0,1,1,0,2
b,四指指尖/数据1,v6.1,noise_1ADC,4,1.61E:onset;2.21U;9.67E:onset;10.26U;10.94E:onset;15.94H:onset,10.43E:onset;15.43H:onset,4,0,0,2,6,1,3,0,0,1,1,0,2
b,四指指尖/数据1,v5.1,noise_1ADC,5,0.00E:v5_begin;13.45E:v5_begin,0.00E:v5_begin;13.40E:v5_begin;20.04E:v5_begin,1,0,2,1,0,3,2,0,0,0,0,0,0
b,四指指尖/数据1,v6,noise_1ADC,5,1.61E:onset;2.21U;9.67E:onset;10.26U;10.94E:onset;15.94H:onset,0.11E:restep;1.24U;10.41E:restep;15.41H:onset,4,0,0,4,6,2,3,0,0,1,1,1,2
b,四指指尖/数据1,v6.1,noise_1ADC,5,1.61E:onset;2.21U;9.67E:onset;10.26U;10.94E:onset;15.94H:onset,0.11E:restep;1.24U;10.41E:restep;15.41H:onset,4,0,0,4,6,2,3,0,0,1,1,1,2
b,四指指尖/数据1,v5.1,noise_1ADC,6,0.00E:v5_begin;13.45E:v5_begin,0.00E:v5_begin;13.45E:v5_begin,0,1,2,0,0,2,2,0,0,0,0,0,0
b,四指指尖/数据1,v6,noise_1ADC,6,1.61E:onset;2.21U;9.67E:onset;10.26U;10.94E:onset;15.94H:onset,10.42E:restep;15.42H:onset,5,0,0,2,6,1,3,0,0,1,1,0,2
b,四指指尖/数据1,v6.1,noise_1ADC,6,1.61E:onset;2.21U;9.67E:onset;10.26U;10.94E:onset;15.94H:onset,10.42E:restep;15.42H:onset,5,0,0,2,6,1,3,0,0,1,1,0,2
b,四指指尖/数据1,v5.1,noise_1ADC,7,0.00E:v5_begin;13.45E:v5_begin,2.51E:v5_begin;8.08E:v5_begin;14.09E:v5_begin,1,0,0,3,2,3,2,0,0,0,0,0,0
b,四指指尖/数据1,v6,noise_1ADC,7,1.61E:onset;2.21U;9.67E:onset;10.26U;10.94E:onset;15.94H:onset,10.53E:restep;15.53H:onset,5,0,0,2,6,1,3,0,0,1,1,0,2
b,四指指尖/数据1,v6.1,noise_1ADC,7,1.61E:onset;2.21U;9.67E:onset;10.26U;10.94E:onset;15.94H:onset,10.53E:restep;15.53H:onset,5,0,0,2,6,1,3,0,0,1,1,0,2
b,四指指尖/数据1,v5.1,noise_1ADC,8,0.00E:v5_begin;13.45E:v5_begin,0.00E:v5_begin;13.09E:v5_begin,0,1,1,1,1,2,2,0,0,0,0,0,0
b,四指指尖/数据1,v6,noise_1ADC,8,1.61E:onset;2.21U;9.67E:onset;10.26U;10.94E:onset;15.94H:onset,10.52E:onset;15.52H:onset,4,0,0,2,6,1,3,0,0,1,1,0,2
b,四指指尖/数据1,v6.1,noise_1ADC,8,1.61E:onset;2.21U;9.67E:onset;10.26U;10.94E:onset;15.94H:onset,10.52E:onset;15.52H:onset,4,0,0,2,6,1,3,0,0,1,1,0,2
b,四指指尖/数据1,v5.1,noise_1ADC,9,0.00E:v5_begin;13.45E:v5_begin,2.53E:v5_begin;12.69E:v5_begin,0,1,0,2,2,2,2,0,0,0,0,0,0
b,四指指尖/数据1,v6,noise_1ADC,9,1.61E:onset;2.21U;9.67E:onset;10.26U;10.94E:onset;15.94H:onset,10.51E:restep;15.51H:onset,5,0,0,2,6,1,3,0,0,1,1,0,2
b,四指指尖/数据1,v6.1,noise_1ADC,9,1.61E:onset;2.21U;9.67E:onset;10.26U;10.94E:onset;15.94H:onset,10.51E:restep;15.51H:onset,5,0,0,2,6,1,3,0,0,1,1,0,2
b,四指指尖/数据1,v5.1,noise_1ADC,10,0.00E:v5_begin;13.45E:v5_begin,0.00E:v5_begin;13.42E:v5_begin,0,1,2,0,0,2,2,0,0,0,0,0,0
b,四指指尖/数据1,v6,noise_1ADC,10,1.61E:onset;2.21U;9.67E:onset;10.26U;10.94E:onset;15.94H:onset,10.40E:restep;15.40H:onset,5,0,0,2,6,1,3,0,0,1,1,0,2
b,四指指尖/数据1,v6.1,noise_1ADC,10,1.61E:onset;2.21U;9.67E:onset;10.26U;10.94E:onset;15.94H:onset,10.40E:restep;15.40H:onset,5,0,0,2,6,1,3,0,0,1,1,0,2
b,四指指尖/数据1,v5.1,noise_1ADC,11,0.00E:v5_begin;13.45E:v5_begin,2.51E:v5_begin;13.26E:v5_begin,0,1,1,1,1,2,2,0,0,0,0,0,0
b,四指指尖/数据1,v6,noise_1ADC,11,1.61E:onset;2.21U;9.67E:onset;10.26U;10.94E:onset;15.94H:onset,10.40E:onset;15.40H:onset,4,0,0,2,6,1,3,0,0,1,1,0,2
b,四指指尖/数据1,v6.1,noise_1ADC,11,1.61E:onset;2.21U;9.67E:onset;10.26U;10.94E:onset;15.94H:onset,10.40E:onset;15.40H:onset,4,0,0,2,6,1,3,0,0,1,1,0,2
b,四指指尖/数据1,v5.1,noise_1ADC,12,0.00E:v5_begin;13.45E:v5_begin,0.00E:v5_begin;13.46E:v5_begin,0,1,2,0,0,2,2,0,0,0,0,0,0
b,四指指尖/数据1,v6,noise_1ADC,12,1.61E:onset;2.21U;9.67E:onset;10.26U;10.94E:onset;15.94H:onset,10.41E:restep;15.41H:onset,5,0,0,2,6,1,3,0,0,1,1,0,2
b,四指指尖/数据1,v6.1,noise_1ADC,12,1.61E:onset;2.21U;9.67E:onset;10.26U;10.94E:onset;15.94H:onset,10.41E:restep;15.41H:onset,5,0,0,2,6,1,3,0,0,1,1,0,2
b,四指指尖/数据1,v5.1,noise_1ADC,13,0.00E:v5_begin;13.45E:v5_begin,0.00E:v5_begin;13.27E:v5_begin,0,1,2,0,0,2,2,0,0,0,0,0,0
b,四指指尖/数据1,v6,noise_1ADC,13,1.61E:onset;2.21U;9.67E:onset;10.26U;10.94E:onset;15.94H:onset,10.41E:restep;15.41H:onset,5,0,0,2,6,1,3,0,0,1,1,0,2
b,四指指尖/数据1,v6.1,noise_1ADC,13,1.61E:onset;2.21U;9.67E:onset;10.26U;10.94E:onset;15.94H:onset,10.41E:restep;15.41H:onset,5,0,0,2,6,1,3,0,0,1,1,0,2
b,四指指尖/数据1,v5.1,noise_1ADC,14,0.00E:v5_begin;13.45E:v5_begin,2.53E:v5_begin;13.24E:v5_begin;20.20E:v5_begin,1,0,1,2,1,3,2,0,0,0,0,0,0
b,四指指尖/数据1,v6,noise_1ADC,14,1.61E:onset;2.21U;9.67E:onset;10.26U;10.94E:onset;15.94H:onset,0.05E:onset;0.37U;10.42E:onset;15.42H:onset,2,0,0,4,6,2,3,0,0,1,1,1,2
b,四指指尖/数据1,v6.1,noise_1ADC,14,1.61E:onset;2.21U;9.67E:onset;10.26U;10.94E:onset;15.94H:onset,0.05E:onset;0.37U;10.42E:onset;15.42H:onset,2,0,0,4,6,2,3,0,0,1,1,1,2
b,四指指尖/数据1,v5.1,noise_1ADC,15,0.00E:v5_begin;13.45E:v5_begin,2.51E:v5_begin;13.45E:v5_begin;29.92E:v5_begin,1,0,1,2,1,3,2,0,0,0,0,0,0
b,四指指尖/数据1,v6,noise_1ADC,15,1.61E:onset;2.21U;9.67E:onset;10.26U;10.94E:onset;15.94H:onset,0.11E:restep;1.07U;10.45E:onset;15.45H:onset,3,0,0,4,6,2,3,0,0,1,1,1,2
b,四指指尖/数据1,v6.1,noise_1ADC,15,1.61E:onset;2.21U;9.67E:onset;10.26U;10.94E:onset;15.94H:onset,0.11E:restep;1.07U;10.45E:onset;15.45H:onset,3,0,0,4,6,2,3,0,0,1,1,1,2
b,四指指尖/数据1,v5.1,noise_1ADC,16,0.00E:v5_begin;13.45E:v5_begin,0.00E:v5_begin;13.41E:v5_begin,0,1,2,0,0,2,2,0,0,0,0,0,0
b,四指指尖/数据1,v6,noise_1ADC,16,1.61E:onset;2.21U;9.67E:onset;10.26U;10.94E:onset;15.94H:onset,10.45E:onset;15.45H:onset,4,0,0,2,6,1,3,0,0,1,1,0,2
b,四指指尖/数据1,v6.1,noise_1ADC,16,1.61E:onset;2.21U;9.67E:onset;10.26U;10.94E:onset;15.94H:onset,10.45E:onset;15.45H:onset,4,0,0,2,6,1,3,0,0,1,1,0,2
b,四指指尖/数据1,v5.1,noise_1ADC,17,0.00E:v5_begin;13.45E:v5_begin,0.00E:v5_begin;12.97E:v5_begin,0,1,1,1,1,2,2,0,0,0,0,0,0
b,四指指尖/数据1,v6,noise_1ADC,17,1.61E:onset;2.21U;9.67E:onset;10.26U;10.94E:onset;15.94H:onset,10.46E:restep;15.46H:onset,5,0,0,2,6,1,3,0,0,1,1,0,2
b,四指指尖/数据1,v6.1,noise_1ADC,17,1.61E:onset;2.21U;9.67E:onset;10.26U;10.94E:onset;15.94H:onset,10.46E:restep;15.46H:onset,5,0,0,2,6,1,3,0,0,1,1,0,2
b,四指指尖/数据1,v5.1,noise_1ADC,18,0.00E:v5_begin;13.45E:v5_begin,2.57E:v5_begin;13.32E:v5_begin,0,1,1,1,1,2,2,0,0,0,0,0,0
b,四指指尖/数据1,v6,noise_1ADC,18,1.61E:onset;2.21U;9.67E:onset;10.26U;10.94E:onset;15.94H:onset,10.41E:onset;15.41H:onset,4,0,0,2,6,1,3,0,0,1,1,0,2
b,四指指尖/数据1,v6.1,noise_1ADC,18,1.61E:onset;2.21U;9.67E:onset;10.26U;10.94E:onset;15.94H:onset,10.41E:onset;15.41H:onset,4,0,0,2,6,1,3,0,0,1,1,0,2
b,四指指尖/数据1,v5.1,noise_1ADC,19,0.00E:v5_begin;13.45E:v5_begin,2.51E:v5_begin;13.39E:v5_begin,0,1,1,1,1,2,2,0,0,0,0,0,0
b,四指指尖/数据1,v6,noise_1ADC,19,1.61E:onset;2.21U;9.67E:onset;10.26U;10.94E:onset;15.94H:onset,10.51E:onset;15.51H:onset,4,0,0,2,6,1,3,0,0,1,1,0,2
b,四指指尖/数据1,v6.1,noise_1ADC,19,1.61E:onset;2.21U;9.67E:onset;10.26U;10.94E:onset;15.94H:onset,10.51E:onset;15.51H:onset,4,0,0,2,6,1,3,0,0,1,1,0,2
b,四指指尖/数据1,v5.1,noise_1ADC,20,0.00E:v5_begin;13.45E:v5_begin,2.51E:v5_begin;12.50E:v5_begin;18.87E:v5_begin,1,0,0,3,2,3,2,0,0,0,0,0,0
b,四指指尖/数据1,v6,noise_1ADC,20,1.61E:onset;2.21U;9.67E:onset;10.26U;10.94E:onset;15.94H:onset,10.42E:onset;15.42H:onset,4,0,0,2,6,1,3,0,0,1,1,0,2
b,四指指尖/数据1,v6.1,noise_1ADC,20,1.61E:onset;2.21U;9.67E:onset;10.26U;10.94E:onset;15.94H:onset,10.42E:onset;15.42H:onset,4,0,0,2,6,1,3,0,0,1,1,0,2
b,四指指尖/数据1,v5.1,noise_1ADC,21,0.00E:v5_begin;13.45E:v5_begin,0.00E:v5_begin;13.07E:v5_begin,0,1,1,1,1,2,2,0,0,0,0,0,0
b,四指指尖/数据1,v6,noise_1ADC,21,1.61E:onset;2.21U;9.67E:onset;10.26U;10.94E:onset;15.94H:onset,10.45E:onset;15.45H:onset,4,0,0,2,6,1,3,0,0,1,1,0,2
b,四指指尖/数据1,v6.1,noise_1ADC,21,1.61E:onset;2.21U;9.67E:onset;10.26U;10.94E:onset;15.94H:onset,10.45E:onset;15.45H:onset,4,0,0,2,6,1,3,0,0,1,1,0,2
b,四指指尖/数据1,v5.1,noise_1ADC,22,0.00E:v5_begin;13.45E:v5_begin,2.55E:v5_begin;13.45E:v5_begin,0,1,1,1,1,2,2,0,0,0,0,0,0
b,四指指尖/数据1,v6,noise_1ADC,22,1.61E:onset;2.21U;9.67E:onset;10.26U;10.94E:onset;15.94H:onset,10.40E:restep;15.40H:onset,5,0,0,2,6,1,3,0,0,1,1,0,2
b,四指指尖/数据1,v6.1,noise_1ADC,22,1.61E:onset;2.21U;9.67E:onset;10.26U;10.94E:onset;15.94H:onset,10.40E:restep;15.40H:onset,5,0,0,2,6,1,3,0,0,1,1,0,2
b,四指指尖/数据1,v5.1,noise_1ADC,23,0.00E:v5_begin;13.45E:v5_begin,0.00E:v5_begin;13.45E:v5_begin,0,1,2,0,0,2,2,0,0,0,0,0,0
b,四指指尖/数据1,v6,noise_1ADC,23,1.61E:onset;2.21U;9.67E:onset;10.26U;10.94E:onset;15.94H:onset,0.20E:restep;0.88U;10.47E:restep;15.47H:onset,4,0,0,4,6,2,3,0,0,1,1,1,2
b,四指指尖/数据1,v6.1,noise_1ADC,23,1.61E:onset;2.21U;9.67E:onset;10.26U;10.94E:onset;15.94H:onset,0.20E:restep;0.88U;10.47E:restep;15.47H:onset,4,0,0,4,6,2,3,0,0,1,1,1,2
b,四指指尖/数据1,v5.1,noise_1ADC,24,0.00E:v5_begin;13.45E:v5_begin,0.00E:v5_begin;8.42E:v5_begin;14.43E:v5_begin,1,0,1,2,1,3,2,0,0,0,0,0,0
b,四指指尖/数据1,v6,noise_1ADC,24,1.61E:onset;2.21U;9.67E:onset;10.26U;10.94E:onset;15.94H:onset,0.21E:onset;0.82U;10.56E:restep;15.56H:onset,3,0,0,4,6,2,3,0,0,1,1,1,2
b,四指指尖/数据1,v6.1,noise_1ADC,24,1.61E:onset;2.21U;9.67E:onset;10.26U;10.94E:onset;15.94H:onset,0.21E:onset;0.82U;10.56E:restep;15.56H:onset,3,0,0,4,6,2,3,0,0,1,1,1,2
b,四指指尖/数据1,v5.1,noise_1ADC,25,0.00E:v5_begin;13.45E:v5_begin,2.51E:v5_begin;13.19E:v5_begin,0,1,0,2,2,2,2,0,0,0,0,0,0
b,四指指尖/数据1,v6,noise_1ADC,25,1.61E:onset;2.21U;9.67E:onset;10.26U;10.94E:onset;15.94H:onset,0.05E:onset;0.37U;10.41E:onset;15.41H:onset,2,0,0,4,6,2,3,0,0,1,1,1,2
b,四指指尖/数据1,v6.1,noise_1ADC,25,1.61E:onset;2.21U;9.67E:onset;10.26U;10.94E:onset;15.94H:onset,0.05E:onset;0.37U;10.41E:onset;15.41H:onset,2,0,0,4,6,2,3,0,0,1,1,1,2
b,四指指尖/数据1,v5.1,noise_1ADC,26,0.00E:v5_begin;13.45E:v5_begin,0.00E:v5_begin;5.54E:v5_begin;13.05E:v5_begin,1,0,1,2,1,3,2,0,0,0,0,0,0
b,四指指尖/数据1,v6,noise_1ADC,26,1.61E:onset;2.21U;9.67E:onset;10.26U;10.94E:onset;15.94H:onset,10.42E:onset;15.42H:onset,4,0,0,2,6,1,3,0,0,1,1,0,2
b,四指指尖/数据1,v6.1,noise_1ADC,26,1.61E:onset;2.21U;9.67E:onset;10.26U;10.94E:onset;15.94H:onset,10.42E:onset;15.42H:onset,4,0,0,2,6,1,3,0,0,1,1,0,2
b,四指指尖/数据1,v5.1,noise_1ADC,27,0.00E:v5_begin;13.45E:v5_begin,0.00E:v5_begin;13.46E:v5_begin,0,1,2,0,0,2,2,0,0,0,0,0,0
b,四指指尖/数据1,v6,noise_1ADC,27,1.61E:onset;2.21U;9.67E:onset;10.26U;10.94E:onset;15.94H:onset,10.40E:restep;15.40H:onset,5,0,0,2,6,1,3,0,0,1,1,0,2
b,四指指尖/数据1,v6.1,noise_1ADC,27,1.61E:onset;2.21U;9.67E:onset;10.26U;10.94E:onset;15.94H:onset,10.40E:restep;15.40H:onset,5,0,0,2,6,1,3,0,0,1,1,0,2
b,四指指尖/数据1,v5.1,noise_1ADC,28,0.00E:v5_begin;13.45E:v5_begin,0.00E:v5_begin;13.46E:v5_begin,0,1,2,0,0,2,2,0,0,0,0,0,0
b,四指指尖/数据1,v6,noise_1ADC,28,1.61E:onset;2.21U;9.67E:onset;10.26U;10.94E:onset;15.94H:onset,0.07E:restep;1.07U;10.50E:restep;15.50H:onset,4,0,0,4,6,2,3,0,0,1,1,1,2
b,四指指尖/数据1,v6.1,noise_1ADC,28,1.61E:onset;2.21U;9.67E:onset;10.26U;10.94E:onset;15.94H:onset,0.07E:restep;1.07U;10.50E:restep;15.50H:onset,4,0,0,4,6,2,3,0,0,1,1,1,2
b,四指指尖/数据1,v5.1,noise_1ADC,29,0.00E:v5_begin;13.45E:v5_begin,0.00E:v5_begin;13.03E:v5_begin,0,1,1,1,1,2,2,0,0,0,0,0,0
b,四指指尖/数据1,v6,noise_1ADC,29,1.61E:onset;2.21U;9.67E:onset;10.26U;10.94E:onset;15.94H:onset,10.46E:restep;15.46H:onset,5,0,0,2,6,1,3,0,0,1,1,0,2
b,四指指尖/数据1,v6.1,noise_1ADC,29,1.61E:onset;2.21U;9.67E:onset;10.26U;10.94E:onset;15.94H:onset,10.46E:restep;15.46H:onset,5,0,0,2,6,1,3,0,0,1,1,0,2
b,四指指尖/数据1,v5.1,noise_5ADC,0,0.00E:v5_begin;13.45E:v5_begin,2.51E:v5_begin;13.41E:v5_begin;51.12E:v5_begin,1,0,1,2,1,3,2,0,0,0,0,0,0
b,四指指尖/数据1,v6,noise_5ADC,0,1.61E:onset;2.21U;9.67E:onset;10.26U;10.94E:onset;15.94H:onset,0.11E:restep;1.08U;10.72E:restep;15.72H:onset,4,0,1,3,5,2,3,0,0,1,1,1,2
b,四指指尖/数据1,v6.1,noise_5ADC,0,1.61E:onset;2.21U;9.67E:onset;10.26U;10.94E:onset;15.94H:onset,0.11E:restep;1.08U;10.72E:restep;15.72H:onset,4,0,1,3,5,2,3,0,0,1,1,1,2
b,四指指尖/数据1,v5.1,noise_5ADC,1,0.00E:v5_begin;13.45E:v5_begin,0.00E:v5_begin;13.01E:v5_begin;28.38E:v5_begin;52.78E:v5_begin,2,0,1,3,1,4,2,0,0,0,0,0,0
b,四指指尖/数据1,v6,noise_5ADC,1,1.61E:onset;2.21U;9.67E:onset;10.26U;10.94E:onset;15.94H:onset,0.15E:restep;0.73U;10.59E:onset;15.59H:onset,3,0,0,4,6,2,3,0,0,1,1,1,2
b,四指指尖/数据1,v6.1,noise_5ADC,1,1.61E:onset;2.21U;9.67E:onset;10.26U;10.94E:onset;15.94H:onset,0.15E:restep;0.73U;10.59E:onset;15.59H:onset,3,0,0,4,6,2,3,0,0,1,1,1,2
b,四指指尖/数据1,v5.1,noise_5ADC,2,0.00E:v5_begin;13.45E:v5_begin,0.00E:v5_begin;13.08E:v5_begin,0,1,1,1,1,2,2,0,0,0,0,0,0
b,四指指尖/数据1,v6,noise_5ADC,2,1.61E:onset;2.21U;9.67E:onset;10.26U;10.94E:onset;15.94H:onset,10.53E:onset;15.53H:onset,4,0,0,2,6,1,3,0,0,1,1,0,2
b,四指指尖/数据1,v6.1,noise_5ADC,2,1.61E:onset;2.21U;9.67E:onset;10.26U;10.94E:onset;15.94H:onset,10.53E:onset;15.53H:onset,4,0,0,2,6,1,3,0,0,1,1,0,2
b,四指指尖/数据1,v5.1,noise_5ADC,3,0.00E:v5_begin;13.45E:v5_begin,2.66E:v5_begin;12.99E:v5_begin,0,1,0,2,2,2,2,0,0,0,0,0,0
b,四指指尖/数据1,v6,noise_5ADC,3,1.61E:onset;2.21U;9.67E:onset;10.26U;10.94E:onset;15.94H:onset,,6,0,0,0,6,0,3,0,0,0,1,0,2
b,四指指尖/数据1,v6.1,noise_5ADC,3,1.61E:onset;2.21U;9.67E:onset;10.26U;10.94E:onset;15.94H:onset,,6,0,0,0,6,0,3,0,0,0,1,0,2
b,四指指尖/数据1,v5.1,noise_5ADC,4,0.00E:v5_begin;13.45E:v5_begin,0.00E:v5_begin;12.46E:v5_begin;18.47E:v5_begin;64.43E:v5_begin,2,0,1,3,1,4,2,0,0,0,0,0,0
b,四指指尖/数据1,v6,noise_5ADC,4,1.61E:onset;2.21U;9.67E:onset;10.26U;10.94E:onset;15.94H:onset,0.15E:onset;1.00U;10.57E:onset;15.57H:onset,2,0,0,4,6,2,3,0,0,1,1,1,2
b,四指指尖/数据1,v6.1,noise_5ADC,4,1.61E:onset;2.21U;9.67E:onset;10.26U;10.94E:onset;15.94H:onset,0.15E:onset;1.00U;10.57E:onset;15.57H:onset,2,0,0,4,6,2,3,0,0,1,1,1,2
b,四指指尖/数据1,v5.1,noise_5ADC,5,0.00E:v5_begin;13.45E:v5_begin,0.00E:v5_begin;13.28E:v5_begin;37.05E:v5_begin,1,0,2,1,0,3,2,0,0,0,0,0,0
b,四指指尖/数据1,v6,noise_5ADC,5,1.61E:onset;2.21U;9.67E:onset;10.26U;10.94E:onset;15.94H:onset,10.58E:restep;15.58H:onset,5,0,0,2,6,1,3,0,0,1,1,0,2
b,四指指尖/数据1,v6.1,noise_5ADC,5,1.61E:onset;2.21U;9.67E:onset;10.26U;10.94E:onset;15.94H:onset,10.58E:restep;15.58H:onset,5,0,0,2,6,1,3,0,0,1,1,0,2
b,四指指尖/数据1,v5.1,noise_5ADC,6,0.00E:v5_begin;13.45E:v5_begin,0.00E:v5_begin;13.36E:v5_begin;68.54E:v5_begin,1,0,2,1,0,3,2,0,0,0,0,0,0
b,四指指尖/数据1,v6,noise_5ADC,6,1.61E:onset;2.21U;9.67E:onset;10.26U;10.94E:onset;15.94H:onset,10.59E:onset;15.59H:onset,4,0,0,2,6,1,3,0,0,1,1,0,2
b,四指指尖/数据1,v6.1,noise_5ADC,6,1.61E:onset;2.21U;9.67E:onset;10.26U;10.94E:onset;15.94H:onset,10.59E:onset;15.59H:onset,4,0,0,2,6,1,3,0,0,1,1,0,2
b,四指指尖/数据1,v5.1,noise_5ADC,7,0.00E:v5_begin;13.45E:v5_begin,2.53E:v5_begin;8.53E:v5_begin;14.53E:v5_begin,1,0,0,3,2,3,2,0,0,0,0,0,0
b,四指指尖/数据1,v6,noise_5ADC,7,1.61E:onset;2.21U;9.67E:onset;10.26U;10.94E:onset;15.94H:onset,0.08E:onset;0.92U;10.54E:restep;15.54H:onset,3,0,0,4,6,2,3,0,0,1,1,1,2
b,四指指尖/数据1,v6.1,noise_5ADC,7,1.61E:onset;2.21U;9.67E:onset;10.26U;10.94E:onset;15.94H:onset,0.08E:onset;0.92U;10.54E:restep;15.54H:onset,3,0,0,4,6,2,3,0,0,1,1,1,2
b,四指指尖/数据1,v5.1,noise_5ADC,8,0.00E:v5_begin;13.45E:v5_begin,2.51E:v5_begin;13.45E:v5_begin;28.09E:v5_begin,1,0,1,2,1,3,2,0,0,0,0,0,0
b,四指指尖/数据1,v6,noise_5ADC,8,1.61E:onset;2.21U;9.67E:onset;10.26U;10.94E:onset;15.94H:onset,0.11E:restep;0.67U;10.50E:onset;15.50H:onset,3,0,0,4,6,2,3,0,0,1,1,1,2
b,四指指尖/数据1,v6.1,noise_5ADC,8,1.61E:onset;2.21U;9.67E:onset;10.26U;10.94E:onset;15.94H:onset,0.11E:restep;0.67U;10.50E:onset;15.50H:onset,3,0,0,4,6,2,3,0,0,1,1,1,2
b,四指指尖/数据1,v5.1,noise_5ADC,9,0.00E:v5_begin;13.45E:v5_begin,0.00E:v5_begin;12.30E:v5_begin;18.31E:v5_begin,1,0,1,2,1,3,2,0,0,0,0,0,0
b,四指指尖/数据1,v6,noise_5ADC,9,1.61E:onset;2.21U;9.67E:onset;10.26U;10.94E:onset;15.94H:onset,10.55E:onset;15.55H:onset,4,0,0,2,6,1,3,0,0,1,1,0,2
b,四指指尖/数据1,v6.1,noise_5ADC,9,1.61E:onset;2.21U;9.67E:onset;10.26U;10.94E:onset;15.94H:onset,10.55E:onset;15.55H:onset,4,0,0,2,6,1,3,0,0,1,1,0,2
b,四指指尖/数据1,v5.1,noise_5ADC,10,0.00E:v5_begin;13.45E:v5_begin,0.00E:v5_begin;12.23E:v5_begin;18.24E:v5_begin;51.94E:v5_begin;68.27E:v5_begin,3,0,1,4,1,5,2,0,0,0,0,0,0
b,四指指尖/数据1,v6,noise_5ADC,10,1.61E:onset;2.21U;9.67E:onset;10.26U;10.94E:onset;15.94H:onset,5.14E:onset;5.91U;10.54E:onset;15.54H:onset,2,0,0,4,6,2,3,0,0,1,1,1,2
b,四指指尖/数据1,v6.1,noise_5ADC,10,1.61E:onset;2.21U;9.67E:onset;10.26U;10.94E:onset;15.94H:onset,5.14E:onset;5.91U;10.54E:onset;15.54H:onset,2,0,0,4,6,2,3,0,0,1,1,1,2
b,四指指尖/数据1,v5.1,noise_5ADC,11,0.00E:v5_begin;13.45E:v5_begin,2.53E:v5_begin;8.05E:v5_begin;14.06E:v5_begin;21.88E:v5_begin;60.35E:v5_begin,3,0,0,5,2,5,2,0,0,0,0,0,0
b,四指指尖/数据1,v6,noise_5ADC,11,1.61E:onset;2.21U;9.67E:onset;10.26U;10.94E:onset;15.94H:onset,10.57E:onset;15.57H:onset,4,0,0,2,6,1,3,0,0,1,1,0,2
b,四指指尖/数据1,v6.1,noise_5ADC,11,1.61E:onset;2.21U;9.67E:onset;10.26U;10.94E:onset;15.94H:onset,10.57E:onset;15.57H:onset,4,0,0,2,6,1,3,0,0,1,1,0,2
b,四指指尖/数据1,v5.1,noise_5ADC,12,0.00E:v5_begin;13.45E:v5_begin,2.53E:v5_begin;12.89E:v5_begin,0,1,0,2,2,2,2,0,0,0,0,0,0
b,四指指尖/数据1,v6,noise_5ADC,12,1.61E:onset;2.21U;9.67E:onset;10.26U;10.94E:onset;15.94H:onset,10.62E:onset;15.62H:onset,4,0,0,2,6,1,3,0,0,1,1,0,2
b,四指指尖/数据1,v6.1,noise_5ADC,12,1.61E:onset;2.21U;9.67E:onset;10.26U;10.94E:onset;15.94H:onset,10.62E:onset;15.62H:onset,4,0,0,2,6,1,3,0,0,1,1,0,2
b,四指指尖/数据1,v5.1,noise_5ADC,13,0.00E:v5_begin;13.45E:v5_begin,0.00E:v5_begin;5.55E:v5_begin;13.48E:v5_begin,1,0,2,1,0,3,2,0,0,0,0,0,0
b,四指指尖/数据1,v6,noise_5ADC,13,1.61E:onset;2.21U;9.67E:onset;10.26U;10.94E:onset;15.94H:onset,10.51E:restep;15.51H:onset,5,0,0,2,6,1,3,0,0,1,1,0,2
b,四指指尖/数据1,v6.1,noise_5ADC,13,1.61E:onset;2.21U;9.67E:onset;10.26U;10.94E:onset;15.94H:onset,10.51E:restep;15.51H:onset,5,0,0,2,6,1,3,0,0,1,1,0,2
b,四指指尖/数据1,v5.1,noise_5ADC,14,0.00E:v5_begin;13.45E:v5_begin,0.00E:v5_begin;13.45E:v5_begin;40.77E:v5_begin;50.62E:v5_begin;57.56E:v5_begin,3,0,2,3,0,5,2,0,0,0,0,0,0
b,四指指尖/数据1,v6,noise_5ADC,14,1.61E:onset;2.21U;9.67E:onset;10.26U;10.94E:onset;15.94H:onset,0.09E:onset;0.78U;10.51E:onset;15.51H:onset,2,0,0,4,6,2,3,0,0,1,1,1,2
b,四指指尖/数据1,v6.1,noise_5ADC,14,1.61E:onset;2.21U;9.67E:onset;10.26U;10.94E:onset;15.94H:onset,0.09E:onset;0.78U;10.51E:onset;15.51H:onset,2,0,0,4,6,2,3,0,0,1,1,1,2
b,四指指尖/数据1,v5.1,noise_5ADC,15,0.00E:v5_begin;13.45E:v5_begin,2.53E:v5_begin;12.52E:v5_begin;18.53E:v5_begin,1,0,0,3,2,3,2,0,0,0,0,0,0
b,四指指尖/数据1,v6,noise_5ADC,15,1.61E:onset;2.21U;9.67E:onset;10.26U;10.94E:onset;15.94H:onset,10.55E:restep;15.55H:onset,5,0,0,2,6,1,3,0,0,1,1,0,2
b,四指指尖/数据1,v6.1,noise_5ADC,15,1.61E:onset;2.21U;9.67E:onset;10.26U;10.94E:onset;15.94H:onset,10.55E:restep;15.55H:onset,5,0,0,2,6,1,3,0,0,1,1,0,2
b,四指指尖/数据1,v5.1,noise_5ADC,16,0.00E:v5_begin;13.45E:v5_begin,2.51E:v5_begin;13.21E:v5_begin;21.23E:v5_begin;43.80E:v5_begin;76.36E:v5_begin,3,0,1,4,1,5,2,0,0,0,0,0,0
b,四指指尖/数据1,v6,noise_5ADC,16,1.61E:onset;2.21U;9.67E:onset;10.26U;10.94E:onset;15.94H:onset,0.14E:onset;0.67U;10.52E:restep;15.52H:onset,3,0,0,4,6,2,3,0,0,1,1,1,2
b,四指指尖/数据1,v6.1,noise_5ADC,16,1.61E:onset;2.21U;9.67E:onset;10.26U;10.94E:onset;15.94H:onset,0.14E:onset;0.67U;10.52E:restep;15.52H:onset,3,0,0,4,6,2,3,0,0,1,1,1,2
b,四指指尖/数据1,v5.1,noise_5ADC,17,0.00E:v5_begin;13.45E:v5_begin,0.00E:v5_begin;12.32E:v5_begin;18.33E:v5_begin;32.94E:v5_begin;44.97E:v5_begin,3,0,1,4,1,5,2,0,0,0,0,0,0
b,四指指尖/数据1,v6,noise_5ADC,17,1.61E:onset;2.21U;9.67E:onset;10.26U;10.94E:onset;15.94H:onset,1.06E:onset;1.67U;10.54E:onset;15.54H:onset,2,0,0,4,6,2,3,0,0,1,1,1,2
b,四指指尖/数据1,v6.1,noise_5ADC,17,1.61E:onset;2.21U;9.67E:onset;10.26U;10.94E:onset;15.94H:onset,1.06E:onset;1.67U;10.54E:onset;15.54H:onset,2,0,0,4,6,2,3,0,0,1,1,1,2
b,四指指尖/数据1,v5.1,noise_5ADC,18,0.00E:v5_begin;13.45E:v5_begin,0.00E:v5_begin;13.45E:v5_begin;61.51E:v5_begin,1,0,2,1,0,3,2,0,0,0,0,0,0
b,四指指尖/数据1,v6,noise_5ADC,18,1.61E:onset;2.21U;9.67E:onset;10.26U;10.94E:onset;15.94H:onset,10.73E:onset;15.73H:onset,4,0,2,0,4,1,3,0,0,1,1,0,2
b,四指指尖/数据1,v6.1,noise_5ADC,18,1.61E:onset;2.21U;9.67E:onset;10.26U;10.94E:onset;15.94H:onset,10.73E:onset;15.73H:onset,4,0,2,0,4,1,3,0,0,1,1,0,2
b,四指指尖/数据1,v5.1,noise_5ADC,19,0.00E:v5_begin;13.45E:v5_begin,0.00E:v5_begin;12.50E:v5_begin;18.51E:v5_begin,1,0,1,2,1,3,2,0,0,0,0,0,0
b,四指指尖/数据1,v6,noise_5ADC,19,1.61E:onset;2.21U;9.67E:onset;10.26U;10.94E:onset;15.94H:onset,10.57E:restep;15.57H:onset,5,0,0,2,6,1,3,0,0,1,1,0,2
b,四指指尖/数据1,v6.1,noise_5ADC,19,1.61E:onset;2.21U;9.67E:onset;10.26U;10.94E:onset;15.94H:onset,10.57E:restep;15.57H:onset,5,0,0,2,6,1,3,0,0,1,1,0,2
b,四指指尖/数据1,v5.1,noise_5ADC,20,0.00E:v5_begin;13.45E:v5_begin,0.00E:v5_begin;12.43E:v5_begin;18.44E:v5_begin,1,0,1,2,1,3,2,0,0,0,0,0,0
b,四指指尖/数据1,v6,noise_5ADC,20,1.61E:onset;2.21U;9.67E:onset;10.26U;10.94E:onset;15.94H:onset,10.48E:restep;15.48H:onset,5,0,0,2,6,1,3,0,0,1,1,0,2
b,四指指尖/数据1,v6.1,noise_5ADC,20,1.61E:onset;2.21U;9.67E:onset;10.26U;10.94E:onset;15.94H:onset,10.48E:restep;15.48H:onset,5,0,0,2,6,1,3,0,0,1,1,0,2
b,四指指尖/数据1,v5.1,noise_5ADC,21,0.00E:v5_begin;13.45E:v5_begin,2.51E:v5_begin;8.04E:v5_begin;14.05E:v5_begin,1,0,0,3,2,3,2,0,0,0,0,0,0
b,四指指尖/数据1,v6,noise_5ADC,21,1.61E:onset;2.21U;9.67E:onset;10.26U;10.94E:onset;15.94H:onset,0.91E:onset;1.78U;10.56E:restep;15.56H:onset,3,0,0,4,6,2,3,0,0,1,1,1,2
b,四指指尖/数据1,v6.1,noise_5ADC,21,1.61E:onset;2.21U;9.67E:onset;10.26U;10.94E:onset;15.94H:onset,0.91E:onset;1.78U;10.56E:restep;15.56H:onset,3,0,0,4,6,2,3,0,0,1,1,1,2
b,四指指尖/数据1,v5.1,noise_5ADC,22,0.00E:v5_begin;13.45E:v5_begin,2.51E:v5_begin;13.13E:v5_begin;61.20E:v5_begin,1,0,0,3,2,3,2,0,0,0,0,0,0
b,四指指尖/数据1,v6,noise_5ADC,22,1.61E:onset;2.21U;9.67E:onset;10.26U;10.94E:onset;15.94H:onset,0.17E:onset;0.73U,4,0,0,2,6,1,3,0,0,0,1,1,2
b,四指指尖/数据1,v6.1,noise_5ADC,22,1.61E:onset;2.21U;9.67E:onset;10.26U;10.94E:onset;15.94H:onset,0.17E:onset;0.73U,4,0,0,2,6,1,3,0,0,0,1,1,2
b,四指指尖/数据1,v5.1,noise_5ADC,23,0.00E:v5_begin;13.45E:v5_begin,0.00E:v5_begin;13.31E:v5_begin;34.98E:v5_begin,1,0,2,1,0,3,2,0,0,0,0,0,0
b,四指指尖/数据1,v6,noise_5ADC,23,1.61E:onset;2.21U;9.67E:onset;10.26U;10.94E:onset;15.94H:onset,10.55E:restep;15.55H:onset,5,0,0,2,6,1,3,0,0,1,1,0,2
b,四指指尖/数据1,v6.1,noise_5ADC,23,1.61E:onset;2.21U;9.67E:onset;10.26U;10.94E:onset;15.94H:onset,10.55E:restep;15.55H:onset,5,0,0,2,6,1,3,0,0,1,1,0,2
b,四指指尖/数据1,v5.1,noise_5ADC,24,0.00E:v5_begin;13.45E:v5_begin,2.57E:v5_begin;12.84E:v5_begin,0,1,0,2,2,2,2,0,0,0,0,0,0
b,四指指尖/数据1,v6,noise_5ADC,24,1.61E:onset;2.21U;9.67E:onset;10.26U;10.94E:onset;15.94H:onset,0.08E:onset;0.67U;10.57E:restep;15.57H:onset,3,0,0,4,6,2,3,0,0,1,1,1,2
b,四指指尖/数据1,v6.1,noise_5ADC,24,1.61E:onset;2.21U;9.67E:onset;10.26U;10.94E:onset;15.94H:onset,0.08E:onset;0.67U;10.57E:restep;15.57H:onset,3,0,0,4,6,2,3,0,0,1,1,1,2
b,四指指尖/数据1,v5.1,noise_5ADC,25,0.00E:v5_begin;13.45E:v5_begin,2.55E:v5_begin;13.46E:v5_begin,0,1,1,1,1,2,2,0,0,0,0,0,0
b,四指指尖/数据1,v6,noise_5ADC,25,1.61E:onset;2.21U;9.67E:onset;10.26U;10.94E:onset;15.94H:onset,0.08E:onset;0.70U;10.57E:restep;15.57H:onset,3,0,0,4,6,2,3,0,0,1,1,1,2
b,四指指尖/数据1,v6.1,noise_5ADC,25,1.61E:onset;2.21U;9.67E:onset;10.26U;10.94E:onset;15.94H:onset,0.08E:onset;0.70U;10.57E:restep;15.57H:onset,3,0,0,4,6,2,3,0,0,1,1,1,2
b,四指指尖/数据1,v5.1,noise_5ADC,26,0.00E:v5_begin;13.45E:v5_begin,0.00E:v5_begin;12.76E:v5_begin,0,1,1,1,1,2,2,0,0,0,0,0,0
b,四指指尖/数据1,v6,noise_5ADC,26,1.61E:onset;2.21U;9.67E:onset;10.26U;10.94E:onset;15.94H:onset,0.08E:onset;0.75U;10.52E:onset;15.52H:onset,2,0,0,4,6,2,3,0,0,1,1,1,2
b,四指指尖/数据1,v6.1,noise_5ADC,26,1.61E:onset;2.21U;9.67E:onset;10.26U;10.94E:onset;15.94H:onset,0.08E:onset;0.75U;10.52E:onset;15.52H:onset,2,0,0,4,6,2,3,0,0,1,1,1,2
b,四指指尖/数据1,v5.1,noise_5ADC,27,0.00E:v5_begin;13.45E:v5_begin,2.51E:v5_begin;13.39E:v5_begin,0,1,1,1,1,2,2,0,0,0,0,0,0
b,四指指尖/数据1,v6,noise_5ADC,27,1.61E:onset;2.21U;9.67E:onset;10.26U;10.94E:onset;15.94H:onset,10.49E:restep;15.49H:onset,5,0,0,2,6,1,3,0,0,1,1,0,2
b,四指指尖/数据1,v6.1,noise_5ADC,27,1.61E:onset;2.21U;9.67E:onset;10.26U;10.94E:onset;15.94H:onset,10.49E:restep;15.49H:onset,5,0,0,2,6,1,3,0,0,1,1,0,2
b,四指指尖/数据1,v5.1,noise_5ADC,28,0.00E:v5_begin;13.45E:v5_begin,2.51E:v5_begin;10.97E:v5_begin;16.98E:v5_begin;52.33E:v5_begin,2,0,0,4,2,4,2,0,0,0,0,0,0
b,四指指尖/数据1,v6,noise_5ADC,28,1.61E:onset;2.21U;9.67E:onset;10.26U;10.94E:onset;15.94H:onset,0.12E:onset;0.80U;10.72E:onset;15.72H:onset;73.61E:decrease,3,0,2,3,4,3,3,0,0,1,1,1,2
b,四指指尖/数据1,v6.1,noise_5ADC,28,1.61E:onset;2.21U;9.67E:onset;10.26U;10.94E:onset;15.94H:onset,0.12E:onset;0.80U;10.72E:onset;15.72H:onset;73.61E:decrease,3,0,2,3,4,3,3,0,0,1,1,1,2
b,四指指尖/数据1,v5.1,noise_5ADC,29,0.00E:v5_begin;13.45E:v5_begin,2.51E:v5_begin;13.45E:v5_begin;20.21E:v5_begin;39.42E:v5_begin,2,0,1,3,1,4,2,0,0,0,0,0,0
b,四指指尖/数据1,v6,noise_5ADC,29,1.61E:onset;2.21U;9.67E:onset;10.26U;10.94E:onset;15.94H:onset,0.05E:onset;0.37U;10.64E:restep;15.64H:onset,3,0,0,4,6,2,3,0,0,1,1,1,2
b,四指指尖/数据1,v6.1,noise_5ADC,29,1.61E:onset;2.21U;9.67E:onset;10.26U;10.94E:onset;15.94H:onset,0.05E:onset;0.37U;10.64E:restep;15.64H:onset,3,0,0,4,6,2,3,0,0,1,1,1,2
b,四指指尖/数据1,v5.1,dropout_1frame,0,0.00E:v5_begin;13.45E:v5_begin,0.00E:v5_begin;13.45E:v5_begin,0,1,2,0,0,2,2,0,0,0,0,0,0
b,四指指尖/数据1,v6,dropout_1frame,0,1.61E:onset;2.21U;9.67E:onset;10.26U;10.94E:onset;15.94H:onset,1.61E:onset;2.21U;9.67E:onset;10.26U;10.94E:onset;15.94H:onset,0,1,6,0,0,3,3,0,0,1,1,2,2
b,四指指尖/数据1,v6.1,dropout_1frame,0,1.61E:onset;2.21U;9.67E:onset;10.26U;10.94E:onset;15.94H:onset,1.61E:onset;2.21U;9.67E:onset;10.26U;10.94E:onset;15.94H:onset,0,1,6,0,0,3,3,0,0,1,1,2,2
b,四指指尖/数据1,v5.1,dropout_1frame,1,0.00E:v5_begin;13.45E:v5_begin,0.00E:v5_begin;13.45E:v5_begin,0,1,2,0,0,2,2,0,0,0,0,0,0
b,四指指尖/数据1,v6,dropout_1frame,1,1.61E:onset;2.21U;9.67E:onset;10.26U;10.94E:onset;15.94H:onset,1.61E:onset;2.21U;9.67E:onset;10.26U;10.94E:onset;15.94H:onset,0,1,6,0,0,3,3,0,0,1,1,2,2
b,四指指尖/数据1,v6.1,dropout_1frame,1,1.61E:onset;2.21U;9.67E:onset;10.26U;10.94E:onset;15.94H:onset,1.61E:onset;2.21U;9.67E:onset;10.26U;10.94E:onset;15.94H:onset,0,1,6,0,0,3,3,0,0,1,1,2,2
b,四指指尖/数据1,v5.1,dropout_1frame,2,0.00E:v5_begin;13.45E:v5_begin,0.00E:v5_begin;13.45E:v5_begin,0,1,2,0,0,2,2,0,0,0,0,0,0
b,四指指尖/数据1,v6,dropout_1frame,2,1.61E:onset;2.21U;9.67E:onset;10.26U;10.94E:onset;15.94H:onset,1.61E:onset;2.21U;9.67E:onset;10.26U;10.94E:onset;15.94H:onset,0,1,6,0,0,3,3,0,0,1,1,2,2
b,四指指尖/数据1,v6.1,dropout_1frame,2,1.61E:onset;2.21U;9.67E:onset;10.26U;10.94E:onset;15.94H:onset,1.61E:onset;2.21U;9.67E:onset;10.26U;10.94E:onset;15.94H:onset,0,1,6,0,0,3,3,0,0,1,1,2,2
b,四指指尖/数据1,v5.1,dropout_1frame,3,0.00E:v5_begin;13.45E:v5_begin,0.00E:v5_begin;13.45E:v5_begin,0,1,2,0,0,2,2,0,0,0,0,0,0
b,四指指尖/数据1,v6,dropout_1frame,3,1.61E:onset;2.21U;9.67E:onset;10.26U;10.94E:onset;15.94H:onset,1.51E:onset;2.11U;9.67E:onset;10.26U;10.94E:onset;15.94H:onset,0,1,6,0,0,3,3,0,0,1,1,2,2
b,四指指尖/数据1,v6.1,dropout_1frame,3,1.61E:onset;2.21U;9.67E:onset;10.26U;10.94E:onset;15.94H:onset,1.51E:onset;2.11U;9.67E:onset;10.26U;10.94E:onset;15.94H:onset,0,1,6,0,0,3,3,0,0,1,1,2,2
b,四指指尖/数据1,v5.1,dropout_1frame,4,0.00E:v5_begin;13.45E:v5_begin,0.00E:v5_begin;13.45E:v5_begin,0,1,2,0,0,2,2,0,0,0,0,0,0
b,四指指尖/数据1,v6,dropout_1frame,4,1.61E:onset;2.21U;9.67E:onset;10.26U;10.94E:onset;15.94H:onset,1.61E:onset;2.21U;9.67E:onset;10.26U;10.94E:onset;15.94H:onset,0,1,6,0,0,3,3,0,0,1,1,2,2
b,四指指尖/数据1,v6.1,dropout_1frame,4,1.61E:onset;2.21U;9.67E:onset;10.26U;10.94E:onset;15.94H:onset,1.61E:onset;2.21U;9.67E:onset;10.26U;10.94E:onset;15.94H:onset,0,1,6,0,0,3,3,0,0,1,1,2,2
b,四指指尖/数据1,v5.1,dropout_1frame,5,0.00E:v5_begin;13.45E:v5_begin,0.00E:v5_begin;13.45E:v5_begin,0,1,2,0,0,2,2,0,0,0,0,0,0
b,四指指尖/数据1,v6,dropout_1frame,5,1.61E:onset;2.21U;9.67E:onset;10.26U;10.94E:onset;15.94H:onset,1.61E:onset;2.21U;9.67E:onset;10.26U;10.94E:onset;15.94H:onset,0,1,6,0,0,3,3,0,0,1,1,2,2
b,四指指尖/数据1,v6.1,dropout_1frame,5,1.61E:onset;2.21U;9.67E:onset;10.26U;10.94E:onset;15.94H:onset,1.61E:onset;2.21U;9.67E:onset;10.26U;10.94E:onset;15.94H:onset,0,1,6,0,0,3,3,0,0,1,1,2,2
b,四指指尖/数据1,v5.1,dropout_1frame,6,0.00E:v5_begin;13.45E:v5_begin,0.00E:v5_begin;13.45E:v5_begin,0,1,2,0,0,2,2,0,0,0,0,0,0
b,四指指尖/数据1,v6,dropout_1frame,6,1.61E:onset;2.21U;9.67E:onset;10.26U;10.94E:onset;15.94H:onset,1.61E:onset;2.21U;9.67E:onset;10.26U;10.94E:onset;15.94H:onset,0,1,6,0,0,3,3,0,0,1,1,2,2
b,四指指尖/数据1,v6.1,dropout_1frame,6,1.61E:onset;2.21U;9.67E:onset;10.26U;10.94E:onset;15.94H:onset,1.61E:onset;2.21U;9.67E:onset;10.26U;10.94E:onset;15.94H:onset,0,1,6,0,0,3,3,0,0,1,1,2,2
b,四指指尖/数据1,v5.1,dropout_1frame,7,0.00E:v5_begin;13.45E:v5_begin,0.00E:v5_begin;13.45E:v5_begin,0,1,2,0,0,2,2,0,0,0,0,0,0
b,四指指尖/数据1,v6,dropout_1frame,7,1.61E:onset;2.21U;9.67E:onset;10.26U;10.94E:onset;15.94H:onset,1.61E:onset;2.21U;9.67E:onset;10.26U;10.94E:onset;15.94H:onset,0,1,6,0,0,3,3,0,0,1,1,2,2
b,四指指尖/数据1,v6.1,dropout_1frame,7,1.61E:onset;2.21U;9.67E:onset;10.26U;10.94E:onset;15.94H:onset,1.61E:onset;2.21U;9.67E:onset;10.26U;10.94E:onset;15.94H:onset,0,1,6,0,0,3,3,0,0,1,1,2,2
b,四指指尖/数据1,v5.1,dropout_1frame,8,0.00E:v5_begin;13.45E:v5_begin,0.00E:v5_begin;13.45E:v5_begin,0,1,2,0,0,2,2,0,0,0,0,0,0
b,四指指尖/数据1,v6,dropout_1frame,8,1.61E:onset;2.21U;9.67E:onset;10.26U;10.94E:onset;15.94H:onset,1.61E:onset;2.21U;9.67E:onset;10.26U;10.94E:onset;15.94H:onset,0,1,6,0,0,3,3,0,0,1,1,2,2
b,四指指尖/数据1,v6.1,dropout_1frame,8,1.61E:onset;2.21U;9.67E:onset;10.26U;10.94E:onset;15.94H:onset,1.61E:onset;2.21U;9.67E:onset;10.26U;10.94E:onset;15.94H:onset,0,1,6,0,0,3,3,0,0,1,1,2,2
b,四指指尖/数据1,v5.1,dropout_1frame,9,0.00E:v5_begin;13.45E:v5_begin,0.00E:v5_begin;13.45E:v5_begin,0,1,2,0,0,2,2,0,0,0,0,0,0
b,四指指尖/数据1,v6,dropout_1frame,9,1.61E:onset;2.21U;9.67E:onset;10.26U;10.94E:onset;15.94H:onset,1.61E:onset;2.21U;9.67E:onset;10.26U;10.94E:onset;15.94H:onset,0,1,6,0,0,3,3,0,0,1,1,2,2
b,四指指尖/数据1,v6.1,dropout_1frame,9,1.61E:onset;2.21U;9.67E:onset;10.26U;10.94E:onset;15.94H:onset,1.61E:onset;2.21U;9.67E:onset;10.26U;10.94E:onset;15.94H:onset,0,1,6,0,0,3,3,0,0,1,1,2,2
b,四指指尖/数据1,v5.1,dropout_1frame,10,0.00E:v5_begin;13.45E:v5_begin,0.00E:v5_begin;13.45E:v5_begin,0,1,2,0,0,2,2,0,0,0,0,0,0
b,四指指尖/数据1,v6,dropout_1frame,10,1.61E:onset;2.21U;9.67E:onset;10.26U;10.94E:onset;15.94H:onset,1.61E:onset;2.21U;9.67E:onset;10.26U;10.94E:onset;15.94H:onset,0,1,6,0,0,3,3,0,0,1,1,2,2
b,四指指尖/数据1,v6.1,dropout_1frame,10,1.61E:onset;2.21U;9.67E:onset;10.26U;10.94E:onset;15.94H:onset,1.61E:onset;2.21U;9.67E:onset;10.26U;10.94E:onset;15.94H:onset,0,1,6,0,0,3,3,0,0,1,1,2,2
b,四指指尖/数据1,v5.1,dropout_1frame,11,0.00E:v5_begin;13.45E:v5_begin,0.00E:v5_begin;13.45E:v5_begin,0,1,2,0,0,2,2,0,0,0,0,0,0
b,四指指尖/数据1,v6,dropout_1frame,11,1.61E:onset;2.21U;9.67E:onset;10.26U;10.94E:onset;15.94H:onset,1.61E:onset;2.21U;9.67E:onset;10.26U;10.94E:onset;15.94H:onset,0,1,6,0,0,3,3,0,0,1,1,2,2
b,四指指尖/数据1,v6.1,dropout_1frame,11,1.61E:onset;2.21U;9.67E:onset;10.26U;10.94E:onset;15.94H:onset,1.61E:onset;2.21U;9.67E:onset;10.26U;10.94E:onset;15.94H:onset,0,1,6,0,0,3,3,0,0,1,1,2,2
b,四指指尖/数据1,v5.1,dropout_1frame,12,0.00E:v5_begin;13.45E:v5_begin,0.00E:v5_begin;13.45E:v5_begin,0,1,2,0,0,2,2,0,0,0,0,0,0
b,四指指尖/数据1,v6,dropout_1frame,12,1.61E:onset;2.21U;9.67E:onset;10.26U;10.94E:onset;15.94H:onset,1.61E:onset;2.21U;9.67E:onset;10.26U;10.94E:onset;15.94H:onset,0,1,6,0,0,3,3,0,0,1,1,2,2
b,四指指尖/数据1,v6.1,dropout_1frame,12,1.61E:onset;2.21U;9.67E:onset;10.26U;10.94E:onset;15.94H:onset,1.61E:onset;2.21U;9.67E:onset;10.26U;10.94E:onset;15.94H:onset,0,1,6,0,0,3,3,0,0,1,1,2,2
b,四指指尖/数据1,v5.1,dropout_1frame,13,0.00E:v5_begin;13.45E:v5_begin,0.00E:v5_begin;13.45E:v5_begin,0,1,2,0,0,2,2,0,0,0,0,0,0
b,四指指尖/数据1,v6,dropout_1frame,13,1.61E:onset;2.21U;9.67E:onset;10.26U;10.94E:onset;15.94H:onset,1.61E:onset;2.21U;9.67E:onset;10.26U;10.94E:onset;15.94H:onset,0,1,6,0,0,3,3,0,0,1,1,2,2
b,四指指尖/数据1,v6.1,dropout_1frame,13,1.61E:onset;2.21U;9.67E:onset;10.26U;10.94E:onset;15.94H:onset,1.61E:onset;2.21U;9.67E:onset;10.26U;10.94E:onset;15.94H:onset,0,1,6,0,0,3,3,0,0,1,1,2,2
b,四指指尖/数据1,v5.1,dropout_1frame,14,0.00E:v5_begin;13.45E:v5_begin,0.00E:v5_begin;13.45E:v5_begin,0,1,2,0,0,2,2,0,0,0,0,0,0
b,四指指尖/数据1,v6,dropout_1frame,14,1.61E:onset;2.21U;9.67E:onset;10.26U;10.94E:onset;15.94H:onset,1.61E:onset;2.21U;9.67E:onset;10.26U;10.94E:onset;15.94H:onset,0,1,6,0,0,3,3,0,0,1,1,2,2
b,四指指尖/数据1,v6.1,dropout_1frame,14,1.61E:onset;2.21U;9.67E:onset;10.26U;10.94E:onset;15.94H:onset,1.61E:onset;2.21U;9.67E:onset;10.26U;10.94E:onset;15.94H:onset,0,1,6,0,0,3,3,0,0,1,1,2,2
b,四指指尖/数据1,v5.1,dropout_1frame,15,0.00E:v5_begin;13.45E:v5_begin,0.00E:v5_begin;13.45E:v5_begin,0,1,2,0,0,2,2,0,0,0,0,0,0
b,四指指尖/数据1,v6,dropout_1frame,15,1.61E:onset;2.21U;9.67E:onset;10.26U;10.94E:onset;15.94H:onset,1.61E:onset;2.21U;9.67E:onset;10.26U;10.94E:onset;15.94H:onset,0,1,6,0,0,3,3,0,0,1,1,2,2
b,四指指尖/数据1,v6.1,dropout_1frame,15,1.61E:onset;2.21U;9.67E:onset;10.26U;10.94E:onset;15.94H:onset,1.61E:onset;2.21U;9.67E:onset;10.26U;10.94E:onset;15.94H:onset,0,1,6,0,0,3,3,0,0,1,1,2,2
b,四指指尖/数据1,v5.1,dropout_1frame,16,0.00E:v5_begin;13.45E:v5_begin,0.00E:v5_begin;13.45E:v5_begin,0,1,2,0,0,2,2,0,0,0,0,0,0
b,四指指尖/数据1,v6,dropout_1frame,16,1.61E:onset;2.21U;9.67E:onset;10.26U;10.94E:onset;15.94H:onset,1.61E:onset;2.21U;10.94E:onset;15.94H:onset,2,0,4,0,2,2,3,0,0,1,1,1,2
b,四指指尖/数据1,v6.1,dropout_1frame,16,1.61E:onset;2.21U;9.67E:onset;10.26U;10.94E:onset;15.94H:onset,1.61E:onset;2.21U;10.94E:onset;15.94H:onset,2,0,4,0,2,2,3,0,0,1,1,1,2
b,四指指尖/数据1,v5.1,dropout_1frame,17,0.00E:v5_begin;13.45E:v5_begin,0.00E:v5_begin;13.45E:v5_begin,0,1,2,0,0,2,2,0,0,0,0,0,0
b,四指指尖/数据1,v6,dropout_1frame,17,1.61E:onset;2.21U;9.67E:onset;10.26U;10.94E:onset;15.94H:onset,1.61E:onset;2.21U;9.67E:onset;10.26U;10.94E:onset;15.94H:onset,0,1,6,0,0,3,3,0,0,1,1,2,2
b,四指指尖/数据1,v6.1,dropout_1frame,17,1.61E:onset;2.21U;9.67E:onset;10.26U;10.94E:onset;15.94H:onset,1.61E:onset;2.21U;9.67E:onset;10.26U;10.94E:onset;15.94H:onset,0,1,6,0,0,3,3,0,0,1,1,2,2
b,四指指尖/数据1,v5.1,dropout_1frame,18,0.00E:v5_begin;13.45E:v5_begin,0.00E:v5_begin;13.45E:v5_begin,0,1,2,0,0,2,2,0,0,0,0,0,0
b,四指指尖/数据1,v6,dropout_1frame,18,1.61E:onset;2.21U;9.67E:onset;10.26U;10.94E:onset;15.94H:onset,1.61E:onset;2.21U;9.67E:onset;10.26U;10.94E:onset;15.94H:onset,0,1,6,0,0,3,3,0,0,1,1,2,2
b,四指指尖/数据1,v6.1,dropout_1frame,18,1.61E:onset;2.21U;9.67E:onset;10.26U;10.94E:onset;15.94H:onset,1.61E:onset;2.21U;9.67E:onset;10.26U;10.94E:onset;15.94H:onset,0,1,6,0,0,3,3,0,0,1,1,2,2
b,四指指尖/数据1,v5.1,dropout_1frame,19,0.00E:v5_begin;13.45E:v5_begin,0.00E:v5_begin;13.45E:v5_begin,0,1,2,0,0,2,2,0,0,0,0,0,0
b,四指指尖/数据1,v6,dropout_1frame,19,1.61E:onset;2.21U;9.67E:onset;10.26U;10.94E:onset;15.94H:onset,1.61E:onset;2.21U;9.67E:onset;10.26U;10.94E:onset;15.94H:onset,0,1,6,0,0,3,3,0,0,1,1,2,2
b,四指指尖/数据1,v6.1,dropout_1frame,19,1.61E:onset;2.21U;9.67E:onset;10.26U;10.94E:onset;15.94H:onset,1.61E:onset;2.21U;9.67E:onset;10.26U;10.94E:onset;15.94H:onset,0,1,6,0,0,3,3,0,0,1,1,2,2
b,四指指尖/数据1,v5.1,dropout_1frame,20,0.00E:v5_begin;13.45E:v5_begin,0.00E:v5_begin;13.45E:v5_begin,0,1,2,0,0,2,2,0,0,0,0,0,0
b,四指指尖/数据1,v6,dropout_1frame,20,1.61E:onset;2.21U;9.67E:onset;10.26U;10.94E:onset;15.94H:onset,1.61E:onset;2.21U;9.67E:onset;10.26U;10.94E:onset;15.94H:onset,0,1,6,0,0,3,3,0,0,1,1,2,2
b,四指指尖/数据1,v6.1,dropout_1frame,20,1.61E:onset;2.21U;9.67E:onset;10.26U;10.94E:onset;15.94H:onset,1.61E:onset;2.21U;9.67E:onset;10.26U;10.94E:onset;15.94H:onset,0,1,6,0,0,3,3,0,0,1,1,2,2
b,四指指尖/数据1,v5.1,dropout_1frame,21,0.00E:v5_begin;13.45E:v5_begin,0.00E:v5_begin;13.45E:v5_begin,0,1,2,0,0,2,2,0,0,0,0,0,0
b,四指指尖/数据1,v6,dropout_1frame,21,1.61E:onset;2.21U;9.67E:onset;10.26U;10.94E:onset;15.94H:onset,1.61E:onset;2.21U;9.67E:onset;10.26U;10.94E:onset;15.94H:onset,0,1,6,0,0,3,3,0,0,1,1,2,2
b,四指指尖/数据1,v6.1,dropout_1frame,21,1.61E:onset;2.21U;9.67E:onset;10.26U;10.94E:onset;15.94H:onset,1.61E:onset;2.21U;9.67E:onset;10.26U;10.94E:onset;15.94H:onset,0,1,6,0,0,3,3,0,0,1,1,2,2
b,四指指尖/数据1,v5.1,dropout_1frame,22,0.00E:v5_begin;13.45E:v5_begin,0.00E:v5_begin;13.45E:v5_begin,0,1,2,0,0,2,2,0,0,0,0,0,0
b,四指指尖/数据1,v6,dropout_1frame,22,1.61E:onset;2.21U;9.67E:onset;10.26U;10.94E:onset;15.94H:onset,1.61E:onset;2.21U;9.67E:onset;10.26U;10.94E:onset;15.94H:onset,0,1,6,0,0,3,3,0,0,1,1,2,2
b,四指指尖/数据1,v6.1,dropout_1frame,22,1.61E:onset;2.21U;9.67E:onset;10.26U;10.94E:onset;15.94H:onset,1.61E:onset;2.21U;9.67E:onset;10.26U;10.94E:onset;15.94H:onset,0,1,6,0,0,3,3,0,0,1,1,2,2
b,四指指尖/数据1,v5.1,dropout_1frame,23,0.00E:v5_begin;13.45E:v5_begin,0.00E:v5_begin;13.45E:v5_begin,0,1,2,0,0,2,2,0,0,0,0,0,0
b,四指指尖/数据1,v6,dropout_1frame,23,1.61E:onset;2.21U;9.67E:onset;10.26U;10.94E:onset;15.94H:onset,1.61E:onset;2.21U;9.67E:onset;10.26U;10.94E:onset;15.94H:onset,0,1,6,0,0,3,3,0,0,1,1,2,2
b,四指指尖/数据1,v6.1,dropout_1frame,23,1.61E:onset;2.21U;9.67E:onset;10.26U;10.94E:onset;15.94H:onset,1.61E:onset;2.21U;9.67E:onset;10.26U;10.94E:onset;15.94H:onset,0,1,6,0,0,3,3,0,0,1,1,2,2
b,四指指尖/数据1,v5.1,dropout_1frame,24,0.00E:v5_begin;13.45E:v5_begin,0.00E:v5_begin;13.45E:v5_begin,0,1,2,0,0,2,2,0,0,0,0,0,0
b,四指指尖/数据1,v6,dropout_1frame,24,1.61E:onset;2.21U;9.67E:onset;10.26U;10.94E:onset;15.94H:onset,1.61E:onset;2.21U;9.67E:onset;10.26U;10.94E:onset;15.94H:onset,0,1,6,0,0,3,3,0,0,1,1,2,2
b,四指指尖/数据1,v6.1,dropout_1frame,24,1.61E:onset;2.21U;9.67E:onset;10.26U;10.94E:onset;15.94H:onset,1.61E:onset;2.21U;9.67E:onset;10.26U;10.94E:onset;15.94H:onset,0,1,6,0,0,3,3,0,0,1,1,2,2
b,四指指尖/数据1,v5.1,dropout_1frame,25,0.00E:v5_begin;13.45E:v5_begin,0.00E:v5_begin;13.45E:v5_begin,0,1,2,0,0,2,2,0,0,0,0,0,0
b,四指指尖/数据1,v6,dropout_1frame,25,1.61E:onset;2.21U;9.67E:onset;10.26U;10.94E:onset;15.94H:onset,1.61E:onset;2.21U;9.67E:onset;10.26U;10.94E:onset;15.94H:onset,0,1,6,0,0,3,3,0,0,1,1,2,2
b,四指指尖/数据1,v6.1,dropout_1frame,25,1.61E:onset;2.21U;9.67E:onset;10.26U;10.94E:onset;15.94H:onset,1.61E:onset;2.21U;9.67E:onset;10.26U;10.94E:onset;15.94H:onset,0,1,6,0,0,3,3,0,0,1,1,2,2
b,四指指尖/数据1,v5.1,dropout_1frame,26,0.00E:v5_begin;13.45E:v5_begin,0.00E:v5_begin;13.45E:v5_begin,0,1,2,0,0,2,2,0,0,0,0,0,0
b,四指指尖/数据1,v6,dropout_1frame,26,1.61E:onset;2.21U;9.67E:onset;10.26U;10.94E:onset;15.94H:onset,1.61E:onset;2.21U;9.67E:onset;10.26U;10.94E:onset;15.94H:onset,0,1,6,0,0,3,3,0,0,1,1,2,2
b,四指指尖/数据1,v6.1,dropout_1frame,26,1.61E:onset;2.21U;9.67E:onset;10.26U;10.94E:onset;15.94H:onset,1.61E:onset;2.21U;9.67E:onset;10.26U;10.94E:onset;15.94H:onset,0,1,6,0,0,3,3,0,0,1,1,2,2
b,四指指尖/数据1,v5.1,dropout_1frame,27,0.00E:v5_begin;13.45E:v5_begin,0.00E:v5_begin;13.45E:v5_begin,0,1,2,0,0,2,2,0,0,0,0,0,0
b,四指指尖/数据1,v6,dropout_1frame,27,1.61E:onset;2.21U;9.67E:onset;10.26U;10.94E:onset;15.94H:onset,1.61E:onset;2.21U;9.67E:onset;10.26U;10.94E:onset;15.94H:onset,0,1,6,0,0,3,3,0,0,1,1,2,2
b,四指指尖/数据1,v6.1,dropout_1frame,27,1.61E:onset;2.21U;9.67E:onset;10.26U;10.94E:onset;15.94H:onset,1.61E:onset;2.21U;9.67E:onset;10.26U;10.94E:onset;15.94H:onset,0,1,6,0,0,3,3,0,0,1,1,2,2
b,四指指尖/数据1,v5.1,dropout_1frame,28,0.00E:v5_begin;13.45E:v5_begin,0.00E:v5_begin;13.45E:v5_begin,0,1,2,0,0,2,2,0,0,0,0,0,0
b,四指指尖/数据1,v6,dropout_1frame,28,1.61E:onset;2.21U;9.67E:onset;10.26U;10.94E:onset;15.94H:onset,1.61E:onset;2.21U;9.67E:onset;10.26U;10.94E:onset;15.94H:onset,0,1,6,0,0,3,3,0,0,1,1,2,2
b,四指指尖/数据1,v6.1,dropout_1frame,28,1.61E:onset;2.21U;9.67E:onset;10.26U;10.94E:onset;15.94H:onset,1.61E:onset;2.21U;9.67E:onset;10.26U;10.94E:onset;15.94H:onset,0,1,6,0,0,3,3,0,0,1,1,2,2
b,四指指尖/数据1,v5.1,dropout_1frame,29,0.00E:v5_begin;13.45E:v5_begin,0.00E:v5_begin;13.45E:v5_begin,0,1,2,0,0,2,2,0,0,0,0,0,0
b,四指指尖/数据1,v6,dropout_1frame,29,1.61E:onset;2.21U;9.67E:onset;10.26U;10.94E:onset;15.94H:onset,1.61E:onset;2.21U;9.67E:onset;10.26U;10.94E:onset;15.94H:onset,0,1,6,0,0,3,3,0,0,1,1,2,2
b,四指指尖/数据1,v6.1,dropout_1frame,29,1.61E:onset;2.21U;9.67E:onset;10.26U;10.94E:onset;15.94H:onset,1.61E:onset;2.21U;9.67E:onset;10.26U;10.94E:onset;15.94H:onset,0,1,6,0,0,3,3,0,0,1,1,2,2
