scene,tag,domain,impl,cond,J_rel,seed,reorder_frac,drop_idx,rms_adc,rms_pct_lvl,rms_pre_event,rms_post_event,t_absmax,t_first_div,final_offset,final_off_pct_lvl,rms_pct_step,max_abs_adc,p95_abs_adc,max_abs_pct_lvl,T_stable_jit,T_stable_base,plat_jit,plat_base,n_epoch,n_epoch_base,n_revoke,n_revoke_base,n_handoff,n_handoff_base,n_unload,n_unload_base,seq_lev,seq_same,seq_tp,seq_fp,seq_fn,seq_base,seq_jit
b,四指指尖/数据1,force,v5.1,timing_J0P,0.0,0,0.0,,0.0,0.0,,0.0,0.0,,0.0,0.0,0.0,0.0,0.0,0.0,3.1800000000000015,3.1800000000000015,13.521459301085201,13.521459301085201,2,2,0,0,0,0,0,0,0,1,2,0,0,0.00E:v5_begin;13.45E:v5_begin,0.00E:v5_begin;13.45E:v5_begin
b,四指指尖/数据1,force,v6,timing_J0P,0.0,0,0.0,,0.0,0.0,0.0,0.0,0.0,,0.0,0.0,0.0,0.0,0.0,0.0,0.5300000000000011,0.5300000000000011,13.369457587384591,13.369457587384591,3,3,0,0,1,1,2,2,0,1,6,0,0,1.61E:onset;2.21U;9.67E:onset;10.26U;10.94E:onset;15.94H:onset,1.61E:onset;2.21U;9.67E:onset;10.26U;10.94E:onset;15.94H:onset
b,四指指尖/数据1,force,v6.1,timing_J0P,0.0,0,0.0,,0.0,0.0,0.0,0.0,0.0,,0.0,0.0,0.0,0.0,0.0,0.0,0.4900000000000002,0.4900000000000002,12.577791506317656,12.577791506317656,3,3,0,0,1,1,2,2,0,1,6,0,0,1.61E:onset;2.21U;9.67E:onset;10.26U;10.94E:onset;15.94H:onset,1.61E:onset;2.21U;9.67E:onset;10.26U;10.94E:onset;15.94H:onset
b,四指指尖/数据1,force,v5.1,timing_J0P,0.0,1,0.0,,0.0,0.0,,0.0,0.0,,0.0,0.0,0.0,0.0,0.0,0.0,3.1800000000000015,3.1800000000000015,13.521459301085201,13.521459301085201,2,2,0,0,0,0,0,0,0,1,2,0,0,0.00E:v5_begin;13.45E:v5_begin,0.00E:v5_begin;13.45E:v5_begin
b,四指指尖/数据1,force,v6,timing_J0P,0.0,1,0.0,,0.0,0.0,0.0,0.0,0.0,,0.0,0.0,0.0,0.0,0.0,0.0,0.5300000000000011,0.5300000000000011,13.369457587384591,13.369457587384591,3,3,0,0,1,1,2,2,0,1,6,0,0,1.61E:onset;2.21U;9.67E:onset;10.26U;10.94E:onset;15.94H:onset,1.61E:onset;2.21U;9.67E:onset;10.26U;10.94E:onset;15.94H:onset
b,四指指尖/数据1,force,v6.1,timing_J0P,0.0,1,0.0,,0.0,0.0,0.0,0.0,0.0,,0.0,0.0,0.0,0.0,0.0,0.0,0.4900000000000002,0.4900000000000002,12.577791506317656,12.577791506317656,3,3,0,0,1,1,2,2,0,1,6,0,0,1.61E:onset;2.21U;9.67E:onset;10.26U;10.94E:onset;15.94H:onset,1.61E:onset;2.21U;9.67E:onset;10.26U;10.94E:onset;15.94H:onset
b,四指指尖/数据1,force,v5.1,timing_J0P,0.0,2,0.0,,0.0,0.0,,0.0,0.0,,0.0,0.0,0.0,0.0,0.0,0.0,3.1800000000000015,3.1800000000000015,13.521459301085201,13.521459301085201,2,2,0,0,0,0,0,0,0,1,2,0,0,0.00E:v5_begin;13.45E:v5_begin,0.00E:v5_begin;13.45E:v5_begin
b,四指指尖/数据1,force,v6,timing_J0P,0.0,2,0.0,,0.0,0.0,0.0,0.0,0.0,,0.0,0.0,0.0,0.0,0.0,0.0,0.5300000000000011,0.5300000000000011,13.369457587384591,13.369457587384591,3,3,0,0,1,1,2,2,0,1,6,0,0,1.61E:onset;2.21U;9.67E:onset;10.26U;10.94E:onset;15.94H:onset,1.61E:onset;2.21U;9.67E:onset;10.26U;10.94E:onset;15.94H:onset
b,四指指尖/数据1,force,v6.1,timing_J0P,0.0,2,0.0,,0.0,0.0,0.0,0.0,0.0,,0.0,0.0,0.0,0.0,0.0,0.0,0.4900000000000002,0.4900000000000002,12.577791506317656,12.577791506317656,3,3,0,0,1,1,2,2,0,1,6,0,0,1.61E:onset;2.21U;9.67E:onset;10.26U;10.94E:onset;15.94H:onset,1.61E:onset;2.21U;9.67E:onset;10.26U;10.94E:onset;15.94H:onset
b,四指指尖/数据1,force,v5.1,timing_J0P,0.0,3,0.0,,0.0,0.0,,0.0,0.0,,0.0,0.0,0.0,0.0,0.0,0.0,3.1800000000000015,3.1800000000000015,13.521459301085201,13.521459301085201,2,2,0,0,0,0,0,0,0,1,2,0,0,0.00E:v5_begin;13.45E:v5_begin,0.00E:v5_begin;13.45E:v5_begin
b,四指指尖/数据1,force,v6,timing_J0P,0.0,3,0.0,,0.0,0.0,0.0,0.0,0.0,,0.0,0.0,0.0,0.0,0.0,0.0,0.5300000000000011,0.5300000000000011,13.369457587384591,13.369457587384591,3,3,0,0,1,1,2,2,0,1,6,0,0,1.61E:onset;2.21U;9.67E:onset;10.26U;10.94E:onset;15.94H:onset,1.61E:onset;2.21U;9.67E:onset;10.26U;10.94E:onset;15.94H:onset
b,四指指尖/数据1,force,v6.1,timing_J0P,0.0,3,0.0,,0.0,0.0,0.0,0.0,0.0,,0.0,0.0,0.0,0.0,0.0,0.0,0.4900000000000002,0.4900000000000002,12.577791506317656,12.577791506317656,3,3,0,0,1,1,2,2,0,1,6,0,0,1.61E:onset;2.21U;9.67E:onset;10.26U;10.94E:onset;15.94H:onset,1.61E:onset;2.21U;9.67E:onset;10.26U;10.94E:onset;15.94H:onset
b,四指指尖/数据1,force,v5.1,timing_J0P,0.0,4,0.0,,0.0,0.0,,0.0,0.0,,0.0,0.0,0.0,0.0,0.0,0.0,3.1800000000000015,3.1800000000000015,13.521459301085201,13.521459301085201,2,2,0,0,0,0,0,0,0,1,2,0,0,0.00E:v5_begin;13.45E:v5_begin,0.00E:v5_begin;13.45E:v5_begin
b,四指指尖/数据1,force,v6,timing_J0P,0.0,4,0.0,,0.0,0.0,0.0,0.0,0.0,,0.0,0.0,0.0,0.0,0.0,0.0,0.5300000000000011,0.5300000000000011,13.369457587384591,13.369457587384591,3,3,0,0,1,1,2,2,0,1,6,0,0,1.61E:onset;2.21U;9.67E:onset;10.26U;10.94E:onset;15.94H:onset,1.61E:onset;2.21U;9.67E:onset;10.26U;10.94E:onset;15.94H:onset
b,四指指尖/数据1,force,v6.1,timing_J0P,0.0,4,0.0,,0.0,0.0,0.0,0.0,0.0,,0.0,0.0,0.0,0.0,0.0,0.0,0.4900000000000002,0.4900000000000002,12.577791506317656,12.577791506317656,3,3,0,0,1,1,2,2,0,1,6,0,0,1.61E:onset;2.21U;9.67E:onset;10.26U;10.94E:onset;15.94H:onset,1.61E:onset;2.21U;9.67E:onset;10.26U;10.94E:onset;15.94H:onset
b,四指指尖/数据1,force,v5.1,timing_J0P,0.0,5,0.0,,0.0,0.0,,0.0,0.0,,0.0,0.0,0.0,0.0,0.0,0.0,3.1800000000000015,3.1800000000000015,13.521459301085201,13.521459301085201,2,2,0,0,0,0,0,0,0,1,2,0,0,0.00E:v5_begin;13.45E:v5_begin,0.00E:v5_begin;13.45E:v5_begin
b,四指指尖/数据1,force,v6,timing_J0P,0.0,5,0.0,,0.0,0.0,0.0,0.0,0.0,,0.0,0.0,0.0,0.0,0.0,0.0,0.5300000000000011,0.5300000000000011,13.369457587384591,13.369457587384591,3,3,0,0,1,1,2,2,0,1,6,0,0,1.61E:onset;2.21U;9.67E:onset;10.26U;10.94E:onset;15.94H:onset,1.61E:onset;2.21U;9.67E:onset;10.26U;10.94E:onset;15.94H:onset
b,四指指尖/数据1,force,v6.1,timing_J0P,0.0,5,0.0,,0.0,0.0,0.0,0.0,0.0,,0.0,0.0,0.0,0.0,0.0,0.0,0.4900000000000002,0.4900000000000002,12.577791506317656,12.577791506317656,3,3,0,0,1,1,2,2,0,1,6,0,0,1.61E:onset;2.21U;9.67E:onset;10.26U;10.94E:onset;15.94H:onset,1.61E:onset;2.21U;9.67E:onset;10.26U;10.94E:onset;15.94H:onset
b,四指指尖/数据1,force,v5.1,timing_J0P,0.0,6,0.0,,0.0,0.0,,0.0,0.0,,0.0,0.0,0.0,0.0,0.0,0.0,3.1800000000000015,3.1800000000000015,13.521459301085201,13.521459301085201,2,2,0,0,0,0,0,0,0,1,2,0,0,0.00E:v5_begin;13.45E:v5_begin,0.00E:v5_begin;13.45E:v5_begin
b,四指指尖/数据1,force,v6,timing_J0P,0.0,6,0.0,,0.0,0.0,0.0,0.0,0.0,,0.0,0.0,0.0,0.0,0.0,0.0,0.5300000000000011,0.5300000000000011,13.369457587384591,13.369457587384591,3,3,0,0,1,1,2,2,0,1,6,0,0,1.61E:onset;2.21U;9.67E:onset;10.26U;10.94E:onset;15.94H:onset,1.61E:onset;2.21U;9.67E:onset;10.26U;10.94E:onset;15.94H:onset
b,四指指尖/数据1,force,v6.1,timing_J0P,0.0,6,0.0,,0.0,0.0,0.0,0.0,0.0,,0.0,0.0,0.0,0.0,0.0,0.0,0.4900000000000002,0.4900000000000002,12.577791506317656,12.577791506317656,3,3,0,0,1,1,2,2,0,1,6,0,0,1.61E:onset;2.21U;9.67E:onset;10.26U;10.94E:onset;15.94H:onset,1.61E:onset;2.21U;9.67E:onset;10.26U;10.94E:onset;15.94H:onset
b,四指指尖/数据1,force,v5.1,timing_J0P,0.0,7,0.0,,0.0,0.0,,0.0,0.0,,0.0,0.0,0.0,0.0,0.0,0.0,3.1800000000000015,3.1800000000000015,13.521459301085201,13.521459301085201,2,2,0,0,0,0,0,0,0,1,2,0,0,0.00E:v5_begin;13.45E:v5_begin,0.00E:v5_begin;13.45E:v5_begin
b,四指指尖/数据1,force,v6,timing_J0P,0.0,7,0.0,,0.0,0.0,0.0,0.0,0.0,,0.0,0.0,0.0,0.0,0.0,0.0,0.5300000000000011,0.5300000000000011,13.369457587384591,13.369457587384591,3,3,0,0,1,1,2,2,0,1,6,0,0,1.61E:onset;2.21U;9.67E:onset;10.26U;10.94E:onset;15.94H:onset,1.61E:onset;2.21U;9.67E:onset;10.26U;10.94E:onset;15.94H:onset
b,四指指尖/数据1,force,v6.1,timing_J0P,0.0,7,0.0,,0.0,0.0,0.0,0.0,0.0,,0.0,0.0,0.0,0.0,0.0,0.0,0.4900000000000002,0.4900000000000002,12.577791506317656,12.577791506317656,3,3,0,0,1,1,2,2,0,1,6,0,0,1.61E:onset;2.21U;9.67E:onset;10.26U;10.94E:onset;15.94H:onset,1.61E:onset;2.21U;9.67E:onset;10.26U;10.94E:onset;15.94H:onset
b,四指指尖/数据1,force,v5.1,timing_J0P,0.0,8,0.0,,0.0,0.0,,0.0,0.0,,0.0,0.0,0.0,0.0,0.0,0.0,3.1800000000000015,3.1800000000000015,13.521459301085201,13.521459301085201,2,2,0,0,0,0,0,0,0,1,2,0,0,0.00E:v5_begin;13.45E:v5_begin,0.00E:v5_begin;13.45E:v5_begin
b,四指指尖/数据1,force,v6,timing_J0P,0.0,8,0.0,,0.0,0.0,0.0,0.0,0.0,,0.0,0.0,0.0,0.0,0.0,0.0,0.5300000000000011,0.5300000000000011,13.369457587384591,13.369457587384591,3,3,0,0,1,1,2,2,0,1,6,0,0,1.61E:onset;2.21U;9.67E:onset;10.26U;10.94E:onset;15.94H:onset,1.61E:onset;2.21U;9.67E:onset;10.26U;10.94E:onset;15.94H:onset
b,四指指尖/数据1,force,v6.1,timing_J0P,0.0,8,0.0,,0.0,0.0,0.0,0.0,0.0,,0.0,0.0,0.0,0.0,0.0,0.0,0.4900000000000002,0.4900000000000002,12.577791506317656,12.577791506317656,3,3,0,0,1,1,2,2,0,1,6,0,0,1.61E:onset;2.21U;9.67E:onset;10.26U;10.94E:onset;15.94H:onset,1.61E:onset;2.21U;9.67E:onset;10.26U;10.94E:onset;15.94H:onset
b,四指指尖/数据1,force,v5.1,timing_J0P,0.0,9,0.0,,0.0,0.0,,0.0,0.0,,0.0,0.0,0.0,0.0,0.0,0.0,3.1800000000000015,3.1800000000000015,13.521459301085201,13.521459301085201,2,2,0,0,0,0,0,0,0,1,2,0,0,0.00E:v5_begin;13.45E:v5_begin,0.00E:v5_begin;13.45E:v5_begin
b,四指指尖/数据1,force,v6,timing_J0P,0.0,9,0.0,,0.0,0.0,0.0,0.0,0.0,,0.0,0.0,0.0,0.0,0.0,0.0,0.5300000000000011,0.5300000000000011,13.369457587384591,13.369457587384591,3,3,0,0,1,1,2,2,0,1,6,0,0,1.61E:onset;2.21U;9.67E:onset;10.26U;10.94E:onset;15.94H:onset,1.61E:onset;2.21U;9.67E:onset;10.26U;10.94E:onset;15.94H:onset
b,四指指尖/数据1,force,v6.1,timing_J0P,0.0,9,0.0,,0.0,0.0,0.0,0.0,0.0,,0.0,0.0,0.0,0.0,0.0,0.0,0.4900000000000002,0.4900000000000002,12.577791506317656,12.577791506317656,3,3,0,0,1,1,2,2,0,1,6,0,0,1.61E:onset;2.21U;9.67E:onset;10.26U;10.94E:onset;15.94H:onset,1.61E:onset;2.21U;9.67E:onset;10.26U;10.94E:onset;15.94H:onset
b,四指指尖/数据1,force,v5.1,timing_J0P,0.0,10,0.0,,0.0,0.0,,0.0,0.0,,0.0,0.0,0.0,0.0,0.0,0.0,3.1800000000000015,3.1800000000000015,13.521459301085201,13.521459301085201,2,2,0,0,0,0,0,0,0,1,2,0,0,0.00E:v5_begin;13.45E:v5_begin,0.00E:v5_begin;13.45E:v5_begin
b,四指指尖/数据1,force,v6,timing_J0P,0.0,10,0.0,,0.0,0.0,0.0,0.0,0.0,,0.0,0.0,0.0,0.0,0.0,0.0,0.5300000000000011,0.5300000000000011,13.369457587384591,13.369457587384591,3,3,0,0,1,1,2,2,0,1,6,0,0,1.61E:onset;2.21U;9.67E:onset;10.26U;10.94E:onset;15.94H:onset,1.61E:onset;2.21U;9.67E:onset;10.26U;10.94E:onset;15.94H:onset
b,四指指尖/数据1,force,v6.1,timing_J0P,0.0,10,0.0,,0.0,0.0,0.0,0.0,0.0,,0.0,0.0,0.0,0.0,0.0,0.0,0.4900000000000002,0.4900000000000002,12.577791506317656,12.577791506317656,3,3,0,0,1,1,2,2,0,1,6,0,0,1.61E:onset;2.21U;9.67E:onset;10.26U;10.94E:onset;15.94H:onset,1.61E:onset;2.21U;9.67E:onset;10.26U;10.94E:onset;15.94H:onset
b,四指指尖/数据1,force,v5.1,timing_J0P,0.0,11,0.0,,0.0,0.0,,0.0,0.0,,0.0,0.0,0.0,0.0,0.0,0.0,3.1800000000000015,3.1800000000000015,13.521459301085201,13.521459301085201,2,2,0,0,0,0,0,0,0,1,2,0,0,0.00E:v5_begin;13.45E:v5_begin,0.00E:v5_begin;13.45E:v5_begin
b,四指指尖/数据1,force,v6,timing_J0P,0.0,11,0.0,,0.0,0.0,0.0,0.0,0.0,,0.0,0.0,0.0,0.0,0.0,0.0,0.5300000000000011,0.5300000000000011,13.369457587384591,13.369457587384591,3,3,0,0,1,1,2,2,0,1,6,0,0,1.61E:onset;2.21U;9.67E:onset;10.26U;10.94E:onset;15.94H:onset,1.61E:onset;2.21U;9.67E:onset;10.26U;10.94E:onset;15.94H:onset
b,四指指尖/数据1,force,v6.1,timing_J0P,0.0,11,0.0,,0.0,0.0,0.0,0.0,0.0,,0.0,0.0,0.0,0.0,0.0,0.0,0.4900000000000002,0.4900000000000002,12.577791506317656,12.577791506317656,3,3,0,0,1,1,2,2,0,1,6,0,0,1.61E:onset;2.21U;9.67E:onset;10.26U;10.94E:onset;15.94H:onset,1.61E:onset;2.21U;9.67E:onset;10.26U;10.94E:onset;15.94H:onset
b,四指指尖/数据1,force,v5.1,timing_J0P,0.0,12,0.0,,0.0,0.0,,0.0,0.0,,0.0,0.0,0.0,0.0,0.0,0.0,3.1800000000000015,3.1800000000000015,13.521459301085201,13.521459301085201,2,2,0,0,0,0,0,0,0,1,2,0,0,0.00E:v5_begin;13.45E:v5_begin,0.00E:v5_begin;13.45E:v5_begin
b,四指指尖/数据1,force,v6,timing_J0P,0.0,12,0.0,,0.0,0.0,0.0,0.0,0.0,,0.0,0.0,0.0,0.0,0.0,0.0,0.5300000000000011,0.5300000000000011,13.369457587384591,13.369457587384591,3,3,0,0,1,1,2,2,0,1,6,0,0,1.61E:onset;2.21U;9.67E:onset;10.26U;10.94E:onset;15.94H:onset,1.61E:onset;2.21U;9.67E:onset;10.26U;10.94E:onset;15.94H:onset
b,四指指尖/数据1,force,v6.1,timing_J0P,0.0,12,0.0,,0.0,0.0,0.0,0.0,0.0,,0.0,0.0,0.0,0.0,0.0,0.0,0.4900000000000002,0.4900000000000002,12.577791506317656,12.577791506317656,3,3,0,0,1,1,2,2,0,1,6,0,0,1.61E:onset;2.21U;9.67E:onset;10.26U;10.94E:onset;15.94H:onset,1.61E:onset;2.21U;9.67E:onset;10.26U;10.94E:onset;15.94H:onset
b,四指指尖/数据1,force,v5.1,timing_J0P,0.0,13,0.0,,0.0,0.0,,0.0,0.0,,0.0,0.0,0.0,0.0,0.0,0.0,3.1800000000000015,3.1800000000000015,13.521459301085201,13.521459301085201,2,2,0,0,0,0,0,0,0,1,2,0,0,0.00E:v5_begin;13.45E:v5_begin,0.00E:v5_begin;13.45E:v5_begin
b,四指指尖/数据1,force,v6,timing_J0P,0.0,13,0.0,,0.0,0.0,0.0,0.0,0.0,,0.0,0.0,0.0,0.0,0.0,0.0,0.5300000000000011,0.5300000000000011,13.369457587384591,13.369457587384591,3,3,0,0,1,1,2,2,0,1,6,0,0,1.61E:onset;2.21U;9.67E:onset;10.26U;10.94E:onset;15.94H:onset,1.61E:onset;2.21U;9.67E:onset;10.26U;10.94E:onset;15.94H:onset
b,四指指尖/数据1,force,v6.1,timing_J0P,0.0,13,0.0,,0.0,0.0,0.0,0.0,0.0,,0.0,0.0,0.0,0.0,0.0,0.0,0.4900000000000002,0.4900000000000002,12.577791506317656,12.577791506317656,3,3,0,0,1,1,2,2,0,1,6,0,0,1.61E:onset;2.21U;9.67E:onset;10.26U;10.94E:onset;15.94H:onset,1.61E:onset;2.21U;9.67E:onset;10.26U;10.94E:onset;15.94H:onset
b,四指指尖/数据1,force,v5.1,timing_J0P,0.0,14,0.0,,0.0,0.0,,0.0,0.0,,0.0,0.0,0.0,0.0,0.0,0.0,3.1800000000000015,3.1800000000000015,13.521459301085201,13.521459301085201,2,2,0,0,0,0,0,0,0,1,2,0,0,0.00E:v5_begin;13.45E:v5_begin,0.00E:v5_begin;13.45E:v5_begin
b,四指指尖/数据1,force,v6,timing_J0P,0.0,14,0.0,,0.0,0.0,0.0,0.0,0.0,,0.0,0.0,0.0,0.0,0.0,0.0,0.5300000000000011,0.5300000000000011,13.369457587384591,13.369457587384591,3,3,0,0,1,1,2,2,0,1,6,0,0,1.61E:onset;2.21U;9.67E:onset;10.26U;10.94E:onset;15.94H:onset,1.61E:onset;2.21U;9.67E:onset;10.26U;10.94E:onset;15.94H:onset
b,四指指尖/数据1,force,v6.1,timing_J0P,0.0,14,0.0,,0.0,0.0,0.0,0.0,0.0,,0.0,0.0,0.0,0.0,0.0,0.0,0.4900000000000002,0.4900000000000002,12.577791506317656,12.577791506317656,3,3,0,0,1,1,2,2,0,1,6,0,0,1.61E:onset;2.21U;9.67E:onset;10.26U;10.94E:onset;15.94H:onset,1.61E:onset;2.21U;9.67E:onset;10.26U;10.94E:onset;15.94H:onset
b,四指指尖/数据1,force,v5.1,timing_J0P,0.0,15,0.0,,0.0,0.0,,0.0,0.0,,0.0,0.0,0.0,0.0,0.0,0.0,3.1800000000000015,3.1800000000000015,13.521459301085201,13.521459301085201,2,2,0,0,0,0,0,0,0,1,2,0,0,0.00E:v5_begin;13.45E:v5_begin,0.00E:v5_begin;13.45E:v5_begin
b,四指指尖/数据1,force,v6,timing_J0P,0.0,15,0.0,,0.0,0.0,0.0,0.0,0.0,,0.0,0.0,0.0,0.0,0.0,0.0,0.5300000000000011,0.5300000000000011,13.369457587384591,13.369457587384591,3,3,0,0,1,1,2,2,0,1,6,0,0,1.61E:onset;2.21U;9.67E:onset;10.26U;10.94E:onset;15.94H:onset,1.61E:onset;2.21U;9.67E:onset;10.26U;10.94E:onset;15.94H:onset
b,四指指尖/数据1,force,v6.1,timing_J0P,0.0,15,0.0,,0.0,0.0,0.0,0.0,0.0,,0.0,0.0,0.0,0.0,0.0,0.0,0.4900000000000002,0.4900000000000002,12.577791506317656,12.577791506317656,3,3,0,0,1,1,2,2,0,1,6,0,0,1.61E:onset;2.21U;9.67E:onset;10.26U;10.94E:onset;15.94H:onset,1.61E:onset;2.21U;9.67E:onset;10.26U;10.94E:onset;15.94H:onset
b,四指指尖/数据1,force,v5.1,timing_J0P,0.0,16,0.0,,0.0,0.0,,0.0,0.0,,0.0,0.0,0.0,0.0,0.0,0.0,3.1800000000000015,3.1800000000000015,13.521459301085201,13.521459301085201,2,2,0,0,0,0,0,0,0,1,2,0,0,0.00E:v5_begin;13.45E:v5_begin,0.00E:v5_begin;13.45E:v5_begin
b,四指指尖/数据1,force,v6,timing_J0P,0.0,16,0.0,,0.0,0.0,0.0,0.0,0.0,,0.0,0.0,0.0,0.0,0.0,0.0,0.5300000000000011,0.5300000000000011,13.369457587384591,13.369457587384591,3,3,0,0,1,1,2,2,0,1,6,0,0,1.61E:onset;2.21U;9.67E:onset;10.26U;10.94E:onset;15.94H:onset,1.61E:onset;2.21U;9.67E:onset;10.26U;10.94E:onset;15.94H:onset
b,四指指尖/数据1,force,v6.1,timing_J0P,0.0,16,0.0,,0.0,0.0,0.0,0.0,0.0,,0.0,0.0,0.0,0.0,0.0,0.0,0.4900000000000002,0.4900000000000002,12.577791506317656,12.577791506317656,3,3,0,0,1,1,2,2,0,1,6,0,0,1.61E:onset;2.21U;9.67E:onset;10.26U;10.94E:onset;15.94H:onset,1.61E:onset;2.21U;9.67E:onset;10.26U;10.94E:onset;15.94H:onset
b,四指指尖/数据1,force,v5.1,timing_J0P,0.0,17,0.0,,0.0,0.0,,0.0,0.0,,0.0,0.0,0.0,0.0,0.0,0.0,3.1800000000000015,3.1800000000000015,13.521459301085201,13.521459301085201,2,2,0,0,0,0,0,0,0,1,2,0,0,0.00E:v5_begin;13.45E:v5_begin,0.00E:v5_begin;13.45E:v5_begin
b,四指指尖/数据1,force,v6,timing_J0P,0.0,17,0.0,,0.0,0.0,0.0,0.0,0.0,,0.0,0.0,0.0,0.0,0.0,0.0,0.5300000000000011,0.5300000000000011,13.369457587384591,13.369457587384591,3,3,0,0,1,1,2,2,0,1,6,0,0,1.61E:onset;2.21U;9.67E:onset;10.26U;10.94E:onset;15.94H:onset,1.61E:onset;2.21U;9.67E:onset;10.26U;10.94E:onset;15.94H:onset
b,四指指尖/数据1,force,v6.1,timing_J0P,0.0,17,0.0,,0.0,0.0,0.0,0.0,0.0,,0.0,0.0,0.0,0.0,0.0,0.0,0.4900000000000002,0.4900000000000002,12.577791506317656,12.577791506317656,3,3,0,0,1,1,2,2,0,1,6,0,0,1.61E:onset;2.21U;9.67E:onset;10.26U;10.94E:onset;15.94H:onset,1.61E:onset;2.21U;9.67E:onset;10.26U;10.94E:onset;15.94H:onset
b,四指指尖/数据1,force,v5.1,timing_J0P,0.0,18,0.0,,0.0,0.0,,0.0,0.0,,0.0,0.0,0.0,0.0,0.0,0.0,3.1800000000000015,3.1800000000000015,13.521459301085201,13.521459301085201,2,2,0,0,0,0,0,0,0,1,2,0,0,0.00E:v5_begin;13.45E:v5_begin,0.00E:v5_begin;13.45E:v5_begin
b,四指指尖/数据1,force,v6,timing_J0P,0.0,18,0.0,,0.0,0.0,0.0,0.0,0.0,,0.0,0.0,0.0,0.0,0.0,0.0,0.5300000000000011,0.5300000000000011,13.369457587384591,13.369457587384591,3,3,0,0,1,1,2,2,0,1,6,0,0,1.61E:onset;2.21U;9.67E:onset;10.26U;10.94E:onset;15.94H:onset,1.61E:onset;2.21U;9.67E:onset;10.26U;10.94E:onset;15.94H:onset
b,四指指尖/数据1,force,v6.1,timing_J0P,0.0,18,0.0,,0.0,0.0,0.0,0.0,0.0,,0.0,0.0,0.0,0.0,0.0,0.0,0.4900000000000002,0.4900000000000002,12.577791506317656,12.577791506317656,3,3,0,0,1,1,2,2,0,1,6,0,0,1.61E:onset;2.21U;9.67E:onset;10.26U;10.94E:onset;15.94H:onset,1.61E:onset;2.21U;9.67E:onset;10.26U;10.94E:onset;15.94H:onset
b,四指指尖/数据1,force,v5.1,timing_J0P,0.0,19,0.0,,0.0,0.0,,0.0,0.0,,0.0,0.0,0.0,0.0,0.0,0.0,3.1800000000000015,3.1800000000000015,13.521459301085201,13.521459301085201,2,2,0,0,0,0,0,0,0,1,2,0,0,0.00E:v5_begin;13.45E:v5_begin,0.00E:v5_begin;13.45E:v5_begin
b,四指指尖/数据1,force,v6,timing_J0P,0.0,19,0.0,,0.0,0.0,0.0,0.0,0.0,,0.0,0.0,0.0,0.0,0.0,0.0,0.5300000000000011,0.5300000000000011,13.369457587384591,13.369457587384591,3,3,0,0,1,1,2,2,0,1,6,0,0,1.61E:onset;2.21U;9.67E:onset;10.26U;10.94E:onset;15.94H:onset,1.61E:onset;2.21U;9.67E:onset;10.26U;10.94E:onset;15.94H:onset
b,四指指尖/数据1,force,v6.1,timing_J0P,0.0,19,0.0,,0.0,0.0,0.0,0.0,0.0,,0.0,0.0,0.0,0.0,0.0,0.0,0.4900000000000002,0.4900000000000002,12.577791506317656,12.577791506317656,3,3,0,0,1,1,2,2,0,1,6,0,0,1.61E:onset;2.21U;9.67E:onset;10.26U;10.94E:onset;15.94H:onset,1.61E:onset;2.21U;9.67E:onset;10.26U;10.94E:onset;15.94H:onset
b,四指指尖/数据1,force,v5.1,timing_J0P,0.0,20,0.0,,0.0,0.0,,0.0,0.0,,0.0,0.0,0.0,0.0,0.0,0.0,3.1800000000000015,3.1800000000000015,13.521459301085201,13.521459301085201,2,2,0,0,0,0,0,0,0,1,2,0,0,0.00E:v5_begin;13.45E:v5_begin,0.00E:v5_begin;13.45E:v5_begin
b,四指指尖/数据1,force,v6,timing_J0P,0.0,20,0.0,,0.0,0.0,0.0,0.0,0.0,,0.0,0.0,0.0,0.0,0.0,0.0,0.5300000000000011,0.5300000000000011,13.369457587384591,13.369457587384591,3,3,0,0,1,1,2,2,0,1,6,0,0,1.61E:onset;2.21U;9.67E:onset;10.26U;10.94E:onset;15.94H:onset,1.61E:onset;2.21U;9.67E:onset;10.26U;10.94E:onset;15.94H:onset
b,四指指尖/数据1,force,v6.1,timing_J0P,0.0,20,0.0,,0.0,0.0,0.0,0.0,0.0,,0.0,0.0,0.0,0.0,0.0,0.0,0.4900000000000002,0.4900000000000002,12.577791506317656,12.577791506317656,3,3,0,0,1,1,2,2,0,1,6,0,0,1.61E:onset;2.21U;9.67E:onset;10.26U;10.94E:onset;15.94H:onset,1.61E:onset;2.21U;9.67E:onset;10.26U;10.94E:onset;15.94H:onset
b,四指指尖/数据1,force,v5.1,timing_J0P,0.0,21,0.0,,0.0,0.0,,0.0,0.0,,0.0,0.0,0.0,0.0,0.0,0.0,3.1800000000000015,3.1800000000000015,13.521459301085201,13.521459301085201,2,2,0,0,0,0,0,0,0,1,2,0,0,0.00E:v5_begin;13.45E:v5_begin,0.00E:v5_begin;13.45E:v5_begin
b,四指指尖/数据1,force,v6,timing_J0P,0.0,21,0.0,,0.0,0.0,0.0,0.0,0.0,,0.0,0.0,0.0,0.0,0.0,0.0,0.5300000000000011,0.5300000000000011,13.369457587384591,13.369457587384591,3,3,0,0,1,1,2,2,0,1,6,0,0,1.61E:onset;2.21U;9.67E:onset;10.26U;10.94E:onset;15.94H:onset,1.61E:onset;2.21U;9.67E:onset;10.26U;10.94E:onset;15.94H:onset
b,四指指尖/数据1,force,v6.1,timing_J0P,0.0,21,0.0,,0.0,0.0,0.0,0.0,0.0,,0.0,0.0,0.0,0.0,0.0,0.0,0.4900000000000002,0.4900000000000002,12.577791506317656,12.577791506317656,3,3,0,0,1,1,2,2,0,1,6,0,0,1.61E:onset;2.21U;9.67E:onset;10.26U;10.94E:onset;15.94H:onset,1.61E:onset;2.21U;9.67E:onset;10.26U;10.94E:onset;15.94H:onset
b,四指指尖/数据1,force,v5.1,timing_J0P,0.0,22,0.0,,0.0,0.0,,0.0,0.0,,0.0,0.0,0.0,0.0,0.0,0.0,3.1800000000000015,3.1800000000000015,13.521459301085201,13.521459301085201,2,2,0,0,0,0,0,0,0,1,2,0,0,0.00E:v5_begin;13.45E:v5_begin,0.00E:v5_begin;13.45E:v5_begin
b,四指指尖/数据1,force,v6,timing_J0P,0.0,22,0.0,,0.0,0.0,0.0,0.0,0.0,,0.0,0.0,0.0,0.0,0.0,0.0,0.5300000000000011,0.5300000000000011,13.369457587384591,13.369457587384591,3,3,0,0,1,1,2,2,0,1,6,0,0,1.61E:onset;2.21U;9.67E:onset;10.26U;10.94E:onset;15.94H:onset,1.61E:onset;2.21U;9.67E:onset;10.26U;10.94E:onset;15.94H:onset
b,四指指尖/数据1,force,v6.1,timing_J0P,0.0,22,0.0,,0.0,0.0,0.0,0.0,0.0,,0.0,0.0,0.0,0.0,0.0,0.0,0.4900000000000002,0.4900000000000002,12.577791506317656,12.577791506317656,3,3,0,0,1,1,2,2,0,1,6,0,0,1.61E:onset;2.21U;9.67E:onset;10.26U;10.94E:onset;15.94H:onset,1.61E:onset;2.21U;9.67E:onset;10.26U;10.94E:onset;15.94H:onset
b,四指指尖/数据1,force,v5.1,timing_J0P,0.0,23,0.0,,0.0,0.0,,0.0,0.0,,0.0,0.0,0.0,0.0,0.0,0.0,3.1800000000000015,3.1800000000000015,13.521459301085201,13.521459301085201,2,2,0,0,0,0,0,0,0,1,2,0,0,0.00E:v5_begin;13.45E:v5_begin,0.00E:v5_begin;13.45E:v5_begin
b,四指指尖/数据1,force,v6,timing_J0P,0.0,23,0.0,,0.0,0.0,0.0,0.0,0.0,,0.0,0.0,0.0,0.0,0.0,0.0,0.5300000000000011,0.5300000000000011,13.369457587384591,13.369457587384591,3,3,0,0,1,1,2,2,0,1,6,0,0,1.61E:onset;2.21U;9.67E:onset;10.26U;10.94E:onset;15.94H:onset,1.61E:onset;2.21U;9.67E:onset;10.26U;10.94E:onset;15.94H:onset
b,四指指尖/数据1,force,v6.1,timing_J0P,0.0,23,0.0,,0.0,0.0,0.0,0.0,0.0,,0.0,0.0,0.0,0.0,0.0,0.0,0.4900000000000002,0.4900000000000002,12.577791506317656,12.577791506317656,3,3,0,0,1,1,2,2,0,1,6,0,0,1.61E:onset;2.21U;9.67E:onset;10.26U;10.94E:onset;15.94H:onset,1.61E:onset;2.21U;9.67E:onset;10.26U;10.94E:onset;15.94H:onset
b,四指指尖/数据1,force,v5.1,timing_J0P,0.0,24,0.0,,0.0,0.0,,0.0,0.0,,0.0,0.0,0.0,0.0,0.0,0.0,3.1800000000000015,3.1800000000000015,13.521459301085201,13.521459301085201,2,2,0,0,0,0,0,0,0,1,2,0,0,0.00E:v5_begin;13.45E:v5_begin,0.00E:v5_begin;13.45E:v5_begin
b,四指指尖/数据1,force,v6,timing_J0P,0.0,24,0.0,,0.0,0.0,0.0,0.0,0.0,,0.0,0.0,0.0,0.0,0.0,0.0,0.5300000000000011,0.5300000000000011,13.369457587384591,13.369457587384591,3,3,0,0,1,1,2,2,0,1,6,0,0,1.61E:onset;2.21U;9.67E:onset;10.26U;10.94E:onset;15.94H:onset,1.61E:onset;2.21U;9.67E:onset;10.26U;10.94E:onset;15.94H:onset
b,四指指尖/数据1,force,v6.1,timing_J0P,0.0,24,0.0,,0.0,0.0,0.0,0.0,0.0,,0.0,0.0,0.0,0.0,0.0,0.0,0.4900000000000002,0.4900000000000002,12.577791506317656,12.577791506317656,3,3,0,0,1,1,2,2,0,1,6,0,0,1.61E:onset;2.21U;9.67E:onset;10.26U;10.94E:onset;15.94H:onset,1.61E:onset;2.21U;9.67E:onset;10.26U;10.94E:onset;15.94H:onset
b,四指指尖/数据1,force,v5.1,timing_J0P,0.0,25,0.0,,0.0,0.0,,0.0,0.0,,0.0,0.0,0.0,0.0,0.0,0.0,3.1800000000000015,3.1800000000000015,13.521459301085201,13.521459301085201,2,2,0,0,0,0,0,0,0,1,2,0,0,0.00E:v5_begin;13.45E:v5_begin,0.00E:v5_begin;13.45E:v5_begin
b,四指指尖/数据1,force,v6,timing_J0P,0.0,25,0.0,,0.0,0.0,0.0,0.0,0.0,,0.0,0.0,0.0,0.0,0.0,0.0,0.5300000000000011,0.5300000000000011,13.369457587384591,13.369457587384591,3,3,0,0,1,1,2,2,0,1,6,0,0,1.61E:onset;2.21U;9.67E:onset;10.26U;10.94E:onset;15.94H:onset,1.61E:onset;2.21U;9.67E:onset;10.26U;10.94E:onset;15.94H:onset
b,四指指尖/数据1,force,v6.1,timing_J0P,0.0,25,0.0,,0.0,0.0,0.0,0.0,0.0,,0.0,0.0,0.0,0.0,0.0,0.0,0.4900000000000002,0.4900000000000002,12.577791506317656,12.577791506317656,3,3,0,0,1,1,2,2,0,1,6,0,0,1.61E:onset;2.21U;9.67E:onset;10.26U;10.94E:onset;15.94H:onset,1.61E:onset;2.21U;9.67E:onset;10.26U;10.94E:onset;15.94H:onset
b,四指指尖/数据1,force,v5.1,timing_J0P,0.0,26,0.0,,0.0,0.0,,0.0,0.0,,0.0,0.0,0.0,0.0,0.0,0.0,3.1800000000000015,3.1800000000000015,13.521459301085201,13.521459301085201,2,2,0,0,0,0,0,0,0,1,2,0,0,0.00E:v5_begin;13.45E:v5_begin,0.00E:v5_begin;13.45E:v5_begin
b,四指指尖/数据1,force,v6,timing_J0P,0.0,26,0.0,,0.0,0.0,0.0,0.0,0.0,,0.0,0.0,0.0,0.0,0.0,0.0,0.5300000000000011,0.5300000000000011,13.369457587384591,13.369457587384591,3,3,0,0,1,1,2,2,0,1,6,0,0,1.61E:onset;2.21U;9.67E:onset;10.26U;10.94E:onset;15.94H:onset,1.61E:onset;2.21U;9.67E:onset;10.26U;10.94E:onset;15.94H:onset
b,四指指尖/数据1,force,v6.1,timing_J0P,0.0,26,0.0,,0.0,0.0,0.0,0.0,0.0,,0.0,0.0,0.0,0.0,0.0,0.0,0.4900000000000002,0.4900000000000002,12.577791506317656,12.577791506317656,3,3,0,0,1,1,2,2,0,1,6,0,0,1.61E:onset;2.21U;9.67E:onset;10.26U;10.94E:onset;15.94H:onset,1.61E:onset;2.21U;9.67E:onset;10.26U;10.94E:onset;15.94H:onset
b,四指指尖/数据1,force,v5.1,timing_J0P,0.0,27,0.0,,0.0,0.0,,0.0,0.0,,0.0,0.0,0.0,0.0,0.0,0.0,3.1800000000000015,3.1800000000000015,13.521459301085201,13.521459301085201,2,2,0,0,0,0,0,0,0,1,2,0,0,0.00E:v5_begin;13.45E:v5_begin,0.00E:v5_begin;13.45E:v5_begin
b,四指指尖/数据1,force,v6,timing_J0P,0.0,27,0.0,,0.0,0.0,0.0,0.0,0.0,,0.0,0.0,0.0,0.0,0.0,0.0,0.5300000000000011,0.5300000000000011,13.369457587384591,13.369457587384591,3,3,0,0,1,1,2,2,0,1,6,0,0,1.61E:onset;2.21U;9.67E:onset;10.26U;10.94E:onset;15.94H:onset,1.61E:onset;2.21U;9.67E:onset;10.26U;10.94E:onset;15.94H:onset
b,四指指尖/数据1,force,v6.1,timing_J0P,0.0,27,0.0,,0.0,0.0,0.0,0.0,0.0,,0.0,0.0,0.0,0.0,0.0,0.0,0.4900000000000002,0.4900000000000002,12.577791506317656,12.577791506317656,3,3,0,0,1,1,2,2,0,1,6,0,0,1.61E:onset;2.21U;9.67E:onset;10.26U;10.94E:onset;15.94H:onset,1.61E:onset;2.21U;9.67E:onset;10.26U;10.94E:onset;15.94H:onset
b,四指指尖/数据1,force,v5.1,timing_J0P,0.0,28,0.0,,0.0,0.0,,0.0,0.0,,0.0,0.0,0.0,0.0,0.0,0.0,3.1800000000000015,3.1800000000000015,13.521459301085201,13.521459301085201,2,2,0,0,0,0,0,0,0,1,2,0,0,0.00E:v5_begin;13.45E:v5_begin,0.00E:v5_begin;13.45E:v5_begin
b,四指指尖/数据1,force,v6,timing_J0P,0.0,28,0.0,,0.0,0.0,0.0,0.0,0.0,,0.0,0.0,0.0,0.0,0.0,0.0,0.5300000000000011,0.5300000000000011,13.369457587384591,13.369457587384591,3,3,0,0,1,1,2,2,0,1,6,0,0,1.61E:onset;2.21U;9.67E:onset;10.26U;10.94E:onset;15.94H:onset,1.61E:onset;2.21U;9.67E:onset;10.26U;10.94E:onset;15.94H:onset
b,四指指尖/数据1,force,v6.1,timing_J0P,0.0,28,0.0,,0.0,0.0,0.0,0.0,0.0,,0.0,0.0,0.0,0.0,0.0,0.0,0.4900000000000002,0.4900000000000002,12.577791506317656,12.577791506317656,3,3,0,0,1,1,2,2,0,1,6,0,0,1.61E:onset;2.21U;9.67E:onset;10.26U;10.94E:onset;15.94H:onset,1.61E:onset;2.21U;9.67E:onset;10.26U;10.94E:onset;15.94H:onset
b,四指指尖/数据1,force,v5.1,timing_J0P,0.0,29,0.0,,0.0,0.0,,0.0,0.0,,0.0,0.0,0.0,0.0,0.0,0.0,3.1800000000000015,3.1800000000000015,13.521459301085201,13.521459301085201,2,2,0,0,0,0,0,0,0,1,2,0,0,0.00E:v5_begin;13.45E:v5_begin,0.00E:v5_begin;13.45E:v5_begin
b,四指指尖/数据1,force,v6,timing_J0P,0.0,29,0.0,,0.0,0.0,0.0,0.0,0.0,,0.0,0.0,0.0,0.0,0.0,0.0,0.5300000000000011,0.5300000000000011,13.369457587384591,13.369457587384591,3,3,0,0,1,1,2,2,0,1,6,0,0,1.61E:onset;2.21U;9.67E:onset;10.26U;10.94E:onset;15.94H:onset,1.61E:onset;2.21U;9.67E:onset;10.26U;10.94E:onset;15.94H:onset
b,四指指尖/数据1,force,v6.1,timing_J0P,0.0,29,0.0,,0.0,0.0,0.0,0.0,0.0,,0.0,0.0,0.0,0.0,0.0,0.0,0.4900000000000002,0.4900000000000002,12.577791506317656,12.577791506317656,3,3,0,0,1,1,2,2,0,1,6,0,0,1.61E:onset;2.21U;9.67E:onset;10.26U;10.94E:onset;15.94H:onset,1.61E:onset;2.21U;9.67E:onset;10.26U;10.94E:onset;15.94H:onset
b,四指指尖/数据1,force,v5.1,timing_J25P,0.25,0,0.04443494979705191,,0.002952483916889813,0.019233431247389677,,0.002952668487509622,20.86,20.86,-0.0017404084715201868,-0.011337581379484723,0.027695002497753834,0.22974493515019034,0.001996549313787277,1.4966325097892463,3.1800000000000015,3.1800000000000015,13.519779172031127,13.521459301085201,2,2,0,0,0,0,0,0,0,1,2,0,0,0.00E:v5_begin;13.45E:v5_begin,0.00E:v5_begin;13.44E:v5_begin
b,四指指尖/数据1,force,v6,timing_J25P,0.25,0,0.04443494979705191,,0.01197859279473834,0.07803241184147502,0.0,0.012100993297743294,18.86,18.86,-0.008239243893581211,-0.053673088632639455,0.11236205402240478,0.19295471250694085,0.010830367719766264,1.2569691491398527,0.5300000000000011,0.5300000000000011,13.361466097906463,13.369457587384591,3,3,0,0,1,1,2,2,0,1,6,0,0,1.61E:onset;2.21U;9.67E:onset;10.26U;10.94E:onset;15.94H:onset,1.62E:onset;2.21U;9.66E:onset;10.26U;10.94E:onset;15.95H:onset
b,四指指尖/数据1,force,v6.1,timing_J25P,0.25,0,0.04443494979705191,,0.006428347626542616,0.04187632704860632,0.0,0.006494034222327484,12.19,,-0.00717685413774187,-0.04675233956099273,0.06029943213410293,0.028421147669984492,0.008563888182601061,0.185144510544325,0.4900000000000002,0.4900000000000002,12.570957544526308,12.577791506317656,3,3,0,0,1,1,2,2,0,1,6,0,0,1.61E:onset;2.21U;9.67E:onset;10.26U;10.94E:onset;15.94H:onset,1.62E:onset;2.21U;9.66E:onset;10.26U;10.94E:onset;15.95H:onset
b,四指指尖/数据1,force,v5.1,timing_J25P,0.25,1,0.042085024567400126,,0.0004367177039415108,0.0028449197928655137,,0.0004367450047700901,26.150000000000002,,0.000460459341833122,0.0029995804694153624,0.004096516100319487,0.0013757138980334815,0.0007990133086142492,0.008961843457483902,3.1800000000000015,3.1800000000000015,13.521998293607338,13.521459301085201,2,2,0,0,0,0,0,0,0,1,2,0,0,0.00E:v5_begin;13.45E:v5_begin,0.00E:v5_begin;13.45E:v5_begin
b,四指指尖/数据1,force,v6,timing_J25P,0.25,1,0.042085024567400126,,0.0068757923603405095,0.04479112616919693,0.0,0.006946051067509601,19.04,18.96,0.0005162026265970212,0.0033627101816135993,0.06449657032992868,0.18209727668272002,0.006391560802810935,1.1862403149357101,0.5300000000000011,0.5300000000000011,13.370198447755005,13.369457587384591,3,3,0,0,1,1,2,2,0,1,6,0,0,1.61E:onset;2.21U;9.67E:onset;10.26U;10.94E:onset;15.94H:onset,1.63E:onset;2.22U;9.66E:onset;10.26U;10.94E:onset;15.95H:onset
b,四指指尖/数据1,force,v6.1,timing_J25P,0.25,1,0.042085024567400126,,0.002935600967892145,0.01912345027951978,0.0,0.002965597733058889,11.33,,0.000995577586501419,0.006485513079979229,0.027536636414204622,0.03764045727739429,0.006328475862259707,0.2452020629218857,0.4900000000000002,0.4900000000000002,12.580010272777393,12.577791506317656,3,3,0,0,1,1,2,2,0,1,6,0,0,1.61E:onset;2.21U;9.67E:onset;10.26U;10.94E:onset;15.94H:onset,1.63E:onset;2.22U;9.66E:onset;10.26U;10.94E:onset;15.95H:onset
b,四指指尖/数据1,force,v5.1,timing_J25P,0.25,2,0.04037598803674428,,0.00046600158960595744,0.003035684456598845,,0.00046603072107784574,27.38,,-0.0006214685151190977,-0.004048446086220155,0.0043712059240239715,0.0020576353721786234,0.0008499382914429528,0.01340409959106022,3.1800000000000015,3.1800000000000015,13.521016733334989,13.521459301085201,2,2,0,0,0,0,0,0,0,1,2,0,0,0.00E:v5_begin;13.45E:v5_begin,0.00E:v5_begin;13.45E:v5_begin
b,四指指尖/数据1,force,v6,timing_J25P,0.25,2,0.04037598803674428,,0.008619731727427249,0.056151708939724806,0.0,0.008707810479020531,19.04,11.38,-0.004526746803957249,-0.029488686773260404,0.08085513704424857,0.1846543278506445,0.006887482251787524,1.2028977698850807,0.5300000000000011,0.5300000000000011,13.365308693093928,13.369457587384591,2,3,0,0,1,1,1,2,2,0,4,0,2,1.61E:onset;2.21U;9.67E:onset;10.26U;10.94E:onset;15.94H:onset,9.67E:onset;10.27U;10.94E:onset;15.95H:onset
b,四指指尖/数据1,force,v6.1,timing_J25P,0.25,2,0.04037598803674428,,0.0037838083490021775,0.024648946372752896,0.0,0.00382247232674384,11.38,,-0.003957222076845778,-0.02577861925352744,0.03549302371375051,0.04887112916807723,0.005528701185574644,0.31836227708453696,0.5,0.4900000000000002,12.574312897306687,12.577791506317656,2,3,0,0,1,1,1,2,2,0,4,0,2,1.61E:onset;2.21U;9.67E:onset;10.26U;10.94E:onset;15.94H:onset,9.67E:onset;10.27U;10.94E:onset;15.95H:onset
b,四指指尖/数据1,force,v5.1,timing_J25P,0.25,3,0.040589617603076264,,0.0009268177178139005,0.0060375891473828215,,0.0009268756565954289,22.81,,-0.0011649968497388307,-0.007589164731668066,0.008693770984824782,0.00258880202529177,0.0014392452697213896,0.016864290261402508,3.1800000000000015,3.1800000000000015,13.520364962866731,13.521459301085201,2,2,0,0,0,0,0,0,0,1,2,0,0,0.00E:v5_begin;13.45E:v5_begin,0.00E:v5_begin;13.44E:v5_begin
b,四指指尖/数据1,force,v6,timing_J25P,0.25,3,0.040589617603076264,,0.012273194505579134,0.07995154227886911,0.0,0.012398605328595037,19.04,18.88,-0.009417955902842529,-0.061351598331172104,0.1151254882517682,0.18954486924276992,0.00987932644195002,1.2347563317860861,0.5200000000000014,0.5300000000000011,13.359981919852922,13.369457587384591,3,3,0,0,1,1,2,2,0,1,6,0,0,1.61E:onset;2.21U;9.67E:onset;10.26U;10.94E:onset;15.94H:onset,1.62E:onset;2.21U;9.67E:onset;10.26U;10.94E:onset;15.94H:onset
b,四指指尖/数据1,force,v6.1,timing_J25P,0.25,3,0.040589617603076264,,0.007598337687745949,0.0494980191680975,0.0,0.007675979558616633,12.24,,-0.008159022636217773,-0.053150501522426105,0.07127421762980415,0.02565683238494465,0.008642665641958657,0.16713687037505043,0.4900000000000002,0.4900000000000002,12.569786373597717,12.577791506317656,3,3,0,0,1,1,2,2,0,1,6,0,0,1.61E:onset;2.21U;9.67E:onset;10.26U;10.94E:onset;15.94H:onset,1.62E:onset;2.21U;9.67E:onset;10.26U;10.94E:onset;15.94H:onset
b,四指指尖/数据1,force,v5.1,timing_J25P,0.25,4,0.04336680196539201,,0.0025947400736451498,0.016902972621057395,,0.002594902280382635,20.86,20.86,-0.0005318058201193985,-0.0034643544101005375,0.024339280024368127,0.22804953388806837,0.000859998736936873,1.4855881198688736,3.1800000000000015,3.1800000000000015,13.520860580204051,13.521459301085201,2,2,0,0,0,0,0,0,0,1,2,0,0,0.00E:v5_begin;13.45E:v5_begin,0.00E:v5_begin;13.44E:v5_begin
b,四指指尖/数据1,force,v6,timing_J25P,0.25,4,0.04336680196539201,,0.009798155520944695,0.06382834110806586,0.0,0.009898275725783045,19.04,11.25,-0.003968134082420612,-0.025849703572664324,0.09190903295818732,0.18475391706537714,0.006720402114005352,1.203546526108132,0.5400000000000009,0.5300000000000011,13.365754704467626,13.369457587384591,3,3,0,0,1,1,2,2,0,1,6,0,0,1.61E:onset;2.21U;9.67E:onset;10.26U;10.94E:onset;15.94H:onset,1.63E:onset;2.22U;9.67E:onset;10.27U;10.94E:onset;15.95H:onset
b,四指指尖/数据1,force,v6.1,timing_J25P,0.25,4,0.04336680196539201,,0.004774736182243259,0.031104169462280885,0.0,0.004823525728764886,11.43,,-0.0034783047380638086,-0.02265879744655582,0.04478816285395459,0.07604705173458726,0.004711716048954348,0.4953949902103585,0.5100000000000016,0.4900000000000002,12.57467451869495,12.577791506317656,3,3,0,0,1,1,2,2,0,1,6,0,0,1.61E:onset;2.21U;9.67E:onset;10.26U;10.94E:onset;15.94H:onset,1.63E:onset;2.22U;9.67E:onset;10.27U;10.94E:onset;15.95H:onset
b,四指指尖/数据1,force,v5.1,timing_J25P,0.25,5,0.039735099337748346,,0.0008884868723809164,0.005787889673637261,,0.0008885424149604337,22.01,,0.0010106556956689765,0.006583736739846053,0.008334218523273769,0.0021569272514483373,0.0015690760659406776,0.014050918875132693,3.1800000000000015,3.1800000000000015,13.52278207921337,13.521459301085201,2,2,0,0,0,0,0,0,0,1,2,0,0,0.00E:v5_begin;13.45E:v5_begin,0.00E:v5_begin;13.45E:v5_begin
b,四指指尖/数据1,force,v6,timing_J25P,0.25,5,0.039735099337748346,,0.016125265698256314,0.10504517480319217,0.0,0.016290038027224875,18.8,11.31,-0.008789157784327973,-0.05725540484752475,0.15125883370114887,0.19662798970433926,0.015799746767299536,1.280898059988312,0.5400000000000009,0.5300000000000011,13.36084466078797,13.369457587384591,3,3,0,0,1,1,2,2,0,1,6,0,0,1.61E:onset;2.21U;9.67E:onset;10.26U;10.94E:onset;15.94H:onset,1.63E:onset;2.22U;9.67E:onset;10.26U;10.94E:onset;15.95H:onset
b,四指指尖/数据1,force,v6.1,timing_J25P,0.25,5,0.039735099337748346,,0.009630796257763162,0.06273810896027938,0.0,0.009729206340357023,11.41,11.4,-0.007135417637555669,-0.046482408851834696,0.09033916320027943,0.07942383132246,0.015036308926646846,0.5173924201267102,0.5,0.4900000000000002,12.571969132890535,12.577791506317656,3,3,0,0,1,1,2,2,0,1,6,0,0,1.61E:onset;2.21U;9.67E:onset;10.26U;10.94E:onset;15.94H:onset,1.63E:onset;2.22U;9.67E:onset;10.26U;10.94E:onset;15.95H:onset
b,四指指尖/数据1,force,v5.1,timing_J25P,0.25,6,0.04293954283272805,,0.0026113281129195877,0.01701103245199798,,0.002611491356636367,20.87,20.87,0.000903371295078454,0.005884851597450802,0.024494879784458384,0.2229402915147034,0.0011851007632092347,1.4523048693311764,3.1800000000000015,3.1800000000000015,13.522426015284418,13.521459301085201,2,2,0,0,0,0,0,0,0,1,2,0,0,0.00E:v5_begin;13.45E:v5_begin,-0.00E:v5_begin;13.45E:v5_begin
b,四指指尖/数据1,force,v6,timing_J25P,0.25,6,0.04293954283272805,,0.005639676010561869,0.03673866610625223,0.0,0.0056973037463323795,19.02,11.36,0.0005643060378604438,0.003676071296980676,0.05290150449441463,0.18112233925023702,0.0035346119364088936,1.1798892584673242,0.5400000000000009,0.5300000000000011,13.370344216226153,13.369457587384591,3,3,0,0,1,1,2,2,0,1,6,0,0,1.61E:onset;2.21U;9.67E:onset;10.26U;10.94E:onset;15.94H:onset,1.63E:onset;2.22U;9.66E:onset;10.26U;10.94E:onset;15.95H:onset
b,四指指尖/数据1,force,v6.1,timing_J25P,0.25,6,0.04293954283272805,,0.0027309253991196665,0.017790127697308148,0.0,0.0027588307339322894,11.43,,0.00044963255444483964,0.002929051288994968,0.025616730820153415,0.05932905093767715,0.0035233515662531187,0.38648854805100685,0.5100000000000016,0.4900000000000002,12.57858101820417,12.577791506317656,3,3,0,0,1,1,2,2,0,1,6,0,0,1.61E:onset;2.21U;9.67E:onset;10.26U;10.94E:onset;15.94H:onset,1.63E:onset;2.22U;9.66E:onset;10.26U;10.94E:onset;15.95H:onset
b,四指指尖/数据1,force,v5.1,timing_J25P,0.25,7,0.04037598803674428,,0.0027447159205498265,0.017879963595913838,,0.002744887502828652,20.86,20.86,-0.0008093807264238748,-0.005272566758309246,0.02574608919642391,0.22847934157353222,0.0015752320328857648,1.4883880255756172,3.1800000000000015,3.1800000000000015,13.520313646449782,13.521459301085201,2,2,0,0,0,0,0,0,0,1,2,0,0,0.00E:v5_begin;13.45E:v5_begin,-0.00E:v5_begin;13.44E:v5_begin
b,四指指尖/数据1,force,v6,timing_J25P,0.25,7,0.04037598803674428,,0.014957241978772632,0.09743629206703325,0.0,0.015110079125267229,19.04,18.84,-0.01191013213184824,-0.07758643703181897,0.14030249295921096,0.19367793612163986,0.012732307947727683,1.261680460720664,0.5300000000000011,0.5300000000000011,13.35715866133647,13.369457587384591,3,3,0,0,1,1,2,2,0,1,6,0,0,1.61E:onset;2.21U;9.67E:onset;10.26U;10.94E:onset;15.94H:onset,1.61E:onset;2.21U;9.67E:onset;10.26U;10.94E:onset;15.94H:onset
b,四指指尖/数据1,force,v6.1,timing_J25P,0.25,7,0.04037598803674428,,0.00986279852735215,0.06424944647370391,0.0,0.009963579271924641,12.24,,-0.01026209780882813,-0.06685061060993076,0.09251539975790989,0.035262690485257764,0.011121833422947702,0.22971252414497018,0.4900000000000002,0.4900000000000002,12.567143479323054,12.577791506317656,3,3,0,0,1,1,2,2,0,1,6,0,0,1.61E:onset;2.21U;9.67E:onset;10.26U;10.94E:onset;15.94H:onset,1.61E:onset;2.21U;9.67E:onset;10.26U;10.94E:onset;15.94H:onset
b,四指指尖/数据1,force,v5.1,timing_J25P,0.25,8,0.03866695150608844,,0.002561286607320429,0.016685045965856113,,0.002561446722758795,20.86,20.86,1.4960748665313162e-05,9.745913575268301e-05,0.02402547854076931,0.22797255796032445,0.00046320881278845113,1.485086673881142,3.1800000000000015,3.1800000000000015,13.52150271892035,13.521459301085201,2,2,0,0,0,0,0,0,0,1,2,0,0,0.00E:v5_begin;13.45E:v5_begin,0.00E:v5_begin;13.45E:v5_begin
b,四指指尖/数据1,force,v6,timing_J25P,0.25,8,0.03866695150608844,,0.008775999759070226,0.057169689232716966,0.0,0.00886567529970246,19.04,11.33,-0.0010504145022661468,-0.006842738412569975,0.08232096840810926,0.1840928331155478,0.007882005470357,1.1992400123198403,0.5400000000000009,0.5300000000000011,13.368574064603575,13.369457587384591,3,3,0,0,1,1,2,2,0,1,6,0,0,1.61E:onset;2.21U;9.67E:onset;10.26U;10.94E:onset;15.94H:onset,1.63E:onset;2.22U;9.66E:onset;10.26U;10.94E:onset;15.95H:onset
b,四指指尖/数据1,force,v6.1,timing_J25P,0.25,8,0.03866695150608844,,0.004244130269952831,0.02764763163827577,0.0,0.004287497941662062,11.370000000000001,,-0.0004272534227591649,-0.0027832664167420063,0.03981095299274512,0.05584349154221435,0.007801690866506127,0.3637824914293854,0.5,0.4900000000000002,12.578541842859623,12.577791506317656,3,3,0,0,1,1,2,2,0,1,6,0,0,1.61E:onset;2.21U;9.67E:onset;10.26U;10.94E:onset;15.94H:onset,1.63E:onset;2.22U;9.66E:onset;10.26U;10.94E:onset;15.95H:onset
b,四指指尖/数据1,force,v5.1,timing_J25P,0.25,9,0.04315317239906003,,0.002613030635357579,0.01702212323155174,,0.002613193985505293,20.87,20.87,0.0010742202977954847,0.006997817032637535,0.024510849850511218,0.22300150897686244,0.0012987500409099794,1.452703659598192,3.1800000000000015,3.1800000000000015,13.522369466448986,13.521459301085201,2,2,0,0,0,0,0,0,0,1,2,0,0,0.00E:v5_begin;13.45E:v5_begin,-0.00E:v5_begin;13.45E:v5_begin
b,四指指尖/数据1,force,v6,timing_J25P,0.25,9,0.04315317239906003,,0.007567405349704128,0.049296515954601564,0.0,0.0076447311455733235,19.04,18.96,-0.004620110567246623,-0.030096888400355248,0.0709840649300963,0.1837487359693153,0.005264772082766278,1.1969984526735282,0.5300000000000011,0.5300000000000011,13.364551947333037,13.369457587384591,3,3,0,0,1,1,2,2,0,1,6,0,0,1.61E:onset;2.21U;9.67E:onset;10.26U;10.94E:onset;15.94H:onset,1.62E:onset;2.22U;9.67E:onset;10.26U;10.94E:onset;15.94H:onset
b,四指指尖/数据1,force,v6.1,timing_J25P,0.25,9,0.04315317239906003,,0.003953173346979781,0.025752244523060176,0.0,0.003993567942106901,13.530000000000001,,-0.004068796366716789,-0.026505450116494852,0.03708170774186298,0.026664690757405296,0.004571083824280641,0.17370238445048283,0.4900000000000002,0.4900000000000002,12.573467989540395,12.577791506317656,3,3,0,0,1,1,2,2,0,1,6,0,0,1.61E:onset;2.21U;9.67E:onset;10.26U;10.94E:onset;15.94H:onset,1.62E:onset;2.22U;9.67E:onset;10.26U;10.94E:onset;15.94H:onset
b,四指指尖/数据1,force,v5.1,timing_J25P,0.25,10,0.03866695150608844,,0.0005162516625666258,0.0033630296177143827,,0.0005162839353552403,21.900000000000002,,-0.0008125415576131978,-0.005293157430799171,0.004842563579250094,0.0018831248185922078,0.000957287490894032,0.012267281634102829,3.1800000000000015,3.1800000000000015,13.520893850099078,13.521459301085201,2,2,0,0,0,0,0,0,0,1,2,0,0,0.00E:v5_begin;13.45E:v5_begin,0.00E:v5_begin;13.45E:v5_begin
b,四指指尖/数据1,force,v6,timing_J25P,0.25,10,0.03866695150608844,,0.007050618460220378,0.045929999696349234,0.0,0.007122663587792129,19.04,11.28,-0.0011038831884031487,-0.007191050656650749,0.06613648079485882,0.18093790048741454,0.003909246396859523,1.1786877649574674,0.5300000000000011,0.5300000000000011,13.368849992146641,13.369457587384591,3,3,0,0,1,1,2,2,0,1,6,0,0,1.61E:onset;2.21U;9.67E:onset;10.26U;10.94E:onset;15.94H:onset,1.61E:onset;2.21U;9.66E:onset;10.26U;10.94E:onset;15.95H:onset
b,四指指尖/数据1,force,v6.1,timing_J25P,0.25,10,0.03866695150608844,,0.003118065980659236,0.020312086145759082,0.0,0.003149927222707881,11.33,,-0.0010054410617309415,-0.00654976693470884,0.02924820170180171,0.07534281613904525,0.002665379171158832,0.49080737270249075,0.5,0.4900000000000002,12.577471114006087,12.577791506317656,3,3,0,0,1,1,2,2,0,1,6,0,0,1.61E:onset;2.21U;9.67E:onset;10.26U;10.94E:onset;15.94H:onset,1.61E:onset;2.21U;9.66E:onset;10.26U;10.94E:onset;15.95H:onset
b,四指指尖/数据1,force,v5.1,timing_J25P,0.25,11,0.04037598803674428,,0.0002492258019730474,0.0016235371511773263,,0.0002492413819938154,20.98,,-2.2308784349501564e-05,-0.0001453266070458308,0.002337797394479709,0.0012601883903951006,0.0005464792670837325,0.008209273089268916,3.1800000000000015,3.1800000000000015,13.521696000296801,13.521459301085201,2,2,0,0,0,0,0,0,0,1,2,0,0,0.00E:v5_begin;13.45E:v5_begin,-0.00E:v5_begin;13.45E:v5_begin
b,四指指尖/数据1,force,v6,timing_J25P,0.25,11,0.04037598803674428,,0.005764562748315201,0.03755221854274434,0.0,0.005823466610570818,19.0,11.33,-0.00014598157694060987,-0.0009509710137322081,0.054072971845762076,0.18632825730075453,0.0034185354005474605,1.2138022855058082,0.5300000000000011,0.5300000000000011,13.36973306942384,13.369457587384591,2,3,0,0,1,1,1,2,2,0,4,0,2,1.61E:onset;2.21U;9.67E:onset;10.26U;10.94E:onset;15.94H:onset,9.67E:onset;10.27U;10.94E:onset;15.95H:onset
b,四指指尖/数据1,force,v6.1,timing_J25P,0.25,11,0.04037598803674428,,0.0024450469493939924,0.015927823392632642,0.0,0.00247003110083856,11.33,,-0.0001584932100231633,-0.001032475821703983,0.02293512285815414,0.0542263616241474,0.0030779795243088145,0.35324798625585613,0.5,0.4900000000000002,12.578325082481213,12.577791506317656,2,3,0,0,1,1,1,2,2,0,4,0,2,1.61E:onset;2.21U;9.67E:onset;10.26U;10.94E:onset;15.94H:onset,9.67E:onset;10.27U;10.94E:onset;15.95H:onset
b,四指指尖/数据1,force,v5.1,timing_J25P,0.25,12,0.045075838496047856,,0.0005207173560202717,0.003392120583298065,,0.0005207499079757951,21.900000000000002,,-0.0006301085565015398,-0.004104730098794508,0.004884452847687909,0.0016691807685145221,0.0008441231202498396,0.010873581179235684,3.1800000000000015,3.1800000000000015,13.520893869490173,13.521459301085201,2,2,0,0,0,0,0,0,0,1,2,0,0,0.00E:v5_begin;13.45E:v5_begin,0.00E:v5_begin;13.44E:v5_begin
b,四指指尖/数据1,force,v6,timing_J25P,0.25,12,0.045075838496047856,,0.01655745204771192,0.10786057589336007,0.0,0.016726640573764037,19.04,18.81,-0.013953573400028542,-0.09089807165742815,0.15531284461690584,0.19624328243450506,0.01434685386852994,1.278391952916094,0.5200000000000014,0.5300000000000011,13.355333397697313,13.369457587384591,2,3,0,0,1,1,1,2,2,0,4,0,2,1.61E:onset;2.21U;9.67E:onset;10.26U;10.94E:onset;15.94H:onset,9.69E:onset;10.28U;10.94E:onset;15.94H:onset
b,四指指尖/数据1,force,v6.1,timing_J25P,0.25,12,0.045075838496047856,,0.011182224991117535,0.07284461545384542,0.0,0.011296487992379964,12.19,,-0.012161891463433527,-0.07922647841095552,0.10489193430922361,0.034798491371800466,0.012414324255894192,0.22668858159859206,0.4900000000000002,0.4900000000000002,12.56569528037716,12.577791506317656,2,3,0,0,1,1,1,2,2,0,4,0,2,1.61E:onset;2.21U;9.67E:onset;10.26U;10.94E:onset;15.94H:onset,9.69E:onset;10.28U;10.94E:onset;15.94H:onset
b,四指指尖/数据1,force,v5.1,timing_J25P,0.25,13,0.044862208929715874,,0.0005402086161559604,0.0035190929300736784,,0.0005402423865817838,21.330000000000002,,-0.0004961065591607614,-0.003231797925270007,0.0050672855110783024,0.0021667301691277174,0.0009559260356287057,0.014114778238474728,3.1800000000000015,3.1800000000000015,13.520863780806625,13.521459301085201,2,2,0,0,0,0,0,0,0,1,2,0,0,0.00E:v5_begin;13.45E:v5_begin,0.00E:v5_begin;13.45E:v5_begin
b,四指指尖/数据1,force,v6,timing_J25P,0.25,13,0.044862208929715874,,0.00570282335201678,0.037150028228626765,0.0,0.005761096344412168,19.02,19.01,-0.0037941981435876855,-0.024716628841298015,0.0534938416005766,0.18198808161197633,0.005955155093861819,1.1855289830724987,0.5300000000000011,0.5300000000000011,13.364975078823292,13.369457587384591,3,3,0,0,1,1,2,2,0,1,6,0,0,1.61E:onset;2.21U;9.67E:onset;10.26U;10.94E:onset;15.94H:onset,1.61E:onset;2.21U;9.67E:onset;10.27U;10.94E:onset;15.94H:onset
b,四指指尖/数据1,force,v6.1,timing_J25P,0.25,13,0.044862208929715874,,0.003599157650502729,0.023446072245630542,0.0,0.0036359348174341537,11.43,,-0.003642248168849825,-0.023726777761857807,0.033760956173297565,0.03812318382425417,0.0053982841967282974,0.24834669913724558,0.5,0.4900000000000002,12.572998434191986,12.577791506317656,3,3,0,0,1,1,2,2,0,1,6,0,0,1.61E:onset;2.21U;9.67E:onset;10.26U;10.94E:onset;15.94H:onset,1.61E:onset;2.21U;9.67E:onset;10.27U;10.94E:onset;15.94H:onset
b,四指指尖/数据1,force,v5.1,timing_J25P,0.25,14,0.04251228370006409,,0.0009142787349070647,0.00595590617384613,,0.0009143358898306918,22.76,,0.0010928424974020246,0.007119128039196668,0.00857615233805162,0.0019196628611517497,0.0015226710620373394,0.012505302212458234,3.1800000000000015,3.1800000000000015,13.522679355995187,13.521459301085201,2,2,0,0,0,0,0,0,0,1,2,0,0,0.00E:v5_begin;13.45E:v5_begin,-0.00E:v5_begin;13.45E:v5_begin
b,四指指尖/数据1,force,v6,timing_J25P,0.25,14,0.04251228370006409,,0.0031058325023531823,0.02023239332759675,0.0,0.0031375687394096874,19.05,19.05,0.0012813369000145975,0.00834704129299205,0.029133448760962907,0.1857990214238896,0.001745067752077034,1.2103546725338614,0.5300000000000011,0.5300000000000011,13.370808665785095,13.369457587384591,3,3,0,0,1,1,2,2,0,1,6,0,0,1.61E:onset;2.21U;9.67E:onset;10.26U;10.94E:onset;15.94H:onset,1.62E:onset;2.21U;9.68E:onset;10.27U;10.94E:onset;15.94H:onset
b,四指指尖/数据1,force,v6.1,timing_J25P,0.25,14,0.04251228370006409,,0.0016681623554483745,0.010866946908485843,0.0,0.0016852080898597233,11.33,,0.0011479979395112032,0.00747842835499441,0.015647760293126037,0.036451879119233865,0.0015802711920979817,0.23745928195147856,0.5,0.4900000000000002,12.579129907610692,12.577791506317656,3,3,0,0,1,1,2,2,0,1,6,0,0,1.61E:onset;2.21U;9.67E:onset;10.26U;10.94E:onset;15.94H:onset,1.62E:onset;2.21U;9.68E:onset;10.27U;10.94E:onset;15.94H:onset
b,四指指尖/数据1,force,v5.1,timing_J25P,0.25,15,0.04550309762871181,,0.002638823110046852,0.01719014371958838,,0.0026389880725769446,20.87,20.87,0.0013674540228957178,0.008908035970281211,0.024752789407525004,0.22260402781861366,0.0014879604677837215,1.4501143393022955,3.1800000000000015,3.1800000000000015,13.522503619021721,13.521459301085201,2,2,0,0,0,0,0,0,0,1,2,0,0,0.00E:v5_begin;13.45E:v5_begin,-0.00E:v5_begin;13.45E:v5_begin
b,四指指尖/数据1,force,v6,timing_J25P,0.25,15,0.04550309762871181,,0.004964648700675752,0.03234132077931084,0.0,0.005015378824707726,19.04,11.33,0.0029155434598022332,0.0189927892111785,0.04656958751887984,0.1798508707481563,0.004822968399870929,1.1716065030971436,0.5300000000000011,0.5300000000000011,13.372352989324973,13.369457587384591,2,3,0,0,1,1,1,2,2,0,4,0,2,1.61E:onset;2.21U;9.67E:onset;10.26U;10.94E:onset;15.94H:onset,9.79E:onset;10.30U;10.94E:onset;15.95H:onset
b,四指指尖/数据1,force,v6.1,timing_J25P,0.25,15,0.04550309762871181,,0.0035299532089240354,0.022995252222021426,0.0,0.003566023226142255,11.33,,0.0025859821774446594,0.016845920864236533,0.033111802025018046,0.06200100221763094,0.004530759866127276,0.40389449934015115,0.5,0.4900000000000002,12.580450114673884,12.577791506317656,2,3,0,0,1,1,1,2,2,0,4,0,2,1.61E:onset;2.21U;9.67E:onset;10.26U;10.94E:onset;15.94H:onset,9.79E:onset;10.30U;10.94E:onset;15.95H:onset
b,四指指尖/数据1,force,v5.1,timing_J25P,0.25,16,0.041016876735740226,,0.0027617894706967734,0.017991186201063904,,0.0027619621203059624,20.86,20.86,-0.0012808028930634912,-0.008343562599705704,0.02590624316415943,0.22847411265963125,0.00154302470838239,1.4883539627462017,3.1800000000000015,3.1800000000000015,13.520376627687222,13.521459301085201,2,2,0,0,0,0,0,0,0,1,2,0,0,0.00E:v5_begin;13.45E:v5_begin,0.00E:v5_begin;13.44E:v5_begin
b,四指指尖/数据1,force,v6,timing_J25P,0.25,16,0.041016876735740226,,0.015230245015167917,0.09921472178202678,0.0,0.015385871780572621,19.04,18.830000000000002,-0.012556282113060476,-0.08179566613821802,0.1428633264769178,0.19399391778109987,0.012938064044780083,1.2637388670299732,0.5300000000000011,0.5300000000000011,13.356901561749199,13.369457587384591,3,3,0,0,1,1,2,2,0,1,6,0,0,1.61E:onset;2.21U;9.67E:onset;10.26U;10.94E:onset;15.94H:onset,1.62E:onset;2.21U;9.79E:onset;10.29U;10.94E:onset;15.94H:onset
b,四指指尖/数据1,force,v6.1,timing_J25P,0.25,16,0.041016876735740226,,0.010004823515947297,0.06517464299651295,0.0,0.010107055510290208,13.82,,-0.010905131458248831,-0.07103953892725061,0.09384762798492408,0.021715776427880584,0.011295755147591534,0.14146356243298513,0.4900000000000002,0.4900000000000002,12.567043560889768,12.577791506317656,3,3,0,0,1,1,2,2,0,1,6,0,0,1.61E:onset;2.21U;9.67E:onset;10.26U;10.94E:onset;15.94H:onset,1.62E:onset;2.21U;9.79E:onset;10.29U;10.94E:onset;15.94H:onset
b,四指指尖/数据1,force,v5.1,timing_J25P,0.25,17,0.041016876735740226,,0.0005143439785307639,0.0033506023494283142,,0.0005143761320630388,21.400000000000002,,-0.0007522093842335344,-0.004900134220049313,0.004824669048534488,0.001558547938671495,0.0008464576643760322,0.010152883290140483,3.1800000000000015,3.1800000000000015,13.520945586397715,13.521459301085201,2,2,0,0,0,0,0,0,0,1,2,0,0,0.00E:v5_begin;13.45E:v5_begin,-0.00E:v5_begin;13.45E:v5_begin
b,四指指尖/数据1,force,v6,timing_J25P,0.25,17,0.041016876735740226,,0.015851211311941605,0.10325989625617739,0.0,0.016013183279022052,19.04,18.82,-0.013298865355446686,-0.08663309256963588,0.14868813827073932,0.19503339668384534,0.013612737676850273,1.2705103674248432,0.5300000000000011,0.5300000000000011,13.356258582036109,13.369457587384591,3,3,0,0,1,1,2,2,0,1,6,0,0,1.61E:onset;2.21U;9.67E:onset;10.26U;10.94E:onset;15.94H:onset,1.63E:onset;2.22U;9.67E:onset;10.27U;10.94E:onset;15.94H:onset
b,四指指尖/数据1,force,v6.1,timing_J25P,0.25,17,0.041016876735740226,,0.010515211684469975,0.06849947592535849,0.0,0.010622658963247832,11.41,,-0.011604881018299248,-0.07559793295494724,0.09863519059320743,0.024385803688289798,0.011761830870750067,0.15885698003907783,0.4900000000000002,0.4900000000000002,12.566439347386776,12.577791506317656,3,3,0,0,1,1,2,2,0,1,6,0,0,1.61E:onset;2.21U;9.67E:onset;10.26U;10.94E:onset;15.94H:onset,1.63E:onset;2.22U;9.67E:onset;10.27U;10.94E:onset;15.94H:onset
b,四指指尖/数据1,force,v5.1,timing_J25P,0.25,18,0.04293954283272805,,0.0005069091084364884,0.003302169210817975,,0.0005069407971877109,21.330000000000002,,-0.0006970059998477147,-0.004540521592819036,0.004754928195873606,0.0015657272508651232,0.0008813942677319275,0.010199651642269271,3.1800000000000015,3.1800000000000015,13.520804252867917,13.521459301085201,2,2,0,0,0,0,0,0,0,1,2,0,0,0.00E:v5_begin;13.45E:v5_begin,0.00E:v5_begin;13.44E:v5_begin
b,四指指尖/数据1,force,v6,timing_J25P,0.25,18,0.04293954283272805,,0.009169736129468064,0.0597346147743338,0.0,0.009263434974891925,19.04,18.92,-0.002764032221008598,-0.018005796198998454,0.08601430936053403,0.18659352021565923,0.009213572557165862,1.2155302935762724,0.5300000000000011,0.5300000000000011,13.366995130631507,13.369457587384591,3,3,0,0,1,1,2,2,0,1,6,0,0,1.61E:onset;2.21U;9.67E:onset;10.26U;10.94E:onset;15.94H:onset,1.63E:onset;2.22U;9.67E:onset;10.26U;10.94E:onset;15.95H:onset
b,四指指尖/数据1,force,v6.1,timing_J25P,0.25,18,0.04293954283272805,,0.004341612953652227,0.028282665239650454,0.0,0.00438597672980574,11.43,,-0.0018718243542140342,-0.012193666769196084,0.04072536378871874,0.0313861865726075,0.008929699908347109,0.2044597290128169,0.5,0.4900000000000002,12.577160794834155,12.577791506317656,3,3,0,0,1,1,2,2,0,1,6,0,0,1.61E:onset;2.21U;9.67E:onset;10.26U;10.94E:onset;15.94H:onset,1.63E:onset;2.22U;9.67E:onset;10.26U;10.94E:onset;15.95H:onset
b,四指指尖/数据1,force,v5.1,timing_J25P,0.25,19,0.04315317239906003,,0.0027704984265247024,0.018047919144533915,,0.0027706716205627255,20.86,20.86,-0.0013516721613009927,-0.008805227840420942,0.025987935244521854,0.22813172022716088,0.001583743164021456,1.4861235081544348,3.1800000000000015,3.1800000000000015,13.520200148236395,13.521459301085201,2,2,0,0,0,0,0,0,0,1,2,0,0,0.00E:v5_begin;13.45E:v5_begin,0.00E:v5_begin;13.44E:v5_begin
b,四指指尖/数据1,force,v6,timing_J25P,0.25,19,0.04315317239906003,,0.017192765796094803,0.11199921428869314,0.0,0.01736844612996613,19.04,18.77,-0.010917771562025447,-0.07112188063470468,0.16127223892475226,0.1982710543210615,0.017657528030791347,1.2916015121426039,0.5300000000000011,0.5300000000000011,13.358855768286102,13.369457587384591,3,3,0,0,1,1,2,2,0,1,6,0,0,1.61E:onset;2.21U;9.67E:onset;10.26U;10.94E:onset;15.94H:onset,1.62E:onset;2.21U;9.67E:onset;10.26U;10.94E:onset;15.95H:onset
b,四指指尖/数据1,force,v6.1,timing_J25P,0.25,19,0.04315317239906003,,0.010553116076809699,0.06874639734629144,0.0,0.010660950672926744,11.39,,-0.00899530368991088,-0.058598305677323805,0.0989907428231516,0.05065039257565118,0.01651082006530551,0.3299529720328837,0.5,0.4900000000000002,12.570145393956288,12.577791506317656,3,3,0,0,1,1,2,2,0,1,6,0,0,1.61E:onset;2.21U;9.67E:onset;10.26U;10.94E:onset;15.94H:onset,1.62E:onset;2.21U;9.67E:onset;10.26U;10.94E:onset;15.95H:onset
b,四指指尖/数据1,force,v5.1,timing_J25P,0.25,20,0.04550309762871181,,0.0004400755479163236,0.0028667938700991185,,0.0004401030586560696,21.38,,-0.0003080803616182841,-0.0020069347101128866,0.004128013476727712,0.0019090049777314988,0.0007520310555404917,0.012435873326890577,3.1800000000000015,3.1800000000000015,13.521059969177962,13.521459301085201,2,2,0,0,0,0,0,0,0,1,2,0,0,0.00E:v5_begin;13.45E:v5_begin,-0.00E:v5_begin;13.44E:v5_begin
b,四指指尖/数据1,force,v6,timing_J25P,0.25,20,0.04550309762871181,,0.0075121303381045145,0.04893643672462907,0.0,0.007588891318945824,19.04,18.97,-0.00619784462709973,-0.0403747562638374,0.07046557215336773,0.18341250781653962,0.008283909208996576,1.1948081541852438,0.5300000000000011,0.5300000000000011,13.362547311075097,13.369457587384591,3,3,0,0,1,1,2,2,0,1,6,0,0,1.61E:onset;2.21U;9.67E:onset;10.26U;10.94E:onset;15.94H:onset,1.62E:onset;2.22U;9.68E:onset;10.28U;10.94E:onset;15.94H:onset
b,四指指尖/数据1,force,v6.1,timing_J25P,0.25,20,0.04550309762871181,,0.00455724430509196,0.029687357319079854,0.0,0.004603811460751907,11.33,,-0.0057061257663170014,-0.037171541219105854,0.04274803723413696,0.031453431234632845,0.007393790533393308,0.20489778240115875,0.4900000000000002,0.4900000000000002,12.571106588659424,12.577791506317656,3,3,0,0,1,1,2,2,0,1,6,0,0,1.61E:onset;2.21U;9.67E:onset;10.26U;10.94E:onset;15.94H:onset,1.62E:onset;2.22U;9.68E:onset;10.28U;10.94E:onset;15.94H:onset
b,四指指尖/数据1,force,v5.1,timing_J25P,0.25,21,0.04293954283272805,,0.0004096916398427899,0.0026688633060691818,,0.00040971725117278356,21.3,,-0.0005682164876544498,-0.0037015452265181524,0.003843005180772465,0.00155676208197697,0.0007728448603298687,0.010141249644397199,3.1800000000000015,3.1800000000000015,13.521121499943467,13.521459301085201,2,2,0,0,0,0,0,0,0,1,2,0,0,0.00E:v5_begin;13.45E:v5_begin,-0.00E:v5_begin;13.44E:v5_begin
b,四指指尖/数据1,force,v6,timing_J25P,0.25,21,0.04293954283272805,,0.016054367861573875,0.10458332345842454,0.0,0.01621841573725977,19.04,18.82,-0.013339455161827257,-0.08689750764261887,0.1505937951033861,0.1954314782670643,0.013673541942303302,1.273103599082396,0.5300000000000011,0.5300000000000011,13.356165784889722,13.369457587384591,3,3,0,0,1,1,2,2,0,1,6,0,0,1.61E:onset;2.21U;9.67E:onset;10.26U;10.94E:onset;15.94H:onset,1.62E:onset;2.22U;9.68E:onset;10.27U;10.94E:onset;15.94H:onset
b,四指指尖/数据1,force,v6.1,timing_J25P,0.25,21,0.04293954283272805,,0.010679837447060558,0.06957190116981858,0.0,0.010788966916434084,11.39,,-0.01159010433395668,-0.07550167287348114,0.10017941946438233,0.04379904933499468,0.012007900168106999,0.2853211153045164,0.4900000000000002,0.4900000000000002,12.566399060106084,12.577791506317656,3,3,0,0,1,1,2,2,0,1,6,0,0,1.61E:onset;2.21U;9.67E:onset;10.26U;10.94E:onset;15.94H:onset,1.62E:onset;2.22U;9.68E:onset;10.27U;10.94E:onset;15.94H:onset
b,四指指尖/数据1,force,v5.1,timing_J25P,0.25,22,0.044862208929715874,,0.002613679064031694,0.017026347304797684,,0.002613842454715068,20.86,20.86,-0.0003746653337298049,-0.002440690665866019,0.02451693226594674,0.22799552678824853,0.0010019501362515725,1.4852363002246365,3.1800000000000015,3.1800000000000015,13.520848272857606,13.521459301085201,2,2,0,0,0,0,0,0,0,1,2,0,0,0.00E:v5_begin;13.45E:v5_begin,-0.00E:v5_begin;13.44E:v5_begin
b,四指指尖/数据1,force,v6,timing_J25P,0.25,22,0.044862208929715874,,0.007053270734677656,0.04594727746647744,0.0,0.007125342963907609,19.04,11.4,-0.0036258398202834987,-0.02361988849406932,0.06616135976110783,0.18396409023085702,0.0042005241637982135,1.1984013397001096,0.5300000000000011,0.5300000000000011,13.36553405784808,13.369457587384591,2,3,0,0,1,1,1,2,2,0,4,0,2,1.61E:onset;2.21U;9.67E:onset;10.26U;10.94E:onset;15.94H:onset,9.68E:onset;10.27U;10.94E:onset;15.94H:onset
b,四指指尖/数据1,force,v6.1,timing_J25P,0.25,22,0.044862208929715874,,0.0036789016637702302,0.023965550434079778,0.0,0.0037164936766107557,11.4,,-0.003128416364373809,-0.020379511879196455,0.034508974014814155,0.05045661595333861,0.003780046997908215,0.32869064869852793,0.5,0.4900000000000002,12.57447404476732,12.577791506317656,2,3,0,0,1,1,1,2,2,0,4,0,2,1.61E:onset;2.21U;9.67E:onset;10.26U;10.94E:onset;15.94H:onset,9.68E:onset;10.27U;10.94E:onset;15.94H:onset
b,四指指尖/数据1,force,v5.1,timing_J25P,0.25,23,0.04550309762871181,,0.00043590226639782546,0.002839607770048626,,0.00043592951625040716,22.02,,-0.00048021308860617394,-0.0031282627386952796,0.0040888671019016,0.0016000066401176127,0.0007541164262512715,0.010422958625456768,3.1800000000000015,3.1800000000000015,13.521177949051829,13.521459301085201,2,2,0,0,0,0,0,0,0,1,2,0,0,0.00E:v5_begin;13.45E:v5_begin,-0.00E:v5_begin;13.45E:v5_begin
b,四指指尖/数据1,force,v6,timing_J25P,0.25,23,0.04550309762871181,,0.007440622558146102,0.048470612012895375,0.0,0.007516652853139277,19.04,11.33,0.0008751112476565908,0.005700756545814094,0.06979481214237222,0.18200346730024108,0.006380694468869485,1.185629210401678,0.5300000000000011,0.5300000000000011,13.370655186470184,13.369457587384591,3,3,0,0,1,1,2,2,0,1,6,0,0,1.61E:onset;2.21U;9.67E:onset;10.26U;10.94E:onset;15.94H:onset,1.62E:onset;2.21U;9.67E:onset;10.26U;10.94E:onset;15.95H:onset
b,四指指尖/数据1,force,v6.1,timing_J25P,0.25,23,0.04550309762871181,,0.0035546526420721157,0.02315615228538351,0.0,0.0035909750447827766,11.33,,0.001344639848261842,0.008759417088133725,0.033343488591984945,0.050156829562416405,0.00647316153581201,0.32673774358506696,0.5,0.4900000000000002,12.58047204820325,12.577791506317656,3,3,0,0,1,1,2,2,0,1,6,0,0,1.61E:onset;2.21U;9.67E:onset;10.26U;10.94E:onset;15.94H:onset,1.62E:onset;2.21U;9.67E:onset;10.26U;10.94E:onset;15.95H:onset
b,四指指尖/数据1,force,v5.1,timing_J25P,0.25,24,0.04422132023071993,,0.0029944054632789754,0.019506521703750085,,0.0029945926545687077,20.86,20.86,-0.0019591250447157514,-0.012762371587200038,0.02808823658967078,0.22978013340108738,0.0023337158431676382,1.4968618025331573,3.1800000000000015,3.1800000000000015,13.519852140487478,13.521459301085201,2,2,0,0,0,0,0,0,0,1,2,0,0,0.00E:v5_begin;13.45E:v5_begin,0.00E:v5_begin;13.44E:v5_begin
b,四指指尖/数据1,force,v6,timing_J25P,0.25,24,0.04422132023071993,,0.018777354517641776,0.12232173562637676,0.0,0.018969226607915286,19.04,18.77,-0.01616290429851511,-0.10529036476889675,0.17613605862250192,0.1995074052570871,0.016471456737474455,1.2996555003759227,0.5200000000000014,0.5300000000000011,13.353426780480952,13.369457587384591,3,3,0,0,1,1,2,2,0,1,6,0,0,1.61E:onset;2.21U;9.67E:onset;10.26U;10.94E:onset;15.94H:onset,1.63E:onset;2.22U;9.67E:onset;10.27U;10.94E:onset;15.94H:onset
b,四指指尖/数据1,force,v6.1,timing_J25P,0.25,24,0.04422132023071993,,0.01287579426561669,0.08387707121674898,0.0,0.013007362616065336,12.42,,-0.014083324860405725,-0.09174331446404836,0.12077801755562513,0.0313945731886367,0.014401660712258745,0.2045143621310104,0.4900000000000002,0.4900000000000002,12.56405623616599,12.577791506317656,3,3,0,0,1,1,2,2,0,1,6,0,0,1.61E:onset;2.21U;9.67E:onset;10.26U;10.94E:onset;15.94H:onset,1.63E:onset;2.22U;9.67E:onset;10.27U;10.94E:onset;15.94H:onset
b,四指指尖/数据1,force,v5.1,timing_J25P,0.25,25,0.04293954283272805,,0.0004673290268474842,0.0030443318103656435,,0.00046735824130235263,22.95,,-0.0005862699103493406,-0.003819151037068349,0.004383657601579059,0.0018106559944524037,0.0008668499852173995,0.011795196371013447,3.1800000000000015,3.1800000000000015,13.521140960102173,13.521459301085201,2,2,0,0,0,0,0,0,0,1,2,0,0,0.00E:v5_begin;13.45E:v5_begin,0.00E:v5_begin;13.45E:v5_begin
b,四指指尖/数据1,force,v6,timing_J25P,0.25,25,0.04293954283272805,,0.007716964047007268,0.050270789482587196,0.0,0.0077958180741213474,19.04,11.33,-0.006029418031105439,-0.03927757116631432,0.07238696113951394,0.1833964248795379,0.007854908440986819,1.194703384753204,0.5400000000000009,0.5300000000000011,13.363082645486587,13.369457587384591,3,3,0,0,1,1,2,2,0,1,6,0,0,1.61E:onset;2.21U;9.67E:onset;10.26U;10.94E:onset;15.94H:onset,1.63E:onset;2.22U;9.67E:onset;10.27U;10.94E:onset;15.94H:onset
b,四指指尖/数据1,force,v6.1,timing_J25P,0.25,25,0.04293954283272805,,0.004744040191079588,0.03090420588847796,0.0,0.00479251607765609,11.38,,-0.00560034205362539,-0.036482432041064675,0.04450022714426766,0.05687931546431457,0.007015022873632581,0.3705301821030412,0.5,0.4900000000000002,12.571427562993145,12.577791506317656,3,3,0,0,1,1,2,2,0,1,6,0,0,1.61E:onset;2.21U;9.67E:onset;10.26U;10.94E:onset;15.94H:onset,1.63E:onset;2.22U;9.67E:onset;10.27U;10.94E:onset;15.94H:onset
b,四指指尖/数据1,force,v5.1,timing_J25P,0.25,26,0.04187139500106815,,0.0005638968280175191,0.0036734055722549203,,0.0005639320792805184,22.16,,-0.0005034457571430124,-0.0032796078249260584,0.0052894865814788064,0.0017637991402850162,0.0009455542257214232,0.011489955730093456,3.1800000000000015,3.1800000000000015,13.520706134795674,13.521459301085201,2,2,0,0,0,0,0,0,0,1,2,0,0,0.00E:v5_begin;13.45E:v5_begin,-0.00E:v5_begin;13.44E:v5_begin
b,四指指尖/数据1,force,v6,timing_J25P,0.25,26,0.04187139500106815,,0.005406510594216939,0.03521975148020295,0.0,0.005461755782660479,19.02,18.990000000000002,-0.0008281199431736113,-0.005394640052231084,0.05071435734312207,0.18311295735428246,0.0037917377761548443,1.1928567859871009,0.5300000000000011,0.5300000000000011,13.36879152599564,13.369457587384591,2,3,0,0,1,1,1,2,2,0,4,0,2,1.61E:onset;2.21U;9.67E:onset;10.26U;10.94E:onset;15.94H:onset,9.80E:onset;10.35U;10.94E:onset;15.95H:onset
b,四指指尖/数据1,force,v6.1,timing_J25P,0.25,26,0.04187139500106815,,0.0016215491355998052,0.010563293379994709,0.0,0.0016381185635155654,12.24,,-0.0007311192108697107,-0.004762746037486092,0.01521051718648301,0.019412570854724365,0.002756771430621888,0.12645973945312297,0.4900000000000002,0.4900000000000002,12.577292743177093,12.577791506317656,2,3,0,0,1,1,1,2,2,0,4,0,2,1.61E:onset;2.21U;9.67E:onset;10.26U;10.94E:onset;15.94H:onset,9.80E:onset;10.35U;10.94E:onset;15.95H:onset
b,四指指尖/数据1,force,v5.1,timing_J25P,0.25,27,0.045075838496047856,,0.0038829712754719953,0.025294925616750376,,0.003883214014276063,20.86,20.85,-0.001906454803547323,-0.012419260670828464,0.03642319558718757,0.22713563612658305,0.0020561236674424776,1.4796346954786106,3.1800000000000015,3.1800000000000015,13.519689221026766,13.521459301085201,2,2,0,0,0,0,0,0,0,1,2,0,0,0.00E:v5_begin;13.45E:v5_begin,0.00E:v5_begin;13.44E:v5_begin
b,四指指尖/数据1,force,v6,timing_J25P,0.25,27,0.045075838496047856,,0.0176651762867023,0.11507664839076143,0.0,0.01784568383881754,18.8,11.28,-0.014162447724392862,-0.09225874628600939,0.16570356186693508,0.19828433065364237,0.014724410030003732,1.2916879984494218,0.5400000000000009,0.5300000000000011,13.355249375057607,13.369457587384591,3,3,0,0,1,1,2,2,0,1,6,0,0,1.61E:onset;2.21U;9.67E:onset;10.26U;10.94E:onset;15.94H:onset,1.62E:onset;2.21U;9.68E:onset;10.27U;10.94E:onset;15.94H:onset
b,四指指尖/数据1,force,v6.1,timing_J25P,0.25,27,0.045075838496047856,,0.011866111177943098,0.07729967035866774,0.0,0.011987362313346158,11.33,11.33,-0.012304479319324577,-0.08015534163263299,0.1113069496608619,0.10830953673852406,0.012715594709802325,0.7055632094658325,0.5100000000000016,0.4900000000000002,12.565491090902153,12.577791506317656,3,3,0,0,1,1,2,2,0,1,6,0,0,1.61E:onset;2.21U;9.67E:onset;10.26U;10.94E:onset;15.94H:onset,1.62E:onset;2.21U;9.68E:onset;10.27U;10.94E:onset;15.94H:onset
b,四指指尖/数据1,force,v5.1,timing_J25P,0.25,28,0.04443494979705191,,0.0026555604430103857,0.01729917609770813,,0.0026557264518526705,20.87,20.87,0.0009387474857621925,0.00611530349844777,0.024909789577984565,0.22343637126203575,0.001624490311549387,1.4555364925955598,3.1800000000000015,3.1800000000000015,13.522739419287875,13.521459301085201,2,2,0,0,0,0,0,0,0,1,2,0,0,0.00E:v5_begin;13.45E:v5_begin,-0.00E:v5_begin;13.45E:v5_begin
b,四指指尖/数据1,force,v6,timing_J25P,0.25,28,0.04443494979705191,,0.013754622915508509,0.0896020441181209,0.0,0.013895171374943678,19.04,11.28,-0.010318448339538211,-0.06721769611781998,0.12902163965111507,0.1911614984264567,0.010731023805261053,1.2452875750145733,0.5300000000000011,0.5300000000000011,13.359349216586363,13.369457587384591,3,3,0,0,1,1,2,2,0,1,6,0,0,1.61E:onset;2.21U;9.67E:onset;10.26U;10.94E:onset;15.94H:onset,1.63E:onset;2.22U;9.66E:onset;10.26U;10.94E:onset;15.94H:onset
b,四指指尖/数据1,force,v6.1,timing_J25P,0.25,28,0.04443494979705191,,0.008769564528073192,0.0571277680651758,0.0,0.008859174311773499,11.33,,-0.008930625689742126,-0.05817697235105295,0.08226060440832014,0.06210564876786506,0.009633775052565238,0.4045762006756574,0.5,0.4900000000000002,12.569248963578348,12.577791506317656,3,3,0,0,1,1,2,2,0,1,6,0,0,1.61E:onset;2.21U;9.67E:onset;10.26U;10.94E:onset;15.94H:onset,1.63E:onset;2.22U;9.66E:onset;10.26U;10.94E:onset;15.94H:onset
b,四指指尖/数据1,force,v5.1,timing_J25P,0.25,29,0.04187139500106815,,0.0005482932014836909,0.0035717585229919154,,0.0005483274773066533,22.95,,-0.0005276311481537058,-0.003437159252229148,0.00514312084740781,0.002081984913321122,0.0009236900157208793,0.013562720345195631,3.1800000000000015,3.1800000000000015,13.520816156774535,13.521459301085201,2,2,0,0,0,0,0,0,0,1,2,0,0,0.00E:v5_begin;13.45E:v5_begin,-0.00E:v5_begin;13.44E:v5_begin
b,四指指尖/数据1,force,v6,timing_J25P,0.25,29,0.04187139500106815,,0.01581785799905291,0.10304262203271841,0.0,0.015979489152955682,18.8,11.27,-0.008555204589561868,-0.05573135837909179,0.14837527625022956,0.19644416443345314,0.0157099076622881,1.279700562962538,0.5300000000000011,0.5300000000000011,13.360985102383879,13.369457587384591,2,3,0,0,1,1,1,2,2,0,4,0,2,1.61E:onset;2.21U;9.67E:onset;10.26U;10.94E:onset;15.94H:onset,9.66E:onset;10.26U;10.94E:onset;15.95H:onset
b,四指指尖/数据1,force,v6.1,timing_J25P,0.25,29,0.04187139500106815,,0.009333022254798233,0.060798313190174355,0.0,0.009428389602041683,11.33,,-0.006849739058936255,-0.04462140657192505,0.08754597211507031,0.07211390157429953,0.014855358806032015,0.46977318317499883,0.5,0.4900000000000002,12.57200257234456,12.577791506317656,2,3,0,0,1,1,1,2,2,0,4,0,2,1.61E:onset;2.21U;9.67E:onset;10.26U;10.94E:onset;15.94H:onset,9.66E:onset;10.26U;10.94E:onset;15.95H:onset
b,四指指尖/数据1,force,v5.1,timing_J100P,1.0,0,0.16257209997863703,,0.008547259204108912,0.05567959957899494,,0.008547793524692317,20.86,20.79,0.0030665771190445243,0.019976671116329853,0.08017532751071038,0.23434311738096092,0.007634650850768128,1.526586549942548,2.8500000000000014,3.1800000000000015,13.525255643156246,13.521459301085201,2,2,0,0,0,0,0,0,0,1,2,0,0,0.00E:v5_begin;13.45E:v5_begin,0.00E:v5_begin;13.45E:v5_begin
b,四指指尖/数据1,force,v6,timing_J100P,1.0,0,0.16257209997863703,,0.013297851159202236,0.08662648576862085,0.0,0.01343373220121297,18.86,11.24,0.00021946578592709187,0.0014296708207743958,0.12473701176222497,0.18695374393890418,0.018242137399960612,1.2178769069397108,0.5400000000000009,0.5300000000000011,13.371123975449402,13.369457587384591,3,3,0,0,1,1,2,2,0,1,6,0,0,1.61E:onset;2.21U;9.67E:onset;10.26U;10.94E:onset;15.94H:onset,1.70E:onset;2.19U;9.69E:onset;10.28U;10.94E:onset;15.94H:onset
b,四指指尖/数据1,force,v6.1,timing_J100P,1.0,0,0.16257209997863703,,0.010110052414248847,0.06586013793490822,0.0,0.010213359665953242,11.44,11.43,0.003400380541778784,0.0221511741321044,0.09483470011921272,0.10170886707234317,0.0201047865039472,0.6625643211450605,0.5100000000000016,0.4900000000000002,12.5824304197103,12.577791506317656,3,3,0,0,1,1,2,2,0,1,6,0,0,1.61E:onset;2.21U;9.67E:onset;10.26U;10.94E:onset;15.94H:onset,1.70E:onset;2.19U;9.69E:onset;10.28U;10.94E:onset;15.94H:onset
b,四指指尖/数据1,force,v5.1,timing_J100P,1.0,1,0.14954069643238624,,0.009338804215803492,0.060835978746566925,,0.00933938801877445,20.85,20.77,0.005350248566791994,0.034853242511220545,0.08760020828671093,0.2311271396288319,0.007510662947181322,1.5056366349794663,2.8500000000000014,3.1800000000000015,13.526074870057887,13.521459301085201,2,2,0,0,0,0,0,0,0,1,2,0,0,0.00E:v5_begin;13.45E:v5_begin,-0.00E:v5_begin;13.46E:v5_begin
b,四指指尖/数据1,force,v6,timing_J100P,1.0,1,0.14954069643238624,,0.015715844598339232,0.10237807388134158,0.0,0.015876433351705098,11.34,11.25,0.007135421263702891,0.04648243247372571,0.14741836624932908,0.27009274935285355,0.018883915233702097,1.7594711677782298,0.5400000000000009,0.5300000000000011,13.374209847017257,13.369457587384591,3,3,0,0,1,1,2,2,0,1,6,0,0,1.61E:onset;2.21U;9.67E:onset;10.26U;10.94E:onset;15.94H:onset,1.62E:onset;2.21U;9.70E:onset;10.28U;10.95E:onset;15.98H:onset
b,四指指尖/数据1,force,v6.1,timing_J100P,1.0,1,0.14954069643238624,,0.010986448691949669,0.07156926558034632,0.0,0.011098711198003253,11.34,11.27,0.007299285013496814,0.047549893721379466,0.10305550598409773,0.17600936577173343,0.017110569294802678,1.1465817023089426,0.5300000000000011,0.4900000000000002,12.582345456639581,12.577791506317656,3,3,0,0,1,1,2,2,0,1,6,0,0,1.61E:onset;2.21U;9.67E:onset;10.26U;10.94E:onset;15.94H:onset,1.62E:onset;2.21U;9.70E:onset;10.28U;10.95E:onset;15.98H:onset
b,四指指尖/数据1,force,v5.1,timing_J100P,1.0,2,0.15274513992736594,,0.008878377116479716,0.05783660831524295,,0.008878932136460658,20.86,20.77,0.00036479155302231094,0.0023763696779334456,0.08328129240952026,0.23702833377527632,0.008973882488291621,1.5440789144594167,2.8500000000000014,3.1800000000000015,13.52113248475142,13.521459301085201,2,2,0,0,0,0,0,0,0,1,2,0,0,0.00E:v5_begin;13.45E:v5_begin,-0.02E:v5_begin;13.43E:v5_begin
b,四指指尖/数据1,force,v6,timing_J100P,1.0,2,0.15274513992736594,,0.036370632173140294,0.23693001317449663,0.0,0.036742277135857114,19.02,11.22,-0.02396243479366335,-0.15609901868982218,0.34116519420064917,0.23585771851694304,0.04471897159979308,1.5364531496044413,0.5100000000000016,0.5300000000000011,13.345823480290425,13.369457587384591,3,3,0,0,1,1,2,2,0,1,6,0,0,1.61E:onset;2.21U;9.67E:onset;10.26U;10.94E:onset;15.94H:onset,1.70E:onset;2.19U;9.70E:onset;10.27U;10.93E:onset;15.94H:onset
b,四指指尖/数据1,force,v6.1,timing_J100P,1.0,2,0.15274513992736594,,0.023025456949354397,0.14999524320581292,0.0,0.023260737299961004,12.4,11.33,-0.017178833607811052,-0.11190845552657142,0.2159842714388246,0.087295545121016,0.041465208650352456,0.5686712993367086,0.4900000000000002,0.4900000000000002,12.56524784406773,12.577791506317656,3,3,0,0,1,1,2,2,0,1,6,0,0,1.61E:onset;2.21U;9.67E:onset;10.26U;10.94E:onset;15.94H:onset,1.70E:onset;2.19U;9.70E:onset;10.27U;10.93E:onset;15.94H:onset
b,四指指尖/数据1,force,v5.1,timing_J100P,1.0,3,0.16342661824396496,,0.00786637084153348,0.051244073466955135,,0.007866862597283125,20.86,20.81,0.005119554680722302,0.03335042822947888,0.07378843246469687,0.22769277871369908,0.007407345069598747,1.4832641017500516,3.1800000000000015,3.1800000000000015,13.526980136221527,13.521459301085201,2,2,0,0,0,0,0,0,0,1,2,0,0,0.00E:v5_begin;13.45E:v5_begin,-0.01E:v5_begin;13.45E:v5_begin
b,四指指尖/数据1,force,v6,timing_J100P,1.0,3,0.16342661824396496,,0.012933778636006773,0.0842548000825833,0.0,0.013065939486444673,19.07,11.35,0.012510574392749038,0.0814979113253786,0.12132192476324703,0.18773847818703793,0.01699214646138127,1.2229889185996599,0.5200000000000014,0.5300000000000011,13.382195566353182,13.369457587384591,2,3,0,0,1,1,1,2,2,0,4,0,2,1.61E:onset;2.21U;9.67E:onset;10.26U;10.94E:onset;15.94H:onset,9.80E:onset;10.31U;10.94E:onset;15.95H:onset
b,四指指尖/数据1,force,v6.1,timing_J100P,1.0,3,0.16342661824396496,,0.011244598429807445,0.07325093612433001,0.0,0.011359498779746855,11.36,,0.012322211403072523,0.0802708541377776,0.10547701202308639,0.07566341969357637,0.016276248448654405,0.4928958875250333,0.4900000000000002,0.4900000000000002,12.590992904370534,12.577791506317656,2,3,0,0,1,1,1,2,2,0,4,0,2,1.61E:onset;2.21U;9.67E:onset;10.26U;10.94E:onset;15.94H:onset,9.80E:onset;10.31U;10.94E:onset;15.95H:onset
b,四指指尖/数据1,force,v5.1,timing_J100P,1.0,4,0.1553086947233497,,0.009601034834239113,0.0625442334611108,,0.009601635030209709,20.84,20.8,0.008188957172764319,0.05334550473558398,0.09005999395769011,0.22888547416411775,0.010293545218387833,1.4910337040884336,3.1800000000000015,3.1800000000000015,13.52996222246671,13.521459301085201,2,2,0,0,0,0,0,0,0,1,2,0,0,0.00E:v5_begin;13.45E:v5_begin,-0.00E:v5_begin;13.48E:v5_begin
b,四指指尖/数据1,force,v6,timing_J100P,1.0,4,0.1553086947233497,,0.019187448576815005,0.12499322042158609,0.0,0.019383511119171016,11.42,11.23,0.013613816558875122,0.08868478615643943,0.1799828385924605,0.3003583708926989,0.025257778400998455,1.9566311752269192,0.5400000000000009,0.5300000000000011,13.382858146590802,13.369457587384591,3,3,0,0,1,1,2,2,0,1,6,0,0,1.61E:onset;2.21U;9.67E:onset;10.26U;10.94E:onset;15.94H:onset,1.62E:onset;2.21U;9.67E:onset;10.26U;10.95E:onset;15.95H:onset
b,四指指尖/数据1,force,v6.1,timing_J100P,1.0,4,0.1553086947233497,,0.015058363330085263,0.09809502912127718,0.0,0.015212233761914565,11.42,11.24,0.012983354638152709,0.08457775412928942,0.14125103532422056,0.18610511256115814,0.023880003126683386,1.2123486487958188,0.5100000000000016,0.4900000000000002,12.590269287800753,12.577791506317656,3,3,0,0,1,1,2,2,0,1,6,0,0,1.61E:onset;2.21U;9.67E:onset;10.26U;10.94E:onset;15.94H:onset,1.62E:onset;2.21U;9.67E:onset;10.26U;10.95E:onset;15.95H:onset
b,四指指尖/数据1,force,v5.1,timing_J100P,1.0,5,0.15103610339671011,,0.00834156054476457,0.054339612255254584,,0.008342082006368852,20.79,20.79,0.0027967582720494415,0.018218984236735736,0.0782458250833687,0.23302854326165168,0.006598664684194588,1.5180229906971632,2.8500000000000014,3.1800000000000015,13.52579546733947,13.521459301085201,2,2,0,0,0,0,0,0,0,1,2,0,0,0.00E:v5_begin;13.45E:v5_begin,-0.00E:v5_begin;13.45E:v5_begin
b,四指指尖/数据1,force,v6,timing_J100P,1.0,5,0.15103610339671011,,0.01167304236519026,0.07604195792377373,0.0,0.011792320671213401,19.02,11.33,-0.004824715748488622,-0.03142975245552109,0.10949591820330164,0.19352405796572292,0.010317257759396445,1.2606780488479445,0.5200000000000014,0.5300000000000011,13.365721235653943,13.369457587384591,3,3,0,0,1,1,2,2,0,1,6,0,0,1.61E:onset;2.21U;9.67E:onset;10.26U;10.94E:onset;15.94H:onset,1.65E:onset;2.23U;9.67E:onset;10.27U;10.94E:onset;15.95H:onset
b,四指指尖/数据1,force,v6.1,timing_J100P,1.0,5,0.15103610339671011,,0.005729895148967826,0.03732638263395397,0.0,0.00578844476831104,11.33,11.33,-0.002876192565543878,-0.018736444810820627,0.05374778150517317,0.08482572521843146,0.012083830572731808,0.5525820969474758,0.4900000000000002,0.4900000000000002,12.576533526467772,12.577791506317656,3,3,0,0,1,1,2,2,0,1,6,0,0,1.61E:onset;2.21U;9.67E:onset;10.26U;10.94E:onset;15.94H:onset,1.65E:onset;2.23U;9.67E:onset;10.27U;10.94E:onset;15.95H:onset
b,四指指尖/数据1,force,v5.1,timing_J100P,1.0,6,0.1424909207434309,,0.008883401636173497,0.057869339654956144,,0.008883956970255631,20.86,20.77,0.002036988742467937,0.013269600794721606,0.08332842360121727,0.23213714539612162,0.007447944257210179,1.512216137876504,2.8500000000000014,3.1800000000000015,13.523759475364692,13.521459301085201,2,2,0,0,0,0,0,0,0,1,2,0,0,0.00E:v5_begin;13.45E:v5_begin,0.01E:v5_begin;13.43E:v5_begin
b,四指指尖/数据1,force,v6,timing_J100P,1.0,6,0.1424909207434309,,0.02217691093186285,0.1444675411261138,0.0,0.022403520609616347,19.02,11.4,-0.017012175655176168,-0.11082279194158214,0.20802470764934822,0.2109811250569109,0.023143793589134452,1.3743990069059062,0.5200000000000014,0.5300000000000011,13.352158749084001,13.369457587384591,3,3,0,0,1,1,2,2,0,1,6,0,0,1.61E:onset;2.21U;9.67E:onset;10.26U;10.94E:onset;15.94H:onset,1.63E:onset;2.23U;9.69E:onset;10.27U;10.93E:onset;15.94H:onset
b,四指指尖/数据1,force,v6.1,timing_J100P,1.0,6,0.1424909207434309,,0.014569571983166212,0.09491088484482339,0.0,0.014718447812728573,12.42,,-0.01366930011625504,-0.08904622392079867,0.1366660560474956,0.07503770417312161,0.024227555742750255,0.4888197750780708,0.4900000000000002,0.4900000000000002,12.564196413901826,12.577791506317656,3,3,0,0,1,1,2,2,0,1,6,0,0,1.61E:onset;2.21U;9.67E:onset;10.26U;10.94E:onset;15.94H:onset,1.63E:onset;2.23U;9.69E:onset;10.27U;10.93E:onset;15.94H:onset
b,四指指尖/数据1,force,v5.1,timing_J100P,1.0,7,0.1480452894680624,,0.00921077471184191,0.060001953318690425,,0.009211350511218075,20.85,20.76,-0.00034859684602057684,-0.002270872140111939,0.08639926103964264,0.2335807563540211,0.008541412326763613,1.5216202846520048,2.8500000000000014,3.1800000000000015,13.52110051726377,13.521459301085201,2,2,0,0,0,0,0,0,0,1,2,0,0,0.00E:v5_begin;13.45E:v5_begin,0.01E:v5_begin;13.43E:v5_begin
b,四指指尖/数据1,force,v6,timing_J100P,1.0,7,0.1480452894680624,,0.03220262334550044,0.2097782611306205,0.0,0.032531678466006714,19.02,11.23,-0.018615350820538477,-0.12126639136108383,0.302068278470878,0.22904827390339655,0.03911488980416972,1.4920942340288676,0.5,0.5300000000000011,13.35193944355992,13.369457587384591,3,3,0,0,1,1,2,2,0,1,6,0,0,1.61E:onset;2.21U;9.67E:onset;10.26U;10.94E:onset;15.94H:onset,1.69E:onset;2.20U;9.79E:onset;10.28U;10.92E:onset;15.93H:onset
b,四指指尖/数据1,force,v6.1,timing_J100P,1.0,7,0.1480452894680624,,0.019862520519712976,0.12939085650234328,0.0,0.020065481129879718,11.32,11.25,-0.01238656413393806,-0.0806900685550361,0.18631517423627922,0.14140159450508882,0.03539606752120079,0.9211355329074251,0.47000000000000064,0.4900000000000002,12.57068913900423,12.577791506317656,3,3,0,0,1,1,2,2,0,1,6,0,0,1.61E:onset;2.21U;9.67E:onset;10.26U;10.94E:onset;15.94H:onset,1.69E:onset;2.20U;9.79E:onset;10.28U;10.92E:onset;15.93H:onset
b,四指指尖/数据1,force,v5.1,timing_J100P,1.0,8,0.15509506515701774,,0.010297972292781742,0.06708430855379094,,0.010298616056874065,20.84,20.740000000000002,0.0027991855144009962,0.018234796075243077,0.09659743334718186,0.2369006245453491,0.007429722784889484,1.5432469753997622,2.8500000000000014,3.1800000000000015,13.525160815034837,13.521459301085201,2,2,0,0,0,0,0,0,0,1,2,0,0,0.00E:v5_begin;13.45E:v5_begin,-0.01E:v5_begin;13.45E:v5_begin
b,四指指尖/数据1,force,v6,timing_J100P,1.0,8,0.15509506515701774,,0.017093285075813567,0.11135116483344479,0.0,0.017267948888762083,19.04,11.38,-0.005952185229821496,-0.03877445182160242,0.16033908606965744,0.20515827925853714,0.019311090760945317,1.3364671138017605,0.5300000000000011,0.5300000000000011,13.365168627248266,13.369457587384591,2,3,0,0,1,1,1,2,2,0,4,0,2,1.61E:onset;2.21U;9.67E:onset;10.26U;10.94E:onset;15.94H:onset,9.69E:onset;10.27U;10.94E:onset;15.94H:onset
b,四指指尖/数据1,force,v6.1,timing_J100P,1.0,8,0.15509506515701774,,0.009103524727349386,0.059303292373843165,0.0,0.009196547006747269,11.39,11.39,-0.0011815240998505735,-0.0076968285624223,0.08539323063540816,0.11281679639881581,0.020991302525092327,0.7349249507083301,0.5,0.4900000000000002,12.579833263894411,12.577791506317656,2,3,0,0,1,1,1,2,2,0,4,0,2,1.61E:onset;2.21U;9.67E:onset;10.26U;10.94E:onset;15.94H:onset,9.69E:onset;10.27U;10.94E:onset;15.94H:onset
b,四指指尖/数据1,force,v5.1,timing_J100P,1.0,9,0.15915402691732536,,0.010743155801336862,0.06998437732479593,,0.010743827395486322,20.86,20.73,0.0012519121661304772,0.00815535909858771,0.1007733607115486,0.2377108848516425,0.00838295677830896,1.5485252720246594,2.8500000000000014,3.1800000000000015,13.523311027562306,13.521459301085201,2,2,0,0,0,0,0,0,0,1,2,0,0,0.00E:v5_begin;13.45E:v5_begin,0.00E:v5_begin;13.43E:v5_begin
b,四指指尖/数据1,force,v6,timing_J100P,1.0,9,0.15915402691732536,,0.022996909296105268,0.14980927459717783,0.0,0.02323189793906498,19.04,11.25,-0.008175976799848798,-0.05326094640535634,0.21571648765056523,0.21482730525205085,0.030238135152278106,1.399454263574746,0.5100000000000016,0.5300000000000011,13.362937575231005,13.369457587384591,3,3,0,0,1,1,2,2,0,1,6,0,0,1.61E:onset;2.21U;9.67E:onset;10.26U;10.94E:onset;15.94H:onset,1.59E:onset;2.18U;9.67E:onset;10.27U;10.93E:onset;15.93H:onset
b,四指指尖/数据1,force,v6.1,timing_J100P,1.0,9,0.15915402691732536,,0.013666475932750976,0.08902782627976676,0.0,0.013806123682460656,11.27,11.27,-0.0032113639098238275,-0.020919858908159523,0.12819479995397934,0.07968039670388549,0.028418971108120056,0.5190637696625633,0.5,0.4900000000000002,12.580345233135425,12.577791506317656,3,3,0,0,1,1,2,2,0,1,6,0,0,1.61E:onset;2.21U;9.67E:onset;10.26U;10.94E:onset;15.94H:onset,1.59E:onset;2.18U;9.67E:onset;10.27U;10.93E:onset;15.93H:onset
b,四指指尖/数据1,force,v5.1,timing_J100P,1.0,10,0.15680410168767359,,0.00794185109589514,0.05173577615650942,,0.007942347570192873,20.86,20.8,0.003928728408996008,0.025593002323172815,0.07449645523194004,0.23431376561333295,0.006783910200324604,1.526395343073839,3.1800000000000015,3.1800000000000015,13.526457534392124,13.521459301085201,2,2,0,0,0,0,0,0,0,1,2,0,0,0.00E:v5_begin;13.45E:v5_begin,-0.01E:v5_begin;13.46E:v5_begin
b,四指指尖/数据1,force,v6,timing_J100P,1.0,10,0.15680410168767359,,0.010059973655234927,0.06553390876802305,0.0,0.010162769188626646,19.04,11.25,0.006750012985760528,0.04397175880889234,0.09436494942961847,0.17931634238035343,0.012812342175408097,1.168124413134484,0.5300000000000011,0.5300000000000011,13.37743792115266,13.369457587384591,2,3,0,0,1,1,1,2,2,0,4,0,2,1.61E:onset;2.21U;9.67E:onset;10.26U;10.94E:onset;15.94H:onset,9.67E:onset;10.26U;10.95E:onset;15.96H:onset
b,四指指尖/数据1,force,v6.1,timing_J100P,1.0,10,0.15680410168767359,,0.008139686835355573,0.053024541887432365,0.0,0.008222860358324641,11.27,,0.007297777374948439,0.047540072478255944,0.07635220159762164,0.07003677248060036,0.012729760945664203,0.4562420952029092,0.4900000000000002,0.4900000000000002,12.586871016508837,12.577791506317656,2,3,0,0,1,1,1,2,2,0,4,0,2,1.61E:onset;2.21U;9.67E:onset;10.26U;10.94E:onset;15.94H:onset,9.67E:onset;10.26U;10.95E:onset;15.96H:onset
b,四指指尖/数据1,force,v5.1,timing_J100P,1.0,11,0.15594958342234566,,0.00975836876324307,0.0635691573528443,,0.009758978794735758,20.86,20.75,0.0015541950174908373,0.010124526959467669,0.09153582369272086,0.23822014661766389,0.008794869961055517,1.5518427672047908,2.8500000000000014,3.1800000000000015,13.522925815753977,13.521459301085201,2,2,0,0,0,0,0,0,0,1,2,0,0,0.00E:v5_begin;13.45E:v5_begin,-0.01E:v5_begin;13.43E:v5_begin
b,四指指尖/数据1,force,v6,timing_J100P,1.0,11,0.15594958342234566,,0.02525672309936479,0.1645304296111837,0.0,0.025514803131351266,19.02,11.3,-0.018584330964666385,-0.12106431802825149,0.23691407947069595,0.21681530732356968,0.0328360009351799,1.4124047494160048,0.5,0.5300000000000011,13.351276233201792,13.369457587384591,3,3,0,0,1,1,2,2,0,1,6,0,0,1.61E:onset;2.21U;9.67E:onset;10.26U;10.94E:onset;15.94H:onset,1.69E:onset;2.20U;9.80E:onset;10.35U;10.93E:onset;15.94H:onset
b,四指指尖/数据1,force,v6.1,timing_J100P,1.0,11,0.15594958342234566,,0.015683719374000583,0.10216879982227225,0.0,0.015843979863129944,11.4,11.38,-0.012680956663692922,-0.08260783631945795,0.1471170239919809,0.09822626217631836,0.030814766429537947,0.63987751108444,0.46000000000000085,0.4900000000000002,12.56662833040042,12.577791506317656,3,3,0,0,1,1,2,2,0,1,6,0,0,1.61E:onset;2.21U;9.67E:onset;10.26U;10.94E:onset;15.94H:onset,1.69E:onset;2.20U;9.80E:onset;10.35U;10.93E:onset;15.94H:onset
b,四指指尖/数据1,force,v5.1,timing_J100P,1.0,12,0.15210425122837,,0.009132935395102584,0.0594948829369399,,0.00913350632845701,20.85,20.77,0.0036658867414454442,0.023880767037871616,0.08566910970530786,0.22972193895281734,0.008610657893484053,1.4964827051523457,3.1800000000000015,3.1800000000000015,13.525371635097128,13.521459301085201,2,2,0,0,0,0,0,0,0,1,2,0,0,0.00E:v5_begin;13.45E:v5_begin,0.01E:v5_begin;13.45E:v5_begin
b,四指指尖/数据1,force,v6,timing_J100P,1.0,12,0.15210425122837,,0.013669168068529053,0.08904536371937821,0.0,0.013808843327210699,19.04,11.23,-0.004376278299463312,-0.028508486468179557,0.1282200528289134,0.19706606477159205,0.01461669225138848,1.283751822083002,0.5300000000000011,0.5300000000000011,13.36521335743737,13.369457587384591,2,3,0,0,1,1,1,2,2,0,4,0,2,1.61E:onset;2.21U;9.67E:onset;10.26U;10.94E:onset;15.94H:onset,9.66E:onset;10.26U;10.94E:onset;15.95H:onset
b,四指指尖/数据1,force,v6.1,timing_J100P,1.0,12,0.15210425122837,,0.0073551384319084055,0.04791374087963349,0.0,0.007430295226964674,11.24,,-0.002212882184354612,-0.0144154273315035,0.0689929506737532,0.06464033064706776,0.017040253278834423,0.42108793487301216,0.4900000000000002,0.4900000000000002,12.57608158503656,12.577791506317656,2,3,0,0,1,1,1,2,2,0,4,0,2,1.61E:onset;2.21U;9.67E:onset;10.26U;10.94E:onset;15.94H:onset,9.66E:onset;10.26U;10.94E:onset;15.95H:onset
b,四指指尖/数据1,force,v5.1,timing_J100P,1.0,13,0.15189062166203804,,0.008174909367668777,0.053253992808309385,,0.008175420411295549,20.79,20.79,0.0016943574521249296,0.011037590205834601,0.07668259734162929,0.233256054739563,0.009342904328774182,1.5195050737470885,2.8500000000000014,3.1800000000000015,13.522476572053655,13.521459301085201,2,2,0,0,0,0,0,0,0,1,2,0,0,0.00E:v5_begin;13.45E:v5_begin,-0.01E:v5_begin;13.43E:v5_begin
b,四指指尖/数据1,force,v6,timing_J100P,1.0,13,0.15189062166203804,,0.030082162523506206,0.19596489632300737,0.0,0.030389550201462105,19.04,11.33,-0.02239790834489137,-0.14590718945917316,0.28217785081246677,0.22447480075019932,0.03536873613714861,1.4623011567658208,0.5200000000000014,0.5300000000000011,13.347400604807737,13.369457587384591,3,3,0,0,1,1,2,2,0,1,6,0,0,1.61E:onset;2.21U;9.67E:onset;10.26U;10.94E:onset;15.94H:onset,1.61E:onset;2.21U;9.69E:onset;10.27U;10.93E:onset;15.94H:onset
b,四指指尖/数据1,force,v6.1,timing_J100P,1.0,13,0.15189062166203804,,0.01899159296653453,0.12371735388995289,0.0,0.019185654203259284,11.33,11.33,-0.01539217402486132,-0.10026957950947438,0.17814566631020445,0.12721908081150524,0.03407031660753947,0.8287460704347384,0.5,0.4900000000000002,12.56417302009765,12.577791506317656,3,3,0,0,1,1,2,2,0,1,6,0,0,1.61E:onset;2.21U;9.67E:onset;10.26U;10.94E:onset;15.94H:onset,1.61E:onset;2.21U;9.69E:onset;10.27U;10.93E:onset;15.94H:onset
b,四指指尖/数据1,force,v5.1,timing_J100P,1.0,14,0.15359965819269386,,0.009463211873416989,0.061646410300713564,,0.009463803453567815,20.84,20.77,0.005908224181722343,0.038488075394167404,0.08876718175221757,0.2295441222243202,0.008132574820745822,1.495324349707081,2.8500000000000014,3.1800000000000015,13.526875027017232,13.521459301085201,2,2,0,0,0,0,0,0,0,1,2,0,0,0.00E:v5_begin;13.45E:v5_begin,0.01E:v5_begin;13.46E:v5_begin
b,四指指尖/数据1,force,v6,timing_J100P,1.0,14,0.15359965819269386,,0.014080371472439623,0.0917240751435332,0.0,0.014224248518788524,18.86,11.23,-0.003950206756779017,-0.025732919198935913,0.13207723871678262,0.1902629000511844,0.010391855906269495,1.239433815754126,0.5500000000000007,0.5300000000000011,13.364184177130479,13.369457587384591,3,3,0,0,1,1,2,2,0,1,6,0,0,1.61E:onset;2.21U;9.67E:onset;10.26U;10.94E:onset;15.94H:onset,1.62E:onset;2.21U;9.70E:onset;10.27U;10.94E:onset;15.95H:onset
b,四指指尖/数据1,force,v6.1,timing_J100P,1.0,14,0.15359965819269386,,0.008376290084402887,0.054565851663051494,0.0,0.008461881283403881,11.33,11.24,-0.0022342516018663402,-0.014554634600392384,0.07857159643864242,0.11629824666596811,0.013255035603038222,0.7576042391445621,0.5,0.4900000000000002,12.574358158729817,12.577791506317656,3,3,0,0,1,1,2,2,0,1,6,0,0,1.61E:onset;2.21U;9.67E:onset;10.26U;10.94E:onset;15.94H:onset,1.62E:onset;2.21U;9.70E:onset;10.27U;10.94E:onset;15.95H:onset
b,四指指尖/数据1,force,v5.1,timing_J100P,1.0,15,0.15445417645802179,,0.009023048910493596,0.0587790469811015,,0.009023612974440043,20.79,20.78,0.0027656981151432305,0.018016648369985934,0.08463834830189905,0.23456623414737088,0.0075475375643797755,1.5280400044261906,2.8500000000000014,3.1800000000000015,13.525520718748965,13.521459301085201,2,2,0,0,0,0,0,0,0,1,2,0,0,0.00E:v5_begin;13.45E:v5_begin,-0.01E:v5_begin;13.45E:v5_begin
b,四指指尖/数据1,force,v6,timing_J100P,1.0,15,0.15445417645802179,,0.021256968461855704,0.13847473955750272,0.0,0.021474177918481895,11.27,11.22,-0.0031937218968240587,-0.020804933152880883,0.19939542812681105,0.25035918047110783,0.02281045249019762,1.6309203437817008,0.5,0.5300000000000011,13.369172081270833,13.369457587384591,3,3,0,0,1,1,2,2,0,1,6,0,0,1.61E:onset;2.21U;9.67E:onset;10.26U;10.94E:onset;15.94H:onset,1.62E:onset;2.21U;9.69E:onset;10.28U;10.93E:onset;15.93H:onset
b,四指指尖/数据1,force,v6.1,timing_J100P,1.0,15,0.15445417645802179,,0.012419516699326975,0.08090473218019835,0.0,0.012546422682118523,11.27,11.25,0.00048761934685438393,0.003176509490524301,0.11649802528681907,0.17388016155628527,0.02311887489994664,1.1327113802200712,0.46000000000000085,0.4900000000000002,12.58502501193516,12.577791506317656,3,3,0,0,1,1,2,2,0,1,6,0,0,1.61E:onset;2.21U;9.67E:onset;10.26U;10.94E:onset;15.94H:onset,1.62E:onset;2.21U;9.69E:onset;10.28U;10.93E:onset;15.93H:onset
b,四指指尖/数据1,force,v5.1,timing_J100P,1.0,16,0.15466780602435376,,0.010578279320968272,0.06891031882397218,,0.010578940608083036,20.86,20.73,0.002888311789970654,0.018815393342411488,0.09922678004788858,0.23557819651476208,0.0076907631404361885,1.534632253246522,2.8500000000000014,3.1800000000000015,13.524474142355103,13.521459301085201,2,2,0,0,0,0,0,0,0,1,2,0,0,0.00E:v5_begin;13.45E:v5_begin,-0.02E:v5_begin;13.45E:v5_begin
b,四指指尖/数据1,force,v6,timing_J100P,1.0,16,0.15466780602435376,,0.017286876618165147,0.11261228249731933,0.0,0.017463518601886087,11.32,11.24,0.02100696712081049,0.13684615029500352,0.16215502085538153,0.19118253927378603,0.027699829145951503,1.2454246418714598,0.5200000000000014,0.5300000000000011,13.390770187947666,13.369457587384591,2,3,0,0,1,1,1,2,2,0,4,0,2,1.61E:onset;2.21U;9.67E:onset;10.26U;10.94E:onset;15.94H:onset,9.80E:onset;10.34U;10.95E:onset;15.95H:onset
b,四指指尖/数据1,force,v6.1,timing_J100P,1.0,16,0.15466780602435376,,0.017866127904596008,0.11638571195744185,0.0,0.018048688834727464,11.32,11.31,0.023113910569050336,0.15057145857595342,0.1675885359146029,0.12393422709833857,0.030515016571984604,0.8073474752760973,0.4900000000000002,0.4900000000000002,12.604194185690483,12.577791506317656,2,3,0,0,1,1,1,2,2,0,4,0,2,1.61E:onset;2.21U;9.67E:onset;10.26U;10.94E:onset;15.94H:onset,9.80E:onset;10.34U;10.95E:onset;15.95H:onset
b,四指指尖/数据1,force,v5.1,timing_J100P,1.0,17,0.15210425122837,,0.009541594837801797,0.06215702217833893,,0.009542191317959777,20.84,20.77,0.0058612598175324816,0.038182134398331395,0.08950243263097776,0.23177571999517887,0.008073684226754984,1.5098616963974745,2.8500000000000014,3.1800000000000015,13.526795126900533,13.521459301085201,2,2,0,0,0,0,0,0,0,1,2,0,0,0.00E:v5_begin;13.45E:v5_begin,-0.00E:v5_begin;13.46E:v5_begin
b,四指指尖/数据1,force,v6,timing_J100P,1.0,17,0.15210425122837,,0.0106892650677072,0.06963331572740394,0.0,0.010798490871059939,19.04,11.33,0.0014320948194997065,0.009329126940547694,0.10026785279194865,0.1812680849906112,0.015268526190936348,1.1808386931656982,0.5200000000000014,0.5300000000000011,13.36912126850333,13.369457587384591,3,3,0,0,1,1,2,2,0,1,6,0,0,1.61E:onset;2.21U;9.67E:onset;10.26U;10.94E:onset;15.94H:onset,1.63E:onset;2.21U;9.79E:onset;10.35U;10.94E:onset;15.94H:onset
b,四指指尖/数据1,force,v6.1,timing_J100P,1.0,17,0.15210425122837,,0.007081259463070085,0.04612960505856293,0.0,0.007153617688701487,11.42,11.42,0.0023130175924348075,0.015067741633953136,0.06642390070106113,0.09562133649926707,0.015905925139918328,0.6229081861619511,0.4800000000000004,0.4900000000000002,12.577890742789249,12.577791506317656,3,3,0,0,1,1,2,2,0,1,6,0,0,1.61E:onset;2.21U;9.67E:onset;10.26U;10.94E:onset;15.94H:onset,1.63E:onset;2.21U;9.79E:onset;10.35U;10.94E:onset;15.94H:onset
b,四指指尖/数据1,force,v5.1,timing_J100P,1.0,18,0.15445417645802179,,0.009057788991361572,0.059005355057863806,,0.009058355227038137,20.86,20.78,0.003237232396182101,0.021088374560691854,0.08496421853641815,0.23631735286577182,0.008369131206738697,1.5394473558036912,2.8500000000000014,3.1800000000000015,13.5252402998292,13.521459301085201,2,2,0,0,0,0,0,0,0,1,2,0,0,0.00E:v5_begin;13.45E:v5_begin,0.00E:v5_begin;13.45E:v5_begin
b,四指指尖/数据1,force,v6,timing_J100P,1.0,18,0.15445417645802179,,0.02027943297168205,0.13210675850446996,0.0,0.020486653706114178,11.32,11.23,-0.009061621040450277,-0.05903031825995362,0.19022591235497874,0.2610973047439895,0.019906212145113854,1.7008719441094542,0.4900000000000002,0.5300000000000011,13.361420676957936,13.369457587384591,3,3,0,0,1,1,2,2,0,1,6,0,0,1.61E:onset;2.21U;9.67E:onset;10.26U;10.94E:onset;15.94H:onset,1.68E:onset;2.20U;9.66E:onset;10.26U;10.93E:onset;15.94H:onset
b,四指指尖/数据1,force,v6.1,timing_J100P,1.0,18,0.15445417645802179,,0.011465787475464674,0.07469183281405882,0.0,0.011582947994934142,11.32,11.23,-0.004568818155516347,-0.029762753108750917,0.10755181796424994,0.16987145613882504,0.02187304244796877,1.1065973819026886,0.46000000000000085,0.4900000000000002,12.575080279286437,12.577791506317656,3,3,0,0,1,1,2,2,0,1,6,0,0,1.61E:onset;2.21U;9.67E:onset;10.26U;10.94E:onset;15.94H:onset,1.68E:onset;2.20U;9.66E:onset;10.26U;10.93E:onset;15.94H:onset
b,四指指尖/数据1,force,v5.1,timing_J100P,1.0,19,0.16235847041230506,,0.00844501836718516,0.05501356983488712,,0.008445546296318121,20.79,20.79,0.0035253909910874944,0.022965532465516483,0.07921628410397827,0.23314147188784595,0.007499226354301491,1.5187586441431802,3.1800000000000015,3.1800000000000015,13.52582340644193,13.521459301085201,2,2,0,0,0,0,0,0,0,1,2,0,0,0.00E:v5_begin;13.45E:v5_begin,-0.01E:v5_begin;13.44E:v5_begin
b,四指指尖/数据1,force,v6,timing_J100P,1.0,19,0.16235847041230506,,0.035546432864043326,0.23156091339550053,0.0,0.035909655935162474,19.02,11.200000000000001,-0.029312736172456624,-0.19095260523543012,0.33343400833592385,0.2289597840405051,0.03675176203810809,1.4915177825588775,0.5,0.5300000000000011,13.340685901855302,13.369457587384591,3,3,0,0,1,1,2,2,0,1,6,0,0,1.61E:onset;2.21U;9.67E:onset;10.26U;10.94E:onset;15.94H:onset,1.61E:onset;2.21U;9.68E:onset;10.28U;10.93E:onset;15.95H:onset
b,四指指尖/数据1,force,v6.1,timing_J100P,1.0,19,0.16235847041230506,,0.0248039483339605,0.16158090894787389,0.0,0.025057401790857307,11.38,11.22,-0.024011804651120253,-0.15642062984362348,0.2326669443086521,0.11515785266438705,0.03537078770478565,0.7501753452905187,0.46000000000000085,0.4900000000000002,12.554984001490649,12.577791506317656,3,3,0,0,1,1,2,2,0,1,6,0,0,1.61E:onset;2.21U;9.67E:onset;10.26U;10.94E:onset;15.94H:onset,1.61E:onset;2.21U;9.68E:onset;10.28U;10.93E:onset;15.95H:onset
b,四指指尖/数据1,force,v5.1,timing_J100P,1.0,20,0.1486861781670583,,0.009245416776186519,0.06022762288424781,,0.009245994741165435,20.86,20.77,0.0020633232320199078,0.0134411521421601,0.08672421185582253,0.23522548034211077,0.007622454302346603,1.5323345464858775,2.8500000000000014,3.1800000000000015,13.525001803234753,13.521459301085201,2,2,0,0,0,0,0,0,0,1,2,0,0,0.00E:v5_begin;13.45E:v5_begin,-0.01E:v5_begin;13.44E:v5_begin
b,四指指尖/数据1,force,v6,timing_J100P,1.0,20,0.1486861781670583,,0.018560861511731398,0.1209114304521815,0.0,0.0187505214178799,19.04,11.3,-0.010885728944812779,-0.07091314470506226,0.17410530265288088,0.20668631239495738,0.024014396491230442,1.3464212138410356,0.5400000000000009,0.5300000000000011,13.360782340993769,13.369457587384591,3,3,0,0,1,1,2,2,0,1,6,0,0,1.61E:onset;2.21U;9.67E:onset;10.26U;10.94E:onset;15.94H:onset,1.58E:onset;2.17U;9.69E:onset;10.29U;10.94E:onset;15.94H:onset
b,四指指尖/数据1,force,v6.1,timing_J100P,1.0,20,0.1486861781670583,,0.010637749854668345,0.06929772903630989,0.0,0.010746449261632426,11.32,11.31,-0.005916404265091398,-0.03854136309208731,0.09978462782140035,0.08634979323870695,0.02566045028816928,0.5625103669429964,0.4800000000000004,0.4900000000000002,12.575307893651955,12.577791506317656,3,3,0,0,1,1,2,2,0,1,6,0,0,1.61E:onset;2.21U;9.67E:onset;10.26U;10.94E:onset;15.94H:onset,1.58E:onset;2.17U;9.69E:onset;10.29U;10.94E:onset;15.94H:onset
b,四指指尖/数据1,force,v5.1,timing_J100P,1.0,21,0.15552232428968168,,0.009333453573603516,0.06080112293980234,,0.009334037042086168,20.84,20.77,0.0040540410928419455,0.026409329509711952,0.08755001798821507,0.2333347953275755,0.007773161553460813,1.5200180153002172,3.1800000000000015,3.1800000000000015,13.525985020904265,13.521459301085201,2,2,0,0,0,0,0,0,0,1,2,0,0,0.00E:v5_begin;13.45E:v5_begin,-0.02E:v5_begin;13.45E:v5_begin
b,四指指尖/数据1,force,v6,timing_J100P,1.0,21,0.15552232428968168,,0.010479370990680685,0.06826599810151271,0.0,0.01058645203954965,19.04,11.25,-0.00036079876842460125,-0.0023503593929641094,0.09829899634729218,0.18709965047433919,0.007203259251541457,1.2188273891089043,0.5400000000000009,0.5300000000000011,13.369402290719451,13.369457587384591,4,3,0,0,1,1,3,2,2,0,6,2,0,1.61E:onset;2.21U;9.67E:onset;10.26U;10.94E:onset;15.94H:onset,1.69E:onset;2.21U;7.65E:onset;8.20U;9.80E:onset;10.30U;10.94E:onset;15.95H:onset
b,四指指尖/数据1,force,v6.1,timing_J100P,1.0,21,0.15552232428968168,,0.0054376239598468,0.035422433965717454,0.0,0.005493187073080717,11.4,11.27,0.001149144917034171,0.007485900136027359,0.051006208124731146,0.11174125839983873,0.008547865509884286,0.7279185497457561,0.4900000000000002,0.4900000000000002,12.579696643837089,12.577791506317656,4,3,0,0,1,1,3,2,2,0,6,2,0,1.61E:onset;2.21U;9.67E:onset;10.26U;10.94E:onset;15.94H:onset,1.69E:onset;2.21U;7.65E:onset;8.20U;9.80E:onset;10.30U;10.94E:onset;15.95H:onset
b,四指指尖/数据1,force,v5.1,timing_J100P,1.0,22,0.15680410168767359,,0.00944477633000022,0.06152631523269768,,0.009445366757677475,20.86,20.78,0.006262995499522244,0.04079917003228424,0.0885942519631494,0.23489318082496347,0.008622033193838337,1.5301698403955135,2.8500000000000014,3.1800000000000015,13.527325156578701,13.521459301085201,2,2,0,0,0,0,0,0,0,1,2,0,0,0.00E:v5_begin;13.45E:v5_begin,-0.01E:v5_begin;13.46E:v5_begin
b,四指指尖/数据1,force,v6,timing_J100P,1.0,22,0.15680410168767359,,0.021022092802410356,0.13694468385701775,0.0,0.02123690223598273,19.11,11.38,0.021014523336326363,0.13689537391677623,0.1971922384878128,0.19552525624696138,0.02747531996368231,1.2737144990498952,0.5300000000000011,0.5300000000000011,13.390335820174297,13.369457587384591,2,3,0,0,1,1,1,2,2,0,4,0,2,1.61E:onset;2.21U;9.67E:onset;10.26U;10.94E:onset;15.94H:onset,9.80E:onset;10.31U;10.94E:onset;15.96H:onset
b,四指指尖/数据1,force,v6.1,timing_J100P,1.0,22,0.15680410168767359,,0.017697984693846716,0.11529037292268479,0.0,0.01787882749114527,12.25,12.25,0.01990501225227001,0.12966766133506158,0.16601131254175303,0.08721739009986429,0.025636004225969698,0.5681621723547254,0.4800000000000004,0.4900000000000002,12.59798270174027,12.577791506317656,2,3,0,0,1,1,1,2,2,0,4,0,2,1.61E:onset;2.21U;9.67E:onset;10.26U;10.94E:onset;15.94H:onset,9.80E:onset;10.31U;10.94E:onset;15.96H:onset
b,四指指尖/数据1,force,v5.1,timing_J100P,1.0,23,0.1619312112796411,,0.010131615109736132,0.06600060427878589,,0.010132248474229591,20.86,20.740000000000002,0.0020693190452900473,0.013480210801089187,0.09503696333967007,0.23602851511727252,0.008140756758623979,1.5375657736735964,2.8500000000000014,3.1800000000000015,13.523899757842559,13.521459301085201,2,2,0,0,0,0,0,0,0,1,2,0,0,0.00E:v5_begin;13.45E:v5_begin,0.01E:v5_begin;13.45E:v5_begin
b,四指指尖/数据1,force,v6,timing_J100P,1.0,23,0.1619312112796411,,0.01644677491893841,0.10713958942676273,0.0,0.0166148325161356,11.290000000000001,11.23,0.00661506614546267,0.04309267162400585,0.15427466678288207,0.2657192951405012,0.016584422813209442,1.7309810783231463,0.5600000000000005,0.5300000000000011,13.375491972072227,13.369457587384591,3,3,0,0,1,1,2,2,0,1,6,0,0,1.61E:onset;2.21U;9.67E:onset;10.26U;10.94E:onset;15.94H:onset,1.62E:onset;2.21U;9.68E:onset;10.27U;10.95E:onset;15.96H:onset
b,四指指尖/数据1,force,v6.1,timing_J100P,1.0,23,0.1619312112796411,,0.011061108051231361,0.07205562069493446,0.0,0.011174133446823534,11.290000000000001,11.24,0.006609869343239591,0.04305881798040357,0.10375582855993255,0.1818793836497008,0.015560397140636615,1.1848208895339707,0.5100000000000016,0.4900000000000002,12.58345869401926,12.577791506317656,3,3,0,0,1,1,2,2,0,1,6,0,0,1.61E:onset;2.21U;9.67E:onset;10.26U;10.94E:onset;15.94H:onset,1.62E:onset;2.21U;9.68E:onset;10.27U;10.95E:onset;15.96H:onset
b,四指指尖/数据1,force,v5.1,timing_J100P,1.0,24,0.15060884426404614,,0.008415695840266876,0.05482255344957971,,0.008416221936340923,20.79,20.79,0.004205610672995693,0.02739670257630387,0.07894123181610746,0.2323158832262564,0.007039406173370109,1.5133804936745285,2.8500000000000014,3.1800000000000015,13.525704383859985,13.521459301085201,2,2,0,0,0,0,0,0,0,1,2,0,0,0.00E:v5_begin;13.45E:v5_begin,-0.00E:v5_begin;13.45E:v5_begin
b,四指指尖/数据1,force,v6,timing_J100P,1.0,24,0.15060884426404614,,0.01755411776712664,0.11435317742163065,0.0,0.017733490493232522,11.34,11.23,-0.002308682468112533,-0.015039501237748306,0.16466180649633014,0.32731937119082133,0.012354785477279504,2.132263815468713,0.5600000000000005,0.5300000000000011,13.367162551614014,13.369457587384591,3,3,0,0,1,1,2,2,0,1,6,0,0,1.61E:onset;2.21U;9.67E:onset;10.26U;10.94E:onset;15.94H:onset,1.63E:onset;2.22U;9.69E:onset;10.28U;10.95E:onset;15.95H:onset
b,四指指尖/数据1,force,v6.1,timing_J100P,1.0,24,0.15060884426404614,,0.00976812026222806,0.06363268175824881,0.0,0.009867933558664247,11.33,11.24,-0.0006650478856512585,-0.004332336143043152,0.09162729507625701,0.2225773176695789,0.011846759885176712,1.4499403407879838,0.5300000000000011,0.4900000000000002,12.577457832816188,12.577791506317656,3,3,0,0,1,1,2,2,0,1,6,0,0,1.61E:onset;2.21U;9.67E:onset;10.26U;10.94E:onset;15.94H:onset,1.63E:onset;2.22U;9.69E:onset;10.28U;10.95E:onset;15.95H:onset
b,四指指尖/数据1,force,v5.1,timing_J100P,1.0,25,0.15573595385601366,,0.009712238683625769,0.06326865115544202,,0.009712845831357654,20.86,20.79,0.007278467449291164,0.04741428140268164,0.0911031125565435,0.23393742053194622,0.009914707124135978,1.5239437099906792,2.8500000000000014,3.1800000000000015,13.529153625832405,13.521459301085201,2,2,0,0,0,0,0,0,0,1,2,0,0,0.00E:v5_begin;13.45E:v5_begin,-0.00E:v5_begin;13.48E:v5_begin
b,四指指尖/数据1,force,v6,timing_J100P,1.0,25,0.15573595385601366,,0.01818255692247363,0.11844703250358031,0.0,0.018368351209946576,19.1,11.39,0.017963342828189927,0.11701900128324232,0.1705567154837957,0.19161554232878153,0.02469681379331945,1.2482453632445802,0.5200000000000014,0.5300000000000011,13.38793412042799,13.369457587384591,3,3,0,0,1,1,2,2,0,1,6,0,0,1.61E:onset;2.21U;9.67E:onset;10.26U;10.94E:onset;15.94H:onset,1.59E:onset;2.18U;9.69E:onset;10.28U;10.95E:onset;15.97H:onset
b,四指指尖/数据1,force,v6.1,timing_J100P,1.0,25,0.15573595385601366,,0.015815987741870083,0.10303043857500842,0.0,0.015977599784978803,11.39,11.39,0.0172147169165752,0.11214221095808993,0.14835773279231146,0.0853852001787807,0.02324103845544485,0.5562266970494296,0.4900000000000002,0.4900000000000002,12.595843913718486,12.577791506317656,3,3,0,0,1,1,2,2,0,1,6,0,0,1.61E:onset;2.21U;9.67E:onset;10.26U;10.94E:onset;15.94H:onset,1.59E:onset;2.18U;9.69E:onset;10.28U;10.95E:onset;15.97H:onset
b,四指指尖/数据1,force,v5.1,timing_J100P,1.0,26,0.15659047212134158,,0.009280349825574019,0.060455188020102614,,0.009280929974346229,20.79,20.79,0.005642362294444868,0.03675616542473423,0.08705189218102481,0.23226277109085913,0.009340805064655022,1.5130345041168136,3.1800000000000015,3.1800000000000015,13.528192834118684,13.521459301085201,2,2,0,0,0,0,0,0,0,1,2,0,0,0.00E:v5_begin;13.45E:v5_begin,0.01E:v5_begin;13.46E:v5_begin
b,四指指尖/数据1,force,v6,timing_J100P,1.0,26,0.15659047212134158,,0.01978493017249045,0.12888540798821976,0.0,0.0199870979434906,19.07,11.25,0.015310763709078358,0.0997392464897134,0.18558735829532297,0.1880917575132255,0.032327335236026745,1.2252902939238344,0.5100000000000016,0.5300000000000011,13.3863455828645,13.369457587384591,3,3,0,0,1,1,2,2,0,1,6,0,0,1.61E:onset;2.21U;9.67E:onset;10.26U;10.94E:onset;15.94H:onset,1.69E:onset;2.22U;9.67E:onset;10.27U;10.94E:onset;15.94H:onset
b,四指指尖/数据1,force,v6.1,timing_J100P,1.0,26,0.15659047212134158,,0.01882998478317922,0.12266458612861171,0.0,0.01902239466374959,11.27,11.25,0.01623745876939259,0.10577603660663468,0.17662974305112109,0.09152557010275686,0.03266087664956565,0.5962270445841736,0.5,0.4900000000000002,12.59589279420268,12.577791506317656,3,3,0,0,1,1,2,2,0,1,6,0,0,1.61E:onset;2.21U;9.67E:onset;10.26U;10.94E:onset;15.94H:onset,1.69E:onset;2.22U;9.67E:onset;10.27U;10.94E:onset;15.94H:onset
b,四指指尖/数据1,force,v5.1,timing_J100P,1.0,27,0.1508224738303781,,0.009224491438307824,0.060091308493129214,,0.009225068095166971,20.86,20.78,0.005666694407570312,0.036914672647152875,0.08652792720156866,0.2368505567893724,0.0074745501596950705,1.5429208179102056,2.8500000000000014,3.1800000000000015,13.526969846156092,13.521459301085201,2,2,0,0,0,0,0,0,0,1,2,0,0,0.00E:v5_begin;13.45E:v5_begin,-0.01E:v5_begin;13.46E:v5_begin
b,四指指尖/数据1,force,v6,timing_J100P,1.0,27,0.1508224738303781,,0.01303993745697105,0.08494635283673724,0.0,0.013173183066971872,19.04,11.24,-0.0031201821681868013,-0.020325871672950333,0.12231771979364343,0.19088860241846817,0.010291461652436239,1.243509842517096,0.5300000000000011,0.5300000000000011,13.36589472559503,13.369457587384591,3,3,0,0,1,1,2,2,0,1,6,0,0,1.61E:onset;2.21U;9.67E:onset;10.26U;10.94E:onset;15.94H:onset,1.68E:onset;2.20U;9.68E:onset;10.28U;10.94E:onset;15.95H:onset
b,四指指尖/数据1,force,v6.1,timing_J100P,1.0,27,0.1508224738303781,,0.00717579527880166,0.04674544181279139,0.0,0.007249119496982922,11.290000000000001,11.28,-0.0012042852025842628,-0.007845101717117192,0.06731066917347713,0.12094496999865179,0.011721346869911815,0.7878744916711056,0.5,0.4900000000000002,12.576280394775564,12.577791506317656,3,3,0,0,1,1,2,2,0,1,6,0,0,1.61E:onset;2.21U;9.67E:onset;10.26U;10.94E:onset;15.94H:onset,1.68E:onset;2.20U;9.68E:onset;10.28U;10.94E:onset;15.95H:onset
b,四指指尖/数据1,force,v5.1,timing_J100P,1.0,28,0.15659047212134158,,0.010543189950449672,0.06868173536191742,,0.01054384904399893,20.85,20.740000000000002,0.002873514804302879,0.018719001011573814,0.09889763339323687,0.23633795839510618,0.008574712646959875,1.5395815868589398,2.8500000000000014,3.1800000000000015,13.52612761291163,13.521459301085201,2,2,0,0,0,0,0,0,0,1,2,0,0,0.00E:v5_begin;13.45E:v5_begin,-0.01E:v5_begin;13.45E:v5_begin
b,四指指尖/数据1,force,v6,timing_J100P,1.0,28,0.15659047212134158,,0.016741629843920185,0.10906036938263297,0.0,0.016912700348538947,19.02,11.39,-0.010120709646862323,-0.06592956258091091,0.15704047622121,0.20302563539521934,0.02012379504906894,1.322574384738735,0.5200000000000014,0.5300000000000011,13.361589415446135,13.369457587384591,3,3,0,0,1,1,2,2,0,1,6,0,0,1.61E:onset;2.21U;9.67E:onset;10.26U;10.94E:onset;15.94H:onset,1.62E:onset;2.21U;9.79E:onset;10.38U;10.93E:onset;15.94H:onset
b,四指指尖/数据1,force,v6.1,timing_J100P,1.0,28,0.15659047212134158,,0.009038245621589319,0.05887804325213078,0.0,0.009130600861417721,11.39,11.39,-0.005593522140283497,-0.03643800492882061,0.08478089707222293,0.07730553168569543,0.020601163146263875,0.5035931339758138,0.5,0.4900000000000002,12.575081832981386,12.577791506317656,3,3,0,0,1,1,2,2,0,1,6,0,0,1.61E:onset;2.21U;9.67E:onset;10.26U;10.94E:onset;15.94H:onset,1.62E:onset;2.21U;9.79E:onset;10.38U;10.93E:onset;15.94H:onset
b,四指指尖/数据1,force,v5.1,timing_J100P,1.0,29,0.1574449903866695,,0.008033100406569876,0.05233020355819465,,0.008033602585197351,20.85,20.8,0.003316282285305423,0.021603331000884355,0.07535239550399317,0.23061642308370445,0.0065770721144678725,1.502309662899645,2.8500000000000014,3.1800000000000015,13.526372217452362,13.521459301085201,2,2,0,0,0,0,0,0,0,1,2,0,0,0.00E:v5_begin;13.45E:v5_begin,-0.01E:v5_begin;13.45E:v5_begin
b,四指指尖/数据1,force,v6,timing_J100P,1.0,29,0.1574449903866695,,0.010753820638695502,0.07005385151055815,0.0,0.010863706088343606,18.86,11.290000000000001,-0.002109333957922665,-0.013740880831021303,0.10087339942661018,0.19097577817442257,0.008150840349652808,1.2440777334712165,0.5400000000000009,0.5300000000000011,13.368200177869301,13.369457587384591,3,3,0,0,1,1,2,2,0,1,6,0,0,1.61E:onset;2.21U;9.67E:onset;10.26U;10.94E:onset;15.94H:onset,1.61E:onset;2.21U;9.67E:onset;10.27U;10.94E:onset;15.95H:onset
b,四指指尖/数据1,force,v6.1,timing_J100P,1.0,29,0.1574449903866695,,0.005655816499551926,0.03684381045048172,0.0,0.005713609163207121,11.450000000000001,,-0.0007329088931765568,-0.004774404604500288,0.05305290612621944,0.07607892183324161,0.010573917733886518,0.49560260229854275,0.5,0.4900000000000002,12.57861892684188,12.577791506317656,3,3,0,0,1,1,2,2,0,1,6,0,0,1.61E:onset;2.21U;9.67E:onset;10.26U;10.94E:onset;15.94H:onset,1.61E:onset;2.21U;9.67E:onset;10.27U;10.94E:onset;15.95H:onset
b,四指指尖/数据1,force,v5.1,noise_1ADC,,0,,,1.0022799407195346,6.529174374224508,,1.0023329762962023,33.42,0.0,0.09234176834272795,0.6015440228216914,9.401624612714873,3.7634211665372987,1.9587943266899082,24.516137699342984,,3.1800000000000015,13.618973103180505,13.521459301085201,3,2,0,0,0,0,0,0,1,0,0,3,2,0.00E:v5_begin;13.45E:v5_begin,2.51E:v5_begin;8.29E:v5_begin;14.30E:v5_begin
b,四指指尖/数据1,force,v6,noise_1ADC,,0,,,2.990462012149514,19.480832792883525,1.0637408145008336,3.0171700288786956,40.910000000000004,0.0,-3.1679578006169673,-20.63709753141805,28.05124607864532,6.888535425290262,4.648274290185037,44.87413859889723,,0.5300000000000011,10.198920493726936,13.369457587384591,1,3,0,0,1,1,0,2,5,0,0,2,6,1.61E:onset;2.21U;9.67E:onset;10.26U;10.94E:onset;15.94H:onset,10.47E:restep;15.47H:onset
b,四指指尖/数据1,force,v6.1,noise_1ADC,,0,,,2.3598072011789224,15.372544216525775,1.0637408145008336,2.379040401068165,40.910000000000004,0.0,-2.4060048504925344,-15.673490584694438,22.13555371360446,6.163323793534219,3.925651374936369,40.14987643462422,,0.4900000000000002,10.162852427916423,12.577791506317656,1,3,0,0,1,1,0,2,5,0,0,2,6,1.61E:onset;2.21U;9.67E:onset;10.26U;10.94E:onset;15.94H:onset,10.47E:restep;15.47H:onset
b,四指指尖/数据1,force,v5.1,noise_1ADC,,1,,,0.9988455336910187,6.506801540597662,,0.9989079698150859,56.51,0.01,-0.023372053785027335,-0.152253086634305,9.36940905662363,3.919034515458316,1.9516526059337629,25.529853178207063,,3.1800000000000015,13.459421115906459,13.521459301085201,2,2,0,0,0,0,0,0,0,1,2,0,0,0.00E:v5_begin;13.45E:v5_begin,0.00E:v5_begin;13.45E:v5_begin
b,四指指尖/数据1,force,v6,noise_1ADC,,1,,,2.052852380671681,13.37294164375376,1.0153385801491666,2.06871716792411,56.51,0.01,-1.8865031158020678,-12.28928895029764,19.256244372742472,5.780039150426567,3.5060882568654272,37.65303681113968,,0.5300000000000011,11.393425963214952,13.369457587384591,2,3,0,0,1,1,1,2,2,0,0,4,6,1.61E:onset;2.21U;9.67E:onset;10.26U;10.94E:onset;15.94H:onset,0.49E:onset;1.14U;10.47E:onset;15.47H:onset
b,四指指尖/数据1,force,v6.1,noise_1ADC,,1,,,1.452500895172231,9.462058690397825,1.0153320824483714,1.4601094673025004,56.51,0.01,-1.1067396297253114,-7.209658435500191,13.624804419649577,4.993365792670345,2.7245218339440944,32.5283931665111,,0.4900000000000002,11.3827042421771,12.577791506317656,2,3,0,0,1,1,1,2,2,0,0,4,6,1.61E:onset;2.21U;9.67E:onset;10.26U;10.94E:onset;15.94H:onset,0.49E:onset;1.14U;10.47E:onset;15.47H:onset
b,四指指尖/数据1,force,v5.1,noise_1ADC,,2,,,1.0004111412440884,6.517000412489937,,1.0004735328563021,55.870000000000005,0.01,-0.07845471942130403,-0.5110793130458271,9.384094828439263,3.8151802432863295,1.97724592820997,24.853312997195083,,3.1800000000000015,13.436187557252357,13.521459301085201,2,2,0,0,0,0,0,0,0,1,2,0,0,0.00E:v5_begin;13.45E:v5_begin,0.00E:v5_begin;13.45E:v5_begin
b,四指指尖/数据1,force,v6,noise_1ADC,,2,,,2.34087250821698,15.249197527593568,0.8356448703054684,2.361757448145978,69.45,0.01,-2.3873372136795905,-15.551883585537192,21.95794178289237,5.869027410758362,3.9052641364280745,38.23273500259313,,0.5300000000000011,10.903810808672521,13.369457587384591,2,3,0,0,2,1,0,2,5,0,0,4,6,1.61E:onset;2.21U;9.67E:onset;10.26U;10.94E:onset;15.94H:onset,10.41E:onset;15.41H:onset;26.86E:restep;31.86H:restep
b,四指指尖/数据1,force,v6.1,noise_1ADC,,2,,,1.84749847795062,12.03520017570563,0.8356448703054684,1.8625300681003216,69.45,0.01,-1.7842898843798867,-11.623439037318954,17.329975844657028,5.280214133046064,3.304121309546219,34.3970156512886,,0.4900000000000002,10.662780662540493,12.577791506317656,2,3,0,0,2,1,0,2,5,0,0,4,6,1.61E:onset;2.21U;9.67E:onset;10.26U;10.94E:onset;15.94H:onset,10.41E:onset;15.41H:onset;26.86E:restep;31.86H:restep
b,四指指尖/数据1,force,v5.1,noise_1ADC,,3,,,1.000097678153984,6.514958412952657,,1.0000219661710952,52.77,0.0,0.03616533918356451,0.2355926685142973,9.381154469979144,3.6876873286186775,1.9556837740490804,24.022783084817878,,3.1800000000000015,13.525628457735952,13.521459301085201,2,2,0,0,0,0,0,0,0,1,1,1,1,0.00E:v5_begin;13.45E:v5_begin,2.51E:v5_begin;13.43E:v5_begin
b,四指指尖/数据1,force,v6,noise_1ADC,,3,,,3.882229360186203,25.29009254160336,1.006217190586849,3.9192467187885143,63.800000000000004,0.0,-4.1922432399425285,-27.309622811665236,36.4162362450636,7.742969138785028,5.644172783896688,50.440195026823496,,0.5300000000000011,9.194556061651017,13.369457587384591,1,3,0,0,1,1,0,2,5,0,0,2,6,1.61E:onset;2.21U;9.67E:onset;10.26U;10.94E:onset;15.94H:onset,10.43E:restep;15.43H:onset
b,四指指尖/数据1,force,v6.1,noise_1ADC,,3,,,3.2249931956333784,21.008644465997605,1.006217190586849,3.2547537251066023,63.800000000000004,0.0,-3.426236195725609,-22.319606190175154,30.251204451061817,6.97928484085753,4.921984290638494,45.4653095228332,,0.4900000000000002,9.16284543427243,12.577791506317656,1,3,0,0,1,1,0,2,5,0,0,2,6,1.61E:onset;2.21U;9.67E:onset;10.26U;10.94E:onset;15.94H:onset,10.43E:restep;15.43H:onset
b,四指指尖/数据1,force,v5.1,noise_1ADC,,4,,,1.005505122616446,6.550184247951412,,1.0055655728287662,38.68,0.0,-0.08903147894706759,-0.5799797314343007,9.431877587228875,4.180002525076667,1.9815726856711768,27.229882852221373,,3.1800000000000015,13.37803174324381,13.521459301085201,2,2,0,0,0,0,0,0,0,1,0,2,2,0.00E:v5_begin;13.45E:v5_begin,2.55E:v5_begin;13.08E:v5_begin
b,四指指尖/数据1,force,v6,noise_1ADC,,4,,,1.6782239269103503,10.93249122588164,0.9711506971308996,1.6896493592017083,40.47,0.0,-1.371702381609613,-8.935711147365335,15.742140230363523,5.156965065039191,3.056349455170093,33.59413152302816,,0.5300000000000011,11.970952101307741,13.369457587384591,1,3,0,0,1,1,0,2,4,0,0,2,6,1.61E:onset;2.21U;9.67E:onset;10.26U;10.94E:onset;15.94H:onset,10.43E:onset;15.43H:onset
b,四指指尖/数据1,force,v6.1,noise_1ADC,,4,,,1.183182348840737,7.7076309304761645,0.9711506971308996,1.1871408119012612,40.47,0.0,-0.592662710768689,-3.8607957981593244,11.098532296481048,4.396971463210939,2.3229704363914916,28.643288402223696,,0.4900000000000002,11.959361449510615,12.577791506317656,1,3,0,0,1,1,0,2,4,0,0,2,6,1.61E:onset;2.21U;9.67E:onset;10.26U;10.94E:onset;15.94H:onset,10.43E:onset;15.43H:onset
b,四指指尖/数据1,force,v5.1,noise_1ADC,,5,,,1.2313069510148105,8.021130090260941,,1.2313463991015983,24.66,0.0,0.8296273574794507,5.404459834566508,11.549952529387307,4.462072582540802,2.379117793622673,29.067378062999236,,3.1800000000000015,14.393450377111579,13.521459301085201,3,2,0,0,0,0,0,0,1,0,2,1,0,0.00E:v5_begin;13.45E:v5_begin,0.00E:v5_begin;13.40E:v5_begin;20.04E:v5_begin
b,四指指尖/数据1,force,v6,noise_1ADC,,5,,,1.0365970930325434,6.752727358151935,1.2453557042473733,1.031866410436969,11.43,0.0,-0.19660922902399647,-1.2807758468736314,9.723527676635964,4.689900383024088,2.036769719086601,30.551521740047697,,0.5300000000000011,13.158806385717973,13.369457587384591,2,3,0,0,1,1,1,2,4,0,0,4,6,1.61E:onset;2.21U;9.67E:onset;10.26U;10.94E:onset;15.94H:onset,0.11E:restep;1.24U;10.41E:restep;15.41H:onset
b,四指指尖/数据1,force,v6.1,noise_1ADC,,5,,,1.1573990608490858,7.53967028754692,1.2440577494529423,1.1555508935833394,16.63,0.0,0.5893840724789998,3.8394376922712405,10.856678912879456,4.184493958060305,2.286682864314567,27.259141493394278,,0.4900000000000002,13.15896438303508,12.577791506317656,2,3,0,0,1,1,1,2,4,0,0,4,6,1.61E:onset;2.21U;9.67E:onset;10.26U;10.94E:onset;15.94H:onset,0.11E:restep;1.24U;10.41E:restep;15.41H:onset
b,四指指尖/数据1,force,v5.1,noise_1ADC,,6,,,1.0012546283471149,6.522495159171304,,1.0013169935416188,58.6,0.01,0.10032476529383746,0.6535478363323939,9.392006938405894,4.035211628202699,1.968606965987584,26.28666831196846,,3.1800000000000015,13.582694082868171,13.521459301085201,2,2,0,0,0,0,0,0,0,1,2,0,0,0.00E:v5_begin;13.45E:v5_begin,0.00E:v5_begin;13.45E:v5_begin
b,四指指尖/数据1,force,v6,noise_1ADC,,6,,,1.9306099523481102,12.576615090635025,1.0064619246384578,1.9449958555805376,48.5,0.01,-1.738503452524185,-11.325171472126728,18.109581273788447,5.206763121196028,3.337525806233083,33.918532101086214,,0.5300000000000011,11.583340004437153,13.369457587384591,1,3,0,0,1,1,0,2,5,0,0,2,6,1.61E:onset;2.21U;9.67E:onset;10.26U;10.94E:onset;15.94H:onset,10.42E:restep;15.42H:onset
b,四指指尖/数据1,force,v6.1,noise_1ADC,,6,,,1.3802204054669955,8.991200298478873,1.0064619246384578,1.3868423765143996,48.5,0.01,-0.968671553074223,-6.31023851163981,12.946796207149609,4.450609380846842,2.6133883017332806,28.992703074798793,,0.4900000000000002,11.556808848390483,12.577791506317656,1,3,0,0,1,1,0,2,5,0,0,2,6,1.61E:onset;2.21U;9.67E:onset;10.26U;10.94E:onset;15.94H:onset,10.42E:restep;15.42H:onset
b,四指指尖/数据1,force,v5.1,noise_1ADC,,7,,,0.9993139217799984,6.5098527714798875,,0.9993592997843823,60.15,0.0,0.08407682649895462,0.5477035294640367,9.373802648480305,4.0201828885078115,1.9333594848193898,26.188766260748807,,3.1800000000000015,13.599634911065847,13.521459301085201,3,2,0,0,0,0,0,0,1,0,0,3,2,0.00E:v5_begin;13.45E:v5_begin,2.51E:v5_begin;8.08E:v5_begin;14.09E:v5_begin
b,四指指尖/数据1,force,v6,noise_1ADC,,7,,,2.8437340296659146,18.524999453022584,0.885389110580291,2.8699881461371546,60.15,0.0,-2.860513905517285,-18.634308969217017,26.674902648583778,6.982142236038594,4.459206504813298,45.483923515426774,,0.5300000000000011,10.466350435922266,13.369457587384591,1,3,0,0,1,1,0,2,5,0,0,2,6,1.61E:onset;2.21U;9.67E:onset;10.26U;10.94E:onset;15.94H:onset,10.53E:restep;15.53H:onset
b,四指指尖/数据1,force,v6.1,noise_1ADC,,7,,,2.187792877022352,14.251987502124857,0.885389110580291,2.206502511038802,60.15,0.0,-2.088007272308516,-13.601951931477448,20.52201837479589,6.207241639288948,3.704356176866869,40.43597142807192,,0.4900000000000002,10.447696675006696,12.577791506317656,1,3,0,0,1,1,0,2,5,0,0,2,6,1.61E:onset;2.21U;9.67E:onset;10.26U;10.94E:onset;15.94H:onset,10.53E:restep;15.53H:onset
b,四指指尖/数据1,force,v5.1,noise_1ADC,,8,,,0.998661910084242,6.505605357276854,,0.9985163934665982,66.55,0.0,-0.006750643928254575,-0.04397586897152893,9.367686623448217,3.6487305546751383,1.964537122466498,23.769006111139234,,3.1800000000000015,13.56937066774629,13.521459301085201,2,2,0,0,0,0,0,0,0,1,1,1,1,0.00E:v5_begin;13.45E:v5_begin,0.00E:v5_begin;13.09E:v5_begin
b,四指指尖/数据1,force,v6,noise_1ADC,,8,,,2.2821280067839806,14.86651692330293,1.1097097414277657,2.2999548859304553,37.32,0.0,-2.3351354769706565,-15.21182465812286,21.406904365005246,5.572046409414696,3.778770001209796,36.29810510047958,,0.5300000000000011,11.105544491410543,13.369457587384591,1,3,0,0,1,1,0,2,4,0,0,2,6,1.61E:onset;2.21U;9.67E:onset;10.26U;10.94E:onset;15.94H:onset,10.52E:onset;15.52H:onset
b,四指指尖/数据1,force,v6.1,noise_1ADC,,8,,,1.655543266460167,10.784742098132448,1.1097097414277657,1.6648805849362032,37.32,0.0,-1.5630783825430983,-10.182396060803235,15.529390232226286,4.8298010028020615,3.0014737873595014,31.462879440109738,,0.4900000000000002,11.084335082407605,12.577791506317656,1,3,0,0,1,1,0,2,4,0,0,2,6,1.61E:onset;2.21U;9.67E:onset;10.26U;10.94E:onset;15.94H:onset,10.52E:onset;15.52H:onset
b,四指指尖/数据1,force,v5.1,noise_1ADC,,9,,,1.0065971237474127,6.557297895058641,,1.0066568241964875,78.96000000000001,0.0,-0.14015779448375668,-0.9130330189330241,9.442120817979996,4.074390478325329,1.970152653205512,26.541891961409764,,3.1800000000000015,13.354872468009763,13.521459301085201,2,2,0,0,0,0,0,0,0,1,0,2,2,0.00E:v5_begin;13.45E:v5_begin,2.53E:v5_begin;12.69E:v5_begin
b,四指指尖/数据1,force,v6,noise_1ADC,,9,,,1.4829172644521251,9.660200717181942,0.9515076707252798,1.4918501830167448,78.96000000000001,0.0,-1.3106751649380957,-8.53816020073473,13.910117209453576,5.214556797601581,2.7603754418977013,33.969302619581875,,0.5300000000000011,12.073139831623685,13.369457587384591,1,3,0,0,1,1,0,2,5,0,0,2,6,1.61E:onset;2.21U;9.67E:onset;10.26U;10.94E:onset;15.94H:onset,10.51E:restep;15.51H:onset
b,四指指尖/数据1,force,v6.1,noise_1ADC,,9,,,1.0856425030104175,7.072224956568382,0.9515076707252798,1.0882244793988594,78.96000000000001,0.0,-0.5324808890318883,-3.4687520264402396,10.183585306101884,4.435003584281336,2.127630564035484,28.89104188925046,,0.4900000000000002,12.061797730461604,12.577791506317656,1,3,0,0,1,1,0,2,5,0,0,2,6,1.61E:onset;2.21U;9.67E:onset;10.26U;10.94E:onset;15.94H:onset,10.51E:restep;15.51H:onset
b,四指指尖/数据1,force,v5.1,noise_1ADC,,10,,,1.0015270347943543,6.524269702512371,,1.0015509030964784,2.47,0.0,-0.05457833372765537,-0.35554084591043167,9.394562175775196,4.3174143151279,1.9765101137805487,28.125027513776452,,3.1800000000000015,13.478954398204397,13.521459301085201,2,2,0,0,0,0,0,0,0,1,2,0,0,0.00E:v5_begin;13.45E:v5_begin,0.00E:v5_begin;13.42E:v5_begin
b,四指指尖/数据1,force,v6,noise_1ADC,,10,,,4.141117153120991,26.976571014090677,1.0160388072569382,4.180897021393246,48.08,0.0,-4.391798743233312,-28.60959163812532,38.84466541649827,8.245542303472924,5.9129425080995945,53.71411850342965,,0.5300000000000011,8.959529015035065,13.369457587384591,1,3,0,0,1,1,0,2,5,0,0,2,6,1.61E:onset;2.21U;9.67E:onset;10.26U;10.94E:onset;15.94H:onset,10.40E:restep;15.40H:onset
b,四指指尖/数据1,force,v6.1,noise_1ADC,,10,,,3.4483882088876565,22.463911539208972,1.0160388072569382,3.480579896357581,48.08,0.0,-3.619639494949168,-23.57949757767953,32.34670289380367,7.483610103829389,5.155046461173273,48.750646732022474,,0.4900000000000002,8.94017268737963,12.577791506317656,1,3,0,0,1,1,0,2,5,0,0,2,6,1.61E:onset;2.21U;9.67E:onset;10.26U;10.94E:onset;15.94H:onset,10.40E:restep;15.40H:onset
b,四指指尖/数据1,force,v5.1,noise_1ADC,,11,,,1.00534505497806,6.5491415157962205,,1.005404618754467,79.89,0.0,-0.05231390499332173,-0.34078962774891197,9.430376114648602,3.5814459050171816,1.9791787047635838,23.330692230478284,,3.1800000000000015,13.411018078528192,13.521459301085201,2,2,0,0,0,0,0,0,0,1,1,1,1,0.00E:v5_begin;13.45E:v5_begin,2.51E:v5_begin;13.26E:v5_begin
b,四指指尖/数据1,force,v6,noise_1ADC,,11,,,1.0561266130475746,6.879948942105322,1.1063851042377186,1.0550691626021487,79.89,0.0,0.36775962417529784,2.395704649457514,9.906719226809075,4.071036814424266,2.0699274210349197,26.520045114522993,,0.5300000000000011,13.676724285792801,13.369457587384591,1,3,0,0,1,1,0,2,4,0,0,2,6,1.61E:onset;2.21U;9.67E:onset;10.26U;10.94E:onset;15.94H:onset,10.40E:onset;15.40H:onset
b,四指指尖/数据1,force,v6.1,noise_1ADC,,11,,,1.4848812439759305,9.67299471240959,1.1063851042377186,1.491649608461227,79.89,0.0,1.153621911132954,7.51506471765347,13.92853980525712,4.857987302695104,2.7730369999456586,31.646494076589185,,0.4900000000000002,13.676857935043076,12.577791506317656,1,3,0,0,1,1,0,2,4,0,0,2,6,1.61E:onset;2.21U;9.67E:onset;10.26U;10.94E:onset;15.94H:onset,10.40E:onset;15.40H:onset
b,四指指尖/数据1,force,v5.1,noise_1ADC,,12,,,1.0103101959358454,6.581486043296901,,1.0103017701610193,17.89,0.0,-0.10225115097719754,-0.6660969331741785,9.476950319656437,3.937227553163538,1.9986178552309342,25.64836848590539,,3.1800000000000015,13.376627828067303,13.521459301085201,2,2,0,0,0,0,0,0,0,1,2,0,0,0.00E:v5_begin;13.45E:v5_begin,0.00E:v5_begin;13.46E:v5_begin
b,四指指尖/数据1,force,v6,noise_1ADC,,12,,,2.6667008939439594,17.371748583495457,0.9487170998890646,2.6905163518697273,76.08,0.0,-2.806328909484882,-18.281330451749888,25.014289661682376,6.270328204325446,4.248407525889586,40.84693763328047,,0.5300000000000011,10.607602121093386,13.369457587384591,1,3,0,0,1,1,0,2,5,0,0,2,6,1.61E:onset;2.21U;9.67E:onset;10.26U;10.94E:onset;15.94H:onset,10.41E:restep;15.41H:onset
b,四指指尖/数据1,force,v6.1,noise_1ADC,,12,,,2.0217622059383022,13.170410231208868,0.9487170998890646,2.0378900491289538,76.08,0.0,-2.0336614483927633,-13.247925729374556,18.964611127267062,5.498899036628654,3.481623228537012,35.821599552944015,,0.4900000000000002,10.588610196949288,12.577791506317656,1,3,0,0,1,1,0,2,5,0,0,2,6,1.61E:onset;2.21U;9.67E:onset;10.26U;10.94E:onset;15.94H:onset,10.41E:restep;15.41H:onset
b,四指指尖/数据1,force,v5.1,noise_1ADC,,13,,,1.000174301976519,6.515457565213643,,1.0001935607223786,33.07,0.0,-0.048667681220272284,-0.3170369516207319,9.381873219688279,4.130196217752728,1.9688117057324581,26.90542852340306,,3.1800000000000015,13.472917583252935,13.521459301085201,2,2,0,0,0,0,0,0,0,1,2,0,0,0.00E:v5_begin;13.45E:v5_begin,0.00E:v5_begin;13.27E:v5_begin
b,四指指尖/数据1,force,v6,noise_1ADC,,13,,,2.197340468222337,14.314183586537922,1.0405831999541222,2.214777891344324,33.07,0.0,-2.3177037023760723,-15.09826846353464,20.611577054732635,6.06759273227112,3.6703351973514935,39.52625346600767,,0.5300000000000011,11.11650190837638,13.369457587384591,1,3,0,0,1,1,0,2,5,0,0,2,6,1.61E:onset;2.21U;9.67E:onset;10.26U;10.94E:onset;15.94H:onset,10.41E:restep;15.41H:onset
b,四指指尖/数据1,force,v6.1,noise_1ADC,,13,,,1.6058058479352706,10.460736533140595,1.0405831999541222,1.6153444093195721,33.07,0.0,-1.544199263759551,-10.05941139996987,15.062841397735127,5.373020162140808,2.9201694670382476,35.001584018190094,,0.4900000000000002,11.095926211518503,12.577791506317656,1,3,0,0,1,1,0,2,5,0,0,2,6,1.61E:onset;2.21U;9.67E:onset;10.26U;10.94E:onset;15.94H:onset,10.41E:restep;15.41H:onset
b,四指指尖/数据1,force,v5.1,noise_1ADC,,14,,,1.1736428667626002,7.645487671494817,,1.1735706381544306,63.0,0.0,0.6631579146724216,4.320024263316027,11.009049682039043,4.66039099105882,2.281280291467177,30.359288055633886,,3.1800000000000015,14.240897855772664,13.521459301085201,3,2,0,0,0,0,0,0,1,0,1,2,1,0.00E:v5_begin;13.45E:v5_begin,2.53E:v5_begin;13.24E:v5_begin;20.20E:v5_begin
b,四指指尖/数据1,force,v6,noise_1ADC,,14,,,2.152211171145716,14.020196808963682,1.0689793309192113,2.1687983763676386,20.52,0.0,-2.0742887366960145,-13.512584971675052,20.188253497198914,5.612817501533119,3.6434392793902375,36.56370112715218,,0.5300000000000011,11.28112196694687,13.369457587384591,2,3,0,0,1,1,1,2,2,0,0,4,6,1.61E:onset;2.21U;9.67E:onset;10.26U;10.94E:onset;15.94H:onset,0.05E:onset;0.37U;10.42E:onset;15.42H:onset
b,四指指尖/数据1,force,v6.1,noise_1ADC,,14,,,1.5600872322624435,10.162910744407613,1.0689793309192113,1.5685642274362301,20.52,0.0,-1.2939128541659002,-8.42896510912386,14.6339898913782,4.934115768118714,2.8860309326229814,32.142419421793676,,0.4900000000000002,11.273342980411428,12.577791506317656,2,3,0,0,1,1,1,2,2,0,0,4,6,1.61E:onset;2.21U;9.67E:onset;10.26U;10.94E:onset;15.94H:onset,0.05E:onset;0.37U;10.42E:onset;15.42H:onset
b,四指指尖/数据1,force,v5.1,noise_1ADC,,15,,,1.0937881326657204,7.125288211899169,,1.0937977123606937,55.7,0.0,0.538394055064739,3.5072722946444572,10.259993252766344,4.02048353074065,2.1565609749885604,26.190724741092186,,3.1800000000000015,14.080100469439778,13.521459301085201,3,2,0,0,0,0,0,0,1,0,1,2,1,0.00E:v5_begin;13.45E:v5_begin,2.51E:v5_begin;13.45E:v5_begin;29.92E:v5_begin
b,四指指尖/数据1,force,v6,noise_1ADC,,15,,,2.825880035162213,18.408692781946808,0.9982506979914776,2.8511682910408194,76.97,0.0,-3.009971036049169,-19.60792085853943,26.507427926860053,6.807422222350969,4.420373104001629,44.34574106790175,,0.5300000000000011,10.320962384829317,13.369457587384591,2,3,0,0,1,1,1,2,3,0,0,4,6,1.61E:onset;2.21U;9.67E:onset;10.26U;10.94E:onset;15.94H:onset,0.11E:restep;1.07U;10.45E:onset;15.45H:onset
b,四指指尖/数据1,force,v6.1,noise_1ADC,,15,,,2.1844226503453323,14.230032759980535,0.9979541601517338,2.202103685424774,76.97,0.0,-2.240358508311013,-14.594416956044158,20.49040484569109,6.037242791632156,3.676928589272298,39.32854417678763,,0.4900000000000002,10.292790985756946,12.577791506317656,2,3,0,0,1,1,1,2,3,0,0,4,6,1.61E:onset;2.21U;9.67E:onset;10.26U;10.94E:onset;15.94H:onset,0.11E:restep;1.07U;10.45E:onset;15.45H:onset
b,四指指尖/数据1,force,v5.1,noise_1ADC,,16,,,1.0013642995616967,6.523209592788845,,1.0013790620036296,59.65,0.0,-0.09215192942622051,-0.6003073509713089,9.393035680525164,3.8136467458730454,1.9592535816528462,24.843323301096238,,3.1800000000000015,13.477328514155458,13.521459301085201,2,2,0,0,0,0,0,0,0,1,2,0,0,0.00E:v5_begin;13.45E:v5_begin,0.00E:v5_begin;13.41E:v5_begin
b,四指指尖/数据1,force,v6,noise_1ADC,,16,,,2.88151927497651,18.771144711829834,0.8686361552039685,2.9083000678067985,59.65,0.0,-2.9829818489654416,-19.432104600497073,27.029337251010855,6.647766377907721,4.48396130723312,43.305691471093816,,0.5300000000000011,10.441919144848153,13.369457587384591,1,3,0,0,1,1,0,2,4,0,0,2,6,1.61E:onset;2.21U;9.67E:onset;10.26U;10.94E:onset;15.94H:onset,10.45E:onset;15.45H:onset
b,四指指尖/数据1,force,v6.1,noise_1ADC,,16,,,2.2483856873167802,14.646708585690208,0.8686361552039685,2.26794595942528,35.74,0.0,-2.216325909175975,-14.437860864234267,21.090393370117752,5.898795757015817,3.7674166869837116,38.426655598676966,,0.4900000000000002,10.410538956290875,12.577791506317656,1,3,0,0,1,1,0,2,4,0,0,2,6,1.61E:onset;2.21U;9.67E:onset;10.26U;10.94E:onset;15.94H:onset,10.45E:onset;15.45H:onset
b,四指指尖/数据1,force,v5.1,noise_1ADC,,17,,,1.026762226847755,6.688659871954866,,1.0267503308415198,1.42,0.0,-0.28394277488127323,-1.8496946952466076,9.631274288905502,3.7162206536210123,2.039384983379202,24.208658354638125,,3.1800000000000015,13.208490846121668,13.521459301085201,2,2,0,0,0,0,0,0,0,1,1,1,1,0.00E:v5_begin;13.45E:v5_begin,0.00E:v5_begin;12.97E:v5_begin
b,四指指尖/数据1,force,v6,noise_1ADC,,17,,,2.493703427530213,16.244787363755282,1.0990578967803428,2.514255332325536,41.64,0.0,-2.5006975597023295,-16.290349393576353,23.391532214291818,5.996145676804232,4.042839499468089,39.060824333171475,,0.5300000000000011,10.824539259940515,13.369457587384591,1,3,0,0,1,1,0,2,5,0,0,2,6,1.61E:onset;2.21U;9.67E:onset;10.26U;10.94E:onset;15.94H:onset,10.46E:restep;15.46H:onset
b,四指指尖/数据1,force,v6.1,noise_1ADC,,17,,,1.8499295417967418,12.051036908659505,1.0990578967803428,1.8621824217122644,41.64,0.0,-1.7263314233717129,-11.245878953543965,17.352779802675354,5.248591058020769,3.275783618352112,34.19101275459178,,0.4900000000000002,10.804175135347052,12.577791506317656,1,3,0,0,1,1,0,2,5,0,0,2,6,1.61E:onset;2.21U;9.67E:onset;10.26U;10.94E:onset;15.94H:onset,10.46E:restep;15.46H:onset
b,四指指尖/数据1,force,v5.1,noise_1ADC,,18,,,1.0008782745250582,6.520043469148605,,1.000881327715044,49.26,0.0,0.09355931571976525,0.6094755186150216,9.388476649897877,3.947570947530618,1.96042898020504,25.715748688481884,,3.1800000000000015,13.57477434977816,13.521459301085201,2,2,0,0,0,0,0,0,0,1,1,1,1,0.00E:v5_begin;13.45E:v5_begin,2.57E:v5_begin;13.32E:v5_begin
b,四指指尖/数据1,force,v6,noise_1ADC,,18,,,2.335406929862278,15.213592989695485,0.9686602296744723,2.3551825491288283,35.94,0.0,-2.475760950973002,-16.12790429208235,21.906673355884443,6.029575548443888,3.845463055415933,39.278597284994255,,0.5300000000000011,10.91216782486934,13.369457587384591,1,3,0,0,1,1,0,2,4,0,0,2,6,1.61E:onset;2.21U;9.67E:onset;10.26U;10.94E:onset;15.94H:onset,10.41E:onset;15.41H:onset
b,四指指尖/数据1,force,v6.1,noise_1ADC,,18,,,1.7191776497923232,11.199276968174464,0.9686602296744723,1.7311869988644761,35.94,0.0,-1.7043134689102595,-11.10244690606693,16.126295907222673,5.308000443596404,3.0886694079443835,34.57802462835072,,0.4900000000000002,10.889309815260312,12.577791506317656,1,3,0,0,1,1,0,2,4,0,0,2,6,1.61E:onset;2.21U;9.67E:onset;10.26U;10.94E:onset;15.94H:onset,10.41E:onset;15.41H:onset
b,四指指尖/数据1,force,v5.1,noise_1ADC,,19,,,1.0033980407710992,6.536458038107129,,1.0032946610732363,71.85000000000001,0.0,-0.0493797691821299,-0.3216757219720738,9.412112657558632,4.531794853815619,1.9704470747843967,29.521571396044948,,3.1800000000000015,13.437435422861268,13.521459301085201,2,2,0,0,0,0,0,0,0,1,1,1,1,0.00E:v5_begin;13.45E:v5_begin,2.51E:v5_begin;13.39E:v5_begin
b,四指指尖/数据1,force,v6,noise_1ADC,,19,,,2.009681445293508,13.091712265083249,1.0226281949114702,2.0249196619169947,71.85000000000001,0.0,-2.004931230139937,-13.06076783350011,18.85129071447213,6.417819873953586,3.44302725598095,41.807745877189156,,0.5300000000000011,11.362407292613245,13.369457587384591,1,3,0,0,1,1,0,2,4,0,0,2,6,1.61E:onset;2.21U;9.67E:onset;10.26U;10.94E:onset;15.94H:onset,10.51E:onset;15.51H:onset
b,四指指尖/数据1,force,v6.1,noise_1ADC,,19,,,1.4589982331088063,9.504384442548176,1.0226281949114702,1.466601444173033,71.85000000000001,0.0,-1.2327420720096827,-8.030478930682614,13.685750997327046,5.653362653410253,2.7184372126075647,36.82782530631631,,0.4900000000000002,11.336319852720305,12.577791506317656,1,3,0,0,1,1,0,2,4,0,0,2,6,1.61E:onset;2.21U;9.67E:onset;10.26U;10.94E:onset;15.94H:onset,10.51E:onset;15.51H:onset
b,四指指尖/数据1,force,v5.1,noise_1ADC,,20,,,1.0942702520577283,7.128428892912256,,1.0942213882218093,64.62,0.0,0.5450938252488574,3.5509167556599452,10.264515647516573,4.056853396247902,2.143338985885848,26.42764975995814,,3.1800000000000015,14.034369467207236,13.521459301085201,3,2,0,0,0,0,0,0,1,0,0,3,2,0.00E:v5_begin;13.45E:v5_begin,2.51E:v5_begin;12.50E:v5_begin;18.87E:v5_begin
b,四指指尖/数据1,force,v6,noise_1ADC,,20,,,3.045322204707412,19.838209758002577,0.9717927071191041,3.0732857648316263,29.43,0.0,-3.1735923623865503,-20.67380288171124,28.565847753942084,6.72232266601588,4.690457913982087,43.79137514685772,,0.5300000000000011,10.102880630381527,13.369457587384591,1,3,0,0,1,1,0,2,4,0,0,2,6,1.61E:onset;2.21U;9.67E:onset;10.26U;10.94E:onset;15.94H:onset,10.42E:onset;15.42H:onset
b,四指指尖/数据1,force,v6.1,noise_1ADC,,20,,,2.3841292624011996,15.530985957609415,0.9717927071191041,2.4044604637665796,29.43,0.0,-2.4051944418989013,-15.668211322078044,22.363700442007662,6.070955587926691,3.9360858831699908,39.54816019094402,,0.4900000000000002,10.075918911463464,12.577791506317656,1,3,0,0,1,1,0,2,4,0,0,2,6,1.61E:onset;2.21U;9.67E:onset;10.26U;10.94E:onset;15.94H:onset,10.42E:onset;15.42H:onset
b,四指指尖/数据1,force,v5.1,noise_1ADC,,21,,,1.001116216337276,6.521593498755875,,1.000910290202207,41.85,0.0,-0.044851462882979067,-0.29217687614479965,9.390708600780316,3.9141232523594844,1.9506848298663124,25.49785962843399,,3.1800000000000015,13.457551338905965,13.521459301085201,2,2,0,0,0,0,0,0,0,1,1,1,1,0.00E:v5_begin;13.45E:v5_begin,0.00E:v5_begin;13.07E:v5_begin
b,四指指尖/数据1,force,v6,noise_1ADC,,21,,,1.6906488324452578,11.013431062672588,1.1038738747715404,1.700580967370563,60.68,0.0,-1.530932565918035,-9.972987856947329,15.858688804211848,5.0599966675377495,3.039571304961929,32.96244814760161,,0.5300000000000011,11.809792873413947,13.369457587384591,1,3,0,0,1,1,0,2,4,0,0,2,6,1.61E:onset;2.21U;9.67E:onset;10.26U;10.94E:onset;15.94H:onset,10.45E:onset;15.45H:onset
b,四指指尖/数据1,force,v6.1,noise_1ADC,,21,,,1.2062762430390672,7.858071995965855,1.1038738747715404,1.20828872466718,60.68,0.0,-0.7568506650836953,-4.930369018491648,11.315158525618774,4.280858307575963,2.324712898912304,27.886889905673954,,0.4900000000000002,11.791720379500289,12.577791506317656,1,3,0,0,1,1,0,2,4,0,0,2,6,1.61E:onset;2.21U;9.67E:onset;10.26U;10.94E:onset;15.94H:onset,10.45E:onset;15.45H:onset
b,四指指尖/数据1,force,v5.1,noise_1ADC,,22,,,1.004789925674009,6.545525224699155,,1.0048426117571883,59.77,0.0,-0.04870759367489882,-0.31729695420621,9.425168869530577,3.7804028732310435,1.9781056217100736,24.626762006655568,,3.1800000000000015,13.363698900592638,13.521459301085201,2,2,0,0,0,0,0,0,0,1,1,1,1,0.00E:v5_begin;13.45E:v5_begin,2.55E:v5_begin;13.45E:v5_begin
b,四指指尖/数据1,force,v6,noise_1ADC,,22,,,2.291331922467641,14.926474194702712,1.0251339779539161,2.3100778462613283,59.77,0.0,-2.103466337000137,-13.702657258336082,21.49323928672655,5.780906706429406,3.7849233113941194,37.658688350387166,,0.5300000000000011,11.189381275875213,13.369457587384591,1,3,0,0,1,1,0,2,5,0,0,2,6,1.61E:onset;2.21U;9.67E:onset;10.26U;10.94E:onset;15.94H:onset,10.40E:restep;15.40H:onset
b,四指指尖/数据1,force,v6.1,noise_1ADC,,22,,,1.6690057732702916,10.87244120384775,1.0251339779539161,1.6796464705857048,59.77,0.0,-1.3317605652714413,-8.675517290239993,15.655671753219359,5.007508977485359,2.998815809915974,32.62052642800072,,0.4900000000000002,11.168610440979391,12.577791506317656,1,3,0,0,1,1,0,2,5,0,0,2,6,1.61E:onset;2.21U;9.67E:onset;10.26U;10.94E:onset;15.94H:onset,10.40E:restep;15.40H:onset
b,四指指尖/数据1,force,v5.1,noise_1ADC,,23,,,0.9986847206747798,6.5057539528110455,,0.9987469254990264,69.19,0.01,-0.038641052506292274,-0.25172026254064883,9.36790059222153,4.369445986524429,1.9568172126703771,28.463978580966717,,3.1800000000000015,13.497204438883944,13.521459301085201,2,2,0,0,0,0,0,0,0,1,2,0,0,0.00E:v5_begin;13.45E:v5_begin,0.00E:v5_begin;13.45E:v5_begin
b,四指指尖/数据1,force,v6,noise_1ADC,,23,,,2.3341895580911483,15.205662637855601,1.0653407956432788,2.3530924528701687,63.43,0.01,-2.2431747567550304,-14.612762905538995,21.895254118662095,5.605753097784516,3.8789470539602764,36.51768132564698,,0.5300000000000011,11.01654898140616,13.369457587384591,2,3,0,0,1,1,1,2,4,0,0,4,6,1.61E:onset;2.21U;9.67E:onset;10.26U;10.94E:onset;15.94H:onset,0.20E:restep;0.88U;10.47E:restep;15.47H:onset
b,四指指尖/数据1,force,v6.1,noise_1ADC,,23,,,1.7172206454135523,11.18652841128831,1.0653407956432788,1.7280352700279706,40.95,0.01,-1.4667343120490481,-9.554779752602315,16.107938739941208,4.843491560423999,3.1290719543138183,31.55206414226972,,0.4900000000000002,11.003043312155924,12.577791506317656,2,3,0,0,1,1,1,2,4,0,0,4,6,1.61E:onset;2.21U;9.67E:onset;10.26U;10.94E:onset;15.94H:onset,0.20E:restep;0.88U;10.47E:restep;15.47H:onset
b,四指指尖/数据1,force,v5.1,noise_1ADC,,24,,,1.0046271084056058,6.544464580568358,,1.0046181412243589,29.3,0.0,0.15061800513633644,0.9811742004204876,9.42364160476571,3.7442262796552104,1.9489954551583861,24.391096023404927,,3.1800000000000015,13.665253328827735,13.521459301085201,3,2,0,0,0,0,0,0,1,0,1,2,1,0.00E:v5_begin;13.45E:v5_begin,0.00E:v5_begin;8.42E:v5_begin;14.43E:v5_begin
b,四指指尖/数据1,force,v6,noise_1ADC,,24,,,1.990413242903759,12.966192988312926,0.9920610511419783,2.0057185237010167,26.79,0.0,-1.8765448391326505,-12.224417528452442,18.670550385876723,5.543660223210323,3.442491740194375,36.113188340183555,,0.5300000000000011,11.454658174603134,13.369457587384591,2,3,0,0,1,1,1,2,3,0,0,4,6,1.61E:onset;2.21U;9.67E:onset;10.26U;10.94E:onset;15.94H:onset,0.21E:onset;0.82U;10.56E:restep;15.56H:onset
b,四指指尖/数据1,force,v6.1,noise_1ADC,,24,,,1.4305350192023516,9.318965898989697,0.9920610511419783,1.4381411521820482,26.79,0.0,-1.1141998517267646,-7.258256724599887,13.418759270217569,4.951662888822624,2.6921034789322764,32.256727018091716,,0.4900000000000002,11.420191828223018,12.577791506317656,2,3,0,0,1,1,1,2,3,0,0,4,6,1.61E:onset;2.21U;9.67E:onset;10.26U;10.94E:onset;15.94H:onset,0.21E:onset;0.82U;10.56E:restep;15.56H:onset
b,四指指尖/数据1,force,v5.1,noise_1ADC,,25,,,1.0050483272504145,6.547208535800557,,1.0050541582118595,60.25,0.0,-0.06899501414848148,-0.44945574587088283,9.427592737875138,3.9240691883945136,2.0023894422702813,25.56265065941179,,3.1800000000000015,13.412057446963075,13.521459301085201,2,2,0,0,0,0,0,0,0,1,0,2,2,0.00E:v5_begin;13.45E:v5_begin,2.51E:v5_begin;13.19E:v5_begin
b,四指指尖/数据1,force,v6,noise_1ADC,,25,,,2.0326727882624134,13.241485278832101,1.0828969745208472,2.047569596943882,27.68,0.0,-2.1065573656879706,-13.7227932148475,19.06695498864752,5.250289673853056,3.5069884588229088,34.20207808525764,,0.5300000000000011,11.326781682329434,13.369457587384591,2,3,0,0,1,1,1,2,2,0,0,4,6,1.61E:onset;2.21U;9.67E:onset;10.26U;10.94E:onset;15.94H:onset,0.05E:onset;0.37U;10.41E:onset;15.41H:onset
b,四指指尖/数据1,force,v6.1,noise_1ADC,,25,,,1.4603374661894626,9.513108638210575,1.0828969745208472,1.4670729978436132,27.68,0.0,-1.327977190565433,-8.650871168757382,13.698313322663239,4.576728369858699,2.748301429423251,29.81428279290446,,0.4900000000000002,11.31770854105907,12.577791506317656,2,3,0,0,1,1,1,2,2,0,0,4,6,1.61E:onset;2.21U;9.67E:onset;10.26U;10.94E:onset;15.94H:onset,0.05E:onset;0.37U;10.41E:onset;15.41H:onset
b,四指指尖/数据1,force,v5.1,noise_1ADC,,26,,,1.0222015324205775,6.658950039429215,,1.0222546875063114,50.17,0.0,-0.20744157302058602,-1.3513412248303558,9.588493888704294,4.058441182252723,2.007519051928892,26.437993109428934,,3.1800000000000015,13.267349814528792,13.521459301085201,3,2,0,0,0,0,0,0,1,0,1,2,1,0.00E:v5_begin;13.45E:v5_begin,0.00E:v5_begin;5.54E:v5_begin;13.05E:v5_begin
b,四指指尖/数据1,force,v6,noise_1ADC,,26,,,1.9869673537814752,12.943745356628824,1.095623935971747,2.001119328247774,50.17,0.0,-1.9152155038567553,-12.476330694518195,18.63822712501061,5.816859564888907,3.4184854781501786,37.8928968510236,,0.5300000000000011,11.416200829271121,13.369457587384591,1,3,0,0,1,1,0,2,4,0,0,2,6,1.61E:onset;2.21U;9.67E:onset;10.26U;10.94E:onset;15.94H:onset,10.42E:onset;15.42H:onset
b,四指指尖/数据1,force,v6.1,noise_1ADC,,26,,,1.4010680680648098,9.127008687798138,1.095623935971747,1.4066471702323418,50.17,0.0,-1.1360909848236402,-7.40086261685814,13.142352248764567,5.035540736441761,2.64435265603756,32.80313433504033,,0.4900000000000002,11.407292889953931,12.577791506317656,1,3,0,0,1,1,0,2,4,0,0,2,6,1.61E:onset;2.21U;9.67E:onset;10.26U;10.94E:onset;15.94H:onset,10.42E:onset;15.42H:onset
b,四指指尖/数据1,force,v5.1,noise_1ADC,,27,,,1.0055658877598361,6.550580091668272,,1.0055080827164884,43.52,0.0,-0.09455452359071623,-0.6159586232488177,9.432447578749688,4.223598863553567,1.9694410549596317,27.51388344370188,,3.1800000000000015,13.387845633058262,13.521459301085201,2,2,0,0,0,0,0,0,0,1,2,0,0,0.00E:v5_begin;13.45E:v5_begin,0.00E:v5_begin;13.46E:v5_begin
b,四指指尖/数据1,force,v6,noise_1ADC,,27,,,3.643569210614093,23.735383453425722,0.9585391414215525,3.6782355882545383,43.52,0.0,-3.9027275092271507,-25.42362408703279,34.17754718711384,7.960287806938061,5.345234346010771,51.855878830818156,,0.5300000000000011,9.471264669044105,13.369457587384591,1,3,0,0,1,1,0,2,5,0,0,2,6,1.61E:onset;2.21U;9.67E:onset;10.26U;10.94E:onset;15.94H:onset,10.40E:restep;15.40H:onset
b,四指指尖/数据1,force,v6.1,noise_1ADC,,27,,,2.966949727447057,19.327666196883865,0.9585391414215525,2.9941168035862935,43.52,0.0,-3.1367903766124807,-20.434062892238707,27.83069524690755,7.231314047097483,4.6182085359574,47.10710895239847,,0.4900000000000002,9.443592541790377,12.577791506317656,1,3,0,0,1,1,0,2,5,0,0,2,6,1.61E:onset;2.21U;9.67E:onset;10.26U;10.94E:onset;15.94H:onset,10.40E:restep;15.40H:onset
b,四指指尖/数据1,force,v5.1,noise_1ADC,,28,,,1.0050615231410351,6.547294498082536,,1.0051181658117843,32.15,0.0,-0.08451770892062768,-0.5505755795696861,9.427716518472758,4.037198265660063,1.9623884272177765,26.299609908273563,,3.1800000000000015,13.41423068231826,13.521459301085201,2,2,0,0,0,0,0,0,0,1,2,0,0,0.00E:v5_begin;13.45E:v5_begin,0.00E:v5_begin;13.46E:v5_begin
b,四指指尖/数据1,force,v6,noise_1ADC,,28,,,2.976456973005701,19.38959945679366,0.9750741297860339,3.0036219460627827,32.15,0.0,-3.0631294039559225,-19.954211589713005,27.919875475117152,6.757696858790567,4.591068792939445,44.021814032831585,,0.5300000000000011,10.308424044130799,13.369457587384591,2,3,0,0,1,1,1,2,4,0,0,4,6,1.61E:onset;2.21U;9.67E:onset;10.26U;10.94E:onset;15.94H:onset,0.07E:restep;1.07U;10.50E:restep;15.50H:onset
b,四指指尖/数据1,force,v6.1,noise_1ADC,,28,,,2.283633260750414,14.876322632491606,0.9749283757691449,2.3027326543787634,32.15,0.0,-2.2799209693092655,-14.852139570292636,21.421024005800458,6.025059934233703,3.7890986566047418,39.249181119522696,,0.4900000000000002,10.304713738253461,12.577791506317656,2,3,0,0,1,1,1,2,4,0,0,4,6,1.61E:onset;2.21U;9.67E:onset;10.26U;10.94E:onset;15.94H:onset,0.07E:restep;1.07U;10.50E:restep;15.50H:onset
b,四指指尖/数据1,force,v5.1,noise_1ADC,,29,,,1.0114022185645068,6.588599830447038,,1.0114447798922424,67.23,0.0,-0.1049533860295651,-0.6837001627114108,9.487193752061055,4.2269334834683665,1.9727955549524565,27.53560623192795,,3.1800000000000015,13.345354883605482,13.521459301085201,2,2,0,0,0,0,0,0,0,1,1,1,1,0.00E:v5_begin;13.45E:v5_begin,0.00E:v5_begin;13.03E:v5_begin
b,四指指尖/数据1,force,v6,noise_1ADC,,29,,,1.7358471625884908,11.307867543878704,0.9250658051600509,1.7485653574757056,67.23,0.0,-1.397149213071469,-9.101480004084829,16.282659908355836,5.515944642183774,3.112096374716764,35.93264011802181,,0.5300000000000011,11.882246146660986,13.369457587384591,1,3,0,0,1,1,0,2,5,0,0,2,6,1.61E:onset;2.21U;9.67E:onset;10.26U;10.94E:onset;15.94H:onset,10.46E:restep;15.46H:onset
b,四指指尖/数据1,force,v6.1,noise_1ADC,,29,,,1.2153839770650006,7.917402709066515,0.9250658051600509,1.2206238553641802,67.23,0.0,-0.6220436538079777,-4.052192724895138,11.400591240477663,4.745082303599569,2.360549075724764,30.910994545103808,,0.4900000000000002,11.867315528143788,12.577791506317656,1,3,0,0,1,1,0,2,5,0,0,2,6,1.61E:onset;2.21U;9.67E:onset;10.26U;10.94E:onset;15.94H:onset,10.46E:restep;15.46H:onset
b,四指指尖/数据1,force,v5.1,noise_5ADC,,0,,,4.989567143649671,32.50364754322281,,4.989824883824628,47.93,0.0,0.6130298850178924,3.993474131607559,46.803328450186854,20.941245280829186,9.802211925149546,136.41801705996664,,3.1800000000000015,14.211485823907527,13.521459301085201,3,2,0,0,0,0,0,0,1,0,1,2,1,0.00E:v5_begin;13.45E:v5_begin,2.51E:v5_begin;13.41E:v5_begin;51.12E:v5_begin
b,四指指尖/数据1,force,v6,noise_5ADC,,0,,,8.000534055807227,52.11805585950994,5.319417628518875,8.04624824057968,47.93,0.0,6.745562843867593,43.94276915118439,75.04691537570024,27.59405216135977,14.655486160253293,179.7565439887219,,0.5300000000000011,20.38090857855306,13.369457587384591,2,3,0,0,1,1,1,2,4,0,1,3,5,1.61E:onset;2.21U;9.67E:onset;10.26U;10.94E:onset;15.94H:onset,0.11E:restep;1.08U;10.72E:restep;15.72H:onset
b,四指指尖/数据1,force,v6.1,noise_5ADC,,0,,,8.76981641073743,57.12940890998357,5.312138352494201,8.826654900506497,47.93,0.0,7.53131575878028,49.061416734650024,82.26296712771561,28.38681974397851,15.664920136663383,184.92088737709128,,0.4900000000000002,20.380910427316376,12.577791506317656,2,3,0,0,1,1,1,2,4,0,1,3,5,1.61E:onset;2.21U;9.67E:onset;10.26U;10.94E:onset;15.94H:onset,0.11E:restep;1.08U;10.72E:restep;15.72H:onset
b,四指指尖/数据1,force,v5.1,noise_5ADC,,1,,,5.158600871515798,33.60478769331985,,5.157309141907484,23.990000000000002,0.0,1.5443760155297546,10.06056281793378,48.38890508573665,20.474752744664983,10.115378832122964,133.37913441935055,,3.1800000000000015,15.26323350437704,13.521459301085201,4,2,0,0,0,0,0,0,2,0,1,3,1,0.00E:v5_begin;13.45E:v5_begin,0.00E:v5_begin;13.01E:v5_begin;28.38E:v5_begin;52.78E:v5_begin
b,四指指尖/数据1,force,v6,noise_5ADC,,1,,,5.007305816713439,32.61920297329313,5.030795238379243,5.006822166518682,23.990000000000002,0.0,0.749036374552596,4.879464212942241,46.96972142933148,20.305450322709717,9.828364846823524,132.2762439094089,,0.5300000000000011,14.3594515376551,13.369457587384591,2,3,0,0,1,1,1,2,3,0,0,4,6,1.61E:onset;2.21U;9.67E:onset;10.26U;10.94E:onset;15.94H:onset,0.15E:restep;0.73U;10.59E:onset;15.59H:onset
b,四指指尖/数据1,force,v6.1,noise_5ADC,,1,,,5.211572646726988,33.9498628995719,5.030795238379243,5.215220307088901,23.990000000000002,0.0,1.5271698581500508,9.94847636655595,48.88579295645189,21.187063414156537,10.156074284798585,138.01935555995541,,0.4900000000000002,14.34414094026411,12.577791506317656,2,3,0,0,1,1,1,2,3,0,0,4,6,1.61E:onset;2.21U;9.67E:onset;10.26U;10.94E:onset;15.94H:onset,0.15E:restep;0.73U;10.59E:onset;15.59H:onset
b,四指指尖/数据1,force,v5.1,noise_5ADC,,2,,,5.121711843188718,33.364480680620076,,5.121962552306184,77.58,0.0,1.5531733466642703,10.117871466617114,48.0428772121168,18.448794601000653,10.11754022393483,120.18139049825764,,3.1800000000000015,14.690577786825115,13.521459301085201,2,2,0,0,0,0,0,0,0,1,1,1,1,0.00E:v5_begin;13.45E:v5_begin,0.00E:v5_begin;13.08E:v5_begin
b,四指指尖/数据1,force,v6,noise_5ADC,,2,,,9.184495922811317,59.83076482238966,5.760766803541717,9.24153752458003,19.740000000000002,0.0,8.798578643125351,57.316775356245955,86.15275973825474,25.904962822369207,16.424538292704828,168.7532719687354,,0.5300000000000011,21.84402083696569,13.369457587384591,1,3,0,0,1,1,0,2,4,0,0,2,6,1.61E:onset;2.21U;9.67E:onset;10.26U;10.94E:onset;15.94H:onset,10.53E:onset;15.53H:onset
b,四指指尖/数据1,force,v6.1,noise_5ADC,,2,,,10.031346155989409,65.34742001684863,5.760766803541717,10.100159300116559,19.740000000000002,0.0,9.58433155876704,62.435422944460555,94.0964166668916,27.615327912053864,17.48231125241739,179.89514108179006,,0.4900000000000002,21.844021090157955,12.577791506317656,1,3,0,0,1,1,0,2,4,0,0,2,6,1.61E:onset;2.21U;9.67E:onset;10.26U;10.94E:onset;15.94H:onset,10.53E:onset;15.53H:onset
b,四指指尖/数据1,force,v5.1,noise_5ADC,,3,,,5.020471170403272,32.70496632786805,,5.020778502685878,44.68,0.0,0.5652803868684543,3.682418520262513,47.093215583266726,18.87281530838125,9.80119518239552,122.94359796574665,,3.1800000000000015,14.203822727311886,13.521459301085201,2,2,0,0,0,0,0,0,0,1,0,2,2,0.00E:v5_begin;13.45E:v5_begin,2.66E:v5_begin;12.99E:v5_begin
b,四指指尖/数据1,force,v6,noise_5ADC,,3,,,5.3380537732838444,34.77380169829236,5.044870650694518,5.3439074438695195,44.68,0.0,2.5634638127417366,16.699228983261428,50.072216054600666,20.08725359206612,10.412116051044128,130.85484012352148,,0.5300000000000011,15.827291339852287,13.369457587384591,0,3,0,0,0,1,0,2,6,0,0,0,6,1.61E:onset;2.21U;9.67E:onset;10.26U;10.94E:onset;15.94H:onset,
b,四指指尖/数据1,force,v6.1,noise_5ADC,,3,,,5.606446673421766,36.5221995007529,5.044870650694518,5.6173935701374065,44.68,0.0,3.3492167242061206,21.817876544263708,52.58980539596084,20.876850895012787,10.790652853148105,135.9985312889409,,0.4900000000000002,15.827291339852287,12.577791506317656,0,3,0,0,0,1,0,2,6,0,0,0,6,1.61E:onset;2.21U;9.67E:onset;10.26U;10.94E:onset;15.94H:onset,
b,四指指尖/数据1,force,v5.1,noise_5ADC,,4,,,5.1922685873364145,33.82411003874844,,5.192589167082639,64.66,0.0,2.152460044472048,14.021818049974996,48.70471628064668,23.454412620710738,10.227195529488657,152.7895986182214,,3.1800000000000015,15.307048241360075,13.521459301085201,4,2,0,0,0,0,0,0,2,0,1,3,1,0.00E:v5_begin;13.45E:v5_begin,0.00E:v5_begin;12.46E:v5_begin;18.47E:v5_begin;64.43E:v5_begin
b,四指指尖/数据1,force,v6,noise_5ADC,,4,,,7.169819857784563,46.70651599556709,5.395671961588083,7.2016829371670665,64.66,0.0,5.541038031459563,36.09610653849542,67.25461830083835,27.615612122751507,13.531032078483902,179.8969925218205,,0.5300000000000011,19.203643995998522,13.369457587384591,2,3,0,0,1,1,1,2,2,0,0,4,6,1.61E:onset;2.21U;9.67E:onset;10.26U;10.94E:onset;15.94H:onset,0.15E:onset;1.00U;10.57E:onset;15.57H:onset
b,四指指尖/数据1,force,v6.1,noise_5ADC,,4,,,7.909402455635056,51.52439526195368,5.402691102707346,7.952615302073719,64.66,0.0,6.326790946911939,41.21475412547676,74.19207925620285,28.404060820250358,14.565157974251598,185.03320130138013,,0.4900000000000002,19.20364597028301,12.577791506317656,2,3,0,0,1,1,1,2,2,0,0,4,6,1.61E:onset;2.21U;9.67E:onset;10.26U;10.94E:onset;15.94H:onset,0.15E:onset;1.00U;10.57E:onset;15.57H:onset
b,四指指尖/数据1,force,v5.1,noise_5ADC,,5,,,5.040479077698032,32.835304280653006,,5.040390848603543,70.69,0.0,0.8113312786278329,5.285273283650389,47.28089452008781,18.099120025433805,9.947041140826409,117.90349768073816,,3.1800000000000015,14.3426371902222,13.521459301085201,3,2,0,0,0,0,0,0,1,0,2,1,0,0.00E:v5_begin;13.45E:v5_begin,0.00E:v5_begin;13.28E:v5_begin;37.05E:v5_begin
b,四指指尖/数据1,force,v6,noise_5ADC,,5,,,5.394012728171643,35.13833635514632,5.5278099394794875,5.391229602022396,15.18,0.0,-0.6870767157373879,-4.47583903784243,50.59712438230524,22.777185945454303,10.765980404166381,148.37792591682899,,0.5300000000000011,12.54764331650287,13.369457587384591,1,3,0,0,1,1,0,2,5,0,0,2,6,1.61E:onset;2.21U;9.67E:onset;10.26U;10.94E:onset;15.94H:onset,10.58E:restep;15.58H:onset
b,四指指尖/数据1,force,v6.1,noise_5ADC,,5,,,5.150309522036194,33.550775172116325,5.5278099394794875,5.1422648412692205,11.53,0.0,0.036829546259005246,0.2399195273487991,48.311130252406045,19.7790186923503,10.182595763203821,128.8468987024636,,0.4900000000000002,12.476481527310073,12.577791506317656,1,3,0,0,1,1,0,2,5,0,0,2,6,1.61E:onset;2.21U;9.67E:onset;10.26U;10.94E:onset;15.94H:onset,10.58E:restep;15.58H:onset
b,四指指尖/数据1,force,v5.1,noise_5ADC,,6,,,4.938017431903844,32.167836116439304,,4.938165088478368,12.02,0.0,-0.27140016566745656,-1.7679880987781866,46.319779873548676,23.25637627489606,9.669326761686376,151.4995260728904,,3.1800000000000015,13.325994638496878,13.521459301085201,3,2,0,0,0,0,0,0,1,0,2,1,0,0.00E:v5_begin;13.45E:v5_begin,0.00E:v5_begin;13.36E:v5_begin;68.54E:v5_begin
b,四指指尖/数据1,force,v6,noise_5ADC,,6,,,8.663094398355378,56.4341873455269,5.730753288166406,8.71298975112792,29.17,0.0,8.001387982487971,52.123618612963206,81.26188922765381,28.292344180500315,15.786534199974275,184.30544312544896,,0.5300000000000011,21.176697695908295,13.369457587384591,1,3,0,0,1,1,0,2,4,0,0,2,6,1.61E:onset;2.21U;9.67E:onset;10.26U;10.94E:onset;15.94H:onset,10.59E:onset;15.59H:onset
b,四指指尖/数据1,force,v6.1,noise_5ADC,,6,,,9.424396493629676,61.39355441411249,5.730753288166406,9.485203475788722,29.17,0.0,8.787140898328373,57.24226620247227,88.40308424299444,29.068787461450754,16.6897061944946,189.36344475459558,,0.4900000000000002,21.176701911079512,12.577791506317656,1,3,0,0,1,1,0,2,4,0,0,2,6,1.61E:onset;2.21U;9.67E:onset;10.26U;10.94E:onset;15.94H:onset,10.59E:onset;15.59H:onset
b,四指指尖/数据1,force,v5.1,noise_5ADC,,7,,,5.032913379909981,32.78601888830503,,5.033204770040738,9.23,0.0,0.8573692210799018,5.58517926988042,47.2099264724928,19.453862548110102,9.887641117040149,126.72872684413964,,3.1800000000000015,14.221456973664404,13.521459301085201,3,2,0,0,0,0,0,0,1,0,0,3,2,0.00E:v5_begin;13.45E:v5_begin,2.53E:v5_begin;8.53E:v5_begin;14.53E:v5_begin
b,四指指尖/数据1,force,v6,noise_5ADC,,7,,,5.817001286561795,37.89382007165019,4.56379097646305,5.83992531898992,11.700000000000001,0.0,3.4289260884947717,22.337129018104065,54.56485782671869,21.934475573835307,11.186554057583736,142.8882391140402,,0.5300000000000011,16.700446004317897,13.369457587384591,2,3,0,0,1,1,1,2,3,0,0,4,6,1.61E:onset;2.21U;9.67E:onset;10.26U;10.94E:onset;15.94H:onset,0.08E:onset;0.92U;10.54E:restep;15.54H:onset
b,四指指尖/数据1,force,v6.1,noise_5ADC,,7,,,6.285665900255392,40.946852324931946,4.5656230462192235,6.316089469781286,25.84,0.0,4.214679003040228,27.455776599177444,58.961043551085304,21.291330504448148,11.983303242077742,138.6985849711698,,0.4900000000000002,16.700448737321775,12.577791506317656,2,3,0,0,1,1,1,2,3,0,0,4,6,1.61E:onset;2.21U;9.67E:onset;10.26U;10.94E:onset;15.94H:onset,0.08E:onset;0.92U;10.54E:restep;15.54H:onset
b,四指指尖/数据1,force,v5.1,noise_5ADC,,8,,,5.168104409008868,33.6666967976961,,5.168184569317834,60.35,0.0,1.3584766984728955,8.849554787340931,48.4780505314078,22.14222465902364,10.144112677945555,144.24158357218278,,3.1800000000000015,15.172567664956691,13.521459301085201,3,2,0,0,0,0,0,0,1,0,1,2,1,0.00E:v5_begin;13.45E:v5_begin,2.51E:v5_begin;13.45E:v5_begin;28.09E:v5_begin
b,四指指尖/数据1,force,v6,noise_5ADC,,8,,,11.815308223641418,76.96872355041046,4.822983259576166,11.916008142334771,60.35,0.0,11.611539965171739,75.64131147976134,110.83040584694659,32.73490646319032,19.639872020009147,213.24572481083555,,0.5300000000000011,24.968949496090907,13.369457587384591,2,3,0,0,1,1,1,2,3,0,0,4,6,1.61E:onset;2.21U;9.67E:onset;10.26U;10.94E:onset;15.94H:onset,0.11E:restep;0.67U;10.50E:onset;15.50H:onset
b,四指指尖/数据1,force,v6.1,noise_5ADC,,8,,,12.593840482421133,82.04033345400929,4.822983259576166,12.70373590095884,60.35,0.0,12.39729287663612,80.7599590407636,118.1332239006345,33.52936247881646,20.608387503851915,218.42106719566954,,0.4900000000000002,24.968949496090907,12.577791506317656,2,3,0,0,1,1,1,2,3,0,0,4,6,1.61E:onset;2.21U;9.67E:onset;10.26U;10.94E:onset;15.94H:onset,0.11E:restep;0.67U;10.50E:onset;15.50H:onset
b,四指指尖/数据1,force,v5.1,noise_5ADC,,9,,,5.093159653041677,33.178482517170636,,5.09347792517454,75.79,0.0,1.1048086261074457,7.197079255945572,47.7750508666742,18.366205841552432,9.958783173115792,119.64338071687742,,3.1800000000000015,14.704690764201644,13.521459301085201,3,2,0,0,0,0,0,0,1,0,1,2,1,0.00E:v5_begin;13.45E:v5_begin,0.00E:v5_begin;12.30E:v5_begin;18.31E:v5_begin
b,四指指尖/数据1,force,v6,noise_5ADC,,9,,,5.521075365893937,35.966063304906676,5.029752858822484,5.5307101365495,61.52,0.0,2.5478449718003247,16.59748282244677,51.789002193716684,19.57816860102235,10.80015626382401,127.53849651253486,,0.5300000000000011,15.96645390663313,13.369457587384591,1,3,0,0,1,1,0,2,4,0,0,2,6,1.61E:onset;2.21U;9.67E:onset;10.26U;10.94E:onset;15.94H:onset,10.55E:onset;15.55H:onset
b,四指指尖/数据1,force,v6.1,noise_5ADC,,9,,,5.98893531403938,39.01385370762016,5.029752858822484,6.007032724476035,61.52,0.0,3.333597886605587,21.716130405212606,56.17763996354966,20.371581218926725,11.595281431287288,132.70704186852458,,0.4900000000000002,15.966456753092892,12.577791506317656,1,3,0,0,1,1,0,2,4,0,0,2,6,1.61E:onset;2.21U;9.67E:onset;10.26U;10.94E:onset;15.94H:onset,10.55E:onset;15.55H:onset
b,四指指尖/数据1,force,v5.1,noise_5ADC,,10,,,5.118264804278153,33.34202555884476,,5.118568637202155,44.42,0.0,1.6248939243991594,10.585082411610227,48.0105431659627,19.292593607691302,9.9288202977964,125.67816902055907,,3.1800000000000015,14.995476708538394,13.521459301085201,5,2,0,0,0,0,0,0,3,0,1,4,1,0.00E:v5_begin;13.45E:v5_begin,0.00E:v5_begin;12.23E:v5_begin;18.24E:v5_begin;51.94E:v5_begin;68.27E:v5_begin
b,四指指尖/数据1,force,v6,noise_5ADC,,10,,,8.852508978205467,57.66809493024207,4.465746699693563,8.920033652899633,62.34,0.0,7.924581353948748,51.623275494783215,83.03864311005438,25.64106018452741,15.78726959900202,167.0341251812122,,0.5300000000000011,21.44746271160613,13.369457587384591,2,3,0,0,1,1,1,2,2,0,0,4,6,1.61E:onset;2.21U;9.67E:onset;10.26U;10.94E:onset;15.94H:onset,5.14E:onset;5.91U;10.54E:onset;15.54H:onset
b,四指指尖/数据1,force,v6.1,noise_5ADC,,10,,,9.705227678038387,63.22297920675888,4.465746699693563,9.783485083094249,62.34,0.0,8.710334268839182,56.74192307810388,91.03734765393268,26.433484649381548,16.91275260540041,172.19623338994268,,0.4900000000000002,21.447462771347872,12.577791506317656,2,3,0,0,1,1,1,2,2,0,0,4,6,1.61E:onset;2.21U;9.67E:onset;10.26U;10.94E:onset;15.94H:onset,5.14E:onset;5.91U;10.54E:onset;15.54H:onset
b,四指指尖/数据1,force,v5.1,noise_5ADC,,11,,,5.157902899338743,33.600240877737484,,5.158169462043439,67.17,0.0,1.4392434395279041,9.37569535402474,48.38235794044102,20.915065043795913,10.178563320555186,136.2474705631206,,3.1800000000000015,15.238994116915675,13.521459301085201,5,2,0,0,0,0,0,0,3,0,0,5,2,0.00E:v5_begin;13.45E:v5_begin,2.53E:v5_begin;8.05E:v5_begin;14.06E:v5_begin;21.88E:v5_begin;60.35E:v5_begin
b,四指指尖/数据1,force,v6,noise_5ADC,,11,,,5.083049864278568,33.11262409674418,5.7285291637035005,5.068929648600522,12.11,0.0,-1.0600166095796575,-6.905289632506514,47.68021863966548,18.262340950719285,10.083709673594127,118.9667713624863,,0.5300000000000011,12.282056001202843,13.369457587384591,1,3,0,0,1,1,0,2,4,0,0,2,6,1.61E:onset;2.21U;9.67E:onset;10.26U;10.94E:onset;15.94H:onset,10.57E:onset;15.57H:onset
b,四指指尖/数据1,force,v6.1,noise_5ADC,,11,,,4.8840557134881095,31.816312101286215,5.7285291637035005,4.865173299223916,67.17,0.0,-0.32217967829658495,-2.0987822004297643,45.81360609974498,18.587579566200226,9.786670284612534,121.08548046503697,,0.4900000000000002,12.200886976118323,12.577791506317656,1,3,0,0,1,1,0,2,4,0,0,2,6,1.61E:onset;2.21U;9.67E:onset;10.26U;10.94E:onset;15.94H:onset,10.57E:onset;15.57H:onset
b,四指指尖/数据1,force,v5.1,noise_5ADC,,12,,,4.950312267966309,32.247928638790604,,4.950612563754937,6.59,0.0,-0.015867679296321633,-0.10336717401086538,46.435108364759614,20.90515881008648,9.699546355340718,136.1829381658801,,3.1800000000000015,13.677800276450037,13.521459301085201,2,2,0,0,0,0,0,0,0,1,0,2,2,0.00E:v5_begin;13.45E:v5_begin,2.53E:v5_begin;12.89E:v5_begin
b,四指指尖/数据1,force,v6,noise_5ADC,,12,,,4.916635037837725,32.02854431409529,4.871502068860049,4.917557770398127,6.59,0.0,-0.288543387287085,-1.8796645663429017,46.11920792337429,20.90515881008648,9.573230332518712,136.1829381658801,,0.5300000000000011,13.018941595253345,13.369457587384591,1,3,0,0,1,1,0,2,4,0,0,2,6,1.61E:onset;2.21U;9.67E:onset;10.26U;10.94E:onset;15.94H:onset,10.62E:onset;15.62H:onset
b,四指指尖/数据1,force,v6.1,noise_5ADC,,12,,,5.0124600458626185,32.652779282179,4.871502068860049,5.015313933108342,6.59,0.0,0.13583187937638883,0.8848526145204405,47.01806932662025,20.90515881008648,9.911571645751009,136.1829381658801,,0.4900000000000002,12.647239727016904,12.577791506317656,1,3,0,0,1,1,0,2,4,0,0,2,6,1.61E:onset;2.21U;9.67E:onset;10.26U;10.94E:onset;15.94H:onset,10.62E:onset;15.62H:onset
b,四指指尖/数据1,force,v5.1,noise_5ADC,,13,,,5.0179311069863015,32.68841953660025,,5.017912267751082,40.15,0.0,0.365176800552386,2.3788793044348933,47.06938918330735,21.198844514501733,9.789864049889438,138.09610144236706,,3.1800000000000015,14.375197420487954,13.521459301085201,3,2,0,0,0,0,0,0,1,0,2,1,0,0.00E:v5_begin;13.45E:v5_begin,0.00E:v5_begin;5.55E:v5_begin;13.48E:v5_begin
b,四指指尖/数据1,force,v6,noise_5ADC,,13,,,6.91221119259439,45.0283701732229,4.596006961025604,6.951704149902308,40.15,0.0,5.083860444167473,33.117904475233146,64.83818765236917,25.920866963971275,13.03848750743022,168.85687666995062,,0.5300000000000011,18.70240569407037,13.369457587384591,1,3,0,0,1,1,0,2,5,0,0,2,6,1.61E:onset;2.21U;9.67E:onset;10.26U;10.94E:onset;15.94H:onset,10.51E:restep;15.51H:onset
b,四指指尖/数据1,force,v6.1,noise_5ADC,,13,,,7.594194097952099,49.47102648950524,4.596006961025604,7.64346290295978,40.15,0.0,5.869613359287212,38.236552060047586,71.23534977042857,26.70820703208817,14.043227479807957,173.98586348062,,0.4900000000000002,18.702424148523875,12.577791506317656,1,3,0,0,1,1,0,2,5,0,0,2,6,1.61E:onset;2.21U;9.67E:onset;10.26U;10.94E:onset;15.94H:onset,10.51E:restep;15.51H:onset
b,四指指尖/数据1,force,v5.1,noise_5ADC,,14,,,4.947038669500408,32.22660336393804,,4.947233335706462,4.19,0.0,-0.7883786376712212,-5.135752387275768,46.40440123129442,19.8709488537184,9.664251178736107,129.4457613848715,,3.1800000000000015,13.337773714238473,13.521459301085201,5,2,0,0,0,0,0,0,3,0,2,3,0,0.00E:v5_begin;13.45E:v5_begin,0.00E:v5_begin;13.45E:v5_begin;40.77E:v5_begin;50.62E:v5_begin;57.56E:v5_begin
b,四指指尖/数据1,force,v6,noise_5ADC,,14,,,10.148611981547878,66.1113273765619,4.557706283876323,10.231482594163081,57.43,0.0,9.686372907553915,63.10015315858843,95.19639804635467,28.283475973109603,17.624160385887993,184.2476727660031,,0.5300000000000011,22.84309538754685,13.369457587384591,2,3,0,0,1,1,1,2,2,0,0,4,6,1.61E:onset;2.21U;9.67E:onset;10.26U;10.94E:onset;15.94H:onset,0.09E:onset;0.78U;10.51E:onset;15.51H:onset
b,四指指尖/数据1,force,v6.1,noise_5ADC,,14,,,10.65308136612563,69.39760344031438,4.557686909972972,10.742095241071125,57.43,0.0,9.960841637013854,64.88813087031363,99.92844105122859,28.554474764156932,18.270983127831645,186.0130461812206,,0.4900000000000002,22.338234710344626,12.577791506317656,2,3,0,0,1,1,1,2,2,0,0,4,6,1.61E:onset;2.21U;9.67E:onset;10.26U;10.94E:onset;15.94H:onset,0.09E:onset;0.78U;10.51E:onset;15.51H:onset
b,四指指尖/数据1,force,v5.1,noise_5ADC,,15,,,4.970897914106144,32.382030168505516,,4.970940486812764,31.52,0.0,0.2842525831624895,1.8517128861815553,46.62820662957968,22.095815952413993,9.684532875693247,143.9392623088049,,3.1800000000000015,13.869096370364764,13.521459301085201,3,2,0,0,0,0,0,0,1,0,0,3,2,0.00E:v5_begin;13.45E:v5_begin,2.53E:v5_begin;12.52E:v5_begin;18.53E:v5_begin
b,四指指尖/数据1,force,v6,noise_5ADC,,15,,,7.697186181629072,50.141950096944626,4.940178770167136,7.743535939610248,67.84,0.0,6.403791025691149,41.71635744083151,72.20144005067212,26.21037117356928,14.313421189381332,170.74280034231347,,0.5300000000000011,19.594509534472284,13.369457587384591,1,3,0,0,1,1,0,2,5,0,0,2,6,1.61E:onset;2.21U;9.67E:onset;10.26U;10.94E:onset;15.94H:onset,10.55E:restep;15.55H:onset
b,四指指尖/数据1,force,v6.1,noise_5ADC,,15,,,8.436529694900315,54.95827188937141,4.940178770167136,8.493275392145364,67.84,0.0,7.189543940219901,46.83500502179607,79.13665833572718,26.994152132222975,15.303248329248136,175.8486019675291,,0.4900000000000002,19.594509565426872,12.577791506317656,1,3,0,0,1,1,0,2,5,0,0,2,6,1.61E:onset;2.21U;9.67E:onset;10.26U;10.94E:onset;15.94H:onset,10.55E:restep;15.55H:onset
b,四指指尖/数据1,force,v5.1,noise_5ADC,,16,,,5.064413566417198,32.99122124961195,,5.064559845521368,47.12,0.0,1.057092535553426,6.886241272437868,47.505405726082124,19.922511808540253,9.911251151321911,129.7816590813179,,3.1800000000000015,14.472084720290248,13.521459301085201,5,2,0,0,0,0,0,0,3,0,1,4,1,0.00E:v5_begin;13.45E:v5_begin,2.51E:v5_begin;13.21E:v5_begin;21.23E:v5_begin;43.80E:v5_begin;76.36E:v5_begin
b,四指指尖/数据1,force,v6,noise_5ADC,,16,,,5.64439084659883,36.76938006687394,4.824616718260883,5.659985428431458,55.77,0.0,2.9216022551607774,19.032258155718363,52.94573077963608,20.403764619974314,11.058631862493273,132.916694909415,,0.5300000000000011,16.115270243018742,13.369457587384591,2,3,0,0,1,1,1,2,3,0,0,4,6,1.61E:onset;2.21U;9.67E:onset;10.26U;10.94E:onset;15.94H:onset,0.14E:onset;0.67U;10.52E:restep;15.52H:onset
b,四指指尖/数据1,force,v6.1,noise_5ADC,,16,,,6.082639437993183,39.6242725537153,4.824616718260883,6.1057642273210835,55.77,0.0,3.7073551700434835,24.150905738988694,57.056606968959855,21.200715878787626,11.823307198751543,138.10829211210304,,0.4900000000000002,16.115270307730054,12.577791506317656,2,3,0,0,1,1,1,2,3,0,0,4,6,1.61E:onset;2.21U;9.67E:onset;10.26U;10.94E:onset;15.94H:onset,0.14E:onset;0.67U;10.52E:restep;15.52H:onset
b,四指指尖/数据1,force,v5.1,noise_5ADC,,17,,,5.27070851870371,34.33509301764714,,5.2708940830696545,45.480000000000004,0.0,2.303596455906765,15.006369316004912,49.440501523273625,22.17351052664928,10.179551745811192,144.4453897912617,,3.1800000000000015,15.679449312705385,13.521459301085201,5,2,0,0,0,0,0,0,3,0,1,4,1,0.00E:v5_begin;13.45E:v5_begin,0.00E:v5_begin;12.32E:v5_begin;18.33E:v5_begin;32.94E:v5_begin;44.97E:v5_begin
b,四指指尖/数据1,force,v6,noise_5ADC,,17,,,10.457894320033818,68.12609215115465,4.296704674261872,10.54679321833706,45.480000000000004,0.0,9.79329378362871,63.7966701851948,98.09754006033127,31.047024982228287,18.040206656211712,202.2503211671052,,0.5300000000000011,23.198466742757795,13.369457587384591,2,3,0,0,1,1,1,2,2,0,0,4,6,1.61E:onset;2.21U;9.67E:onset;10.26U;10.94E:onset;15.94H:onset,1.06E:onset;1.67U;10.54E:onset;15.54H:onset
b,四指指尖/数据1,force,v6.1,noise_5ADC,,17,,,11.301614520355937,73.62235730338746,4.296704674261872,11.400477816201345,45.480000000000004,0.0,10.579046698062914,68.91531776554345,106.01183653512507,31.83777209282313,18.964875672244958,207.40150254990476,,0.4900000000000002,23.19846688644298,12.577791506317656,2,3,0,0,1,1,1,2,2,0,0,4,6,1.61E:onset;2.21U;9.67E:onset;10.26U;10.94E:onset;15.94H:onset,1.06E:onset;1.67U;10.54E:onset;15.54H:onset
b,四指指尖/数据1,force,v5.1,noise_5ADC,,18,,,4.993077857263791,32.52651746252709,,4.992619686613051,47.1,0.0,0.37091801503830346,2.4162794248757637,46.83625978022925,19.20157285964445,9.78730012964537,125.08523054945327,,3.1800000000000015,14.263585567668995,13.521459301085201,3,2,0,0,0,0,0,0,1,0,2,1,0,0.00E:v5_begin;13.45E:v5_begin,0.00E:v5_begin;13.45E:v5_begin;61.51E:v5_begin
b,四指指尖/数据1,force,v6,noise_5ADC,,18,,,4.925005039534401,32.083069201175164,4.843335466785496,4.926668420325753,47.1,0.0,0.5486595170378885,3.5741448205043946,46.197720533238,18.538105372360164,9.670378513697676,120.76318963042837,,0.5300000000000011,13.700839179431934,13.369457587384591,1,3,0,0,1,1,0,2,4,0,2,0,4,1.61E:onset;2.21U;9.67E:onset;10.26U;10.94E:onset;15.94H:onset,10.73E:onset;15.73H:onset
b,四指指尖/数据1,force,v6.1,noise_5ADC,,18,,,5.021950569283943,32.71460360869999,4.843335466785496,5.025552955801841,15.43,0.0,1.0943648705615319,7.129045268323218,47.10709269719815,19.80305869748731,9.75922091805,129.00350303935585,,0.4900000000000002,13.436114006318906,12.577791506317656,1,3,0,0,1,1,0,2,4,0,2,0,4,1.61E:onset;2.21U;9.67E:onset;10.26U;10.94E:onset;15.94H:onset,10.73E:onset;15.73H:onset
b,四指指尖/数据1,force,v5.1,noise_5ADC,,19,,,5.073642314191326,33.051340285247605,,5.073958268053512,4.37,0.0,0.8953739303095454,5.832754187346995,47.591973578727654,18.48220239824997,9.85868220940892,120.39901965039148,,3.1800000000000015,14.781298970655037,13.521459301085201,3,2,0,0,0,0,0,0,1,0,1,2,1,0.00E:v5_begin;13.45E:v5_begin,0.00E:v5_begin;12.50E:v5_begin;18.51E:v5_begin
b,四指指尖/数据1,force,v6,noise_5ADC,,19,,,5.336761653737926,34.7653844153708,5.020652672410027,5.343058815499458,15.19,0.0,-1.7794919899075312,-11.59218400729546,50.06009566544397,19.82198203413993,10.394438674334891,129.1267757496312,,0.5300000000000011,11.59408236911276,13.369457587384591,1,3,0,0,1,1,0,2,5,0,0,2,6,1.61E:onset;2.21U;9.67E:onset;10.26U;10.94E:onset;15.94H:onset,10.57E:restep;15.57H:onset
b,四指指尖/数据1,force,v6.1,noise_5ADC,,19,,,5.018824244304908,32.69423772077854,5.020652672410027,5.018786679664743,4.37,0.0,-1.0284996831955053,-6.699978222249217,47.07776702412408,18.48220239824997,9.714843521674496,120.39901965039148,,0.4900000000000002,11.54426998705923,12.577791506317656,1,3,0,0,1,1,0,2,5,0,0,2,6,1.61E:onset;2.21U;9.67E:onset;10.26U;10.94E:onset;15.94H:onset,10.57E:restep;15.57H:onset
b,四指指尖/数据1,force,v5.1,noise_5ADC,,20,,,5.056339857635271,32.938626510016476,,5.056413515081053,50.89,0.0,0.8362642671824674,5.447694802160361,47.42967241434332,20.482952419602665,9.848704408764986,133.43254974305907,,3.1800000000000015,14.345864543700813,13.521459301085201,3,2,0,0,0,0,0,0,1,0,1,2,1,0.00E:v5_begin;13.45E:v5_begin,0.00E:v5_begin;12.43E:v5_begin;18.44E:v5_begin
b,四指指尖/数据1,force,v6,noise_5ADC,,20,,,5.141817359184276,33.49545448792237,5.040997866038409,5.143867575912676,56.13,0.0,1.3884415605896556,9.04475555103123,48.23147174180425,20.743609237224987,10.024052503843624,135.13055221217445,,0.5300000000000011,14.759614670627162,13.369457587384591,1,3,0,0,1,1,0,2,5,0,0,2,6,1.61E:onset;2.21U;9.67E:onset;10.26U;10.94E:onset;15.94H:onset,10.48E:restep;15.48H:onset
b,四指指尖/数据1,force,v6.1,noise_5ADC,,20,,,5.314384053627065,34.6196095202895,5.040997866038409,5.319852412310487,56.13,0.0,2.171314979353767,14.144645169082075,49.8501884454863,21.531862280825187,10.382668015314675,140.265486439217,,0.4900000000000002,14.758654507100756,12.577791506317656,1,3,0,0,1,1,0,2,5,0,0,2,6,1.61E:onset;2.21U;9.67E:onset;10.26U;10.94E:onset;15.94H:onset,10.48E:restep;15.48H:onset
b,四指指尖/数据1,force,v5.1,noise_5ADC,,21,,,5.020077232566768,32.70240008991132,,5.020358792580024,75.19,0.0,0.3727866063044268,2.42845203026774,47.089520352514235,17.66279711307764,9.906607319071746,115.06114968742432,,3.1800000000000015,14.327755629422947,13.521459301085201,3,2,0,0,0,0,0,0,1,0,0,3,2,0.00E:v5_begin;13.45E:v5_begin,2.51E:v5_begin;8.04E:v5_begin;14.05E:v5_begin
b,四指指尖/数据1,force,v6,noise_5ADC,,21,,,4.941139872308505,32.18817669899204,4.3285000662821895,4.95292987016609,75.19,0.0,0.10698622276248919,0.6969427159785766,46.34906910838972,17.029040484770697,9.783601512816563,110.93265487382361,,0.5300000000000011,13.258475633170871,13.369457587384591,2,3,0,0,1,1,1,2,3,0,0,4,6,1.61E:onset;2.21U;9.67E:onset;10.26U;10.94E:onset;15.94H:onset,0.91E:onset;1.78U;10.56E:restep;15.56H:onset
b,四指指尖/数据1,force,v6.1,noise_5ADC,,21,,,4.8911027945638965,31.862219057320953,4.328528648156356,4.901981931299978,75.19,0.0,0.8927391342600961,5.8155902771972805,45.87970939903116,17.8126934883195,9.710707062303824,116.03762295827087,,0.4900000000000002,13.25847589417973,12.577791506317656,2,3,0,0,1,1,1,2,3,0,0,4,6,1.61E:onset;2.21U;9.67E:onset;10.26U;10.94E:onset;15.94H:onset,0.91E:onset;1.78U;10.56E:restep;15.56H:onset
b,四指指尖/数据1,force,v5.1,noise_5ADC,,22,,,5.012398062565344,32.65237550301536,,5.011444988449865,0.9400000000000001,0.0,0.5792361654288891,3.773330957045123,47.0174879085258,19.746714198963055,9.80249948283465,128.63645682706812,,3.1800000000000015,14.163053425991956,13.521459301085201,3,2,0,0,0,0,0,0,1,0,0,3,2,0.00E:v5_begin;13.45E:v5_begin,2.51E:v5_begin;13.13E:v5_begin;61.20E:v5_begin
b,四指指尖/数据1,force,v6,noise_5ADC,,22,,,5.342325715580994,34.801630506434215,5.270202554186066,5.343796991325496,0.9400000000000001,0.0,2.6225752273666165,17.084299778268914,50.11228789103405,19.746714198963055,10.314087638174012,128.63645682706812,,0.5300000000000011,15.717078871296714,13.369457587384591,1,3,0,0,0,1,1,2,4,0,0,2,6,1.61E:onset;2.21U;9.67E:onset;10.26U;10.94E:onset;15.94H:onset,0.17E:onset;0.73U
b,四指指尖/数据1,force,v6.1,noise_5ADC,,22,,,5.611210665872712,36.553233682088894,5.270202554186066,5.617998347503996,45.38,0.0,3.4083281388309996,22.202947339271187,52.6344927800558,20.49464603885454,10.843870403390802,133.50872574545065,,0.4900000000000002,15.717078871296714,12.577791506317656,1,3,0,0,0,1,1,2,4,0,0,2,6,1.61E:onset;2.21U;9.67E:onset;10.26U;10.94E:onset;15.94H:onset,0.17E:onset;0.73U
b,四指指尖/数据1,force,v5.1,noise_5ADC,,23,,,5.026322673949327,32.74308490677142,,5.026552814818284,60.77,0.0,0.7367850164248325,4.799654919862092,47.14810408050682,19.039704570052333,9.809335972369295,124.03076837230377,,3.1800000000000015,14.438699955252577,13.521459301085201,3,2,0,0,0,0,0,0,1,0,2,1,0,0.00E:v5_begin;13.45E:v5_begin,0.00E:v5_begin;13.31E:v5_begin;34.98E:v5_begin
b,四指指尖/数据1,force,v6,noise_5ADC,,23,,,6.725846156203549,43.81432829687751,5.239813952890907,6.75294399085397,60.77,0.0,4.610077668046293,30.03153086330732,63.09003921409575,23.426503967629987,12.885273520902405,152.60779266250893,,0.5300000000000011,18.093131329839082,13.369457587384591,1,3,0,0,1,1,0,2,5,0,0,2,6,1.61E:onset;2.21U;9.67E:onset;10.26U;10.94E:onset;15.94H:onset,10.55E:restep;15.55H:onset
b,四指指尖/数据1,force,v6.1,noise_5ADC,,23,,,7.409506726812663,48.26791346499353,5.239813952890907,7.4474518659180715,14.93,0.0,5.395830582568646,35.15017844423019,69.50293823187619,26.465562845569508,13.9059263963827,172.40520109249036,,0.4900000000000002,18.093131366312825,12.577791506317656,1,3,0,0,1,1,0,2,5,0,0,2,6,1.61E:onset;2.21U;9.67E:onset;10.26U;10.94E:onset;15.94H:onset,10.55E:restep;15.55H:onset
b,四指指尖/数据1,force,v5.1,noise_5ADC,,24,,,4.946956129437711,32.22606567138298,,4.947047939063202,79.59,0.0,-0.6510085227243055,-4.240879210774017,46.40362698584317,20.496425181968107,9.58655252725374,133.5203156567651,,3.1800000000000015,12.622285870367714,13.521459301085201,2,2,0,0,0,0,0,0,0,1,0,2,2,0.00E:v5_begin;13.45E:v5_begin,2.57E:v5_begin;12.84E:v5_begin
b,四指指尖/数据1,force,v6,noise_5ADC,,24,,,4.970532162507377,32.37964754478037,4.959988817943118,4.970748498467342,79.59,0.0,0.30624938872867663,1.9950071629426391,46.62477579245185,21.423811540755786,9.734268389449115,139.5616091146138,,0.5300000000000011,13.205453984026894,13.369457587384591,2,3,0,0,1,1,1,2,3,0,0,4,6,1.61E:onset;2.21U;9.67E:onset;10.26U;10.94E:onset;15.94H:onset,0.08E:onset;0.67U;10.57E:restep;15.57H:onset
b,四指指尖/数据1,force,v6.1,noise_5ADC,,24,,,4.94099921996638,32.18726044433048,4.959988817943118,4.940608390482841,79.59,0.0,1.0569361904699563,6.885222790204458,46.34774975591359,22.17053673165382,9.684514202728188,144.42601753278407,,0.4900000000000002,13.14899978267274,12.577791506317656,2,3,0,0,1,1,1,2,3,0,0,4,6,1.61E:onset;2.21U;9.67E:onset;10.26U;10.94E:onset;15.94H:onset,0.08E:onset;0.67U;10.57E:restep;15.57H:onset
b,四指指尖/数据1,force,v5.1,noise_5ADC,,25,,,4.967761463090087,32.36159831631725,,4.968024552267058,27.29,0.0,0.5720715099658105,3.7266580835801526,46.598785971866064,22.34414810239474,9.646064172974002,145.55697792305372,,3.1800000000000015,13.88111448973878,13.521459301085201,2,2,0,0,0,0,0,0,0,1,1,1,1,0.00E:v5_begin;13.45E:v5_begin,2.55E:v5_begin;13.46E:v5_begin
b,四指指尖/数据1,force,v6,noise_5ADC,,25,,,4.938798123083164,32.17292179024671,5.000066905984171,4.937531635078161,11.85,0.0,-0.09903292330382964,-0.6451323614994335,46.32710294279135,23.46743788509647,9.691467293961846,152.8744493859458,,0.5300000000000011,13.199675893014591,13.369457587384591,2,3,0,0,1,1,1,2,3,0,0,4,6,1.61E:onset;2.21U;9.67E:onset;10.26U;10.94E:onset;15.94H:onset,0.08E:onset;0.70U;10.57E:restep;15.57H:onset
b,四指指尖/数据1,force,v6.1,noise_5ADC,,25,,,4.945219608471416,32.21475341446472,5.000062877641932,4.94408669889893,11.85,0.0,0.6599841421565089,4.299349286856217,46.38733800549552,22.203899630787927,9.659587923489314,144.6433542041335,,0.4900000000000002,13.17762614411119,12.577791506317656,2,3,0,0,1,1,1,2,3,0,0,4,6,1.61E:onset;2.21U;9.67E:onset;10.26U;10.94E:onset;15.94H:onset,0.08E:onset;0.70U;10.57E:restep;15.57H:onset
b,四指指尖/数据1,force,v5.1,noise_5ADC,,26,,,4.976126733883441,32.41609238476903,,4.9764344672442755,3.49,0.0,0.3609375675632108,2.351263575261047,46.67725420472959,19.990355903116928,9.70485524496399,130.22361736637995,,3.1800000000000015,13.550432713943072,13.521459301085201,2,2,0,0,0,0,0,0,0,1,1,1,1,0.00E:v5_begin;13.45E:v5_begin,0.00E:v5_begin;12.76E:v5_begin
b,四指指尖/数据1,force,v6,noise_5ADC,,26,,,13.652566691536798,88.93721700224762,5.142091530128524,13.77236846539746,78.67,0.0,14.34508925183632,93.44853202570698,128.06432795785267,31.49750814597511,21.92671652786785,205.18491359907966,,0.5300000000000011,27.444846077732244,13.369457587384591,2,3,0,0,1,1,1,2,2,0,0,4,6,1.61E:onset;2.21U;9.67E:onset;10.26U;10.94E:onset;15.94H:onset,0.08E:onset;0.75U;10.52E:onset;15.52H:onset
b,四指指尖/数据1,force,v6.1,noise_5ADC,,26,,,14.444868548684658,94.09852650488673,5.142467674261734,14.57384572941362,78.67,0.0,15.130842163300702,98.56717958670924,135.49630812450496,32.28422418849625,22.922299347705557,210.30983530601594,,0.4900000000000002,27.444846077732244,12.577791506317656,2,3,0,0,1,1,1,2,2,0,0,4,6,1.61E:onset;2.21U;9.67E:onset;10.26U;10.94E:onset;15.94H:onset,0.08E:onset;0.75U;10.52E:onset;15.52H:onset
b,四指指尖/数据1,force,v5.1,noise_5ADC,,27,,,4.985959472169174,32.480146009146246,,4.986075855711268,71.53,0.0,-0.2759939271626042,-1.7979133408356947,46.769487632259995,19.677269842784142,9.726431112314101,128.18407392247525,,3.1800000000000015,13.32688023010816,13.521459301085201,2,2,0,0,0,0,0,0,0,1,1,1,1,0.00E:v5_begin;13.45E:v5_begin,2.51E:v5_begin;13.39E:v5_begin
b,四指指尖/数据1,force,v6,noise_5ADC,,27,,,5.00800064654851,32.62372931864764,4.906886343034915,5.010056241235783,71.53,0.0,-1.0955397754071114,-7.136698976931219,46.97623909871072,18.50966736595203,9.805361687714083,120.57793529663343,,0.5300000000000011,12.242324404402964,13.369457587384591,1,3,0,0,1,1,0,2,5,0,0,2,6,1.61E:onset;2.21U;9.67E:onset;10.26U;10.94E:onset;15.94H:onset,10.49E:restep;15.49H:onset
b,四指指尖/数据1,force,v6.1,noise_5ADC,,27,,,4.895693868315511,31.892126790551345,4.906886343034915,4.895463695990742,71.53,0.0,-0.3147129684078209,-2.050141647142338,45.92277476453271,19.282464010837433,9.575345937612488,125.6121815638491,,0.4900000000000002,12.237182514486905,12.577791506317656,1,3,0,0,1,1,0,2,5,0,0,2,6,1.61E:onset;2.21U;9.67E:onset;10.26U;10.94E:onset;15.94H:onset,10.49E:restep;15.49H:onset
b,四指指尖/数据1,force,v5.1,noise_5ADC,,28,,,5.153653300908292,33.572557624740405,,5.153934126853849,57.18,0.0,1.5666589492561307,10.205721025693931,48.34249569480015,19.801122231585975,10.16280330399522,128.9908882767273,,3.1800000000000015,15.162499138875226,13.521459301085201,4,2,0,0,0,0,0,0,2,0,0,4,2,0.00E:v5_begin;13.45E:v5_begin,2.51E:v5_begin;10.97E:v5_begin;16.98E:v5_begin;52.33E:v5_begin
b,四指指尖/数据1,force,v6,noise_5ADC,,28,,,11.95596726335302,77.88502184221176,4.929590652408036,12.057454960637447,55.57,0.0,12.689422586969572,82.66298607060669,112.14982114802912,29.95533755262447,19.879519596648844,195.13871761160033,,0.5300000000000011,25.661966468211016,13.369457587384591,3,3,0,0,1,1,1,2,3,0,2,3,4,1.61E:onset;2.21U;9.67E:onset;10.26U;10.94E:onset;15.94H:onset,0.12E:onset;0.80U;10.72E:onset;15.72H:onset;73.61E:decrease
b,四指指尖/数据1,force,v6.1,noise_5ADC,,28,,,12.761919535118595,83.13525454255104,4.929600722806914,12.872950727581092,55.57,0.0,13.475175504058598,87.7816336682497,119.70984545567414,30.752288684821195,20.7701772615577,200.3303139894671,,0.4900000000000002,25.661966804752424,12.577791506317656,3,3,0,0,1,1,1,2,3,0,2,3,4,1.61E:onset;2.21U;9.67E:onset;10.26U;10.94E:onset;15.94H:onset,0.12E:onset;0.80U;10.72E:onset;15.72H:onset;73.61E:decrease
b,四指指尖/数据1,force,v5.1,noise_5ADC,,29,,,5.258013920469395,34.252396315742615,,5.257506770642853,12.4,0.0,1.9210681517421568,12.51445672801667,49.321423167657144,19.047422941774904,10.363583877370974,124.0810483318384,,3.1800000000000015,15.783254548876437,13.521459301085201,4,2,0,0,0,0,0,0,2,0,1,3,1,0.00E:v5_begin;13.45E:v5_begin,2.51E:v5_begin;13.45E:v5_begin;20.21E:v5_begin;39.42E:v5_begin
b,四指指尖/数据1,force,v6,noise_5ADC,,29,,,4.98449049894877,32.47057664442345,4.622825473369294,4.9916447944410445,73.4,0.0,-0.5995798974955561,-3.9058565805654486,46.755708313505544,18.637869882306624,9.728786147116606,121.41308778296634,,0.5300000000000011,12.792042647093544,13.369457587384591,2,3,0,0,1,1,1,2,3,0,0,4,6,1.61E:onset;2.21U;9.67E:onset;10.26U;10.94E:onset;15.94H:onset,0.05E:onset;0.37U;10.64E:restep;15.64H:onset
b,四指指尖/数据1,force,v6.1,noise_5ADC,,29,,,4.8950967862658255,31.888237205755992,4.622825473369294,4.900530945793384,13.84,0.0,0.16640463950718729,1.08401342168178,45.91717399266642,19.879303743653914,9.585365953194165,129.50018782907156,,0.4900000000000002,12.76300265041157,12.577791506317656,2,3,0,0,1,1,1,2,3,0,0,4,6,1.61E:onset;2.21U;9.67E:onset;10.26U;10.94E:onset;15.94H:onset,0.05E:onset;0.37U;10.64E:restep;15.64H:onset
b,四指指尖/数据1,force,v5.1,dropout_1frame,,0,,142,3.2819921263508594e-06,2.137995386038856e-05,,3.2821972957397606e-06,1.42,,1.7763568394002505e-17,1.1571760627040258e-16,3.07858679997977e-05,0.0002935319523784674,3.552713678800501e-15,0.0019121616861948883,3.1800000000000015,3.1800000000000015,13.521459301085203,13.521459301085201,2,2,0,0,0,0,0,0,0,1,2,0,0,0.00E:v5_begin;13.45E:v5_begin,0.00E:v5_begin;13.45E:v5_begin
b,四指指尖/数据1,force,v6,dropout_1frame,,0,,142,3.2819921263508594e-06,2.137995386038856e-05,2.313355862331503e-05,1.4770226607913908e-15,1.42,,2.1316282072803006e-17,1.388611275244831e-16,3.07858679997977e-05,0.0002935319523784674,3.552713678800501e-15,0.0019121616861948883,0.5300000000000011,0.5300000000000011,13.369457587384591,13.369457587384591,3,3,0,0,1,1,2,2,0,1,6,0,0,1.61E:onset;2.21U;9.67E:onset;10.26U;10.94E:onset;15.94H:onset,1.61E:onset;2.21U;9.67E:onset;10.26U;10.94E:onset;15.94H:onset
b,四指指尖/数据1,force,v6.1,dropout_1frame,,0,,142,3.2819921263508594e-06,2.137995386038856e-05,2.313355862331503e-05,1.3973282913567337e-15,1.42,,0.0,0.0,3.07858679997977e-05,0.0002935319523784674,3.552713678800501e-15,0.0019121616861948883,0.4900000000000002,0.4900000000000002,12.577791506317654,12.577791506317656,3,3,0,0,1,1,2,2,0,1,6,0,0,1.61E:onset;2.21U;9.67E:onset;10.26U;10.94E:onset;15.94H:onset,1.61E:onset;2.21U;9.67E:onset;10.26U;10.94E:onset;15.94H:onset
b,四指指尖/数据1,force,v5.1,dropout_1frame,,1,,3855,0.00010809768094668038,0.0007041831125977422,,0.00010810443852996749,38.550000000000004,,-6.402905884037579e-07,-4.171059134299073e-06,0.0010139819989175027,0.009658650242236888,9.62363912115903e-06,0.06291955878707661,3.1800000000000015,3.1800000000000015,13.52145833241929,13.521459301085201,2,2,0,0,0,0,0,0,0,1,2,0,0,0.00E:v5_begin;13.45E:v5_begin,0.00E:v5_begin;13.45E:v5_begin
b,四指指尖/数据1,force,v6,dropout_1frame,,1,,3855,0.000108097162969613,0.0007041797383282817,0.0,0.00010920172903572896,38.550000000000004,,-6.381772979047184e-07,-4.157292479284791e-06,0.001013977140169215,0.009658954763613892,9.272361206491538e-06,0.06292154253741458,0.5300000000000011,0.5300000000000011,13.369456119713709,13.369457587384591,3,3,0,0,1,1,2,2,0,1,6,0,0,1.61E:onset;2.21U;9.67E:onset;10.26U;10.94E:onset;15.94H:onset,1.61E:onset;2.21U;9.67E:onset;10.26U;10.94E:onset;15.94H:onset
b,四指指尖/数据1,force,v6.1,dropout_1frame,,1,,3855,0.0001081177119376472,0.0007043136009250024,0.0,0.00010922248797867981,38.550000000000004,,-6.443455718496694e-07,-4.197474602600217e-06,0.001014169894384667,0.009662260347234053,8.61867984998098e-06,0.0629430761738646,0.4900000000000002,0.4900000000000002,12.577790760792867,12.577791506317656,3,3,0,0,1,1,2,2,0,1,6,0,0,1.61E:onset;2.21U;9.67E:onset;10.26U;10.94E:onset;15.94H:onset,1.61E:onset;2.21U;9.67E:onset;10.26U;10.94E:onset;15.94H:onset
b,四指指尖/数据1,force,v5.1,dropout_1frame,,2,,6026,0.000125569835561868,0.0008180023556468195,,0.000125577685393749,60.26,,-6.931356327193327e-07,-4.515308774676301e-06,0.0011778749715229216,0.01120653925974402,1.4993020466569332e-05,0.07300300643145002,3.1800000000000015,3.1800000000000015,13.521485044497055,13.521459301085201,2,2,0,0,0,0,0,0,0,1,2,0,0,0.00E:v5_begin;13.45E:v5_begin,0.00E:v5_begin;13.45E:v5_begin
b,四指指尖/数据1,force,v6,dropout_1frame,,2,,6026,0.00012557319143563262,0.0008180242168894692,0.0,0.00012685633229024201,60.26,,-6.189325825047831e-07,-4.031926204331412e-06,0.0011779064504182889,0.011207282441571209,1.4948407579140592e-05,0.07300784775725566,0.5300000000000011,0.5300000000000011,13.369457587384591,13.369457587384591,3,3,0,0,1,1,2,2,0,1,6,0,0,1.61E:onset;2.21U;9.67E:onset;10.26U;10.94E:onset;15.94H:onset,1.61E:onset;2.21U;9.67E:onset;10.26U;10.94E:onset;15.94H:onset
b,四指指尖/数据1,force,v6.1,dropout_1frame,,2,,6026,0.00012557942195517806,0.0008180648045006759,0.0,0.0001268626264749224,60.26,,-9.578384561237385e-07,-6.239668228698882e-06,0.0011779648941758944,0.011210503920635162,1.3872482220733644e-05,0.07302883350953597,0.4900000000000002,0.4900000000000002,12.577813989314784,12.577791506317656,3,3,0,0,1,1,2,2,0,1,6,0,0,1.61E:onset;2.21U;9.67E:onset;10.26U;10.94E:onset;15.94H:onset,1.61E:onset;2.21U;9.67E:onset;10.26U;10.94E:onset;15.94H:onset
b,四指指尖/数据1,force,v5.1,dropout_1frame,,3,,206,0.00036475327278222817,0.0023761203081192513,,0.00036477607484975165,2.06,,1.7763568394002505e-17,1.1571760627040258e-16,0.0034214725922738012,0.032622485419233085,3.552713678800501e-15,0.21251337791900593,3.1800000000000015,3.1800000000000015,13.521459301085203,13.521459301085201,2,2,0,0,0,0,0,0,0,1,2,0,0,0.00E:v5_begin;13.45E:v5_begin,0.00E:v5_begin;13.45E:v5_begin
b,四指指尖/数据1,force,v6,dropout_1frame,,3,,206,0.0003647532727540049,0.0023761203079353966,0.0,0.00036848042041006377,2.06,,2.1316282072803006e-17,1.388611275244831e-16,0.0034214725920090608,0.032622485419233085,3.552713678800501e-15,0.21251337791900593,0.5300000000000011,0.5300000000000011,13.369457587384591,13.369457587384591,3,3,0,0,1,1,2,2,0,1,6,0,0,1.61E:onset;2.21U;9.67E:onset;10.26U;10.94E:onset;15.94H:onset,1.51E:onset;2.11U;9.67E:onset;10.26U;10.94E:onset;15.94H:onset
b,四指指尖/数据1,force,v6.1,dropout_1frame,,3,,206,0.0003647532727540049,0.0023761203079353966,0.0,0.00036848042041006377,2.06,,0.0,0.0,0.0034214725920090608,0.032622485419233085,3.552713678800501e-15,0.21251337791900593,0.4900000000000002,0.4900000000000002,12.577791506317654,12.577791506317656,3,3,0,0,1,1,2,2,0,1,6,0,0,1.61E:onset;2.21U;9.67E:onset;10.26U;10.94E:onset;15.94H:onset,1.51E:onset;2.11U;9.67E:onset;10.26U;10.94E:onset;15.94H:onset
b,四指指尖/数据1,force,v5.1,dropout_1frame,,4,,3808,7.191035319069188e-05,0.00046844720344002403,,7.191484857113517e-05,38.08,,-1.53926684890493e-06,-1.0027280060846476e-05,0.0006745362438175468,0.006378201175902376,1.3875825658793382e-05,0.04154965691666342,3.1800000000000015,3.1800000000000015,13.521456611092663,13.521459301085201,2,2,0,0,0,0,0,0,0,1,2,0,0,0.00E:v5_begin;13.45E:v5_begin,0.00E:v5_begin;13.45E:v5_begin
b,四指指尖/数据1,force,v6,dropout_1frame,,4,,3808,7.188935394163323e-05,0.00046831040756767193,0.0,7.262393881599528e-05,38.08,,-1.5379727613620275e-06,-1.0018849957758653e-05,0.0006743392658588173,0.006378933077471061,1.2745633387645193e-05,0.04155442475923172,0.5300000000000011,0.5300000000000011,13.369454402648625,13.369457587384591,3,3,0,0,1,1,2,2,0,1,6,0,0,1.61E:onset;2.21U;9.67E:onset;10.26U;10.94E:onset;15.94H:onset,1.61E:onset;2.21U;9.67E:onset;10.26U;10.94E:onset;15.94H:onset
b,四指指尖/数据1,force,v6.1,dropout_1frame,,4,,3808,7.188268679474153e-05,0.00046826697562529144,0.0,7.261720354239228e-05,38.08,,-1.7778539810571203e-06,-1.1581513490031411e-05,0.0006742767264326879,0.006385521888320866,1.2107681360440348e-05,0.04159734639540283,0.4900000000000002,0.4900000000000002,12.577789389716267,12.577791506317656,3,3,0,0,1,1,2,2,0,1,6,0,0,1.61E:onset;2.21U;9.67E:onset;10.26U;10.94E:onset;15.94H:onset,1.61E:onset;2.21U;9.67E:onset;10.26U;10.94E:onset;15.94H:onset
b,四指指尖/数据1,force,v5.1,dropout_1frame,,5,,7036,0.00014641714471318382,0.0009538084425017455,,0.00014642629778697226,70.36,,-2.949997872519816e-06,-1.921723635359372e-05,0.0013734276977255232,0.01309476288107625,3.1988419534556552e-06,0.0853035033089563,3.1800000000000015,3.1800000000000015,13.521485044497055,13.521459301085201,2,2,0,0,0,0,0,0,0,1,2,0,0,0.00E:v5_begin;13.45E:v5_begin,0.00E:v5_begin;13.45E:v5_begin
b,四指指尖/数据1,force,v6,dropout_1frame,,5,,7036,0.00014641850219030225,0.0009538172855449464,0.0,0.00014791464607167678,70.36,,-2.842121006548126e-06,-1.8514491700868893e-05,0.0013734404311842798,0.01309491144025543,3.0788200280795757e-06,0.08530447107130128,0.5300000000000011,0.5300000000000011,13.369457587384591,13.369457587384591,3,3,0,0,1,1,2,2,0,1,6,0,0,1.61E:onset;2.21U;9.67E:onset;10.26U;10.94E:onset;15.94H:onset,1.61E:onset;2.21U;9.67E:onset;10.26U;10.94E:onset;15.94H:onset
b,四指指尖/数据1,force,v6.1,dropout_1frame,,5,,7036,0.00014642297266572216,0.0009538464076617988,0.0,0.0001479191622276244,70.36,,-2.5026671714378777e-06,-1.630318007884546e-05,0.0013734823653087003,0.013095391998684036,2.6847632456750146e-06,0.08530760158369596,0.4900000000000002,0.4900000000000002,12.577820089450373,12.577791506317656,3,3,0,0,1,1,2,2,0,1,6,0,0,1.61E:onset;2.21U;9.67E:onset;10.26U;10.94E:onset;15.94H:onset,1.61E:onset;2.21U;9.67E:onset;10.26U;10.94E:onset;15.94H:onset
b,四指指尖/数据1,force,v5.1,dropout_1frame,,6,,3859,4.1676707968606854e-05,0.0002714955000249888,,4.167931333278085e-05,38.59,,4.829888475015309e-07,3.1463449262282156e-06,0.00039093744920534995,0.0037271516243215785,1.1337945588607566e-06,0.024279866218712805,3.1800000000000015,3.1800000000000015,13.52146008454414,13.521459301085201,2,2,0,0,0,0,0,0,0,1,2,0,0,0.00E:v5_begin;13.45E:v5_begin,0.00E:v5_begin;13.45E:v5_begin
b,四指指尖/数据1,force,v6,dropout_1frame,,6,,3859,4.1656573002674486e-05,0.00027136433437131217,0.0,4.20822311393489e-05,38.59,,4.816715734357046e-07,3.1377637786615496e-06,0.0003907485784282395,0.0037249815171733758,1.7808094908033916e-06,0.02426572944174489,0.5300000000000011,0.5300000000000011,13.36945862901994,13.369457587384591,3,3,0,0,1,1,2,2,0,1,6,0,0,1.61E:onset;2.21U;9.67E:onset;10.26U;10.94E:onset;15.94H:onset,1.61E:onset;2.21U;9.67E:onset;10.26U;10.94E:onset;15.94H:onset
b,四指指尖/数据1,force,v6.1,dropout_1frame,,6,,3859,4.165689973395918e-05,0.00027136646280414276,0.0,4.2082561209262284e-05,38.59,,7.415012745752847e-07,4.83037814458916e-06,0.0003907516432455257,0.0037244573393717673,2.315109918704649e-06,0.0242623147787044,0.4900000000000002,0.4900000000000002,12.577792376820423,12.577791506317656,3,3,0,0,1,1,2,2,0,1,6,0,0,1.61E:onset;2.21U;9.67E:onset;10.26U;10.94E:onset;15.94H:onset,1.61E:onset;2.21U;9.67E:onset;10.26U;10.94E:onset;15.94H:onset
b,四指指尖/数据1,force,v5.1,dropout_1frame,,7,,4698,2.199739452442427e-05,0.00014329811342474787,,2.1998769662394817e-05,46.980000000000004,,-2.3326667664811398e-06,-1.51957426828077e-05,0.00020634080098216594,0.0019114103490220913,6.229218289988104e-06,0.012451542690262008,3.1800000000000015,3.1800000000000015,13.521455821667365,13.521459301085201,2,2,0,0,0,0,0,0,0,1,2,0,0,0.00E:v5_begin;13.45E:v5_begin,0.00E:v5_begin;13.45E:v5_begin
b,四指指尖/数据1,force,v6,dropout_1frame,,7,,4698,2.090695350020875e-05,0.00013619462935541703,0.0,2.112058640923048e-05,46.980000000000004,,8.526512829121202e-17,5.554445100979324e-16,0.0001961122044040295,0.0018698578920801623,3.552713678800501e-15,0.0121808566014468,0.5300000000000011,0.5300000000000011,13.369457587384593,13.369457587384591,3,3,0,0,1,1,2,2,0,1,6,0,0,1.61E:onset;2.21U;9.67E:onset;10.26U;10.94E:onset;15.94H:onset,1.61E:onset;2.21U;9.67E:onset;10.26U;10.94E:onset;15.94H:onset
b,四指指尖/数据1,force,v6.1,dropout_1frame,,7,,4698,2.1263199830085543e-05,0.00013851533269731295,0.0,2.1480472960518735e-05,46.980000000000004,,-1.3008760381509887e-06,-8.474325532486032e-06,0.0001994538798452785,0.0018889242472699408,2.92673108859275e-06,0.012305060980540326,0.4900000000000002,0.4900000000000002,12.577789974799476,12.577791506317656,3,3,0,0,1,1,2,2,0,1,6,0,0,1.61E:onset;2.21U;9.67E:onset;10.26U;10.94E:onset;15.94H:onset,1.61E:onset;2.21U;9.67E:onset;10.26U;10.94E:onset;15.94H:onset
b,四指指尖/数据1,force,v5.1,dropout_1frame,,8,,1120,0.0012816122984903116,0.008348835327370354,,0.0012816924167849224,11.200000000000001,11.200000000000001,1.7763568394002505e-17,1.1571760627040258e-16,0.012021828672730366,0.1146237241545105,3.552713678800501e-15,0.7466958601311877,3.1800000000000015,3.1800000000000015,13.521459301085203,13.521459301085201,2,2,0,0,0,0,0,0,0,1,2,0,0,0.00E:v5_begin;13.45E:v5_begin,0.00E:v5_begin;13.45E:v5_begin
b,四指指尖/数据1,force,v6,dropout_1frame,,8,,1120,0.004406280974617868,0.028703933558177866,0.0,0.004451305546111048,19.07,11.200000000000001,0.002365111915255596,0.015407100832701432,0.041331965230956176,0.1874911184394623,0.0023949150895939296,1.2213775375278946,0.5300000000000011,0.5300000000000011,13.37184684838214,13.369457587384591,3,3,0,0,1,1,2,2,0,1,6,0,0,1.61E:onset;2.21U;9.67E:onset;10.26U;10.94E:onset;15.94H:onset,1.61E:onset;2.21U;9.67E:onset;10.26U;10.94E:onset;15.94H:onset
b,四指指尖/数据1,force,v6.1,dropout_1frame,,8,,1120,0.0022873674060892037,0.014900648058019082,0.0,0.002310740345286655,11.200000000000001,11.200000000000001,0.0020597684848511085,0.013417995374097168,0.021456051178647417,0.11393443796547054,0.0020908526082498826,0.7422056278725677,0.4900000000000002,0.4900000000000002,12.57983941873492,12.577791506317656,3,3,0,0,1,1,2,2,0,1,6,0,0,1.61E:onset;2.21U;9.67E:onset;10.26U;10.94E:onset;15.94H:onset,1.61E:onset;2.21U;9.67E:onset;10.26U;10.94E:onset;15.94H:onset
b,四指指尖/数据1,force,v5.1,dropout_1frame,,9,,4136,0.00010580136941309702,0.0006892241996122691,,0.00010580798344551141,41.36,,-3.8391338832965973e-07,-2.500935472383301e-06,0.0009924420496922398,0.009449219616698201,9.773279081670674e-06,0.061555260233457615,3.1800000000000015,3.1800000000000015,13.521458602116109,13.521459301085201,2,2,0,0,0,0,0,0,0,1,2,0,0,0.00E:v5_begin;13.45E:v5_begin,0.00E:v5_begin;13.45E:v5_begin
b,四指指尖/数据1,force,v6,dropout_1frame,,9,,4136,0.00010579911076511294,0.0006892094860517766,0.0,0.0001068801947118696,41.36,,-3.7949608979204185e-07,-2.4721597668709186e-06,0.0009924208630360811,0.009448969692522624,9.664948024656874e-06,0.06155363214687583,0.5300000000000011,0.5300000000000011,13.369457514606196,13.369457587384591,3,3,0,0,1,1,2,2,0,1,6,0,0,1.61E:onset;2.21U;9.67E:onset;10.26U;10.94E:onset;15.94H:onset,1.61E:onset;2.21U;9.67E:onset;10.26U;10.94E:onset;15.94H:onset
b,四指指尖/数据1,force,v6.1,dropout_1frame,,9,,4136,0.0001058158645519766,0.0006893186256159017,0.0,0.00010689711969346158,41.36,,-1.002613838991806e-07,-6.531349495120718e-07,0.0009925780175480436,0.009451033133956344,1.0093621191487026e-05,0.06156707406902193,0.4900000000000002,0.4900000000000002,12.577791371909909,12.577791506317656,3,3,0,0,1,1,2,2,0,1,6,0,0,1.61E:onset;2.21U;9.67E:onset;10.26U;10.94E:onset;15.94H:onset,1.61E:onset;2.21U;9.67E:onset;10.26U;10.94E:onset;15.94H:onset
b,四指指尖/数据1,force,v5.1,dropout_1frame,,10,,2681,0.00015183646168289444,0.0009891116188369248,,0.00015184595353810222,26.810000000000002,,-1.5716535303766932e-06,-1.0238257335897797e-05,0.0014242621819215828,0.013429620292390254,2.4575819466043838e-05,0.08748487234583534,3.1800000000000015,3.1800000000000015,13.521456449460821,13.521459301085201,2,2,0,0,0,0,0,0,0,1,2,0,0,0.00E:v5_begin;13.45E:v5_begin,0.00E:v5_begin;13.45E:v5_begin
b,四指指尖/数据1,force,v6,dropout_1frame,,10,,2681,0.00015237538217171165,0.0009926223204906003,0.0,0.00015393239506487734,26.810000000000002,,-3.851764926551482e-06,-2.5091637408130086e-05,0.0014293173844913585,0.01335960316946938,2.3162410162669287e-05,0.08702875825419372,0.5300000000000011,0.5300000000000011,13.36944836045688,13.369457587384591,3,3,0,0,1,1,2,2,0,1,6,0,0,1.61E:onset;2.21U;9.67E:onset;10.26U;10.94E:onset;15.94H:onset,1.61E:onset;2.21U;9.67E:onset;10.26U;10.94E:onset;15.94H:onset
b,四指指尖/数据1,force,v6.1,dropout_1frame,,10,,2681,0.0001523668635422619,0.000992566827394463,0.0,0.00015392378938976643,26.810000000000002,,-5.6899102064917885e-06,-3.7065907839275385e-05,0.001429237477717764,0.013406901693725715,2.931291002106195e-05,0.0873368760763377,0.4900000000000002,0.4900000000000002,12.57778474930825,12.577791506317656,3,3,0,0,1,1,2,2,0,1,6,0,0,1.61E:onset;2.21U;9.67E:onset;10.26U;10.94E:onset;15.94H:onset,1.61E:onset;2.21U;9.67E:onset;10.26U;10.94E:onset;15.94H:onset
b,四指指尖/数据1,force,v5.1,dropout_1frame,,11,,1386,0.00016972856195919872,0.001105666523189531,,0.00016973917231534694,13.86,,1.7763568394002505e-17,1.1571760627040258e-16,0.0015920943448700937,0.015180035249404256,3.552713678800501e-15,0.09888763919497573,3.1800000000000015,3.1800000000000015,13.521459301085203,13.521459301085201,2,2,0,0,0,0,0,0,0,1,2,0,0,0.00E:v5_begin;13.45E:v5_begin,0.00E:v5_begin;13.45E:v5_begin
b,四指指尖/数据1,force,v6,dropout_1frame,,11,,1386,1.4626222179619156e-15,9.527992247188577e-15,0.0,1.4775676876220408e-15,53.93,,2.1316282072803006e-17,1.388611275244831e-16,1.3719744838575269e-14,5.329070518200751e-15,3.552713678800501e-15,3.4715281881120776e-14,0.5300000000000011,0.5300000000000011,13.369457587384591,13.369457587384591,3,3,0,0,1,1,2,2,0,1,6,0,0,1.61E:onset;2.21U;9.67E:onset;10.26U;10.94E:onset;15.94H:onset,1.61E:onset;2.21U;9.67E:onset;10.26U;10.94E:onset;15.94H:onset
b,四指指尖/数据1,force,v6.1,dropout_1frame,,11,,1386,1.383194436265928e-15,9.010574093056268e-15,0.0,1.3973282913567337e-15,13.69,,0.0,0.0,1.2974693324533941e-14,7.105427357601002e-15,3.552713678800501e-15,4.6287042508161034e-14,0.4900000000000002,0.4900000000000002,12.577791506317654,12.577791506317656,3,3,0,0,1,1,2,2,0,1,6,0,0,1.61E:onset;2.21U;9.67E:onset;10.26U;10.94E:onset;15.94H:onset,1.61E:onset;2.21U;9.67E:onset;10.26U;10.94E:onset;15.94H:onset
b,四指指尖/数据1,force,v5.1,dropout_1frame,,12,,5566,0.0001451959904827625,0.0009458534505036827,,0.00014520506721771228,55.660000000000004,,8.240193921043471e-06,5.367927741753816e-05,0.0013619729801339407,0.012957226110263065,9.658939632473107e-06,0.08440754448246081,3.1800000000000015,3.1800000000000015,13.5214558540929,13.521459301085201,2,2,0,0,0,0,0,0,0,1,2,0,0,0.00E:v5_begin;13.45E:v5_begin,0.00E:v5_begin;13.45E:v5_begin
b,四指指尖/数据1,force,v6,dropout_1frame,,12,,5566,0.0001451850915245855,0.000945782451179498,0.0,0.00014666863208197343,55.660000000000004,,7.93761785059388e-06,5.1708199433063326e-05,0.0013618707453098295,0.012956706361450188,9.742717257132898e-06,0.08440415867127952,0.5300000000000011,0.5300000000000011,13.369457587384591,13.369457587384591,3,3,0,0,1,1,2,2,0,1,6,0,0,1.61E:onset;2.21U;9.67E:onset;10.26U;10.94E:onset;15.94H:onset,1.61E:onset;2.21U;9.67E:onset;10.26U;10.94E:onset;15.94H:onset
b,四指指尖/数据1,force,v6.1,dropout_1frame,,12,,5566,0.00014513131750130693,0.0009454321498709263,0.0,0.00014661430858117186,55.660000000000004,,7.77300029786332e-06,5.0635827670275854e-05,0.0013613663321611264,0.012953858212215508,9.699345358171702e-06,0.08438560490975887,0.4900000000000002,0.4900000000000002,12.577800215333287,12.577791506317656,3,3,0,0,1,1,2,2,0,1,6,0,0,1.61E:onset;2.21U;9.67E:onset;10.26U;10.94E:onset;15.94H:onset,1.61E:onset;2.21U;9.67E:onset;10.26U;10.94E:onset;15.94H:onset
b,四指指尖/数据1,force,v5.1,dropout_1frame,,13,,3254,0.0002606126308287799,0.0016977146221094051,,0.0002606289226820655,32.54,,4.76964182957218e-06,3.107098320805994e-05,0.0024446085617809044,0.0231991077190159,2.6169874928427718e-05,0.15112646025334187,3.1800000000000015,3.1800000000000015,13.52146757358733,13.521459301085201,2,2,0,0,0,0,0,0,0,1,2,0,0,0.00E:v5_begin;13.45E:v5_begin,0.00E:v5_begin;13.45E:v5_begin
b,四指指尖/数据1,force,v6,dropout_1frame,,13,,3254,0.00026060386199110717,0.0016976574990763098,0.0,0.00026326678278149876,32.54,,4.85455170072413e-06,3.162411345872227e-05,0.0024445263079945724,0.023205803227837052,2.1390500710616226e-05,0.15117007695446638,0.5300000000000011,0.5300000000000011,13.369468886144128,13.369457587384591,3,3,0,0,1,1,2,2,0,1,6,0,0,1.61E:onset;2.21U;9.67E:onset;10.26U;10.94E:onset;15.94H:onset,1.61E:onset;2.21U;9.67E:onset;10.26U;10.94E:onset;15.94H:onset
b,四指指尖/数据1,force,v6.1,dropout_1frame,,13,,3254,0.000260746006658139,0.0016985834752230046,0.0,0.0002634103799212078,32.54,,4.6784691264392105e-06,3.047705485257753e-05,0.0024458596588338333,0.02323350529599466,2.811201562344925e-05,0.15135053714944727,0.4900000000000002,0.4900000000000002,12.57779707473948,12.577791506317656,3,3,0,0,1,1,2,2,0,1,6,0,0,1.61E:onset;2.21U;9.67E:onset;10.26U;10.94E:onset;15.94H:onset,1.61E:onset;2.21U;9.67E:onset;10.26U;10.94E:onset;15.94H:onset
b,四指指尖/数据1,force,v5.1,dropout_1frame,,14,,2727,4.576149539493338e-05,0.00029810512105459767,,4.576435611418069e-05,27.27,,2.957500444701111e-06,1.9266110525406154e-05,0.00042925372836533174,0.003749885050169155,1.5281404263056687e-05,0.024427959077256665,3.1800000000000015,3.1800000000000015,13.521464425175063,13.521459301085201,2,2,0,0,0,0,0,0,0,1,2,0,0,0.00E:v5_begin;13.45E:v5_begin,0.00E:v5_begin;13.45E:v5_begin
b,四指指尖/数据1,force,v6,dropout_1frame,,14,,2727,4.541689970520904e-05,0.0002958603137353959,0.0,4.5880981877806553e-05,27.27,,3.216276600049639e-06,2.0951861754697433e-05,0.0004260213387041939,0.003749359179302303,1.847197624300634e-05,0.024424533385043835,0.5300000000000011,0.5300000000000011,13.369465151581014,13.369457587384591,3,3,0,0,1,1,2,2,0,1,6,0,0,1.61E:onset;2.21U;9.67E:onset;10.26U;10.94E:onset;15.94H:onset,1.61E:onset;2.21U;9.67E:onset;10.26U;10.94E:onset;15.94H:onset
b,四指指尖/数据1,force,v6.1,dropout_1frame,,14,,2727,4.439562556197204e-05,0.0002892074050078261,0.0,4.484927207898127e-05,27.27,,4.19706435616618e-06,2.734102911565654e-05,0.0004164415439469593,0.0037330019036030393,1.572535008218523e-05,0.024317976822362267,0.4900000000000002,0.4900000000000002,12.577796485453009,12.577791506317656,3,3,0,0,1,1,2,2,0,1,6,0,0,1.61E:onset;2.21U;9.67E:onset;10.26U;10.94E:onset;15.94H:onset,1.61E:onset;2.21U;9.67E:onset;10.26U;10.94E:onset;15.94H:onset
b,四指指尖/数据1,force,v5.1,dropout_1frame,,15,,1269,0.00020311926933419785,0.0013231843463772943,,0.0002031319670661725,12.69,,1.7763568394002505e-17,1.1571760627040258e-16,0.0019053071345697305,0.01816640424413407,3.552713678800501e-15,0.1183418087540019,3.1800000000000015,3.1800000000000015,13.521459301085203,13.521459301085201,2,2,0,0,0,0,0,0,0,1,2,0,0,0.00E:v5_begin;13.45E:v5_begin,0.00E:v5_begin;13.45E:v5_begin
b,四指指尖/数据1,force,v6,dropout_1frame,,15,,1269,1.4620827040306268e-15,9.52447767965949e-15,0.0,1.4770226607913908e-15,53.93,,2.1316282072803006e-17,1.388611275244831e-16,1.3714684069373736e-14,5.329070518200751e-15,3.552713678800501e-15,3.4715281881120776e-14,0.5300000000000011,0.5300000000000011,13.369457587384591,13.369457587384591,3,3,0,0,1,1,2,2,0,1,6,0,0,1.61E:onset;2.21U;9.67E:onset;10.26U;10.94E:onset;15.94H:onset,1.61E:onset;2.21U;9.67E:onset;10.26U;10.94E:onset;15.94H:onset
b,四指指尖/数据1,force,v6.1,dropout_1frame,,15,,1269,1.383194436265928e-15,9.010574093056268e-15,0.0,1.3973282913567337e-15,13.69,,0.0,0.0,1.2974693324533941e-14,7.105427357601002e-15,3.552713678800501e-15,4.6287042508161034e-14,0.4900000000000002,0.4900000000000002,12.577791506317654,12.577791506317656,3,3,0,0,1,1,2,2,0,1,6,0,0,1.61E:onset;2.21U;9.67E:onset;10.26U;10.94E:onset;15.94H:onset,1.61E:onset;2.21U;9.67E:onset;10.26U;10.94E:onset;15.94H:onset
b,四指指尖/数据1,force,v5.1,dropout_1frame,,16,,936,0.00033850968368434836,0.0022051611155182865,,0.000338530845168674,9.36,,1.7763568394002505e-17,1.1571760627040258e-16,0.0031753014746402648,0.03027533416460787,3.552713678800501e-15,0.19722327861488723,3.1800000000000015,3.1800000000000015,13.521459301085203,13.521459301085201,2,2,0,0,0,0,0,0,0,1,2,0,0,0.00E:v5_begin;13.45E:v5_begin,0.00E:v5_begin;13.45E:v5_begin
b,四指指尖/数据1,force,v6,dropout_1frame,,16,,936,0.00033850968368434836,0.0022051611155182865,0.0,0.00034196866724485567,9.36,,2.1316282072803006e-17,1.388611275244831e-16,0.0031753014746402648,0.03027533416460787,3.552713678800501e-15,0.19722327861488723,0.5300000000000011,0.5300000000000011,13.369457587384591,13.369457587384591,2,3,0,0,1,1,1,2,2,0,4,0,2,1.61E:onset;2.21U;9.67E:onset;10.26U;10.94E:onset;15.94H:onset,1.61E:onset;2.21U;10.94E:onset;15.94H:onset
b,四指指尖/数据1,force,v6.1,dropout_1frame,,16,,936,0.00033850968368434836,0.0022051611155182865,0.0,0.00034196866724485567,9.36,,0.0,0.0,0.0031753014746402648,0.03027533416460787,3.552713678800501e-15,0.19722327861488723,0.4900000000000002,0.4900000000000002,12.577791506317654,12.577791506317656,2,3,0,0,1,1,1,2,2,0,4,0,2,1.61E:onset;2.21U;9.67E:onset;10.26U;10.94E:onset;15.94H:onset,1.61E:onset;2.21U;10.94E:onset;15.94H:onset
b,四指指尖/数据1,force,v5.1,dropout_1frame,,17,,1760,0.00021266532682616356,0.0013853704397223045,,0.0002126786213172731,17.6,,-8.628895834306149e-08,-5.621140688374773e-07,0.0019948514279598843,0.019019170504465777,2.784239961250979e-06,0.12389700285492732,3.1800000000000015,3.1800000000000015,13.521459152389465,13.521459301085201,2,2,0,0,0,0,0,0,0,1,2,0,0,0.00E:v5_begin;13.45E:v5_begin,0.00E:v5_begin;13.45E:v5_begin
b,四指指尖/数据1,force,v6,dropout_1frame,,17,,1760,0.00021232253257704407,0.0013831373675674574,0.0,0.0002144921016768578,17.6,,-5.505764689388571e-07,-3.586632462649003e-06,0.001991635936240769,0.018973383596868842,1.7136142617246714e-05,0.12359873219060345,0.5300000000000011,0.5300000000000011,13.369456292829323,13.369457587384591,3,3,0,0,1,1,2,2,0,1,6,0,0,1.61E:onset;2.21U;9.67E:onset;10.26U;10.94E:onset;15.94H:onset,1.61E:onset;2.21U;9.67E:onset;10.26U;10.94E:onset;15.94H:onset
b,四指指尖/数据1,force,v6.1,dropout_1frame,,17,,1760,0.0002116212457890031,0.00137856895954148,0.0,0.00021378364895062376,17.6,,-3.833125448835517e-07,-2.4970213846400774e-06,0.001985057699104461,0.018846847575765935,1.3444996173106406e-05,0.12277443579112815,0.4900000000000002,0.4900000000000002,12.577791037322504,12.577791506317656,3,3,0,0,1,1,2,2,0,1,6,0,0,1.61E:onset;2.21U;9.67E:onset;10.26U;10.94E:onset;15.94H:onset,1.61E:onset;2.21U;9.67E:onset;10.26U;10.94E:onset;15.94H:onset
b,四指指尖/数据1,force,v5.1,dropout_1frame,,18,,5331,0.0001596066173750988,0.0010397289158296733,,0.00015961659497129365,53.31,,5.949191103837848e-07,3.875494712051901e-06,0.001497148093364658,0.014256644038800559,1.4586984223186021e-05,0.09287237141925869,3.1800000000000015,3.1800000000000015,13.521455211379145,13.521459301085201,2,2,0,0,0,0,0,0,0,1,2,0,0,0.00E:v5_begin;13.45E:v5_begin,0.00E:v5_begin;13.45E:v5_begin
b,四指指尖/数据1,force,v6,dropout_1frame,,18,,5331,0.0001595657419876974,0.0010394626403899335,0.0,0.000161196227923427,53.31,,5.850439493229942e-06,3.811164732053333e-05,0.0014967646724932686,0.014170104334008116,3.024691280923967e-05,0.092308623907283,0.5300000000000011,0.5300000000000011,13.369364051779126,13.369457587384591,3,3,0,0,1,1,2,2,0,1,6,0,0,1.61E:onset;2.21U;9.67E:onset;10.26U;10.94E:onset;15.94H:onset,1.61E:onset;2.21U;9.67E:onset;10.26U;10.94E:onset;15.94H:onset
b,四指指尖/数据1,force,v6.1,dropout_1frame,,18,,5331,0.00015954587414715012,0.001039333214877058,0.0,0.00016117615706790807,53.31,,1.5504460738711145e-06,1.0100105133171581e-05,0.0014965783074159062,0.014241215938772811,1.7687899502583057e-05,0.09277186780619442,0.4900000000000002,0.4900000000000002,12.57779317329473,12.577791506317656,3,3,0,0,1,1,2,2,0,1,6,0,0,1.61E:onset;2.21U;9.67E:onset;10.26U;10.94E:onset;15.94H:onset,1.61E:onset;2.21U;9.67E:onset;10.26U;10.94E:onset;15.94H:onset
b,四指指尖/数据1,force,v5.1,dropout_1frame,,19,,5258,8.749584283794553e-05,0.0005699761031818829,,8.75013125246222e-05,52.58,,-7.351397800867687e-07,-4.788937320415457e-06,0.0008207318495718033,0.007816135370804389,7.28598906807319e-06,0.05091682342947956,3.1800000000000015,3.1800000000000015,13.521460263860424,13.521459301085201,2,2,0,0,0,0,0,0,0,1,2,0,0,0.00E:v5_begin;13.45E:v5_begin,0.00E:v5_begin;13.45E:v5_begin
b,四指指尖/数据1,force,v6,dropout_1frame,,19,,5258,8.749914363308847e-05,0.0005699976056246498,0.0,8.839323356307565e-05,52.58,,-6.950931853175745e-07,-4.528060902840675e-06,0.0008207628118165779,0.007816640655530449,7.2885252389909125e-06,0.05092011501694036,0.5300000000000011,0.5300000000000011,13.369457587384591,13.369457587384591,3,3,0,0,1,1,2,2,0,1,6,0,0,1.61E:onset;2.21U;9.67E:onset;10.26U;10.94E:onset;15.94H:onset,1.61E:onset;2.21U;9.67E:onset;10.26U;10.94E:onset;15.94H:onset
b,四指指尖/数据1,force,v6.1,dropout_1frame,,19,,5258,8.750653806625159e-05,0.0005700457753440656,0.0,8.840070355455803e-05,52.58,,-3.4829952197412693e-07,-2.2689352755035066e-06,0.0008208321733611915,0.00781744800285189,7.611640228688528e-06,0.05092537433744364,0.4900000000000002,0.4900000000000002,12.577791142390316,12.577791506317656,3,3,0,0,1,1,2,2,0,1,6,0,0,1.61E:onset;2.21U;9.67E:onset;10.26U;10.94E:onset;15.94H:onset,1.61E:onset;2.21U;9.67E:onset;10.26U;10.94E:onset;15.94H:onset
b,四指指尖/数据1,force,v5.1,dropout_1frame,,20,,7450,1.2064193505399131e-05,7.859004244322148e-05,,1.2064947682470189e-05,74.5,,-1.3862487295945413e-05,-9.030470743605048e-05,0.00011316500908068582,0.0009859624533934408,7.438549840621513e-06,0.0064228770058218435,3.1800000000000015,3.1800000000000015,13.521459301085203,13.521459301085201,2,2,0,0,0,0,0,0,0,1,2,0,0,0.00E:v5_begin;13.45E:v5_begin,0.00E:v5_begin;13.45E:v5_begin
b,四指指尖/数据1,force,v6,dropout_1frame,,20,,7450,1.2062873766157278e-05,7.858144523670414e-05,0.0,1.2186135474937583e-05,74.5,,-1.3896742751359881e-05,-9.052785850650788e-05,0.00011315262961220154,0.000986148501539219,7.525986999645775e-06,0.006424088983370667,0.5300000000000011,0.5300000000000011,13.369457587384591,13.369457587384591,3,3,0,0,1,1,2,2,0,1,6,0,0,1.61E:onset;2.21U;9.67E:onset;10.26U;10.94E:onset;15.94H:onset,1.61E:onset;2.21U;9.67E:onset;10.26U;10.94E:onset;15.94H:onset
b,四指指尖/数据1,force,v6.1,dropout_1frame,,20,,7450,1.2022157746174392e-05,7.83162079676615e-05,0.0,1.2145003407643325e-05,74.5,,-1.3599890641263102e-05,-8.859406824349319e-05,0.00011277070364516273,0.0009874022604972055,7.464318388272753e-06,0.006432256373066266,0.4900000000000002,0.4900000000000002,12.577791506317654,12.577791506317656,3,3,0,0,1,1,2,2,0,1,6,0,0,1.61E:onset;2.21U;9.67E:onset;10.26U;10.94E:onset;15.94H:onset,1.61E:onset;2.21U;9.67E:onset;10.26U;10.94E:onset;15.94H:onset
b,四指指尖/数据1,force,v5.1,dropout_1frame,,21,,5507,0.0001491554555853898,0.0009716466815496431,,0.0001491647798410539,55.07,,3.282473895335869e-06,2.1383092258737595e-05,0.001399113706042635,0.013279087740244222,2.396175889298741e-05,0.08650425481371861,3.1800000000000015,3.1800000000000015,13.521447002097712,13.521459301085201,2,2,0,0,0,0,0,0,0,1,2,0,0,0.00E:v5_begin;13.45E:v5_begin,0.00E:v5_begin;13.45E:v5_begin
b,四指指尖/数据1,force,v6,dropout_1frame,,21,,5507,0.0001491671030310581,0.0009717225567624384,0.0,0.0001506913328596915,55.07,,1.7901989113369154e-06,1.1661932342250046e-05,0.0013992229618577238,0.013301934108554292,2.011143750699769e-05,0.0866530834158426,0.5300000000000011,0.5300000000000011,13.369457587384591,13.369457587384591,3,3,0,0,1,1,2,2,0,1,6,0,0,1.61E:onset;2.21U;9.67E:onset;10.26U;10.94E:onset;15.94H:onset,1.61E:onset;2.21U;9.67E:onset;10.26U;10.94E:onset;15.94H:onset
b,四指指尖/数据1,force,v6.1,dropout_1frame,,21,,5507,0.00014915346382902558,0.00097163370660713,0.0,0.00015067755428860137,55.07,,3.415788132429043e-06,2.2251544140477503e-05,0.0013990950228934514,0.013286000408427867,2.261743801312827e-05,0.08654928616087873,0.4900000000000002,0.4900000000000002,12.577795088131667,12.577791506317656,3,3,0,0,1,1,2,2,0,1,6,0,0,1.61E:onset;2.21U;9.67E:onset;10.26U;10.94E:onset;15.94H:onset,1.61E:onset;2.21U;9.67E:onset;10.26U;10.94E:onset;15.94H:onset
b,四指指尖/数据1,force,v5.1,dropout_1frame,,22,,6316,0.00021555224888419742,0.0014041767799032386,,0.00021556572384741403,63.160000000000004,,9.434212561068022e-07,6.1457499439220046e-06,0.0020219314446030543,0.019243663619386453,2.3444814778272823e-05,0.12535942331609873,3.1800000000000015,3.1800000000000015,13.521459301085203,13.521459301085201,2,2,0,0,0,0,0,0,0,1,2,0,0,0.00E:v5_begin;13.45E:v5_begin,0.00E:v5_begin;13.45E:v5_begin
b,四指指尖/数据1,force,v6,dropout_1frame,,22,,6316,0.00021555751835859981,0.0014042111069568252,0.0,0.00021776014341863035,63.160000000000004,,8.215487911513719e-07,5.3518334513507585e-06,0.0020219808735282723,0.01924469934391837,2.3384192030917414e-05,0.12536617035931272,0.5300000000000011,0.5300000000000011,13.36945395446602,13.369457587384591,3,3,0,0,1,1,2,2,0,1,6,0,0,1.61E:onset;2.21U;9.67E:onset;10.26U;10.94E:onset;15.94H:onset,1.61E:onset;2.21U;9.67E:onset;10.26U;10.94E:onset;15.94H:onset
b,四指指尖/数据1,force,v6.1,dropout_1frame,,22,,6316,0.000215572850551498,0.0014043109857999553,0.0,0.00021777563228002502,63.160000000000004,,7.813432376728713e-07,5.089921525542001e-06,0.002022124693150179,0.019248860142708324,2.2494307355991293e-05,0.1253932751428487,0.4900000000000002,0.4900000000000002,12.577786051555286,12.577791506317656,3,3,0,0,1,1,2,2,0,1,6,0,0,1.61E:onset;2.21U;9.67E:onset;10.26U;10.94E:onset;15.94H:onset,1.61E:onset;2.21U;9.67E:onset;10.26U;10.94E:onset;15.94H:onset
b,四指指尖/数据1,force,v5.1,dropout_1frame,,23,,5198,8.407389387316512e-05,0.0005476844253950275,,8.40791496412366e-05,51.980000000000004,,-1.4437745017410465e-06,-9.405212152763451e-06,0.0007886331530862309,0.007489372499664526,1.2642030967491252e-05,0.048788184834594794,3.1800000000000015,3.1800000000000015,13.521460049260064,13.521459301085201,2,2,0,0,0,0,0,0,0,1,2,0,0,0.00E:v5_begin;13.45E:v5_begin,0.00E:v5_begin;13.45E:v5_begin
b,四指指尖/数据1,force,v6,dropout_1frame,,23,,5198,8.407637052692609e-05,0.0005477005591153715,0.0,8.493548563499176e-05,51.980000000000004,,-1.3704843270829769e-06,-8.92777634783616e-06,0.0007886563846885114,0.007490276683293828,1.2663066731910505e-05,0.048794074977999036,0.5300000000000011,0.5300000000000011,13.369487843023078,13.369457587384591,3,3,0,0,1,1,2,2,0,1,6,0,0,1.61E:onset;2.21U;9.67E:onset;10.26U;10.94E:onset;15.94H:onset,1.61E:onset;2.21U;9.67E:onset;10.26U;10.94E:onset;15.94H:onset
b,四指指尖/数据1,force,v6.1,dropout_1frame,,23,,5198,8.407533661073202e-05,0.0005476938238522527,0.0,8.493444115396222e-05,51.980000000000004,,-1.644176846259171e-06,-1.0710697575751073e-05,0.0007886466863083055,0.007493488465568632,1.1725582284682873e-05,0.04881499756227144,0.4900000000000002,0.4900000000000002,12.577789636222807,12.577791506317656,3,3,0,0,1,1,2,2,0,1,6,0,0,1.61E:onset;2.21U;9.67E:onset;10.26U;10.94E:onset;15.94H:onset,1.61E:onset;2.21U;9.67E:onset;10.26U;10.94E:onset;15.94H:onset
b,四指指尖/数据1,force,v5.1,dropout_1frame,,24,,963,1.4559993970154563e-15,9.484849058293011e-15,,1.456090416888456e-15,44.46,,1.7763568394002505e-17,1.1571760627040258e-16,1.365762120037182e-14,7.105427357601002e-15,3.552713678800501e-15,4.6287042508161034e-14,3.1800000000000015,3.1800000000000015,13.521459301085203,13.521459301085201,2,2,0,0,0,0,0,0,0,1,2,0,0,0.00E:v5_begin;13.45E:v5_begin,0.00E:v5_begin;13.45E:v5_begin
b,四指指尖/数据1,force,v6,dropout_1frame,,24,,963,1.4620827040306268e-15,9.52447767965949e-15,0.0,1.4770226607913908e-15,53.93,,2.1316282072803006e-17,1.388611275244831e-16,1.3714684069373736e-14,5.329070518200751e-15,3.552713678800501e-15,3.4715281881120776e-14,0.5300000000000011,0.5300000000000011,13.369457587384591,13.369457587384591,3,3,0,0,1,1,2,2,0,1,6,0,0,1.61E:onset;2.21U;9.67E:onset;10.26U;10.94E:onset;15.94H:onset,1.61E:onset;2.21U;9.67E:onset;10.26U;10.94E:onset;15.94H:onset
b,四指指尖/数据1,force,v6.1,dropout_1frame,,24,,963,1.383194436265928e-15,9.010574093056268e-15,0.0,1.3973282913567337e-15,13.69,,0.0,0.0,1.2974693324533941e-14,7.105427357601002e-15,3.552713678800501e-15,4.6287042508161034e-14,0.4900000000000002,0.4900000000000002,12.577791506317654,12.577791506317656,3,3,0,0,1,1,2,2,0,1,6,0,0,1.61E:onset;2.21U;9.67E:onset;10.26U;10.94E:onset;15.94H:onset,1.61E:onset;2.21U;9.67E:onset;10.26U;10.94E:onset;15.94H:onset
b,四指指尖/数据1,force,v5.1,dropout_1frame,,25,,3194,0.0001308550999317805,0.0008524322701677675,,0.0001308632801649602,31.94,,1.0429110994785162e-06,6.793858829920329e-06,0.0012274520103981103,0.011666964515063327,1.2994866168192193e-05,0.07600236485033493,3.1800000000000015,3.1800000000000015,13.521461188317717,13.521459301085201,2,2,0,0,0,0,0,0,0,1,2,0,0,0.00E:v5_begin;13.45E:v5_begin,0.00E:v5_begin;13.45E:v5_begin
b,四指指尖/数据1,force,v6,dropout_1frame,,25,,3194,0.00013085828238975614,0.0008524530017241097,0.0,0.00013219542773406615,31.94,,1.0658723890557552e-06,6.943436066195488e-06,0.001227481862612065,0.011668552757532424,1.2143000374464879e-05,0.07601271117336106,0.5300000000000011,0.5300000000000011,13.369460198537924,13.369457587384591,3,3,0,0,1,1,2,2,0,1,6,0,0,1.61E:onset;2.21U;9.67E:onset;10.26U;10.94E:onset;15.94H:onset,1.61E:onset;2.21U;9.67E:onset;10.26U;10.94E:onset;15.94H:onset
b,四指指尖/数据1,force,v6.1,dropout_1frame,,25,,3194,0.0001309368747979307,0.0008529649779860446,0.0,0.0001322748232207373,31.94,,1.0822784016255583e-06,7.050310116550185e-06,0.001228219078123468,0.011682205118855649,1.3738883023606229e-05,0.07610164705252796,0.4900000000000002,0.4900000000000002,12.577792804769137,12.577791506317656,3,3,0,0,1,1,2,2,0,1,6,0,0,1.61E:onset;2.21U;9.67E:onset;10.26U;10.94E:onset;15.94H:onset,1.61E:onset;2.21U;9.67E:onset;10.26U;10.94E:onset;15.94H:onset
b,四指指尖/数据1,force,v5.1,dropout_1frame,,26,,3751,0.00017953230290760835,0.001169531249571203,,0.0001795435261316313,37.51,,6.837185304028992e-06,4.4539627368819426e-05,0.0016840557704684942,0.0160310082148154,1.68589922347806e-05,0.10443115119515757,3.1800000000000015,3.1800000000000015,13.521470635544803,13.521459301085201,2,2,0,0,0,0,0,0,0,1,2,0,0,0.00E:v5_begin;13.45E:v5_begin,0.00E:v5_begin;13.45E:v5_begin
b,四指指尖/数据1,force,v6,dropout_1frame,,26,,3751,0.00017952802223534904,0.0011695033638932754,0.0,0.00018136248815314393,37.51,,6.834431826916898e-06,4.4521690331999765e-05,0.0016840156167429359,0.016031026463867448,1.628688753356755e-05,0.10443127007536074,0.5300000000000011,0.5300000000000011,13.36947231110232,13.369457587384591,3,3,0,0,1,1,2,2,0,1,6,0,0,1.61E:onset;2.21U;9.67E:onset;10.26U;10.94E:onset;15.94H:onset,1.61E:onset;2.21U;9.67E:onset;10.26U;10.94E:onset;15.94H:onset
b,四指指尖/数据1,force,v6.1,dropout_1frame,,26,,3751,0.0001795162986546504,0.001169426992712369,0.0,0.0001813506447777249,37.51,,7.529197884586836e-06,4.904762021997395e-05,0.0016839056467631253,0.01603017903508608,1.578840605880316e-05,0.10442574965131701,0.4900000000000002,0.4900000000000002,12.577800381744677,12.577791506317656,3,3,0,0,1,1,2,2,0,1,6,0,0,1.61E:onset;2.21U;9.67E:onset;10.26U;10.94E:onset;15.94H:onset,1.61E:onset;2.21U;9.67E:onset;10.26U;10.94E:onset;15.94H:onset
b,四指指尖/数据1,force,v5.1,dropout_1frame,,27,,6862,0.00011909112237795517,0.0007757979311344556,,0.00011909856720166624,68.62,,-2.444404954431434e-06,-1.592364123065611e-05,0.0011171030984623196,0.01064943289942022,2.9354829678140955e-06,0.06937383615300234,3.1800000000000015,3.1800000000000015,13.521459301085203,13.521459301085201,2,2,0,0,0,0,0,0,0,1,2,0,0,0.00E:v5_begin;13.45E:v5_begin,0.00E:v5_begin;13.45E:v5_begin
b,四指指尖/数据1,force,v6,dropout_1frame,,27,,6862,0.00011877769542424828,0.0007737561670013081,0.0,0.00011999139806151323,68.62,,-2.0343549941870265e-06,-1.3252443710073643e-05,0.001114163078970217,0.01062222539426827,3.725283514199869e-06,0.06919659770074203,0.5300000000000011,0.5300000000000011,13.369468332086887,13.369457587384591,3,3,0,0,1,1,2,2,0,1,6,0,0,1.61E:onset;2.21U;9.67E:onset;10.26U;10.94E:onset;15.94H:onset,1.61E:onset;2.21U;9.67E:onset;10.26U;10.94E:onset;15.94H:onset
b,四指指尖/数据1,force,v6.1,dropout_1frame,,27,,6862,0.00011893719914785947,0.000774795225634017,0.0,0.00012015253163733962,68.62,,-2.6973734839010887e-06,-1.7571559714301303e-05,0.0011156592618955642,0.01063708503890659,2.7142578822747503e-06,0.06929339821229667,0.4900000000000002,0.4900000000000002,12.577792414268036,12.577791506317656,3,3,0,0,1,1,2,2,0,1,6,0,0,1.61E:onset;2.21U;9.67E:onset;10.26U;10.94E:onset;15.94H:onset,1.61E:onset;2.21U;9.67E:onset;10.26U;10.94E:onset;15.94H:onset
b,四指指尖/数据1,force,v5.1,dropout_1frame,,28,,5790,0.0001226828261648386,0.0007991954465115358,,0.00012269049551915265,57.9,,2.102217483802349e-06,1.3694521826342587e-05,0.0011507941356191668,0.01093391917711628,1.772545835372337e-05,0.07122707140064999,3.1800000000000015,3.1800000000000015,13.521431001674092,13.521459301085201,2,2,0,0,0,0,0,0,0,1,2,0,0,0.00E:v5_begin;13.45E:v5_begin,0.00E:v5_begin;13.45E:v5_begin
b,四指指尖/数据1,force,v6,dropout_1frame,,28,,5790,0.00012268598738155256,0.0007992160396954575,0.0,0.00012393962600375848,57.9,,1.9733964663828374e-06,1.285534022484991e-05,0.0011508237885850267,0.01093487341905508,1.7748922326354905e-05,0.07123328764000639,0.5300000000000011,0.5300000000000011,13.369457587384591,13.369457587384591,3,3,0,0,1,1,2,2,0,1,6,0,0,1.61E:onset;2.21U;9.67E:onset;10.26U;10.94E:onset;15.94H:onset,1.61E:onset;2.21U;9.67E:onset;10.26U;10.94E:onset;15.94H:onset
b,四指指尖/数据1,force,v6.1,dropout_1frame,,28,,5790,0.000122688014926563,0.0007992292477767399,0.0,0.00012394167426677254,57.9,,2.0653690093332955e-06,1.3454478994536643e-05,0.0011508428074402377,0.010938471835524766,1.6899356264410377e-05,0.07125672888396144,0.4900000000000002,0.4900000000000002,12.577786290081566,12.577791506317656,3,3,0,0,1,1,2,2,0,1,6,0,0,1.61E:onset;2.21U;9.67E:onset;10.26U;10.94E:onset;15.94H:onset,1.61E:onset;2.21U;9.67E:onset;10.26U;10.94E:onset;15.94H:onset
b,四指指尖/数据1,force,v5.1,dropout_1frame,,29,,459,1.4559993970154563e-15,9.484849058293011e-15,,1.456090416888456e-15,44.46,,1.7763568394002505e-17,1.1571760627040258e-16,1.365762120037182e-14,7.105427357601002e-15,3.552713678800501e-15,4.6287042508161034e-14,3.1800000000000015,3.1800000000000015,13.521459301085203,13.521459301085201,2,2,0,0,0,0,0,0,0,1,2,0,0,0.00E:v5_begin;13.45E:v5_begin,0.00E:v5_begin;13.45E:v5_begin
b,四指指尖/数据1,force,v6,dropout_1frame,,29,,459,1.4620827040306268e-15,9.52447767965949e-15,0.0,1.4770226607913908e-15,53.93,,2.1316282072803006e-17,1.388611275244831e-16,1.3714684069373736e-14,5.329070518200751e-15,3.552713678800501e-15,3.4715281881120776e-14,0.5300000000000011,0.5300000000000011,13.369457587384591,13.369457587384591,3,3,0,0,1,1,2,2,0,1,6,0,0,1.61E:onset;2.21U;9.67E:onset;10.26U;10.94E:onset;15.94H:onset,1.61E:onset;2.21U;9.67E:onset;10.26U;10.94E:onset;15.94H:onset
b,四指指尖/数据1,force,v6.1,dropout_1frame,,29,,459,1.383194436265928e-15,9.010574093056268e-15,0.0,1.3973282913567337e-15,13.69,,0.0,0.0,1.2974693324533941e-14,7.105427357601002e-15,3.552713678800501e-15,4.6287042508161034e-14,0.4900000000000002,0.4900000000000002,12.577791506317654,12.577791506317656,3,3,0,0,1,1,2,2,0,1,6,0,0,1.61E:onset;2.21U;9.67E:onset;10.26U;10.94E:onset;15.94H:onset,1.61E:onset;2.21U;9.67E:onset;10.26U;10.94E:onset;15.94H:onset
